Ranking,Project Name,Stars,Forks,Watchers,Open Issues,Created At,Last Commit,Size,Description,Language,Repo URL
1,tgstation,1940,5326,1940,2441,21/01/2012,09/10/2026,3.43 GB,The /tg/station branch of SS13.,DM,https://github.com/tgstation/tgstation
2,Paradise,447,1330,447,978,29/11/2014,08/10/2026,2.94 GB,Paradise Station's GitHub main repository.,DM,https://github.com/ParadiseSS13/Paradise
3,Baystation12,425,1681,425,112,05/11/2011,05/10/2026,1.56 GB,Baystation's flavor of Space Station 13,DM,https://github.com/Baystation12/Baystation12
4,goonstation,408,1830,408,3458,01/04/2020,08/10/2026,2.02 GB,Repository for the Goonstation branch of SS13,DM,https://github.com/goonstation/goonstation
5,vgstation13,275,552,275,3256,02/06/2013,07/10/2026,2.31 GB,Butts,DM,https://github.com/vgstation-coders/vgstation13
6,BeeStation-Hornet,215,731,215,371,18/12/2018,08/10/2026,2.59 GB,99.95% station. 0.05% bees,DM,https://github.com/BeeStation/BeeStation-Hornet
7,blog,204,40,204,0,13/07/2017,01/04/2020,1.13 MB,前端基础积累 / 新技术 / Vue / React / H5 / 奇怪的BUG / 面试 / 招聘,DM,https://github.com/erbing/blog
8,TerraGov-Marine-Corps,188,923,188,234,24/11/2018,08/10/2026,1.28 GB,"TGMC: TerraGov Marine Corps, a SS13 mod",DM,https://github.com/tgstation/TerraGov-Marine-Corps
9,cmss13,172,946,172,828,13/05/2021,08/10/2026,1.06 GB,Contains the code for CM-SS13,DM,https://github.com/cmss13-devs/cmss13
10,Aurora.3,162,560,162,167,16/09/2015,08/10/2026,2.42 GB,"The code for Aurorastation's new base, forked from Baystation12.",DM,https://github.com/Aurorastation/Aurora.3
11,TauCetiClassic,162,442,162,1514,09/04/2016,01/10/2026,1.09 GB,Франкенштейн жив,DM,https://github.com/TauCetiStation/TauCetiClassic
12,CEV-Eris,158,533,158,405,15/02/2016,22/05/2026,632.67 MB,Death is our destination,DM,https://github.com/discordia-space/CEV-Eris
13,Yogstation,146,457,146,698,09/02/2018,22/05/2025,3.00 GB,Discord: https://discord.gg/yogs13 Forums: https://forums.yogstation.net,DM,https://github.com/yogstation13/Yogstation
14,Shiptest,128,670,128,313,14/05/2021,08/10/2026,1.84 GB,The Shiptest Codebase,DM,https://github.com/shiptest-ss13/Shiptest
15,NSV13,125,279,125,101,26/07/2019,12/09/2026,1.87 GB,"NSV13, a Ship-to-ship Combat SS13 Server",DM,https://github.com/BeeStation/NSV13
16,Skyrat-tg,117,640,117,358,21/07/2020,07/10/2026,3.94 GB,A Skyrat downstream of /tg/station SS13.,DM,https://github.com/Skyrat-SS13/Skyrat-tg
17,VOREStation,108,462,108,230,07/05/2016,08/10/2026,2.40 GB,"The codebase used by the VORE SS13 server, based on Polaris SS13.",DM,https://github.com/VOREStation/VOREStation
18,OnyxBay,100,223,100,1658,30/07/2018,19/06/2026,1.72 GB,Main repository with actual Space Station 13 sources. Branch of Baystation 12.,DM,https://github.com/ChaoticOnyx/OnyxBay
19,Monkestation2.0,96,529,96,1973,19/03/2023,08/10/2026,3.54 GB,A monkestation rebase to TG code,DM,https://github.com/Monkestation/Monkestation2.0
20,Paradise,96,493,96,33,08/05/2021,08/10/2026,3.07 GB,Основной репозиторий SS1984,DM,https://github.com/ss220-space/Paradise
21,Bubberstation,86,534,86,441,22/01/2023,08/10/2026,3.37 GB,Bubberstation SS13,DM,https://github.com/Bubberstation/Bubberstation
22,EventStoryLine,83,23,83,3,27/05/2017,23/09/2023,37.83 MB,"Event StoryLine Corpus - annotated data, baselines and evaluation scripts, evaluation data.",DM,https://github.com/tommasoc80/EventStoryLine
23,goonstation-2016,79,242,79,66,06/03/2016,19/02/2020,75.87 MB,Public release of Goonstation from March 2016 (Archived),DM,https://github.com/goonstation/goonstation-2016
24,citadel-main,78,379,78,297,03/07/2016,25/07/2026,1.26 GB,Repo for the original Citadel Station build that originated from /tg/ code.,DM,https://github.com/citadel-station/citadel-main
25,Polaris,73,302,73,297,06/04/2015,03/07/2026,1.06 GB," Polaris - A version of Spacestation13, forked from Baystation12.",DM,https://github.com/PolarisSS13/Polaris
26,FTL13,65,160,65,1,01/07/2016,10/05/2019,826.31 MB,FTL in SS13!,DM,https://github.com/FTL13/FTL13
27,Azure-Peak,64,712,64,165,26/07/2024,08/10/2026,2.37 GB,Medieval Fantasy Game based on SS13.,DM,https://github.com/Azure-Peak/Azure-Peak
28,S.P.L.U.R.T-tg,64,398,64,122,03/06/2024,04/10/2026,3.51 GB,"SPLURT but with tgcode, basically",DM,https://github.com/SPLURT-Station/S.P.L.U.R.T-tg
29,Nebula,60,255,60,45,17/02/2020,07/10/2026,1.23 GB,A general purpose SS13/Baystation12 fork.,DM,https://github.com/NebulaSS13/Nebula
30,NovaSector,59,566,59,585,23/12/2023,05/10/2026,4.04 GB,A Nova Sector downstream of /tg/station SS13.,DM,https://github.com/NovaSector/NovaSector
31,sojourn-station,53,286,53,41,21/11/2019,07/10/2026,962.11 MB,,DM,https://github.com/sojourn-13/sojourn-station
32,fulpstation,49,161,49,5,05/11/2020,05/10/2026,2.47 GB,Fulp downstream of TG,DM,https://github.com/fulpstation/fulpstation
33,Civ13,49,177,49,9,17/07/2018,14/07/2026,1.21 GB,Historical SS13,DM,https://github.com/Civ13/Civ13
34,learningai,48,6,48,1,08/01/2022,16/06/2026,293.00 KB,完备的AI学习路线,DM,https://github.com/JackBlogs/learningai
35,burgerstation,45,124,45,56,28/12/2018,17/08/2026,368.64 MB,My main project. This is the repository for the upcoming BYOND game Burgerstation. Currently in development.,DM,https://github.com/BurgerLUA/burgerstation
36,Foundation-19,44,188,44,118,09/10/2021,14/05/2026,687.11 MB,SCP themed version of SS13. Contains technical debt and legacy code.,DM,https://github.com/Foundation-19/Foundation-19
37,Ratwood-Keep,43,359,43,9,02/05/2024,15/08/2025,914.43 MB,Ratwood | Anthro-Allowed Renaissance-Punk Roleplay,DM,https://github.com/Rotwood-Vale/Ratwood-Keep
38,CHOMPStation2,43,216,43,30,16/12/2019,08/10/2026,3.66 GB,"An update of Space Station 13 CHOMPStation using code derived from YawnWider, which is derived from VOREStation, which is derived from Polaris",DM,https://github.com/CHOMPStation2/CHOMPStation2
39,dom5inspector,43,32,43,7,26/09/2017,15/01/2024,74.92 MB,Dominions 5 data and mod browser.,DM,https://github.com/larzm42/dom5inspector
40,cmss13-pve,40,260,40,92,09/10/2023,18/09/2026,769.69 MB,,DM,https://github.com/cmss13-devs/cmss13-pve
41,lobotomy-corp13,40,190,40,43,04/06/2022,06/10/2026,1.31 GB,,DM,https://github.com/vlggms/lobotomy-corp13
42,EuropaStation,39,64,39,11,22/06/2015,26/03/2019,945.61 MB,A planet-based SS13 codebase.,DM,https://github.com/Yonaguni/EuropaStation
43,citadel-rp,39,286,39,44,06/05/2018,08/10/2026,974.25 MB,Code for the Citadel Station RP server that originated from Virgo/Polaris.,DM,https://github.com/citadel-station/citadel-rp
44,HippieStationdeprecated2020,39,43,39,186,11/03/2017,11/03/2022,2.51 GB,The Hippie Station branch of SS13,DM,https://github.com/HippieStation/HippieStationdeprecated2020
45,yogstation-2017-,37,111,37,448,30/05/2016,20/05/2019,708.68 MB,Yogstation13's master code source. [OLD - GO TO https://github.com/yogstation13/Yogstation-TG FOR THE NEW VERSION],DM,https://github.com/yogstation13/yogstation-2017-
46,Baystation12,36,175,36,59,17/05/2016,29/03/2023,1.32 GB,,DM,https://github.com/infinitystation/Baystation12
47,NTstation13,36,199,36,61,07/03/2014,04/10/2017,408.07 MB,"NTstation13 - A version of Spacestation13, forked from /tg/station13.",DM,https://github.com/NTStation/NTstation13
48,Ratwood-2.0,36,315,36,225,08/09/2025,08/10/2026,2.70 GB,,DM,https://github.com/Rotwood-Vale/Ratwood-2.0
49,BLACKSTONE,33,173,33,99,30/03/2024,24/06/2024,369.46 MB,,DM,https://github.com/Blackstone-SS13/BLACKSTONE
50,Pre-Open-SS13-Host-Files-and-Source,31,15,31,0,24/03/2015,30/03/2017,4.24 MB,SS13 host files and source from before Open SS13. More info in the ReadMe,DM,https://github.com/Glloyd/Pre-Open-SS13-Host-Files-and-Source
51,daedalusdock,30,84,30,62,15/07/2022,29/09/2026,1.91 GB,Daedalus Dock's gameserver code,DM,https://github.com/DaedalusDock/daedalusdock
52,OpenKeep,30,536,30,39,15/05/2024,15/03/2025,1.10 GB,Open source repository for StoneKeep,DM,https://github.com/Darkrp-community/OpenKeep
53,mojave-sun-13,29,111,29,44,30/07/2021,18/10/2025,2.45 GB,"Join our Discord at: https://discord.gg/ms13 for tests, questions, or to help with development",DM,https://github.com/Mojave-Sun/mojave-sun-13
54,Agents,29,12,29,0,23/06/2014,14/09/2026,94.16 MB,A large collection of example and demo Soar agents for a variety of domains and problems.,DM,https://github.com/SoarGroup/Agents
55,Persistent-Bay,29,94,29,5,08/12/2017,03/10/2023,1.05 GB,A fork of baycode that saves and loads characters and the station.,DM,https://github.com/Persistent-SS13/Persistent-Bay
56,onesaitplatform-revolution,29,128,29,0,07/08/2019,15/09/2019,147.00 KB,Onesait Platform revolution is an initiative of MINSAIT to activate the group of developers of its staff through a competition consisting of 2 phases: an initial that is developed individually and one in teams.,DM,https://github.com/onesaitplatform/onesaitplatform-revolution
57,IS12-Warfare,29,104,29,3,05/09/2020,13/09/2026,334.78 MB,The official IS12 Warfare repo.,DM,https://github.com/Project-IS12/IS12-Warfare
58,FluffySTG,28,84,28,15,05/04/2023,15/09/2026,3.27 GB,,DM,https://github.com/Fluffy-Frontier/FluffySTG
59,nvmrc,28,1,28,0,13/01/2025,14/02/2025,6.00 KB,,DM,https://github.com/dgjklh/nvmrc
60,HippieStation13-1,28,91,28,145,05/04/2015,25/05/2017,838.48 MB,https://github.com/HippieStation/HippieStation13,DM,https://github.com/HippieStationArchive/HippieStation13-1
61,Lili-station,28,10,28,3,06/01/2017,08/09/2020,197.25 MB,Isometric space station 13,DM,https://github.com/Derven/Lili-station
62,goonstation-2020,27,63,27,37,17/02/2020,01/04/2020,207.04 MB,Public release of Goonstation from January 2020 (Archived),DM,https://github.com/goonstation/goonstation-2020
63,Hyper-Station-13,26,141,26,10,23/09/2019,25/05/2024,418.87 MB,Hyper Station 13,DM,https://github.com/quotefox/Hyper-Station-13
64,ApolloStation,26,54,26,43,22/12/2014,13/02/2017,659.50 MB,The best code this side of the galaxy!,DM,https://github.com/Apollo-Community/ApolloStation
65,PsychonautStation,25,53,25,2,22/11/2022,02/10/2026,3.18 GB,PsychonautStation is a branch of tgstation which is a branch of SS13,DM,https://github.com/psychonaut-station/PsychonautStation
66,Deep-Space-13,24,28,24,18,07/01/2019,17/07/2019,1.24 GB,"Deep Space 13 - Star Trek 13, Station based",DM,https://github.com/DDMers/Deep-Space-13
67,ColonialMarines-2018,24,64,24,0,30/07/2018,18/12/2018,116.38 MB,,DM,https://github.com/ColonialMarines-Mirror/ColonialMarines-2018
68,consistent,23,1,23,0,13/01/2025,12/02/2025,13.00 KB,,DM,https://github.com/amadej2/consistent
69,dom4inspector,23,16,23,3,07/05/2014,26/09/2017,27.38 MB,Dominions 4 data and mod browser.,DM,https://github.com/larzm42/dom4inspector
70,Skyrat13,23,182,23,177,31/01/2020,04/10/2023,915.03 MB,,DM,https://github.com/Skyrat-SS13/Skyrat13
71,analysis,23,2,23,2,11/01/2025,26/03/2025,13.00 KB,,DM,https://github.com/PavloSap/analysis
72,ctk,22,16,22,5,22/06/2016,28/04/2024,422.04 MB,CLIP Tool Kit (CTK),DM,https://github.com/chaolinzhanglab/ctk
73,Procfile,22,1,22,0,13/01/2025,14/02/2025,13.00 KB,,DM,https://github.com/barrydunikow/Procfile
74,application,21,1,21,2,13/01/2025,12/02/2025,8.00 KB,,DM,https://github.com/JohannWojcik/application
75,UngaMarines-13,21,64,21,18,29/06/2024,06/01/2026,540.50 MB,"Русскоязычный билд по мотивам вселенной ""Aliens""",DM,https://github.com/UngaCo/UngaMarines-13
76,OpenSourceWeb,21,44,21,0,21/03/2022,23/03/2022,533.70 MB,An open-source release of previously closed-source Farweb.,DM,https://github.com/SS13-Special-Codebases-Archive/OpenSourceWeb
77,coolstation,20,73,20,62,29/08/2021,08/10/2026,1005.26 MB,Repository for the COOLEST branch of SS13,DM,https://github.com/coolstation/coolstation
78,Drymouth-Gulch,20,115,20,7,20/06/2018,02/12/2022,380.43 MB,Bad Deathclaw SS13 server NEW TG,DM,https://github.com/BadDeathclaw/Drymouth-Gulch
79,contributorsrc,20,1,20,0,13/01/2025,13/01/2025,2.00 KB,,DM,https://github.com/fuxrunternexmen/contributorsrc
80,World-of-Darkness-13,20,135,20,71,10/10/2024,04/05/2026,3.55 GB,"The WoD13 server on Byond, based on Space Station 13 code.",DM,https://github.com/WorldOfDarknessXIII/World-of-Darkness-13
81,austation,19,48,19,3,09/05/2019,22/01/2024,1.92 GB,"AuStation is an Australian SS13 server run by Australians, for Australians.",DM,https://github.com/austation/austation
82,OracleStation,19,92,19,139,27/08/2017,06/10/2018,946.61 MB,Repository for OracleStation SS13 project,DM,https://github.com/OracleStation/OracleStation
83,Scarlet-Reach,19,213,19,81,30/06/2025,16/01/2026,1.28 GB,An immersive Fantasy-based ss13 roleplay server.,DM,https://github.com/Scarlet-Reach/Scarlet-Reach
84,DS13-1.0,18,95,18,141,29/09/2019,10/02/2026,930.03 MB,,DM,https://github.com/DS-13-Dev-Team/DS13-1.0
85,WW13,18,60,18,8,04/07/2017,29/05/2020,652.47 MB,nazis in space,DM,https://github.com/WW2-SS13/WW13
86,console,18,16,18,0,25/10/2017,20/02/2024,473.00 KB,"console is an open-source network and programming simulation ""game""",DM,https://github.com/Nadrew/console
87,Whitesands,18,62,18,0,12/01/2020,11/09/2021,1.51 GB,The Whitesands Space Station 13 Codebase.,DM,https://github.com/Whitesands13/Whitesands
88,Nebula,17,54,17,38,24/03/2020,16/03/2025,1.05 GB,A Persistent fork of Nebula,DM,https://github.com/PersistentSS13/Nebula
89,UristMcStation,17,65,17,130,22/03/2014,25/09/2025,1.17 GB,Urist McStation's BS12 branch. Come play at byond://192.223.30.108:58137,DM,https://github.com/UristMcStation/UristMcStation
90,PeARS,17,21,17,9,20/07/2014,10/06/2017,122.90 MB,Archive repository for the PeARS project. Please head over to https://github.com/PeARSearch/PeARS-orchard for the latest version.,DM,https://github.com/minimalparts/PeARS
91,Pentest,17,64,17,118,18/09/2024,08/10/2026,1.92 GB,"The main ss13 codebase for Pentest, a Shiptest fork!",DM,https://github.com/PentestSS13/Pentest
92,pylintrc,16,1,16,0,11/01/2025,14/02/2025,15.00 KB,,DM,https://github.com/damdonik/pylintrc
93,SS13-SCP13,16,64,16,12,24/03/2018,26/12/2018,316.01 MB,SCP13 is a full conversion of Baystation12 towards the malleable universe of the SCP Foundation.,DM,https://github.com/SS13-SCP13/SS13-SCP13
94,Jenkinsfile,16,3,16,1,13/01/2025,13/03/2025,8.00 KB,,DM,https://github.com/damdonik/Jenkinsfile
95,map_depot,16,48,16,0,26/06/2021,08/10/2026,12.63 MB,"Store unused /tg/station maps here, so we can learn from our mistakes and hope for the future.",DM,https://github.com/tgstation/map_depot
96,ProcessScheduler,15,10,15,4,30/12/2014,22/03/2020,85.00 KB,A BYOND SS13 Process Scheduler,DM,https://github.com/goonstation/ProcessScheduler
97,40K-Eipharius,15,98,15,5,01/11/2021,18/07/2026,1.02 GB,,DM,https://github.com/WoodenTucker/40K-Eipharius
98,coyote-bayou,15,151,15,20,15/06/2022,23/06/2026,1.80 GB,,DM,https://github.com/ARF-SS13/coyote-bayou
99,Gamma-Station,15,43,15,132,23/04/2018,16/03/2020,599.17 MB,Reborn. Alive.,DM,https://github.com/GammaStation/Gamma-Station
100,Aurora-Old,15,61,15,0,11/03/2014,20/03/2017,147.52 MB,THE OLD AURORASTATION REPOSITORY! Check Aurora.3 for the new one!,DM,https://github.com/Aurorastation/Aurora-Old
101,init,14,2,14,3,11/01/2025,13/03/2025,4.00 KB,,DM,https://github.com/PavloSap/init
102,yaml,14,1,14,0,13/01/2025,12/02/2025,13.00 KB,,DM,https://github.com/adamzelinskiii/yaml
103,lc13,14,54,14,71,07/08/2025,08/10/2026,1.40 GB,The current repository for Lobotomy Corporation 13.,DM,https://github.com/Lobotomy-Corporation-13/lc13
104,Voidcrew-LRP,14,63,14,35,16/01/2022,04/10/2023,1.37 GB,An LRP fork of Shiptest,DM,https://github.com/voidcrew/Voidcrew-LRP
105,daedalus,14,5,14,49,04/05/2012,23/03/2014,190.03 MB,A custom SS13 fork.,DM,https://github.com/ss13-daedalus/daedalus
106,AetherStation13,14,33,14,25,25/05/2022,15/04/2025,1.79 GB,LRP flavour of tgstation experience,DM,https://github.com/AetherStation/AetherStation13
107,sunset-wasteland,14,94,14,10,23/04/2022,26/10/2023,1.18 GB,,DM,https://github.com/sunset-wasteland/sunset-wasteland
108,Quasar-13,14,35,14,13,09/03/2021,25/11/2023,1.17 GB,,DM,https://github.com/Quasar-13/Quasar-13
109,YWPolarisVore,14,56,14,72,21/07/2018,11/09/2026,1.71 GB,"The ss13 codebase used by the Yawn Wider, based on VORE which is based on Polaris. ",DM,https://github.com/Yawn-Wider/YWPolarisVore
110,DominionsEnhanced6,13,8,13,2,14/04/2025,05/10/2026,64.48 MB,Dominions Enhanced port to Dominions 6.,DM,https://github.com/BlueFeuer/DominionsEnhanced6
111,SS13,13,34,13,6,09/06/2014,07/06/2016,396.60 MB,"Please put all your changes that are not fixes on the ""Development"" branch - ",DM,https://github.com/LLA-Gaming/SS13
112,IS12-Warfare-Two,13,36,13,0,28/07/2024,20/09/2026,521.24 MB,"If Warfare is so good, how come there's no warfare two?",DM,https://github.com/mattmatterson111/IS12-Warfare-Two
113,Pipfile,13,1,13,0,09/01/2025,12/02/2025,15.00 KB,,DM,https://github.com/JanBielski/Pipfile
114,config,13,4,13,3,11/01/2025,13/03/2025,13.00 KB,,DM,https://github.com/FPiasecki2/config
115,OculisStation,13,78,13,74,11/01/2026,08/10/2026,4.38 GB,"A Oculis Station downstream of Iris Station of Nova Station of /tg/station SS13. We are not associated with any other servers that use the Oculis downstream, unless stated otherwise.",DM,https://github.com/OculisStation/OculisStation
116,Warhammer-IS12,12,55,12,2,18/10/2020,18/09/2026,505.06 MB,A Warhammer 40k multiplayer mod for Space Station 13 built with Dream Maker.,DM,https://github.com/Daelso/Warhammer-IS12
117,Persistent-SS13,12,13,12,10,21/10/2017,05/01/2018,274.08 MB,"An SS13 script based off Paradise, station and characters save and load.",DM,https://github.com/Persistent-SS13/Persistent-SS13
118,Paradise-Old,12,33,12,8,17/04/2023,11/09/2023,1.55 GB,Paradise билд SS220,DM,https://github.com/ss220club/Paradise-Old
119,Sandstorm-Station-13,12,549,12,2,01/05/2020,10/05/2026,1.45 GB,"A fork of SS13 of the Citadel Station flavor, it's a little pet project and whatever to play with, it is NSFW and has lead to the creation of a very terrible fork.",DM,https://github.com/Sandstorm-Station/Sandstorm-Station-13
120,TWC,12,23,12,21,28/01/2014,27/03/2025,33.64 MB,,DM,https://github.com/DuncanFairley/TWC
121,sitemap,12,1,12,0,09/01/2025,14/02/2025,6.00 KB,,DM,https://github.com/adamzelinskiii/sitemap
122,projectA,11,1,11,0,13/01/2025,13/01/2025,2.00 KB,,DM,https://github.com/filyap22/projectA
123,Warhammer-Complete,11,9,11,0,30/11/2016,14/09/2021,7.62 MB,A project to recreate Warhammer Fantasy Battles in Dominions 5,DM,https://github.com/joansam/Warhammer-Complete
124,Ochre-Valley,11,67,11,124,18/02/2026,08/10/2026,2.61 GB,,DM,https://github.com/Ochre-Valley/Ochre-Valley
125,StarTrek13-Archived,11,24,11,20,17/12/2017,01/04/2020,1.13 GB,"An unofficial ss13 branch based off of Star Trek, No longer maintained.",DM,https://github.com/DDMers/StarTrek13-Archived
126,mojave-sun,11,44,11,1,12/06/2020,19/05/2022,1.21 GB,"This repo is for archival purposes, please see https://github.com/Mojave-Sun/mojave-sun-13 for current development.",DM,https://github.com/Mojave-Sun/mojave-sun
127,Vagrantfile,11,1,11,0,09/01/2025,12/02/2025,12.00 KB,,DM,https://github.com/adampiasecki2/Vagrantfile
128,The-Final-Nights,11,150,11,46,25/02/2025,02/04/2026,2.35 GB,"The Final Nights is an immersive, HRP-focused fork of WoD13, based on /tg/station code.",DM,https://github.com/The-Final-Nights/The-Final-Nights
129,black_old,11,46,11,1,01/11/2012,26/06/2015,250.87 MB,Black server,DM,https://github.com/SS13/black_old
130,Fortuna,11,59,11,0,14/08/2021,15/12/2021,1.04 GB,Former repository for the Fortuna 13 server,DM,https://github.com/FortunaSS13/Fortuna
131,RussStation,11,51,11,10,10/06/2019,10/11/2023,480.94 MB,,DM,https://github.com/RussStation/RussStation
132,SecondCity,10,210,10,218,11/07/2025,08/10/2026,2.68 GB,"A group effort upstream project from the developers behind TFN, Apocrypha, WOD13 and Requiem.",DM,https://github.com/DarkPack13/SecondCity
133,HypatiaStation,10,8,10,0,14/03/2020,07/08/2026,115.62 MB,An old (c. 2014) HypatiaStation version of SS13 that I've been fixing up on and off since 2019. Pre-github changes are marked with signed comments.,DM,https://github.com/Frenjo/HypatiaStation
134,Voidcrew,10,30,10,189,02/01/2024,02/10/2026,2.96 GB,Voidcrew built on modern TG,DM,https://github.com/voidcrew/Voidcrew
135,yogstation-classic,10,35,10,0,15/01/2016,06/04/2019,518.14 MB,Yogstation13's classic code source.,DM,https://github.com/yogstation13/yogstation-classic
136,htaccess,10,1,10,0,11/01/2025,27/01/2025,4.00 KB,,DM,https://github.com/dimbadimass/htaccess
137,BoH-Bay,10,64,10,85,17/11/2019,11/04/2024,1.04 GB,,DM,https://github.com/BoHBranch/BoH-Bay
138,Procfile,10,2,10,0,13/01/2025,28/01/2025,4.00 KB,,DM,https://github.com/FPiasecki2/Procfile
139,MapleStationCode,10,36,10,74,15/06/2021,08/10/2026,445.62 MB,,DM,https://github.com/MrMelbert/MapleStationCode
140,GS13-Outdated,9,43,9,1,16/10/2021,07/10/2024,530.29 MB,Videogames,DM,https://github.com/evilew/GS13-Outdated
141,PostMeta,9,27,9,16,30/07/2025,08/10/2026,2.89 GB,,DM,https://github.com/Alliance-codeBase/PostMeta
142,DMCAMarines,9,23,9,15,06/08/2018,24/12/2021,177.75 MB,Strictly dedicated to Russian Community,DM,https://github.com/FighterX2500/DMCAMarines
143,Antimonium,9,11,9,0,09/05/2017,14/08/2024,11.65 MB,A gaslamp fantasy BYOND game.,DM,https://github.com/AntimoniumGame/Antimonium
144,minutes,9,23,9,0,10/11/2016,24/09/2019,192.00 KB,Step-to-Rails-Expert.rbの議事メモです。,DM,https://github.com/Step-to-Rails-Expert-rb/minutes
145,thewasteland,9,69,9,11,05/04/2022,10/12/2023,1.12 GB,,DM,https://github.com/fortune13-ss13/thewasteland
146,SurfShack13,9,28,9,76,30/12/2024,28/09/2026,2.52 GB,The Surf Shack 13 branch of SS13,DM,https://github.com/peppyrmynt/SurfShack13
147,tegustation-bay12,9,30,9,11,04/06/2021,07/06/2025,1.08 GB,"A repository for Space Station 13. Tegu Station is based on BayStation 12 codebase, with modifications, of course.",DM,https://github.com/vlggms/tegustation-bay12
148,Ark-Station-13,9,12,9,17,15/05/2024,08/10/2026,3.52 GB,An Ark Station downstream of Nova Sector SS13.,DM,https://github.com/ArkStation13/Ark-Station-13
149,yarn,9,1,9,0,09/01/2025,09/01/2025,2.00 KB,,DM,https://github.com/dunikowski22/yarn
150,editorconfig,9,1,9,0,09/01/2025,09/01/2025,2.00 KB,,DM,https://github.com/OlhaMas/editorconfig
151,desertrose-old,9,81,9,37,12/11/2019,04/12/2022,407.07 MB,,DM,https://github.com/judgex/desertrose-old
152,openss13,8,7,8,0,16/12/2014,16/12/2014,1.57 MB,byond500 compatible openss13,DM,https://github.com/mloc/openss13
153,TaleStation,8,21,8,19,17/01/2022,29/09/2024,2.45 GB,A fork of /tg/station. A server about roleplay and story telling.,DM,https://github.com/TaleStation/TaleStation
154,Solaris-Archive,8,38,8,9,12/04/2025,19/10/2025,1.15 GB,"The gameserver code for Solaris, a high fantasy SS13 server under Nova Sector.",DM,https://github.com/NovaSector/Solaris-Archive
155,Foundation-19byond516,8,17,8,6,19/09/2025,07/10/2026,435.98 MB,Ru SCP BUILD,DM,https://github.com/vacken12/Foundation-19byond516
156,archives,8,1,8,0,12/02/2017,12/02/2017,332.28 MB,"this archive contains various old, interesting or forgotten SS13 codebases that we deem interesting enough to use in paperstation",DM,https://github.com/paperstation/archives
157,ColonialMarines,8,18,8,13,30/10/2014,07/02/2015,107.08 MB,Sulaco Colonial Marines,DM,https://github.com/jaggerestep/ColonialMarines
158,circleci,8,1,8,0,09/01/2025,11/03/2025,9.00 KB,,DM,https://github.com/albertstone7/circleci
159,Baystation12-Legacy,8,24,8,3,08/01/2015,17/05/2017,120.07 MB,Legacy pre-tg (Luna) codebase for Baystation12,DM,https://github.com/Baystation12/Baystation12-Legacy
160,Eclipse-Station-13,8,28,8,22,20/04/2018,03/10/2023,1007.97 MB,"Eclipse Station 13 - SS13 build, based on Virgo/Polaris",DM,https://github.com/Eclipse-Station/Eclipse-Station-13
161,SS13-GooseCode,8,7,8,1,01/06/2018,01/06/2018,85.36 MB,Space Station 13 - Absolution - WH40k conversion,DM,https://github.com/Avem-Veritatis/SS13-GooseCode
162,vscode,8,2,8,0,13/01/2025,27/01/2025,5.00 KB,,DM,https://github.com/PavloSap/vscode
163,EscalationByMio,8,11,8,0,28/04/2017,31/03/2018,203.91 MB,1984,DM,https://github.com/seekin4u/EscalationByMio
164,tgstation,8,31,8,6,05/06/2020,16/05/2022,1.50 GB,polski fork beestation uzywany na Aquila Station 13,DM,https://github.com/aq33/tgstation
165,RogueTown,8,19,8,0,31/03/2024,31/03/2024,129.54 MB,RogueTown codebase open sourced.,DM,https://github.com/SS13-Special-Codebases-Archive/RogueTown
166,ColonialMarines,8,27,8,1,07/02/2015,20/08/2015,104.66 MB,New Repo for the current Colonial Marines Code.,DM,https://github.com/apophis775/ColonialMarines
167,STALKER-13,8,58,8,3,29/09/2021,21/02/2024,817.90 MB,Rebase for the english STALKER-13 project,DM,https://github.com/STALKER-SS13/STALKER-13
168,NEV-Northern-Light,8,53,8,108,13/11/2019,11/02/2026,599.18 MB,"Congratulations, [employee name here]! You have greatly advanced the expedition effort. You must be the pride of [employee hometown name here]! NanoTrasen commends your usefulness to the Corporation.",DM,https://github.com/Eclipse-Station/NEV-Northern-Light
169,cmss13-pve-halo,8,42,8,57,05/11/2024,16/09/2026,946.44 MB,,DM,https://github.com/cmss13-devs/cmss13-pve-halo
170,Fallout-13,7,10,7,19,25/07/2017,10/11/2017,264.00 MB,Radioactive roleplay,DM,https://github.com/animusdev/Fallout-13
171,dragonroll,7,15,7,7,26/12/2014,17/08/2015,58.46 MB,A D&D re-imagining of Space Station 13.,DM,https://github.com/sawu-tg/dragonroll
172,Big-Iron,7,68,7,25,15/01/2023,14/04/2024,1.21 GB,Electric Boogaloo,DM,https://github.com/Foundation-19/Big-Iron
173,requirements,7,1,7,0,11/01/2025,11/01/2025,2.00 KB,,DM,https://github.com/dgjklh/requirements
174,babelrc,7,1,7,0,11/01/2025,11/01/2025,2.00 KB,,DM,https://github.com/OlhaMas/babelrc
175,New-FTL13,7,11,7,1,06/09/2018,03/05/2019,1.21 GB,"FTL13 re-imagined, with cupholders and such.",DM,https://github.com/FTL13/New-FTL13
176,Hail-Mary,7,67,7,5,21/04/2023,08/10/2026,1.49 GB,"Repository for Big Iron: Project ""Hail Mary""",DM,https://github.com/Foundation-19/Hail-Mary
177,Drymouth-Gulch,7,19,7,4,02/06/2017,13/12/2017,195.08 MB,,DM,https://github.com/Drymouth-Gulch/Drymouth-Gulch
178,PANOPTICON,7,0,7,0,30/05/2024,04/06/2025,1.01 GB,The Blood-Sun Epoch is a time of great wonders,DM,https://github.com/CreepyDump/PANOPTICON
179,UMcS,7,15,7,2,24/03/2013,15/03/2014,334.10 MB,"Urist McStation's /tg/ branch. This repo is no longer in use, Urist now runs a heavily modified Baystation 12 build. The new repo is https://github.com/UristMcStation/UristMcStation",DM,https://github.com/UristMcStation/UMcS
180,Fallout13,7,16,7,3,20/10/2014,10/04/2016,168.93 MB,"Fallout 13 conversion mod for Space Station 13. Note: This is not associated with Bethesda Softworks in any way. Fallout 13 is neither a trademark, nor a commercial product. ",DM,https://github.com/BartNixon/Fallout13
181,package,7,1,7,0,09/01/2025,09/01/2025,2.00 KB,,DM,https://github.com/fuxrunternexmen/package
182,manifest,7,1,7,0,13/01/2025,12/03/2025,11.00 KB,,DM,https://github.com/JanBielski/manifest
183,travis,7,1,7,0,11/01/2025,28/01/2025,4.00 KB,,DM,https://github.com/BielskiBartosz/travis
184,Rogue-Star,7,58,7,14,11/10/2023,08/10/2026,1.39 GB,,DM,https://github.com/TS-Rogue-Star/Rogue-Star
185,vg-40k,7,9,7,0,16/08/2020,16/02/2021,178.73 MB,A repository of things,DM,https://github.com/Gorillatown/vg-40k
186,tgstation,7,15,7,0,17/05/2016,15/05/2021,2.20 GB,,DM,https://github.com/infinitystation/tgstation
187,fruit-fly,7,0,7,0,17/03/2019,16/03/2022,14.47 MB,Unsupervised learning tutorial. Technique: random projections.,DM,https://github.com/ml-for-nlp/fruit-fly
188,subterra,7,16,7,4,10/08/2024,07/09/2024,393.46 MB,,DM,https://github.com/russ-money/subterra
189,Oasis-SS13,6,20,6,266,20/09/2020,16/05/2022,1.72 GB,"7.5/10 ""too much water ~ign""",DM,https://github.com/Oasis-SS13/Oasis-SS13
190,Clover,6,10,6,15,12/10/2020,27/03/2021,470.87 MB,"BeeStation's fork of Goonstation, Running on Clover.",DM,https://github.com/BeeStation/Clover
191,Merchant-Station-13,6,37,6,19,31/07/2021,17/08/2022,1.86 GB,"Unofficial Space Station 13 server for SsethTzeentach's late ""Merchants' Guild"" fan community, now fully separated from /tg/station.",DM,https://github.com/The-Merchants-Guild/Merchant-Station-13
192,BlueColonySS13,6,44,6,1,16/02/2021,21/05/2023,978.00 MB,,DM,https://github.com/BlueColonySS13/BlueColonySS13
193,NSS-Eternal,6,6,6,14,03/09/2014,16/12/2014,107.94 MB,(Legacy HGS) Where great minds clash to make a server and stuff.,DM,https://github.com/HeavensGate/NSS-Eternal
194,Farweb,6,4,6,0,20/04/2022,20/04/2022,532.50 MB,From brazil straight to you.,DM,https://github.com/mcschwa/Farweb
195,CHOMPstation,6,50,6,41,28/02/2018,19/03/2022,987.64 MB,A Space Station 13 Community using the VOREstation codebase derived from Polaris.,DM,https://github.com/CHOMPstation/CHOMPstation
196,swagger,6,1,6,0,11/01/2025,11/01/2025,2.00 KB,,DM,https://github.com/fuxrunternexmen/swagger
197,StonekeepWarmongers,6,8,6,0,17/07/2024,14/08/2026,749.70 MB,Player versus Player SS13 server using modified StoneKeep Roguetown code.,DM,https://github.com/77seven77seven/StonekeepWarmongers
198,goonstation-r4407,6,11,6,0,20/10/2020,20/10/2020,16.04 MB,The classic revision 4407 that spawned modern SS13.,DM,https://github.com/goonstation/goonstation-r4407
199,CompSem2026,6,2,6,0,09/01/2022,27/05/2026,49.76 MB,,DM,https://github.com/dashapopova/CompSem2026
200,wallstation13,6,23,6,0,13/08/2024,26/08/2024,177.44 MB,/tg/station but without 3/4th walls,DM,https://github.com/wallstation13/wallstation13
201,ManhattanCity_World,6,11,6,0,14/07/2023,16/07/2023,334.87 MB,,DM,https://github.com/manhattan-city-2311/ManhattanCity_World
202,Artea-Station-Server,6,18,6,28,17/02/2023,08/10/2026,2.02 GB,A HRP server focused on a cohesive setting with neat features.,DM,https://github.com/Artea-Station/Artea-Station-Server
203,bad-deathclaw,6,26,6,13,17/06/2018,09/11/2018,172.16 MB,"Bad Deathclaw SS13 server -- This codebase is no longer being updated, please see https://github.com/BadDeathclaw/TG-Claw",DM,https://github.com/BadDeathclaw/bad-deathclaw
204,SOVIET-STATION,6,8,6,14,17/10/2013,22/11/2014,164.32 MB,Build of United Kingdom of Soviet Station 13,DM,https://github.com/FighterX/SOVIET-STATION
205,dmm_suite,6,0,6,0,16/02/2018,18/02/2018,32.00 KB,DM Map Saving & Loading Library,DM,https://github.com/jacobabrennan/dmm_suite
206,tegustation,6,20,6,4,11/01/2021,17/02/2023,996.40 MB,"A repository for Space Station 13. Tegu Station is based on /tg/station codebase, with modifications, of course.",DM,https://github.com/vlggms/tegustation
207,luna,6,17,6,0,18/11/2012,14/05/2014,82.08 MB,,DM,https://github.com/SS13/luna
208,json,6,1,6,0,09/01/2025,09/01/2025,2.00 KB,,DM,https://github.com/BielskiBartosz/json
209,Fallout-13,6,15,6,30,05/06/2018,16/07/2018,168.26 MB,The codebase for the Outcast 13 server.,DM,https://github.com/Official-Outcast13/Fallout-13
210,NEV-Unity,5,12,5,1,20/06/2015,30/01/2016,156.85 MB,"Codebase of NEV-Unity, derived from Aurora code, which is derived from B12 code, which is derived from the TG branch of SS13.",DM,https://github.com/NEV-Unity/NEV-Unity
211,Trotskystation,5,5,5,3,01/10/2019,03/10/2023,1.45 GB,"Codebase for the Space Station 13 variant, Trotskystation.",DM,https://github.com/Trotskystation/Trotskystation
212,Jenkinsfile,5,1,5,0,13/01/2025,13/01/2025,2.00 KB,,DM,https://github.com/adampiasecki2/Jenkinsfile
213,MiniStation,5,18,5,0,11/03/2013,04/02/2014,308.63 MB,"NOTICE: We have moved to the main /tg/ branch, you can find MiniStation there as a map file. Read the README below for more information. DESCRIPTION: A mod of tgstation 13 ( https://github.com/tgstation/-tg-station ) that is modified for low population servers; with simplified jobs, maps, duties and command structure.",DM,https://github.com/Giacom/MiniStation
214,RuBaystation12,5,7,5,4,01/02/2015,29/01/2016,592.56 MB,"(НЕ)обновляемый билд https://github.com/Baystation12/Baystation12 с минимальными необходимыми адаптациями для кириллицы (фикс ""я"" в том числе), и ничего более.",DM,https://github.com/TauCetiStation/RuBaystation12
215,DU-SOURCE,5,6,5,1,26/01/2023,19/03/2023,121.67 MB,,DM,https://github.com/DU-Devs/DU-SOURCE
216,ShadowStation,5,11,5,18,24/05/2019,04/12/2022,493.64 MB,Active build for ShadowStation,DM,https://github.com/ShadowStation/ShadowStation
217,summod,5,8,5,15,22/03/2016,31/01/2018,1.68 MB,"This is summod, a dominions 4 overhaul mod.",DM,https://github.com/sum1won/summod
218,manifest,5,1,5,0,13/01/2025,13/01/2025,2.00 KB,,DM,https://github.com/piaseckided/manifest
219,GoonLight-Heist,5,4,5,1,14/12/2015,01/10/2018,67.00 KB,In which I have a mental breakdown trying to reverse-engineer TobbaLights.,DM,https://github.com/PJB3005/GoonLight-Heist
220,Final-Destination,5,11,5,6,08/07/2022,01/06/2024,327.98 MB,,DM,https://github.com/VoiceInYourHead/Final-Destination
221,GS13-Citadel,5,32,5,1,16/09/2024,24/09/2025,1.30 GB,,DM,https://github.com/Gain-Station-13/GS13-Citadel
222,development,5,1,5,0,11/01/2025,28/01/2025,8.00 KB,,DM,https://github.com/JulianDunikowski/development
223,Rproj,5,1,5,0,13/01/2025,13/01/2025,2.00 KB,,DM,https://github.com/JooooJark/Rproj
224,RussStation,5,12,5,10,04/06/2019,11/03/2022,99.04 MB,A modified version of /tg/station for BYOND's Space Station 13.,DM,https://github.com/russ-money/RussStation
225,ScavStation,5,37,5,16,06/01/2020,02/10/2026,1.40 GB,"A unofficial, fan-made, Nebula-based SS13 fork themed around the world of Val Salia.",DM,https://github.com/ScavStation/ScavStation
226,desertrose,5,118,5,19,04/02/2021,01/12/2022,1.08 GB,,DM,https://github.com/DesertRose2/desertrose
227,TEMPERANCE13,5,47,5,21,01/04/2026,03/10/2026,2.16 GB,,DM,https://github.com/zeratino/TEMPERANCE13
228,HippiesBattlegrounds,5,2,5,1,15/10/2017,16/11/2017,953.04 MB,,DM,https://github.com/HippieStation/HippiesBattlegrounds
229,platforms,5,1,5,0,13/01/2025,13/03/2025,7.00 KB,,DM,https://github.com/ItaloFerraro/platforms
230,jest,5,1,5,0,09/01/2025,09/01/2025,2.00 KB,,DM,https://github.com/dgjklh/jest
231,web-,5,1,5,0,12/07/2022,13/08/2022,206.00 KB,,DM,https://github.com/huangyulie/web-
232,Vesta.Bay,5,55,5,10,17/11/2020,21/02/2023,1.01 GB,Vesta of Orion's repository based on the Baystation12 codebase,DM,https://github.com/VestaOfOrion/Vesta.Bay
233,database,5,1,5,0,08/01/2025,13/03/2025,10.00 KB,,DM,https://github.com/piaseckided/database
234,deployment,5,1,5,0,13/01/2025,13/01/2025,2.00 KB,,DM,https://github.com/bartoszzielin/deployment
235,ColonialMarines-2016,5,12,5,0,12/08/2016,18/07/2018,85.86 MB,Mirror of dmca'ed code base. GPL is GPL is GPL.,DM,https://github.com/ColonialMarines-Mirror/ColonialMarines-2016
236,document-similarity,5,5,5,1,14/03/2017,17/04/2021,14.93 MB,Document similiarity learning experiment with LSH,DM,https://github.com/nandajavarma/document-similarity
237,Wildflower,5,14,5,12,23/05/2021,18/02/2022,1.02 GB,Repository for Project Wildflower's modification of Baystation 12,DM,https://github.com/Project-Wildflower/Wildflower
238,configen,5,1,5,0,09/01/2025,09/01/2025,2.00 KB,,DM,https://github.com/AAdamBiel/configen
239,Terrastation-13,5,8,5,6,19/06/2012,07/12/2019,2.26 GB,Custom space station 13 server created by terraform gaming. Based off of TGS and Paradise.,DM,https://github.com/addictgamer/Terrastation-13
240,Pipfile,5,1,5,0,11/01/2025,11/01/2025,2.00 KB,,DM,https://github.com/AAdamBiel/Pipfile
241,memeage,5,5,5,10,06/01/2023,08/04/2024,2.52 MB,the domg boys mod,DM,https://github.com/vanlade-solvis/memeage
242,Dungeon-Master,5,8,5,1,17/03/2013,18/04/2025,4.32 MB,Dungeon Master (BYOND),DM,https://github.com/DuncanFairley/Dungeon-Master
243,dbzfe_open,5,4,5,0,14/07/2024,09/08/2025,73.46 MB,,DM,https://github.com/mclol0/dbzfe_open
244,NewHestia,5,45,5,5,07/10/2020,17/12/2020,1010.39 MB,Bastion of Hestia but seperated from main fork.,DM,https://github.com/Alanii/NewHestia
245,Occulus-Eris,5,47,5,13,16/11/2020,30/11/2023,567.87 MB,"Occulus is a downstream from Eris, though we also have a fair bit of original content thanks to a decent sized development team.",DM,https://github.com/Occulus-Server/Occulus-Eris
246,TGMC-SS13,5,21,5,28,07/05/2026,08/10/2026,735.14 MB,Russian TGMC 5.1. Enjoy your stay!,DM,https://github.com/Falls-dev/TGMC-SS13
247,DS13-2.0,5,52,5,24,25/09/2022,08/10/2026,2.03 GB,,DM,https://github.com/DS-13-Dev-Team/DS13-2.0
248,AtomBomb,5,50,5,11,04/10/2022,05/11/2023,1.27 GB,,DM,https://github.com/AtomBombf13/AtomBomb
249,SECURITY,5,1,5,0,09/01/2025,09/01/2025,2.00 KB,,DM,https://github.com/damdonik/SECURITY
250,RStudio,5,1,5,0,13/01/2025,28/01/2025,6.00 KB,,DM,https://github.com/kauziko/RStudio
251,Nostra-13,5,16,5,6,16/07/2020,15/04/2025,1.43 GB,"""Active"" build based on Nostra-13",DM,https://github.com/nuke-ops/Nostra-13
252,gradle,5,1,5,0,11/01/2025,11/01/2025,2.00 KB,,DM,https://github.com/OMasl/gradle
253,Old-World-Blue,5,26,5,55,16/09/2016,04/07/2017,294.86 MB,"В новый мир, со старым добрым Блу. Свободная вариация билда baystation12.",DM,https://github.com/animusdev/Old-World-Blue
254,azure,5,1,5,1,09/01/2025,09/01/2025,2.00 KB,,DM,https://github.com/bartoszzielin/azure
255,tsconfig,5,1,5,0,09/01/2025,09/01/2025,2.00 KB,,DM,https://github.com/JooooJark/tsconfig
256,Escalation,5,10,5,0,17/10/2021,26/03/2023,608.48 MB,,DM,https://github.com/ESCALATION-ROCKS/Escalation
257,specific,5,1,5,0,11/01/2025,11/01/2025,2.00 KB,,DM,https://github.com/adolfoghirlanda2/specific
258,effigy,5,14,5,11,19/10/2024,07/10/2026,8.57 GB,,DM,https://github.com/effigy-se/effigy
259,Vault-113-Restoration.,5,24,5,7,04/04/2016,06/12/2016,150.54 MB,This is fallout conversion of the Space Station 13.,DM,https://github.com/blackjack3186/Vault-113-Restoration.
260,Interpost-Hague,4,1,4,2,14/02/2020,11/08/2026,516.51 MB,"The GitHub for Interpost Hague, a codebase based on Interbay.",DM,https://github.com/butmun/Interpost-Hague
261,SinguloStation13,4,9,4,5,05/09/2022,02/10/2023,1.96 GB,99.95% bees. 0.05% station,DM,https://github.com/SinguloStation13/SinguloStation13
262,flake8,4,1,4,0,11/01/2025,11/01/2025,2.00 KB,,DM,https://github.com/kauziko/flake8
263,compose,4,1,4,0,08/01/2025,28/01/2025,6.00 KB,,DM,https://github.com/JohannWojcik/compose
264,Code,4,1,4,0,13/01/2025,13/01/2025,2.00 KB,,DM,https://github.com/aadamdunikowski/Code
265,yaml,4,1,4,0,11/01/2025,11/01/2025,2.00 KB,,DM,https://github.com/AAdamBiel/yaml
266,Exogenesis,4,4,4,9,17/05/2014,10/01/2015,70.37 MB,Exogenesis SS13 server,DM,https://github.com/Hoknar/Exogenesis
267,Neargame,4,4,4,3,19/04/2025,29/04/2025,960.32 MB,Neargame: A Machine For Pigs,DM,https://github.com/Near-Web/Neargame
268,NEVUnity,4,9,4,9,03/09/2013,06/07/2014,94.18 MB,A Modification of SS13 code (based on BS12 code as of 8/30/2013) for NEV Unity,DM,https://github.com/Jamini/NEVUnity
269,NSV-Luna-Redux-Restoration,4,13,4,4,10/05/2017,13/04/2026,127.28 MB,Just yet another attempt to keep Luna code up to date. Don't ask me why.,DM,https://github.com/mattmatterson111/NSV-Luna-Redux-Restoration
270,ColonialMarines_Redone,4,18,4,38,27/08/2015,01/10/2017,74.60 MB,Colonial Marines redone using tg build.,DM,https://github.com/TauCetiStation/ColonialMarines_Redone
271,openmeaning-api,4,1,4,0,08/12/2016,27/12/2016,49.00 KB,Django API to access the vectors on openmeaning.org.,DM,https://github.com/PeARSearch/openmeaning-api
272,babelrc,4,1,4,1,09/01/2025,02/04/2025,15.00 KB,,DM,https://github.com/ErichRaske/babelrc
273,MonkeyStation,4,11,4,11,09/05/2020,20/07/2021,1.39 GB,Monkey Station Official,DM,https://github.com/MonkeyStation13/MonkeyStation
274,build,4,1,4,0,11/01/2025,11/01/2025,2.00 KB,,DM,https://github.com/aadamdunikowski/build
275,Emerald-Summit,4,30,4,13,19/01/2026,21/07/2026,1.49 GB,,DM,https://github.com/Furnace-Chronicles/Emerald-Summit
276,CasualQuest-DM,4,1,4,0,26/10/2014,22/02/2018,3.03 MB,A multiplay wave survival game for the BYOND community. Written in DM,DM,https://github.com/jacobabrennan/CasualQuest-DM
277,eslintrc,4,1,4,0,09/01/2025,09/01/2025,2.00 KB,,DM,https://github.com/dimbadimass/eslintrc
278,ScorpioStation,4,18,4,95,23/04/2020,03/04/2021,1.25 GB,,DM,https://github.com/ScorpioStation/ScorpioStation
279,Dom6-Mod-Editor,4,2,4,0,04/03/2022,08/10/2026,13.88 MB,,DM,https://github.com/kcopley/Dom6-Mod-Editor
280,Makefile,4,1,4,0,08/01/2025,08/01/2025,2.00 KB,,DM,https://github.com/bartoszzielin/Makefile
281,rollup,4,1,4,0,11/01/2025,11/01/2025,2.00 KB,,DM,https://github.com/JooooJark/rollup
282,ARFS-6,4,12,4,10,05/12/2020,14/12/2024,1.45 GB,,DM,https://github.com/ARF-SS13/ARFS-6
283,NMF-Persephone,4,12,4,2,19/01/2022,04/06/2022,156.47 MB,,DM,https://github.com/CrowOfBourbon/NMF-Persephone
284,russ-station,4,11,4,1,06/06/2023,04/12/2024,1.66 GB,,DM,https://github.com/russ-money/russ-station
285,composer,4,1,4,0,11/01/2025,11/01/2025,2.00 KB,,DM,https://github.com/ItaloFerraro/composer
286,Logic,4,1,4,0,08/01/2025,08/01/2025,2.00 KB,,DM,https://github.com/adampiasecki2/Logic
287,favicon,4,1,4,0,09/01/2025,09/01/2025,2.00 KB,,DM,https://github.com/adolfoghirlanda2/favicon
288,lock.d,4,1,4,0,09/01/2025,09/01/2025,2.00 KB,,DM,https://github.com/aadamdunikowski/lock.d
289,white,4,56,4,1,02/07/2021,10/11/2023,2.20 GB,Репозиторий на базе /tg/station. Приятной игры!,DM,https://github.com/GesuArchive/white
290,style,4,1,4,0,08/01/2025,08/01/2025,2.00 KB,,DM,https://github.com/JulianDunikowski/style
291,prettierrc,4,1,4,0,09/01/2025,09/01/2025,2.00 KB,,DM,https://github.com/FPiasecki2/prettierrc
292,Archangel,4,8,4,1,05/06/2018,05/06/2018,84.09 MB,Archangel,DM,https://github.com/Zero-Bits/Archangel
293,PonyBuild-R-,4,10,4,1,31/08/2015,03/03/2018,71.96 MB,"Пони-билд, основанный на сборке Baystation12 игры Space Station 13 2015 года.",DM,https://github.com/S-Spy/PonyBuild-R-
294,call_of_flesh,4,29,4,0,07/04/2018,10/03/2019,467.58 MB,,DM,https://github.com/esthvan/call_of_flesh
295,Baystation12-pre-r4407,4,4,4,1,19/05/2022,29/12/2023,175.65 MB,"BS12 pre-r4407, working on modern BYOND",DM,https://github.com/space-wizards/Baystation12-pre-r4407
296,BlackMesa13,4,8,4,0,21/11/2016,20/03/2017,88.89 MB,A Half Life themed SS13 codebase set in the Black Mesa Research Facility.,DM,https://github.com/cthuloid9/BlackMesa13
297,pom,4,1,4,0,09/01/2025,28/01/2025,4.00 KB,,DM,https://github.com/JohannWojciech/pom
298,p_tree_kernel,4,1,4,0,22/07/2014,30/10/2014,7.64 MB,,DM,https://github.com/thenghiapham/p_tree_kernel
299,CowedRevival,4,7,4,0,07/04/2020,07/11/2022,88.89 MB,,DM,https://github.com/CowedRevival/CowedRevival
300,HippieStation13-2,4,22,4,88,04/02/2017,11/04/2017,794.29 MB,Archived,DM,https://github.com/HippieStationArchive/HippieStation13-2
301,Vesta.Bay,4,9,4,1,14/05/2021,05/02/2022,1.03 GB,Skyrat's Baystation Server.,DM,https://github.com/Skyrat-SS13/Vesta.Bay
302,Project-Buchanan,4,14,4,8,10/07/2023,22/12/2024,669.59 MB,"Too slow, fellas, just a touch too slow...",DM,https://github.com/thegrovellingpeasant/Project-Buchanan
303,Pokemon-Evolucion-Byond,4,0,4,0,26/04/2020,13/05/2020,26.33 MB,Pokemon MMORPG fangame,DM,https://github.com/Saldanored/Pokemon-Evolucion-Byond
304,robots,4,1,4,0,09/01/2025,09/01/2025,2.00 KB,,DM,https://github.com/JulianDunikowski/robots
305,cc-station,4,2,4,1,13/10/2018,02/02/2019,72.07 MB,"An attempt at a Creative Commons Space Station 13 server base, built around GoonStation 2016",DM,https://github.com/kyrahabattoir/cc-station
306,build,4,1,4,0,08/01/2025,08/01/2025,2.00 KB,,DM,https://github.com/JanBielski/build
307,history,4,1,4,0,08/01/2025,08/01/2025,2.00 KB,,DM,https://github.com/ItaloFerraro/history
308,pom,4,1,4,1,11/01/2025,11/01/2025,2.00 KB,,DM,https://github.com/dunikowski22/pom
309,Pariah-Station,4,29,4,9,12/03/2022,17/07/2022,2.02 GB,,DM,https://github.com/pariahstation/Pariah-Station
310,Voidcrew-LRP,4,35,4,17,14/01/2023,30/08/2024,1001.47 MB,An LRP fork of Shiptest,DM,https://github.com/Void-Crew/Voidcrew-LRP
311,version,4,1,4,0,13/01/2025,13/01/2025,2.00 KB,,DM,https://github.com/OMasl/version
312,Haven-Urist,4,11,4,21,04/05/2020,19/11/2024,933.45 MB,Deviate downstream of UristMcStation (https://github.com/UristMcStation/UristMcStation),DM,https://github.com/Haven-13/Haven-Urist
313,BeeStation,4,15,4,6,31/08/2020,11/03/2022,1.60 GB,,DM,https://github.com/ChaoticOnyx/BeeStation
314,ss13,4,18,4,671,19/01/2024,01/01/2026,3.37 GB,The ss13 server for the VoRe furs discord,DM,https://github.com/VoRe-ss13/ss13
315,Vagrantfile,4,1,4,0,09/01/2025,28/01/2025,4.00 KB,,DM,https://github.com/ItaloFerraro/Vagrantfile
316,EMharvest,3,4,3,0,18/03/2024,04/03/2025,26.23 MB,,DM,https://github.com/kylelmorris/EMharvest
317,github1,3,1,3,0,09/01/2025,09/01/2025,2.00 KB,,DM,https://github.com/piaseckided/github1
318,Monkey-Station,3,0,3,13,28/04/2020,05/01/2023,122.08 MB,Monkey Station Official ,DM,https://github.com/Achille-exe/Monkey-Station
319,point,3,1,3,0,08/01/2025,08/01/2025,2.00 KB,,DM,https://github.com/amadej2/point
320,swagger,3,1,3,0,09/01/2025,09/01/2025,2.00 KB,,DM,https://github.com/aghirlandaio2/swagger
321,Skyrat-Cit,3,7,3,12,30/12/2019,05/12/2022,425.83 MB,,DM,https://github.com/Skyrat-SS13/Skyrat-Cit
322,CBT,3,7,3,4,17/03/2026,02/08/2026,1.86 GB,,DM,https://github.com/Tk420634/CBT
323,travis,3,1,3,0,09/01/2025,09/01/2025,2.00 KB,,DM,https://github.com/barrydunikow/travis
324,ARCHITECTURE,3,1,3,0,08/01/2025,08/01/2025,2.00 KB,,DM,https://github.com/adolfoghirlanda2/ARCHITECTURE
325,framework,3,1,3,0,13/01/2025,13/01/2025,2.00 KB,,DM,https://github.com/JohannWojciech/framework
326,Yog3DWebClient,3,1,3,0,13/03/2026,18/05/2026,261.20 MB,Repo for discontinued Yogstation3D server. Will just be attempting to fix things.,DM,https://github.com/MrBuscemi/Yog3DWebClient
327,LLA-SS13-Arctys-Boreas-Old-Old,3,0,3,49,24/06/2013,14/02/2014,32.50 MB,"The original Ice Station repository used for LLA, preserved for legacy reasons. Based off an old Mars station source.",DM,https://github.com/Spoffy/LLA-SS13-Arctys-Boreas-Old-Old
328,cw-ss13,3,1,3,0,08/08/2021,08/08/2021,437.89 MB,,DM,https://github.com/Watermelon914/cw-ss13
329,ATMTA,3,5,3,0,21/06/2017,12/02/2019,1.05 GB,ATMTA Station,DM,https://github.com/ExcidiumStation/ATMTA
330,Fortune13,3,62,3,1,07/06/2021,05/04/2022,1.07 GB,,DM,https://github.com/fortune13-ss13/Fortune13
331,samosbor-legacy,3,2,3,0,18/06/2021,22/06/2021,203.66 MB,"BYOND SS13 build, based on universe of stories about «Самосбор».",DM,https://github.com/Samosbor-Team/samosbor-legacy
332,CARPETA-REPOSITORIO-ESTUDIANTES,3,26,3,5,20/03/2026,29/05/2026,34.36 MB,"DIS09214 pensamiento computacional, primer semestre 2026, sección 2",DM,https://github.com/PENSAMIENTO-COMPUTACIONAL-S02-2026/CARPETA-REPOSITORIO-ESTUDIANTES
333,phoenix-ss13,3,6,3,23,22/06/2022,02/12/2024,1.75 GB,A roleplay oriented Space Station 13 codebase.,DM,https://github.com/PHOENIX-SS13/phoenix-ss13
334,dev,3,1,3,0,11/01/2025,11/01/2025,2.00 KB,,DM,https://github.com/bartoszzielin/dev
335,black,3,11,3,0,28/02/2014,27/08/2015,117.62 MB,black,DM,https://github.com/SS13/black
336,BOS-bay,3,4,3,1,14/04/2022,03/07/2022,279.99 MB,,DM,https://github.com/johncoder0/BOS-bay
337,The-Final-Nights-Rebase,3,55,3,46,11/10/2025,23/07/2026,2.61 GB,"The Final Nights is an immersive, HRP-focused fork of the Darkpack Project, based on /tg/station code.",DM,https://github.com/The-Final-Nights/The-Final-Nights-Rebase
338,manaforge,3,3,3,14,30/04/2020,07/01/2023,214.57 MB,"Repository for Mana Forge Station, a fork of Paradise code for the Mana Forge community",DM,https://github.com/ValeFuchs/manaforge
339,DragonBrawlOnline,3,0,3,0,30/11/2024,20/01/2025,126.10 MB,Dragon Brawl Online,DM,https://github.com/masterdanvk/DragonBrawlOnline
340,NovusSS13,3,5,3,0,08/07/2023,15/04/2025,2.50 GB,The /tg/station branch of SS13.,DM,https://github.com/NovusSS13/NovusSS13
341,Dark-Kingdom-SS13,3,3,3,1,21/04/2017,02/11/2020,79.56 MB,"A dark medieval fantasy game, heavily focused upon role-playing, utilizing the Space Station 13 codebase as its engine.",DM,https://github.com/Hayagami1/Dark-Kingdom-SS13
342,fruitfly,3,0,3,0,24/10/2018,27/10/2019,126.97 MB,"This repository hosts all work on the FruitFly project supervised by Aurelie Herbelot. For documentation, contact me personally.",DM,https://github.com/SimonPreissner/fruitfly
343,CompLex,3,2,3,0,04/02/2020,04/02/2021,5.81 MB,,DM,https://github.com/dashapopova/CompLex
344,Lumos-Station-13-Archive,3,8,3,0,08/01/2020,12/12/2020,640.29 MB,Active build for Citadel Station,DM,https://github.com/Lumos-SS13/Lumos-Station-13-Archive
345,ShiftingRoses,3,12,3,4,02/10/2025,30/11/2025,1.66 GB,,DM,https://github.com/ShiftingRoses/ShiftingRoses
346,CadenceProject,3,2,3,0,31/10/2013,11/12/2013,3.88 MB,,DM,https://github.com/DavidZemon/CadenceProject
347,Interstation13,3,16,3,1,10/01/2019,01/11/2019,1.19 GB,"It's a lot like Oracle Station, and also a lot like old Interstation.",DM,https://github.com/Interstation13/Interstation13
348,roachstation,3,3,3,12,19/09/2022,09/10/2022,140.49 MB,Roach Station branch of SS13,DM,https://github.com/roachstation/roachstation
349,STALKER12,3,12,3,0,30/03/2021,29/09/2021,586.00 MB,"STALKER12, a remake of the S.T.A.L.K.E.R. franchise in SS13. Branched from esthvan's Call of Flesh.",DM,https://github.com/Malgover/STALKER12
350,Star-Wars-Legends-13,3,9,3,16,27/07/2020,06/01/2023,504.64 MB,"Star Wars Legends 13, is a SS13 game centered around the Star Wars Legends Galaxy.",DM,https://github.com/Odisurin/Star-Wars-Legends-13
351,whiTGreen,3,21,3,84,09/01/2018,17/01/2022,168.09 MB,Oh fuck.,DM,https://github.com/animusdev/whiTGreen
352,BYOND_MegamanWars,3,0,3,0,07/12/2019,11/12/2019,7.92 MB,BYOND version of Megaman Wars. ,DM,https://github.com/Cheddarbits/BYOND_MegamanWars
353,Crystal-Keep,3,3,3,0,18/11/2024,06/09/2025,445.42 MB,"Crystal Keep, 2D swordman simulator.",DM,https://github.com/Sword-Stone-13/Crystal-Keep
354,json,3,1,3,0,13/01/2025,13/01/2025,2.00 KB,,DM,https://github.com/albertstone7/json
355,BeeStation-Legacy,3,6,3,2,01/07/2018,27/07/2018,1.11 GB,"BeeStation, since the rebase.",DM,https://github.com/CthulhuOnIce/BeeStation-Legacy
356,metro-station-13,3,5,3,0,14/12/2020,18/12/2020,476.73 MB,The Metro and BYOND,DM,https://github.com/Stalkeros2/metro-station-13
357,InterbayBR,3,1,3,0,01/07/2021,12/02/2022,167.59 MB,"Fork from original Interbay by mattroks with some new SS13 2022 features and also a ""Brazilian touch""",DM,https://github.com/Kosolov325/InterbayBR
358,vmstation,3,8,3,48,18/01/2022,28/09/2024,1.63 GB,the /vm/ old school tg server,DM,https://github.com/sperky7933/vmstation
359,app,3,1,3,0,08/01/2025,28/01/2025,6.00 KB,,DM,https://github.com/aghirlandaio2/app
360,ZeroOnyx,3,5,3,3,01/06/2024,04/06/2025,1.25 GB,"A Space Station 13 server, 2022 fork of https://github.com/ChaoticOnyx/Onyxbay",DM,https://github.com/ZeroHubProjects/ZeroOnyx
361,pomery,3,1,3,1,11/01/2025,28/01/2025,7.00 KB,,DM,https://github.com/JohannWojciech/pomery
362,composer,3,1,3,0,09/01/2025,09/01/2025,2.00 KB,,DM,https://github.com/JohannWojcik/composer
363,TGoonstation,3,6,3,0,16/03/2016,24/01/2018,76.57 MB,Goonstation 2016 release based repo combining aspects of tgstation with that code.,DM,https://github.com/Shadowlightbackup/TGoonstation
364,Aliens-Colonialmarines,3,6,3,10,03/09/2016,20/08/2018,155.16 MB,"WIP; HUGE THANK YOU TO:PGOAT(pudl), WJOHNSTON, THE /TG/ TEAM, THE TAUCETISTATION TEAM SPECIFICALLY ZVEE, CM,HIPPIE etc. Those credits will be improved later on ayy--ALWAYS USE ONLY NOTEPAD WHEN EDITING SKIN.DMF OR IT'LL BREAK -- Discontinued.",DM,https://github.com/Carbonhell/Aliens-Colonialmarines
365,T.E.-station,3,12,3,0,04/01/2023,02/09/2023,404.54 MB,ERP experience,DM,https://github.com/JasmineRickards/T.E.-station
366,Blue-Colony-Reborn,3,24,3,1,14/08/2023,03/01/2024,232.36 MB,,DM,https://github.com/WoodenTucker/Blue-Colony-Reborn
367,conf,3,1,3,0,11/01/2025,27/01/2025,4.00 KB,,DM,https://github.com/barrydunikow/conf
368,tgp-station,3,2,3,0,19/01/2026,26/08/2026,9.99 GB,,DM,https://github.com/tgp-station/tgp-station
369,d2k5,3,13,3,0,03/04/2014,03/04/2014,43.89 MB,,DM,https://github.com/SS13/d2k5
370,Metro-13-OLD,3,4,3,2,28/02/2019,04/04/2020,400.97 MB,The official Metro 13 code,DM,https://github.com/JohnRedneck/Metro-13-OLD
371,TetraStation,3,4,3,4,12/03/2022,24/12/2025,1.56 GB,"Paranoia and shenanigans, aboard a plastic and metal deathtrap that tastes like thanksgiving at your grandparents' house.",DM,https://github.com/TetraStation/TetraStation
372,Cobalt,3,2,3,1,18/02/2022,29/03/2022,818.86 MB,,DM,https://github.com/Cobalt-Regeneration/Cobalt
373,Eternal,3,15,3,176,03/01/2015,12/06/2016,604.37 MB,Heaven's Gate Station's homebrew based on Baystation12 ( https://github.com/Baystation12/Baystation12 ) //,DM,https://github.com/HeavensGate/Eternal
374,Nukapop13,3,6,3,3,03/11/2022,11/06/2023,1.13 GB,,DM,https://github.com/SeeminglyTypicalUsername/Nukapop13
375,ColonyStation,3,4,3,0,23/08/2020,14/01/2021,1.49 GB,,DM,https://github.com/SolCorporation/ColonyStation
376,SS99,3,3,3,5,10/11/2014,31/12/2014,4.29 MB,"SS99. A rework of SS13, using BYOND.",DM,https://github.com/spessmen/SS99
377,Nephilim,3,0,3,0,04/08/2019,03/04/2021,9.71 MB,Красота и простота,DM,https://github.com/Derven/Nephilim
378,Interbay,3,4,3,9,22/07/2019,28/08/2019,832.00 MB,"Project to update interbay, and make it more it's own unique codebase",DM,https://github.com/Muncher2112/Interbay
379,-tg-station-GPL,3,3,3,0,16/12/2016,21/05/2020,385.98 MB,A GPLv3-only fork of /tg/station13,DM,https://github.com/kyrahabattoir/-tg-station-GPL
380,ColonyStation-Legacy,3,6,3,1,27/10/2019,18/08/2020,1.26 GB,,DM,https://github.com/SolCorporation/ColonyStation-Legacy
381,DreamOfRome,3,2,3,0,16/01/2022,23/04/2024,304.40 MB,The official repository for Dream of Rome.,DM,https://github.com/SS13-Special-Codebases-Archive/DreamOfRome
382,linterA,3,1,3,0,13/01/2025,13/01/2025,2.00 KB,,DM,https://github.com/ErichRaske/linterA
383,Custom-Items,3,21,3,0,11/01/2016,18/02/2024,17.58 MB,Polaris' custom item repo,DM,https://github.com/PolarisSS13/Custom-Items
384,Chao_Chatterz,3,3,3,2,16/06/2015,27/11/2022,808.00 KB,A repository with the latest public source for the BYOND game Chao Chatterz.,DM,https://github.com/byond-dev/Chao_Chatterz
385,Caustic-Cove-Main,3,25,3,8,06/09/2024,13/07/2025,758.66 MB,,DM,https://github.com/CausticCove/Caustic-Cove-Main
386,halflife-episode13,3,24,3,1,02/12/2024,07/10/2026,3.28 GB,"Halflife: Episode 13, forked from /tg/station. https://discord.gg/DtuwX7jxku",DM,https://github.com/Marmio64/halflife-episode13
387,twitR,3,1,3,0,08/02/2017,21/06/2017,19.00 KB,R functions to interact with Twitter,DM,https://github.com/gnicoulaud/twitR
388,build,3,1,3,0,09/01/2025,09/01/2025,2.00 KB,,DM,https://github.com/amadej2/build
389,package,3,1,3,0,11/01/2025,11/01/2025,2.00 KB,,DM,https://github.com/ErichRaske/package
390,project_mustard,3,0,3,0,07/01/2018,25/01/2018,1.24 MB,Another BYOND DM Game,DM,https://github.com/jacobabrennan/project_mustard
391,Old-World-Blues,3,19,3,3,30/06/2017,12/08/2024,488.84 MB,,DM,https://github.com/MeteorsDetected/Old-World-Blues
392,TauCeti,3,0,3,0,17/08/2015,29/01/2016,579.04 MB,Новый билд на базе Bay12/RuBay12,DM,https://github.com/volas/TauCeti
393,TGMC-PVE,3,12,3,8,24/11/2022,05/03/2024,941.77 MB,,DM,https://github.com/JasmineRickards/TGMC-PVE
394,yarn,3,1,3,0,11/01/2025,11/01/2025,2.00 KB,,DM,https://github.com/adampiasecki2/yarn
395,index,3,1,3,1,08/01/2025,08/01/2025,2.00 KB,,DM,https://github.com/OMasl/index
396,Echo13-Alpha,3,4,3,122,26/02/2021,09/07/2021,1.16 GB,Beestation Roleplay Remix [2021],DM,https://github.com/ReflectionDevs/Echo13-Alpha
397,Nearweb,3,9,3,0,21/02/2023,21/02/2023,539.18 MB,/shrug,DM,https://github.com/mcschwa/Nearweb
398,logic,3,1,3,0,13/01/2025,13/01/2025,2.00 KB,,DM,https://github.com/JulianDunikowski/logic
399,Sage,2,4,2,10,10/07/2015,23/07/2015,9.61 MB,An open-source Action-RPG game for the BYOND platform.,DM,https://github.com/IchiroKeisuke/Sage
400,Harborstation-Archived,2,4,2,2,19/07/2018,05/09/2018,1.11 GB,kmc a good codr,DM,https://github.com/DDMers/Harborstation-Archived
401,DangercodeSS13OLDVer3,2,0,2,0,05/12/2019,10/02/2022,157.22 MB,"The Official codebase of Danger Station 11, which is a fork off of Para-Arf code",DM,https://github.com/WonderPsycho/DangercodeSS13OLDVer3
402,SCP-13,2,3,2,28,18/04/2018,11/03/2019,1.08 GB,Stage. Commit. Push. 13 times.,DM,https://github.com/ExcidiumStation/SCP-13
403,spacetopia,2,0,2,1,27/12/2019,26/03/2025,76.53 MB, A role-play oriented Space Station 13 mod which adds certain Second-Life features and character customisation amongst other changes that are highly inspired by EVE Online and Furcadia.,DM,https://github.com/researcx/spacetopia
404,Gainstation13,2,1,2,1,30/03/2021,02/12/2022,225.98 MB,,DM,https://github.com/halolegend2000/Gainstation13
405,OpenSS13-Old,2,4,2,3,17/04/2021,25/04/2021,2.10 MB,A continuation of Tennessee116's attempt at bringing OpenSS13 back to life.,DM,https://github.com/SinguloStation13/OpenSS13-Old
406,Echo-SS13,2,3,2,1,27/07/2023,08/10/2026,1.10 GB,,DM,https://github.com/Sector-Echo-13-Team/Echo-SS13
407,PonyBuild,2,6,2,2,04/03/2018,25/03/2018,112.96 MB,,DM,https://github.com/SpaceBronyTeam/PonyBuild
408,animusstation13,2,0,2,4,22/11/2015,22/11/2015,131.80 MB,Automatically exported from code.google.com/p/animusstation13,DM,https://github.com/LethalGhost/animusstation13
409,Timberwolf,2,3,2,0,03/12/2016,03/12/2016,604.46 MB,The code for Project Timberwolf's branch of SS13,DM,https://github.com/ProjectTimberwolf/Timberwolf
410,white-dream-theta,2,7,2,5,26/08/2019,14/01/2020,1.37 GB,Репозиторий Теты. Текущий билд TGstation.,DM,https://github.com/frosty-dev/white-dream-theta
411,BleachWWA,2,2,2,1,02/06/2021,14/07/2026,416.39 MB,,DM,https://github.com/ayomide321/BleachWWA
412,k8s,2,0,2,0,02/04/2021,02/04/2021,8.00 KB,实验步骤,DM,https://github.com/luo-ting-yi/k8s
413,BYONDBench,2,1,2,3,25/03/2022,04/05/2022,296.00 KB,BYOND benchmarking suite,DM,https://github.com/AffectedArc07/BYONDBench
414,content,2,1,2,0,08/01/2025,08/01/2025,2.00 KB,,DM,https://github.com/adamzelinskiii/content
415,Main,2,2,2,2,31/05/2015,09/08/2015,142.69 MB,The USNC Infinity branch for SS13,DM,https://github.com/InfinityDevTeam/Main
416,Skyrat-tgmc-old,2,9,2,1,21/02/2021,15/04/2025,715.07 MB,SolFed Marine Corps - A TGMC Downstream. Make sure you checkout both!,DM,https://github.com/Skyrat-SS13/Skyrat-tgmc-old
417,Final-Fantasy-Legacy,2,1,2,0,08/09/2021,19/04/2025,87.63 MB,,DM,https://github.com/Noikar/Final-Fantasy-Legacy
418,GearStation,2,0,2,0,07/06/2021,30/03/2023,1.76 GB,"SS13, without the baloney.",DM,https://github.com/sergeirocks100/GearStation
419,cmreboot,2,4,2,3,19/10/2023,23/11/2023,742.31 MB,Contains the code for CM: Reboot,DM,https://github.com/cmapplelings/cmreboot
420,NuclearPhase,2,7,2,0,19/10/2024,19/10/2024,1.24 GB,,,https://github.com/qqqZXzz123/NuclearPhase
421,OPENPOLAR,2,1,2,0,14/06/2016,18/06/2016,110.60 MB,HELLO MY DEAR FRIENDS!,DM,https://github.com/Derven/OPENPOLAR
422,Ankama-Menu-Admin,2,4,2,1,05/05/2019,05/05/2019,5.89 MB,Menu Admin de Ankama pour Dofus creer pour Sydoria par Luax et SkinZ,DM,https://github.com/crimson-med/Ankama-Menu-Admin
423,MintStation13,2,0,2,0,18/10/2023,07/11/2023,224.92 MB,,DM,https://github.com/UrashaAir/MintStation13
424,ViceStation,2,7,2,2,11/04/2022,20/05/2022,311.83 MB,,DM,https://github.com/ViceStation/ViceStation
425,HuggleStation,2,0,2,0,26/02/2022,15/04/2025,281.50 MB,,DM,https://github.com/lucincus/HuggleStation
426,compiler,2,1,2,0,11/01/2025,11/01/2025,2.00 KB,,DM,https://github.com/amadej2/compiler
427,setup,2,1,2,0,08/01/2025,08/01/2025,2.00 KB,,DM,https://github.com/barrydunikow/setup
428,beestation,2,0,2,0,04/04/2018,05/04/2018,1.05 GB,"Space Station 13, forked from TG Station",DM,https://github.com/Beeskee/beestation
429,CDDA-13,2,7,2,1,05/12/2021,14/10/2022,652.58 MB,This is the CDDA 13 Repo,DM,https://github.com/CDDA13/CDDA-13
430,F19-Fallout-13,2,3,2,2,28/01/2023,22/03/2023,618.91 MB,,DM,https://github.com/Foundation-19/F19-Fallout-13
431,Nebula,2,39,2,39,15/05/2021,30/05/2022,866.29 MB,Hearth of Hestia's fork of NebulaSS13,DM,https://github.com/HearthOfHestia/Nebula
432,SSVortex-ss13,2,0,2,0,03/06/2024,28/06/2024,159.84 MB,,DM,https://github.com/Kostaa123/SSVortex-ss13
433,Bibostation13,2,6,2,7,04/05/2021,12/08/2022,1.01 GB,The official code repository for Bibostation13,DM,https://github.com/Bibostation13/Bibostation13
434,-circleci,2,1,2,0,09/01/2025,09/01/2025,2.00 KB,,DM,https://github.com/filyap22/-circleci
435,document,2,1,2,0,11/01/2025,11/01/2025,2.00 KB,,DM,https://github.com/aghirlandaio2/document
436,IS12-Coldfare,2,4,2,0,11/04/2024,04/12/2024,311.71 MB,Coldfare remake of IS12-Warfare,DM,https://github.com/Cosmic-Overlord/IS12-Coldfare
437,goonstationrepo,2,5,2,0,29/03/2015,29/03/2015,7.70 MB,Automatically exported from code.google.com/p/goonstationrepo,DM,https://github.com/Supermichael777/goonstationrepo
438,Expanse-Station-13,2,4,2,0,12/07/2018,19/03/2019,898.61 MB,EX13 is based on Baystation Code and is a WIP Community based off of the Expanse.,DM,https://github.com/Expanse-Station-13/Expanse-Station-13
439,HematiteHoundsSS13,2,0,2,1,29/11/2016,06/12/2016,605.01 MB,An absolutely silly reference-laden adventure into the SS13 Baystation codebase. ,DM,https://github.com/DocKorsakoff/HematiteHoundsSS13
440,Vanderlin,2,3,2,3,09/02/2025,04/03/2025,2.00 GB,,DM,https://github.com/Darkrp-community/Vanderlin
441,Stratus,2,8,2,5,21/02/2017,17/11/2017,940.22 MB,,DM,https://github.com/Stratus-Station/Stratus
442,Acula-SR_Old,2,9,2,8,16/02/2022,04/05/2022,2.21 GB,A skyrat downstream of /tg/station SS13.,DM,https://github.com/AculaStation/Acula-SR_Old
443,Some_S.T.A.L.K.E.R._Event_on_SS13,2,0,2,10,06/06/2023,07/07/2023,180.61 MB,,DM,https://github.com/Slavik2001/Some_S.T.A.L.K.E.R._Event_on_SS13
444,robots,2,1,2,0,11/01/2025,11/01/2025,2.00 KB,,DM,https://github.com/filyap22/robots
445,Astral-Alley,2,1,2,2014,22/08/2024,01/01/2026,2.97 GB,,DM,https://github.com/ReoDaProtovali/Astral-Alley
446,NNG-v2.6,2,1,2,0,21/09/2023,21/09/2023,8.32 MB,,DM,https://github.com/Chihirodori/NNG-v2.6
447,MStation13,2,2,2,0,16/01/2021,05/03/2021,419.05 MB,,DM,https://github.com/Kosolov325/MStation13
448,Perpetua-Station,2,4,2,16,15/06/2020,06/01/2023,1009.72 MB,Official repository of Perpetua Station. Forked from AUstation.,DM,https://github.com/gonenoculer5/Perpetua-Station
449,CEV-EriS.IS-2,2,4,2,0,24/12/2022,17/04/2024,504.13 MB,,DM,https://github.com/thedarkcrusader/CEV-EriS.IS-2
450,BadEndTheatre,2,5,2,1,29/11/2025,30/12/2025,1.77 GB,Every story ends badly. Enjoy the show.,DM,https://github.com/Fatherless1Xx/BadEndTheatre
451,additional,2,1,2,0,08/01/2025,08/01/2025,2.00 KB,,DM,https://github.com/ErichRaske/additional
452,eggstation13,2,0,2,0,25/11/2015,02/12/2015,178.38 MB,,DM,https://github.com/butthatswrongyoufuckingspiral/eggstation13
453,TCPStation,2,3,2,17,25/09/2020,08/10/2026,2.18 GB,,DM,https://github.com/TheCanoePirates/TCPStation
454,DBLegacy,2,0,2,0,25/03/2021,02/04/2021,7.63 MB,Open source for a DB byond game,DM,https://github.com/Kael2244/DBLegacy
455,Gurgstation,2,9,2,23,03/07/2021,07/12/2023,1.43 GB,,DM,https://github.com/Gurgstation/Gurgstation
456,Echo-13,2,6,2,1,14/01/2023,08/03/2024,1.01 GB,This is the current repository used by the Sector Echo 13 server.,DM,https://github.com/Sector-Echo-13-Team/Echo-13
457,pipelines,2,1,2,0,11/01/2025,11/01/2025,2.00 KB,,DM,https://github.com/JanBielski/pipelines
458,Goonstation_SS13_r4407,2,3,2,0,28/05/2015,28/05/2015,16.13 MB,Goonstation Revision 4407 Spacestation 13,DM,https://github.com/nullbear/Goonstation_SS13_r4407
459,Paragon-Moon,2,2,2,2,18/07/2026,08/10/2026,786.18 MB,,DM,https://github.com/Endless-Seas/Paragon-Moon
460,ninja-universe,2,1,2,0,28/12/2016,28/12/2016,6.26 MB,A ninja-based 2D multiplayer online game created using the BYOND engine.,DM,https://github.com/sahiln25/ninja-universe
461,byond-enhanced-proposal,2,0,2,0,01/01/2020,01/01/2020,324.00 KB,,DM,https://github.com/jcAxe/byond-enhanced-proposal
462,AnimusTG,2,1,2,1,19/11/2025,23/06/2026,10.16 GB,,DM,https://github.com/ChaoticOnyx/AnimusTG
463,d2station,2,5,2,0,09/03/2014,17/01/2015,114.87 MB,"D2Station source. V2 (old), V4 (main), and V5 (dev/experimental, 64x64, unsafe).",DM,https://github.com/wild-billy/d2station
464,DoorAnimator,2,0,2,1,21/11/2017,21/11/2017,121.00 KB,Tool for generating .dmi folders out of single icon based on SS13 airlock presets.,DM,https://github.com/TheGreatJorge/DoorAnimator
465,GPX3-Python,2,1,2,0,27/10/2018,17/03/2022,4.60 MB,Python 2.7 implementation of the Generalized Partition Crossover 3 (GPX3),DM,https://github.com/ozeasx/GPX3-Python
466,Coloinal-Marines-base-gamemod,2,0,2,0,18/11/2014,21/11/2014,261.40 MB,Space station 13 coloinal marines Base gamemode,DM,https://github.com/allandale/Coloinal-Marines-base-gamemod
467,ME13Nihlus,2,2,2,0,21/04/2023,21/07/2023,1.55 GB,"Mass Effect Server based off of Aurora Code. Sadly, Tajara had to be removed as Furries are not canon.",DM,https://github.com/Myphicbowser/ME13Nihlus
468,Intergay,2,4,2,10,21/04/2025,23/09/2026,330.45 MB,,DM,https://github.com/Intergaypost/Intergay
469,Learn-DM,2,1,2,0,06/09/2022,07/09/2022,312.00 KB,"A repository for showcasing my knowledge of the DM programming language, and continuing to learn the language.",DM,https://github.com/seanpm2001/Learn-DM
470,2dcubemangame,2,8,2,2,06/01/2022,15/04/2024,890.00 KB,,DM,https://github.com/TheChosenEvilOne/2dcubemangame
471,LighthouseRelay,2,7,2,5,28/03/2023,20/02/2025,1.09 GB,,DM,https://github.com/OpaqueSunset/LighthouseRelay
472,Her13,2,0,2,6,29/05/2022,26/04/2023,863.59 MB,,DM,https://github.com/her-13/Her13
473,Stratus-legacy,2,11,2,0,10/12/2016,14/01/2017,101.12 MB,A fork of Paradise Station - SS13! Honk.,DM,https://github.com/StratusSS13/Stratus-legacy
474,Geminus-City,2,12,2,21,26/06/2021,22/12/2021,932.47 MB,SS13 variant based on World Server/Blue Colony,DM,https://github.com/GeminusCity/Geminus-City
475,lode-wars,2,1,2,1,22/08/2021,26/08/2021,565.00 KB,"A game about mining, aliens and more.",DM,https://github.com/Crazah/lode-wars
476,management,2,1,2,0,13/01/2025,13/01/2025,2.00 KB,,DM,https://github.com/adolfoghirlanda2/management
477,RAVEINIZIAR,2,2,2,0,15/09/2024,15/09/2024,1.13 GB,Вам пиздец!,DM,https://github.com/emoats18/RAVEINIZIAR
478,NuclearPhase,2,6,2,76,03/04/2023,04/10/2026,1.25 GB,,DM,https://github.com/NuPhase/NuclearPhase
479,Protostation-13,2,0,2,0,29/05/2015,05/06/2015,22.12 MB,Nullbear's Ambitious Overhaul [ Vapourware! ],DM,https://github.com/nullbear/Protostation-13
480,gastrovec-esslli2015,2,0,2,0,11/10/2015,11/10/2015,41.36 MB,,DM,https://github.com/gastrovec/gastrovec-esslli2015
481,ShinobiRPG,2,0,2,0,13/01/2014,13/01/2014,4.59 MB,BYOND project,DM,https://github.com/daniel112/ShinobiRPG
482,Pyrce-High-Revised,2,4,2,0,21/10/2015,21/10/2015,27.79 MB,"A revision of MasterBraska's BYOND game Pyrce High, or it will be, once I figure out Git.",DM,https://github.com/Echoshade/Pyrce-High-Revised
483,Revamped-MapMaker,2,0,2,0,19/11/2020,30/10/2022,57.86 MB,,DM,https://github.com/joelkay/Revamped-MapMaker
484,cmhistory,2,4,2,0,06/11/2018,05/11/2018,411.63 MB,,DM,https://github.com/MrsTonedOne/cmhistory
485,Encrypted,2,2,2,0,15/12/2014,15/12/2014,532.00 KB,"Encrypted - A computer simulation game made by Lcooper, based on console by Exadv1",DM,https://github.com/Tomeno/Encrypted
486,DM-GOAI,2,1,2,2,27/02/2016,10/06/2025,92.20 MB,An experiment in coding a modern-style NPC AI in BYOND's DM language,DM,https://github.com/scrdest/DM-GOAI
487,sealab13,2,3,2,0,24/09/2018,03/11/2018,479.06 MB,The best code this side of the ocean!,DM,https://github.com/TrongleCo/sealab13
488,Node,2,1,2,0,13/01/2025,13/01/2025,2.00 KB,,DM,https://github.com/aghirlandaio2/Node
489,Beat-Station,2,5,2,3,29/03/2017,12/03/2019,1012.77 MB,New and updated brazilian Space Station 13 code.,DM,https://github.com/Beat-Station/Beat-Station
490,bapi-dmm,2,1,2,0,27/06/2024,10/12/2024,1.98 MB,,DM,https://github.com/tigercat2000/bapi-dmm
491,Pixel,2,1,2,0,08/01/2025,08/01/2025,2.00 KB,,DM,https://github.com/JohannWojciech/Pixel
492,cases,2,1,2,0,11/01/2025,11/01/2025,2.00 KB,,DM,https://github.com/adamzelinskiii/cases
493,PokemonBrasil-Byond,2,0,2,0,28/05/2020,29/05/2020,9.67 MB,"Jogo de pokemon criado com a Engine ""Byond"" (estudo autodidata)",DM,https://github.com/CaueFollador/PokemonBrasil-Byond
494,Lunastation-13,2,0,2,0,08/01/2021,11/01/2021,885.11 MB,"The official repo for Lunastation-13, a server for the game Space Station 13.",DM,https://github.com/Orchidthederg/Lunastation-13
495,SS13GOE-dev,2,0,2,1,21/08/2018,04/04/2020,133.59 MB,,DM,https://github.com/killerken924/SS13GOE-dev
496,spacestation13,2,1,2,0,23/06/2015,23/06/2015,14.59 MB,Automatically exported from code.google.com/p/spacestation13,DM,https://github.com/AndrewMontagne/spacestation13
497,Stratus,2,5,2,0,13/01/2017,06/04/2017,907.74 MB,,DM,https://github.com/StratusSS13/Stratus
498,Royale-Station-13,2,2,2,2,06/03/2023,05/09/2023,1.79 GB,A fork of Beestation dedicated to running a Battle Royale gamemode. ,DM,https://github.com/Royale-Station-13/Royale-Station-13
499,SNU_2D_ProgrammingTools_IDE_DM,2,1,2,0,06/09/2022,07/09/2022,347.00 KB,The DM Programming language IDE submodule for SNU Programming Tools (2D Mode),DM,https://github.com/seanpm2001/SNU_2D_ProgrammingTools_IDE_DM
500,GlitchCityRP,2,2,2,5,26/09/2022,06/01/2023,1.01 GB,"A top-down multiplayer roleplaying sandbox sim, set in the VA-11 HALL-A setting, Glitch City.",DM,https://github.com/GlitchCityRP/GlitchCityRP
501,Halflife13,2,3,2,0,30/09/2024,03/12/2024,2.21 GB,Half Life 2 in SS13. Join the discord! https://discord.gg/zxTZ2UABTA,DM,https://github.com/Marmio64/Halflife13
502,Civ13-Brasil,2,1,2,0,03/05/2023,17/10/2023,188.88 MB,"Mapas Brasileiros, Traduzido, e 90% Jesus",DM,https://github.com/BoneByte/Civ13-Brasil
503,Foxybar2,2,8,2,8,10/07/2024,11/02/2025,1.79 GB,,DM,https://github.com/ARF-SS13/Foxybar2
504,A.R.F.S.-Dallus-Ship,2,12,2,4,19/10/2016,09/11/2022,175.90 MB,github for A.R.F.S. Dallus,DM,https://github.com/Tk420634/A.R.F.S.-Dallus-Ship
505,ARFS-5,2,7,2,9,08/07/2020,07/12/2020,930.55 MB,,DM,https://github.com/ARF-SS13/ARFS-5
506,ArchipelagoRemastered-v2,2,3,2,0,24/11/2014,29/05/2024,3.92 MB,source code for http://www.byond.com/games/GauHelldragon/ArchipelagoRemastered with my updated version of it,DM,https://github.com/slayerplayer99/ArchipelagoRemastered-v2
507,InstanceVectors,2,0,2,0,27/11/2017,12/12/2017,83.72 MB,"This is the repo accompanying the paper ""Mr Darcy and Mr Toad, gentlemen: distributional names and their kinds"" (Herbelot, 2015)",DM,https://github.com/minimalparts/InstanceVectors
508,Space-Station-Series,2,1,2,5,20/02/2025,06/10/2025,353.66 MB,Build of a Space Station Series,DM,https://github.com/SuperSasha431/Space-Station-Series
509,Nodalec_old,2,5,2,0,20/01/2025,06/09/2025,257.85 MB,Legend-Elite-Shiptest-Evolution,DM,https://github.com/CeladonSS13/Nodalec_old
510,Survival,2,0,2,0,19/04/2013,20/05/2014,15.43 MB,"Survival: The Lost Era - The sequel to the first online survival game of them all, Survival in 2001.",DM,https://github.com/Polatrite/Survival
511,TertiaStation,2,1,2,0,31/03/2017,29/04/2017,644.48 MB,,DM,https://github.com/TertiaStation/TertiaStation
512,SunsetStation,2,20,2,37,12/09/2018,02/12/2022,1.23 GB,the /tg/station/oracle branch of SS13,DM,https://github.com/SunsetStation/SunsetStation
513,Avalon,2,3,2,1,25/02/2023,07/05/2023,144.85 MB,,DM,https://github.com/Camista/Avalon
514,ApocryphaXIII,2,19,2,2,01/04/2025,28/04/2026,2.37 GB,"Apocrypha is an immersive, RP-focused fork of WoD13, based on /tg/station code.",DM,https://github.com/ApocryphaXIII/ApocryphaXIII
515,OpenSS13,2,5,2,0,16/10/2020,16/10/2020,1.96 MB,"A reincarnation of the open-sourcing of the cult-classic, Space Station 13.",,https://github.com/MarkSuckerberg/OpenSS13
516,The-Fluffy-Frontier,2,12,2,2,05/01/2020,01/04/2020,211.97 MB,,DM,https://github.com/Low3/The-Fluffy-Frontier
517,SinguloStation13-Archived,2,12,2,39,21/01/2021,16/08/2022,944.66 MB,,DM,https://github.com/SinguloStation13/SinguloStation13-Archived
518,Star-Trek-13,2,9,2,5,26/01/2021,21/03/2021,807.03 MB,,DM,https://github.com/ben11567/Star-Trek-13
519,management,2,1,2,0,11/01/2025,11/01/2025,2.00 KB,,DM,https://github.com/JohannWojcik/management
520,Novis-Station,2,7,2,12,13/09/2016,17/02/2017,602.46 MB,"This is the repository for Novis Station, based on Baystation 12.",DM,https://github.com/JakeDaBoss/Novis-Station
521,EscalationBySevere,2,6,2,0,06/05/2021,06/05/2021,190.97 MB,,DM,https://github.com/severepwnagethelast/EscalationBySevere
522,ClassicBlunder,2,20,2,0,28/09/2025,06/10/2026,386.19 MB,Local woman who forgot how to code because she never learned tries to code because she never learns,DM,https://github.com/Antenora/ClassicBlunder
523,HS13-Arctic-Station,2,1,2,0,17/08/2015,06/01/2016,186.11 MB,"A branch-off of Hippie Station 13 in a planetary, arctic environment.",DM,https://github.com/Weisyl/HS13-Arctic-Station
524,Urist-2.0,2,0,2,0,26/09/2014,26/09/2014,460.51 MB,,DM,https://github.com/Knoxon/Urist-2.0
525,New-Horizons,2,5,2,7,24/07/2023,08/03/2024,1.88 GB,"The New Horizons project, forked from Aurorastation.",DM,https://github.com/New-Horizontes/New-Horizons
526,Doge-Station,2,5,2,1,21/11/2017,21/04/2018,182.35 MB,,DM,https://github.com/ghost132/Doge-Station
527,XRF-13,2,22,2,7,16/06/2021,17/09/2021,622.98 MB,,DM,https://github.com/andrej-hajduk/XRF-13
528,Into-The-Stars-Persistent-SS13,2,4,2,0,21/04/2021,25/11/2021,345.11 MB,ITS codebase,DM,https://github.com/HbsRed/Into-The-Stars-Persistent-SS13
529,Voidcrew-LRP,2,5,2,3,29/10/2022,20/01/2023,989.63 MB,Shiptest,DM,https://github.com/Acensti/Voidcrew-LRP
530,afterglow,2,23,2,3,25/10/2023,28/08/2026,1.32 GB,,DM,https://github.com/Zero-Percent-Angel/afterglow
531,dm-test-suite,2,0,2,0,25/10/2025,22/09/2026,232.00 KB,test suite for DM,DM,https://github.com/spacestation13/dm-test-suite
532,Beat-Station,1,8,1,0,29/05/2016,29/05/2016,914.53 MB,Brazilian Space Station 13 code,DM,https://github.com/mipmop01/Beat-Station
533,Prospector-2.0,1,1,1,0,12/09/2016,13/09/2016,74.45 MB,,DM,https://github.com/JakeDaBoss/Prospector-2.0
534,Draytermouth,1,3,1,1,14/10/2017,19/11/2017,786.29 MB,It's Drymouth but I made it worse.,DM,https://github.com/Drymouth-Gulch/Draytermouth
535,ByondTestGame,1,0,1,0,05/03/2020,01/04/2020,977.00 KB,,DM,https://github.com/ChrisMBrownlee/ByondTestGame
536,overcast,1,8,1,0,22/05/2020,26/12/2020,445.56 MB,The Zone and BYOND.,DM,https://github.com/Ecologistos/overcast
537,Lilmoha,1,0,1,1,23/05/2023,23/05/2023,1.00 KB,Accoun verfied,DM,https://github.com/Lilmoha/Lilmoha
538,JData,1,0,1,0,09/07/2023,09/07/2023,13.00 KB,A data management system for the BYOND Engine,DM,https://github.com/Zuruel0965/JData
539,Skubberstation,1,1,1,0,25/03/2026,08/10/2026,3.81 GB,"A runelike codebase for SS13 with roleplaying and PVE elements. Did we mention there is grinding, and lots of it?",DM,https://github.com/Skubberstation-SS13/Skubberstation
540,AlephVI,1,1,1,0,01/05/2019,09/05/2019,7.20 MB,Dominions 5 One off mod,DM,https://github.com/Heartlessmmmkay/AlephVI
541,sql4dm,1,2,1,1,19/04/2016,29/07/2016,2.27 MB,,DM,https://github.com/nullquery/sql4dm
542,VOREstation,1,11,1,0,04/09/2015,01/05/2016,135.83 MB,VORE Station's Github Repository,DM,https://github.com/Leshana/VOREstation
543,ChaosRising,1,1,1,0,16/09/2020,16/09/2020,79.19 MB,,DM,https://github.com/Drasmatic/ChaosRising
544,Manaos,1,18,1,19,15/09/2020,03/03/2023,929.10 MB,,DM,https://github.com/Foxterosa/Manaos
545,sojourn-station,1,2,1,0,14/04/2021,10/05/2021,468.62 MB,dead,DM,https://github.com/frosty-dev/sojourn-station
546,cmdevs,1,0,1,1,22/04/2021,11/09/2021,507.55 MB,,DM,https://github.com/cm-dev-ss13/cmdevs
547,ErisFallout,1,2,1,0,21/11/2021,08/05/2022,449.04 MB,fallout 13 but not bad and in eriscode,DM,https://github.com/ValoTheValo/ErisFallout
548,SinguloStation-Red,1,4,1,993,04/07/2021,08/09/2022,1.83 GB,99.97% station. 0.03% bees,DM,https://github.com/SinguloStation13/SinguloStation-Red
549,PampieStation13,1,1,1,1,29/05/2021,08/06/2021,178.48 MB,,DM,https://github.com/TyrianTyrell/PampieStation13
550,FVR92-Tutorials,1,0,1,0,25/08/2021,15/09/2021,77.00 KB,RStudio Tutorials for DataScience,DM,https://github.com/FVR92/FVR92-Tutorials
551,Vampire-The-Masquerade-City-Of-Kindred,1,0,1,0,12/08/2022,16/08/2024,435.68 MB,USE 514 BYOND | FUCK CHILLRACCON,DM,https://github.com/VTM-City-of-Kindred-Awakened/Vampire-The-Masquerade-City-Of-Kindred
552,dogisland-log,1,0,1,0,17/05/2025,22/06/2025,661.00 KB,EchoLuis 主属日志灯塔,DM,https://github.com/floeMER/dogisland-log
553,Dom6ModGen,1,0,1,1,22/03/2025,03/07/2025,7.45 MB,This Django-based full-stack web application enables users to collaboratively design and generate complete *Dominions 6* mods. ,DM,https://github.com/ragzad/Dom6ModGen
554,SLICK-TG,1,1,1,0,27/05/2025,08/10/2026,3.28 GB,,DM,https://github.com/SLICK-Station/SLICK-TG
555,HELIOS,1,1,1,0,24/09/2025,08/10/2026,3.52 GB,"The GitHub repo for the Space Station 13 server, HELIOS Station!",DM,https://github.com/HELIOS-ss13/HELIOS
556,Para-Arf,1,16,1,12,21/10/2017,07/11/2022,1012.65 MB,The A.R.F. branch of Paradise Station 13s code.,DM,https://github.com/Tk420634/Para-Arf
557,16pxGame,1,0,1,2,19/12/2015,05/04/2016,1.51 MB,16x16px Tile-based game silliness.  Actually 32x23px,DM,https://github.com/Sukasa/16pxGame
558,derven_station,1,1,1,0,24/07/2016,25/06/2017,4.79 MB,Special for you,DM,https://github.com/Derven/derven_station
559,LiquidClaw13-Wasteland-Warfare-2,1,0,1,0,12/03/2020,12/03/2020,383.69 MB,,DM,https://github.com/SwiGs1/LiquidClaw13-Wasteland-Warfare-2
560,leetcode,1,0,1,0,18/01/2022,22/01/2022,7.00 KB,🚲第一阶段刷200题，目前进度2/200,DM,https://github.com/jCodeLife/leetcode
561,GuPStation,1,0,1,0,23/11/2021,24/03/2023,180.39 MB,,DM,https://github.com/TheOneTrueCec/GuPStation
562,Nexus-2,1,2,1,6,02/07/2021,28/03/2023,613.72 MB,,DM,https://github.com/PastSS13/Nexus-2
563,Untitled-HRP-TGMC-Derivative,1,2,1,0,15/06/2021,29/06/2021,603.55 MB,,DM,https://github.com/InfinitelyThinRectangles/Untitled-HRP-TGMC-Derivative
564,cmss13-Medpve,1,1,1,7,07/09/2024,08/08/2026,807.36 MB,,DM,https://github.com/SpypigDev/cmss13-Medpve
565,Sercert-NNNN,1,0,1,1,18/06/2018,01/05/2020,142.30 MB,A interbay server from !@#$!##@@,DM,https://github.com/Comicao1/Sercert-NNNN
566,Project-Carrot,1,0,1,0,07/10/2014,06/11/2014,1.48 MB,A game (in progress) for the BYOND web client.,DM,https://github.com/jacobabrennan/Project-Carrot
567,HAMMEROFTOMORROW,1,1,1,0,07/07/2014,20/07/2014,39.11 MB,SS13 code repository for a custom server,DM,https://github.com/caligator/HAMMEROFTOMORROW
568,SByIoLibrary,1,0,1,0,25/12/2013,03/08/2018,46.00 KB,A library for BYOND that enables screen-based input and output.,DM,https://github.com/Bandock/SByIoLibrary
569,vlsi_final_project,1,1,1,0,06/11/2013,08/03/2016,8.07 MB,Final project website for EE 103: Intro to VLSI Design,DM,https://github.com/n06/vlsi_final_project
570,BlackMesa13Old,1,5,1,0,11/10/2016,15/11/2016,133.67 MB,WIP project of making Black Mesa in SS13,DM,https://github.com/cthuloid9/BlackMesa13Old
571,Restoration-Fallout,1,1,1,0,24/02/2016,21/03/2016,54.50 MB,This will be an fallout roleplay game.,DM,https://github.com/blackjack3186/Restoration-Fallout
572,git-digital-course,1,0,1,0,07/06/2024,07/06/2024,3.00 KB,curso git comand lines,DM,https://github.com/CelmarPA/git-digital-course
573,OpenEOB,1,0,1,5,05/05/2020,06/01/2023,108.95 MB,"A game tool kit for games in the style of Eye of the Beholder and Lands of Lore 1 for Unity, In early development",DM,https://github.com/liambaloh/OpenEOB
574,Fallout-13,1,3,1,1,30/05/2019,03/10/2023,224.17 MB,,DM,https://github.com/tichys/Fallout-13
575,PersistentLilly,1,0,1,2,21/12/2019,17/03/2020,1.05 GB,,DM,https://github.com/CarbonLilly/PersistentLilly
576,wallet,1,0,1,0,04/01/2025,04/01/2025,79.00 KB,Explore LedgerLand Seamlessly with the OKX Web3 Plugin Wallet,DM,https://github.com/zimiieusi/wallet
577,BleakGrave,1,0,1,0,06/12/2024,02/04/2025,515.80 MB,,DM,https://github.com/Striketester/BleakGrave
578,Blackmoor-hold,1,32,1,27,10/06/2025,30/06/2025,1.11 GB,,DM,https://github.com/BlackmoorHold/Blackmoor-hold
579,Charmed-Xoule,1,1,1,0,10/12/2019,08/10/2026,4.44 MB,Online Isometric MMORPG based on Charmed. Created for the BYOND Platform,DM,https://github.com/TheZachh/Charmed-Xoule
580,urdf-dm-auto,1,0,1,0,11/12/2014,16/05/2015,2.00 MB,,DM,https://github.com/yiping/urdf-dm-auto
581,nullstation,1,3,1,3,16/01/2016,06/02/2016,589.08 MB,,DM,https://github.com/nullstation/nullstation
582,Osiris13,1,0,1,0,04/03/2020,03/03/2020,149.47 MB,"Как знаю и умею, так и работаю",,https://github.com/Ristty/Osiris13
583,romantic_poetry_analysis,1,0,1,0,20/06/2022,14/08/2025,155.03 MB,"Extract and prepare text, then train Word2Vec models to analyze Romantic Poetry",DM,https://github.com/BakhturinaPolina/romantic_poetry_analysis
584,Finale-master,1,0,1,0,24/06/2026,01/08/2026,421.50 MB,,DM,https://github.com/JomaSilva/Finale-master
585,Galactica-13,1,0,1,0,26/05/2022,03/06/2022,256.76 MB,Battlestar Galactica-inspired SS13 server. Based off of the NSV-13 codebase.,DM,https://github.com/Dio-Sama/Galactica-13
586,ShartyStation13,1,1,1,10,13/01/2026,04/04/2026,2.59 GB,,DM,https://github.com/Space-Soyentists/ShartyStation13
587,UNIVERSE,1,1,1,2,15/03/2025,14/08/2026,48.79 MB,UNIte to find consensus through the MetaVERSE,DM,https://github.com/UNIVERSE-DAO/UNIVERSE
588,soundmodels-iwcs,1,0,1,0,23/02/2015,23/02/2015,35.59 MB,"This repository contains the code for Lopopolo & Van Miltenburg (2015) ""Sound-based distributional models""",DM,https://github.com/evanmiltenburg/soundmodels-iwcs
589,ShipCombat,1,0,1,0,04/07/2020,04/07/2020,34.00 KB,,DM,https://github.com/EscapePodNo5/ShipCombat
590,NBF,1,1,1,0,10/10/2019,22/10/2019,189.11 MB,Naruto Batalha Final,DM,https://github.com/Ghetsys/NBF
591,Lunarin,1,0,1,0,04/01/2021,12/05/2021,1.60 GB,Lunarin/SS13,DM,https://github.com/AlinaStarkova/Lunarin
592,Lumos,1,25,1,23,09/06/2020,06/01/2023,1.06 GB,Lumos is a MRP server with a Non-ERP RP/Gameplay focus.,DM,https://github.com/Lumos-SS13/Lumos
593,Psody-Escalation,1,2,1,1,31/01/2021,15/07/2024,177.86 MB,Psody's GRU VS Rangers Escalation,DM,https://github.com/Psody-Mordheim/Psody-Escalation
594,Paradise-SS1984-MM,1,0,1,0,14/11/2024,14/11/2024,2.77 GB,,DM,https://github.com/Matthew-Mak/Paradise-SS1984-MM
595,Grind-Knight-Gym,1,0,1,0,09/04/2023,15/09/2023,878.00 KB,Video Tutorial,DM,https://github.com/SuperOurico/Grind-Knight-Gym
596,Dionysus,1,10,1,15,06/06/2025,03/10/2026,1.91 GB,,DM,https://github.com/DionysusSS13/Dionysus
597,Wasteland-After-Dark,1,27,1,3,06/11/2022,22/02/2024,1.16 GB,,DM,https://github.com/JasmineRickards/Wasteland-After-Dark
598,Cascington-New-Heights,1,0,1,0,11/01/2024,11/01/2024,763.42 MB,,DM,https://github.com/Odisurin/Cascington-New-Heights
599,FOURRENSTATION,1,5,1,1,09/05/2024,21/09/2024,2.88 GB,,DM,https://github.com/Kilmented/FOURRENSTATION
600,kenshi13,1,1,1,7,06/06/2025,06/06/2025,38.00 KB,Making a space station 13 code base based on the game kenshi.,DM,https://github.com/SpiffiRacoon/kenshi13
601,EscapeFromNuance,1,0,1,0,11/07/2025,11/07/2025,532.03 MB,,DM,https://github.com/Striketester/EscapeFromNuance
602,SciBay,1,0,1,0,19/03/2026,04/05/2026,2.96 GB,First scientific,DM,https://github.com/igorsaux/SciBay
603,B4YStation-RoseRed,1,1,1,0,04/03/2026,05/05/2026,4.50 GB,This is Rose Red branch of Yogstation and Beestation's merging codebases,DM,https://github.com/TheShopOfLongmont/B4YStation-RoseRed
604,ARFS8-Coyote-Station,1,7,1,5,06/08/2026,06/10/2026,3.20 GB,,DM,https://github.com/ARF-SS13/ARFS8-Coyote-Station
605,Lightning,1,0,1,0,23/06/2015,15/03/2025,52.00 KB,"Lightning can create a line, beam, lightning bolt or branched lightning bolt between two vectors.",DM,https://github.com/Rotem12/Lightning
606,Pondera,1,0,1,0,20/12/2015,19/12/2025,54.09 MB,Pondera Public Development,DM,https://github.com/AERProductions/Pondera
607,cpp-g,1,0,1,0,13/08/2018,23/08/2018,813.00 KB,rust-g analog on cpp for tgstation.,DM,https://github.com/qwaszx000/cpp-g
608,project-sigma,1,1,1,0,18/05/2016,21/12/2016,149.10 MB,Master build for Feed's continued development.,DM,https://github.com/Kumocatt/project-sigma
609,hello_candence,1,0,1,0,15/06/2014,15/06/2014,388.00 KB,,DM,https://github.com/tuyenth/hello_candence
610,Eros-Dev-Old,1,7,1,0,06/07/2017,27/12/2017,808.84 MB,Incomplete VORE based Eros code.,DM,https://github.com/ErosResearchPlatform/Eros-Dev-Old
611,word-translation,1,1,1,0,10/03/2019,08/03/2022,1.71 MB,Supervised learning tutorial. Technique: Partial Least Square Regression (PLSR),DM,https://github.com/ml-for-nlp/word-translation
612,Nebula,1,0,1,0,07/03/2021,04/04/2021,799.97 MB,govno,DM,https://github.com/frosty-dev/Nebula
613,NSV-Laika,1,2,1,1,27/04/2021,20/10/2021,1.01 GB,,DM,https://github.com/EmilitiaEnnehrt/NSV-Laika
614,frostfall-keep,1,2,1,0,26/09/2024,07/05/2025,454.67 MB,,DM,https://github.com/bigloadsoftware/frostfall-keep
615,Skyrat-tgmc,1,2,1,1,14/02/2022,15/04/2025,836.66 MB,SolFed Marine Corps - A TGMC Downstream,DM,https://github.com/Skyrat-SS13/Skyrat-tgmc
616,Jenstation,1,0,1,0,02/06/2023,09/06/2023,1.57 GB,Forked from Paradise Station.,DM,https://github.com/Jenstation13/Jenstation
617,Deathweb,1,8,1,0,25/05/2023,23/08/2023,540.66 MB,Deathweb (Deadweb),DM,https://github.com/Near-Web/Deathweb
618,Unleashing-the-Potential-of-Our-Youth-A-Student-Performance-Analysis,1,0,1,0,09/08/2023,09/08/2023,24.58 MB,,DM,https://github.com/Anand-2001/Unleashing-the-Potential-of-Our-Youth-A-Student-Performance-Analysis
619,Shinobi-Arts-Online,1,1,1,3,08/05/2013,09/07/2014,59.76 MB,source,DM,https://github.com/joelkay/Shinobi-Arts-Online
620,club-penguin-13,1,2,1,0,01/04/2022,01/04/2022,1.95 GB,,,https://github.com/AnturK/club-penguin-13
621,glorbo-quest-3,1,0,1,0,24/06/2022,03/07/2022,74.00 KB,,DM,https://github.com/dendyd00m/glorbo-quest-3
622,event-toolbox-tournament-2022,1,11,1,0,12/08/2022,08/01/2023,2.03 GB,,DM,https://github.com/tgstation/event-toolbox-tournament-2022
623,Cataclysm_13,1,1,1,0,04/09/2017,04/09/2017,262.16 MB,,DM,https://github.com/KafkaLovesYou/Cataclysm_13
624,RPG,1,0,1,0,01/02/2016,01/02/2016,49.64 MB,Simple RPG Game Engine,DM,https://github.com/Sukasa/RPG
625,metro13-old,1,3,1,1,05/08/2019,05/10/2019,56.52 MB,Now deprecated by https://github.com/JohnRedneck/Metro-13. Cloned from https://github.com/Civ13-SS13/Civ13 Discord:,DM,https://github.com/spectralreflection/metro13-old
626,Street-Muhosranovskaia-13,1,1,1,1,14/03/2017,21/04/2017,149.05 MB,yo,DM,https://github.com/Bananinass/Street-Muhosranovskaia-13
627,ihatemyselfandwanttodie,1,0,1,1,01/12/2019,06/06/2022,1.63 GB,,DM,https://github.com/thestubborn/ihatemyselfandwanttodie
628,SpessGame,1,6,1,0,16/01/2021,31/01/2021,796.76 MB,Come aboard the CSV Morningstar!,DM,https://github.com/InfinitelyThinRectangles/SpessGame
629,SOAR-Cognitive-Architecture,1,0,1,0,03/03/2021,23/03/2021,104.87 MB,,DM,https://github.com/Jacob-Hammer/SOAR-Cognitive-Architecture
630,Expiestation13_OLD,1,0,1,0,19/11/2025,22/02/2026,3.81 GB,"An ss13 codebase inspired by the universe of Casualties Unknown, Gunsaw and other Orsoniks games.",DM,https://github.com/ReoDaProtovali/Expiestation13_OLD
631,Helmsguard-Old,1,0,1,1,23/10/2024,24/11/2024,770.52 MB,,DM,https://github.com/Feralape/Helmsguard-Old
632,Paradise-SS220-MM,1,0,1,0,14/11/2024,14/11/2024,2.88 GB,,DM,https://github.com/Matthew-Mak/Paradise-SS220-MM
633,DawnCaster,1,2,1,0,26/07/2014,26/07/2014,1.48 MB,"Public clone of the game ""DawnCaster Infestation"" created by Ter13 (http://www.byond.com/games/Ter13/DawnCasterInfestation)",DM,https://github.com/TheLionsRoar/DawnCaster
634,event-scheduling,1,1,1,0,06/07/2013,26/02/2018,10.00 KB,An event scheduling system for the DM language.,DM,https://github.com/BYOND/event-scheduling
635,PrisonStation,1,0,1,20,10/09/2016,29/08/2017,679.51 MB,"Prison Station - A version of Space Station13, forked from Polaris.",DM,https://github.com/TheReeplex/PrisonStation
636,goonstationrepo,1,1,1,0,24/03/2015,24/03/2015,9.00 MB,Automatically exported from code.google.com/p/goonstationrepo,DM,https://github.com/ibor211/goonstationrepo
637,DMCA,1,0,1,0,28/09/2018,28/09/2018,13.00 KB,Atomiclab,DM,https://github.com/Redikal/DMCA
638,CrashpointF13,1,17,1,0,27/11/2020,25/11/2020,132.53 MB,,,https://github.com/ThyBaron/CrashpointF13
639,Serenity,1,2,1,0,17/04/2021,22/04/2024,237.48 MB,Official repo of Interpost: Serenity,DM,https://github.com/SS13-Special-Codebases-Archive/Serenity
640,headhopperstationn,1,2,1,1,11/10/2022,29/03/2023,1.83 GB,,DM,https://github.com/bradly359/headhopperstationn
641,RogueScape,1,0,1,0,08/06/2024,10/08/2024,135.62 MB,,DM,https://github.com/Schmorgisborg/RogueScape
642,ss13-blastwave,1,10,1,5,01/05/2026,08/10/2026,2.03 GB,,DM,https://github.com/Blastwave-Dev-Team/ss13-blastwave
643,Hell,1,1,1,0,02/03/2015,03/03/2015,642.89 MB,,DM,https://github.com/HellSS13/Hell
644,white,1,3,1,1,15/04/2014,15/06/2014,118.23 MB,,DM,https://github.com/SS13/white
645,ParadiseQueueServer,1,1,1,0,15/08/2021,15/08/2021,4.00 KB,Reference implementation of the Queue Server for ParadiseSS13,DM,https://github.com/AffectedArc07/ParadiseQueueServer
646,r4407,1,1,1,0,14/03/2021,14/03/2021,13.70 MB,Adaptation of the first public version of the r4407 space station 13 for the modern version of byond,DM,https://github.com/drongood12/r4407
647,Project-Last-Man-Standing,1,0,1,0,17/10/2021,17/10/2021,85.13 MB,An upcoming SS13 battle royale based on Burgerstation code.,DM,https://github.com/BurgerLUA/Project-Last-Man-Standing
648,Lunar-Station-13,1,4,1,159,26/04/2021,15/04/2025,1.07 GB,,DM,https://github.com/LunarStation/Lunar-Station-13
649,prometheus-station,1,0,1,0,01/11/2019,26/09/2024,25.86 MB,,DM,https://github.com/AndrewMontagne/prometheus-station
650,legacy-abusea,1,0,1,0,30/03/2023,30/03/2023,1.00 KB,,DM,https://github.com/uncompatible/legacy-abusea
651,MintStation,1,8,1,5,06/07/2024,26/08/2026,3.18 GB,,DM,https://github.com/MintStation/MintStation
652,Empedocles,1,4,1,2,23/05/2018,22/11/2018,1.18 GB,I Hail from Haunts of Coot and Fern,DM,https://github.com/Stratus-Station/Empedocles
653,Syzygy-Eris,1,15,1,23,08/08/2020,13/01/2021,458.99 MB,An Eris downstream used by Syzygy Station,DM,https://github.com/SyzygyStation/Syzygy-Eris
654,goon-flock,1,4,1,6,10/03/2022,30/05/2022,780.63 MB,flockmind antagonist 4 goon,DM,https://github.com/stonepillars/goon-flock
655,ELYSIUM,1,11,1,11,05/07/2021,20/12/2024,971.48 MB,,DM,https://github.com/ELYSIUM-SPACE/ELYSIUM
656,dm_normal,1,1,1,0,11/07/2023,18/07/2023,123.00 KB,DM implementation of Normal Map,DM,https://github.com/Taeivas/dm_normal
657,tgstation,1,4,1,0,09/02/2019,03/05/2019,1.23 GB,,DM,https://github.com/hiveofskree/tgstation
658,Haven11,1,0,1,0,01/10/2015,02/10/2015,185.09 MB,,DM,https://github.com/Amauros/Haven11
659,r35cd644,1,18,1,0,03/03/2016,03/03/2016,71.40 MB,Goonstation Public Release r35cd644,DM,https://github.com/BDpuffy420/r35cd644
660,LS13,1,7,1,17,07/06/2016,31/12/2016,612.53 MB,,DM,https://github.com/LLA-Gaming/LS13
661,MushroomWorld,1,0,1,6,22/12/2016,26/12/2016,73.00 KB,,DM,https://github.com/RustyBeeStation/MushroomWorld
662,GeneralContent,1,1,1,0,04/07/2020,05/07/2020,1.00 KB,,DM,https://github.com/EscapePodNo5/GeneralContent
663,OasisTG,1,1,1,1,13/07/2021,28/03/2023,1.68 GB,TG but based,DM,https://github.com/Oasis-SS13/OasisTG
664,coSINE19,1,5,1,1,22/11/2022,30/03/2023,280.90 MB,You can use this one it will take me fucking months to fork,DM,https://github.com/red-creature/coSINE19
665,relapse-station,1,0,1,1,11/09/2023,17/07/2024,1.65 GB,,DM,https://github.com/Nukechickenu64/relapse-station
666,Deathnet,1,1,1,0,15/06/2024,15/06/2024,284.15 MB,"Grimpoop Space Station 13 build, made using the baystation codebase by samestick developers",DM,https://github.com/SS13-Codebases-Keeper/Deathnet
667,StreetsOf13,1,0,1,0,28/06/2024,04/08/2024,200.24 MB,A downstream of /tg/station about PvP on city streets.,DM,https://github.com/DrDiasyl/StreetsOf13
668,world_genesis,1,4,1,0,26/05/2025,12/09/2025,311.52 MB,,DM,https://github.com/M16nPregnant/world_genesis
669,Ark-Station-13,1,19,1,1,22/05/2024,08/10/2026,3.12 GB,An Ark Station downstream of Nova Sector SS13.,DM,https://github.com/Sananr1o/Ark-Station-13
670,wrench-extra,1,0,1,0,13/02/2026,25/09/2026,31.00 KB,Auxiliary support files for wrench.,DM,https://github.com/Lohikar/wrench-extra
671,SOAR_DroneControl,1,1,1,0,24/12/2016,24/12/2016,8.00 KB,This SOAR_DroneControl has the architecture created to drive an Parrot AR.Drone 2.0 to search an AR Marker autonomously.,DM,https://github.com/saikishor/SOAR_DroneControl
672,GOA,1,2,1,0,07/09/2014,28/09/2014,27.02 MB,,DM,https://github.com/KingFeral/GOA
673,Rogue-Worlds,1,0,1,0,12/11/2014,17/09/2015,16.88 MB,A branch of code for a revision of an old game!,DM,https://github.com/Vivalas/Rogue-Worlds
674,ZombieStation,1,1,1,0,28/03/2014,07/10/2014,62.41 MB,The original zombie station initial commit(unused),DM,https://github.com/zeros987/ZombieStation
675,gms13,1,0,1,0,02/11/2014,20/11/2014,205.90 MB,Gamma Station 13,DM,https://github.com/TheeErikos/gms13
676,Celpu,1,0,1,0,23/02/2023,25/02/2023,38.00 KB,,DM,https://github.com/Punaycelso/Celpu
677,1936,1,1,1,0,17/10/2021,17/10/2021,184.38 MB,,DM,https://github.com/ESCALATION-ROCKS/1936
678,SS13,1,1,1,0,13/09/2016,13/09/2016,588.24 MB,,DM,https://github.com/DarkScroll/SS13
679,Expanse-Station,1,0,1,0,23/04/2018,27/04/2018,770.28 MB,"Baystation 12, essentially.",DM,https://github.com/IroncladTeapot/Expanse-Station
680,The-World-Server-Redux,1,2,1,18,25/04/2018,09/01/2023,961.71 MB,World Server Redux. Discord: https://discord.gg/4KUpvnJ ,DM,https://github.com/GeneriedJenelle/The-World-Server-Redux
681,MithraBayport,1,6,1,17,05/11/2018,27/02/2019,898.77 MB,,DM,https://github.com/cebutris/MithraBayport
682,Lost-Worlds,1,0,1,0,21/08/2013,30/06/2015,20.32 MB,BYOND game I've been working on for a while.,DM,https://github.com/Aryn/Lost-Worlds
683,PristinaByGibton1te,1,0,1,0,12/07/2021,14/07/2021,256.58 MB,,DM,https://github.com/Gibton1te/PristinaByGibton1te
684,prompt_engineering_frameworks,1,0,1,0,07/04/2024,02/08/2024,20.00 KB,Composite Engineered Prompt frameworks for ChatGPT,DM,https://github.com/TristanLouthRobins/prompt_engineering_frameworks
685,CrawlOut13,1,0,1,0,11/07/2025,11/07/2025,1.14 GB,,DM,https://github.com/Striketester/CrawlOut13
686,hybridstation,1,3,1,0,05/01/2022,08/11/2022,708.08 MB,Repository for the Hybridstation branch of SS13,DM,https://github.com/Fluidhelixtw/hybridstation
687,Big-Two,1,0,1,0,06/06/2015,19/11/2015,4.00 KB,"A card game I was working on.  First I created the framework, and after that the game would be implemented.  For more information see the ReadMe.",DM,https://github.com/thevwu/Big-Two
688,Prospector-Station,1,7,1,22,28/09/2015,16/10/2015,80.45 MB,Repository for Prospector's Station Code.,DM,https://github.com/JakeDaBoss/Prospector-Station
689,GensokyoSS13,1,2,1,0,28/07/2017,28/07/2017,183.90 MB,Simultaneously the best and worst thing that can ever exist,DM,https://github.com/Ardus-Kaine/GensokyoSS13
690,DangercodeBay,1,0,1,1,12/03/2019,17/03/2020,95.02 MB,"[OLD GO HERE:https://github.com/WonderPsycho/DangercodeSS13] Danger Station 11's Official code, which is a fork off of the Last Exodus release of Baycode",DM,https://github.com/WonderPsycho/DangercodeBay
691,Para-Western,1,0,1,0,18/12/2018,18/12/2018,1.03 GB,,DM,https://github.com/roboticxlink/Para-Western
692,VLSI-Full_Custom,1,0,1,0,08/05/2014,05/06/2014,164.00 KB,,DM,https://github.com/k-langer/VLSI-Full_Custom
693,horizon,1,48,1,0,18/01/2021,24/05/2023,1.73 GB,,DM,https://github.com/Funce/horizon
694,YellowStone,1,4,1,1,12/04/2022,08/06/2022,508.81 MB,,DM,https://github.com/StoneAndStar/YellowStone
695,tg-voidcrew,1,8,1,3,01/05/2023,12/04/2024,2.24 GB,,DM,https://github.com/Void-Crew/tg-voidcrew
696,ASH,1,2,1,1,02/12/2023,10/12/2023,1.78 GB,Welcome to frontier life.,DM,https://github.com/Kilmented/ASH
697,Carpa-Code-Azure-Peak-Experimental-,1,4,1,2,05/11/2024,24/11/2024,387.75 MB,"Los meses previos al frio del invierno, github es un hervidero de actividad. Pero no se codea con cabeza, si no con dientes. El ""virginus maximus"", estos roedores omnivoros pueden parecer dociles pero están apunto de transformar su area en toda una construcción animal.",DM,https://github.com/comunidad-carpa/Carpa-Code-Azure-Peak-Experimental-
698,ZeroDataNode,1,0,1,0,04/11/2025,10/06/2026,30.00 KB,Tokenized real estate ecosystem on AULT Network,DM,https://github.com/ddmaynard7519/ZeroDataNode
699,ECLIPSE-2389,1,4,1,5,14/04/2026,15/04/2026,3.17 GB,A mature roleplaying game set in a dystopian corporate future.,DM,https://github.com/Interspace13/ECLIPSE-2389
700,DBChaos,1,0,1,0,26/02/2018,26/02/2018,7.73 MB,Dragonball Chaos,DM,https://github.com/Anstey93/DBChaos
701,Landsoflegend,1,8,1,3,13/10/2016,19/06/2024,10.00 MB,,DM,https://github.com/desertofunknown/Landsoflegend
702,Terminus,1,0,1,0,07/03/2016,11/07/2016,190.00 KB,Prototyping platform for SS13 code,DM,https://github.com/ElArGee/Terminus
703,Elder-Scrolls-Thirteen,1,5,1,0,17/04/2019,28/04/2019,98.49 MB,,DM,https://github.com/ChronicPwnage/Elder-Scrolls-Thirteen
704,TatteredBladeRPG,1,0,1,0,16/06/2017,16/06/2017,813.00 KB,The Curse of The Tattered Blade RPG.  This is based off of the a framework for developing action RPGs for BYOND.,DM,https://github.com/GATmanGaming/TatteredBladeRPG
705,SCP-Site-13,1,0,1,0,04/06/2017,09/07/2017,105.52 MB,A build for a BYOND server SCP-RP,DM,https://github.com/Site13/SCP-Site-13
706,Drift_station_13,1,0,1,11,22/11/2019,04/12/2022,287.26 MB,"Welcome to Drift Station 13, Have a secure day",DM,https://github.com/Drift-station-13/Drift_station_13
707,TetraStation,1,0,1,0,26/11/2020,13/02/2023,1.56 GB,Yet another fork of the /tg/station flavour of SpaceStation13,DM,https://github.com/TamberP/TetraStation
708,1936-rebase,1,2,1,0,17/10/2021,17/10/2021,352.33 MB,,DM,https://github.com/ESCALATION-ROCKS/1936-rebase
709,Cygnus,1,3,1,0,02/06/2021,07/12/2021,634.69 MB,,DM,https://github.com/InfinitelyThinRectangles/Cygnus
710,Argos,1,3,1,0,23/05/2021,22/08/2021,816.69 MB,,DM,https://github.com/ArgosStation/Argos
711,Aurora3,1,0,1,0,02/03/2021,02/03/2021,1.13 GB,,DM,https://github.com/frosty-dev/Aurora3
712,Evora-IV,1,3,1,0,26/03/2023,15/09/2023,831.97 MB,"Forked from Eipharius, which itself came from Cadia, which itself came from IS12, supposedly. I'm not a historian.",DM,https://github.com/Myphicbowser/Evora-IV
713,MonkeStation,1,0,1,0,09/05/2023,25/11/2024,1.68 GB,,DM,https://github.com/BNGP0/MonkeStation
714,DetectorDeDedos,1,0,1,0,07/07/2025,08/07/2025,4.00 KB,,DM,https://github.com/Mixer98/DetectorDeDedos
715,DataForge,1,0,1,0,08/01/2025,08/01/2025,1.00 KB,,DM,https://github.com/ErichRaske/DataForge
716,vsd-chip-design-level-3,1,0,1,0,28/01/2025,06/05/2025,50.00 KB,,DM,https://github.com/Creative-Block-st/vsd-chip-design-level-3
717,Interbay2.0,1,1,1,8,28/08/2019,03/10/2023,240.06 MB,Dont even bother looking here,DM,https://github.com/Muncher2112/Interbay2.0
718,TheLazarusPit,1,1,1,0,31/08/2016,28/09/2016,72.53 MB,Space Station 13 codebase branched from Baystation12,DM,https://github.com/LazarusStation/TheLazarusPit
719,Marina-Apartments,1,2,1,1,23/06/2014,29/12/2015,65.40 MB,The repository for Marina Apartments Server,DM,https://github.com/Juani2400/Marina-Apartments
720,The-World-Server-Redux,1,88,1,0,26/10/2018,04/08/2020,921.55 MB,Github of the World Server Redux.,DM,https://github.com/UndeadNappist/The-World-Server-Redux
721,Escalation-1984-Re1Taz,1,10,1,1,01/05/2020,03/10/2023,212.04 MB,"Yo, so its finally dead. Here you go lads. Signed By Re1Tard.",DM,https://github.com/Re2Taz/Escalation-1984-Re1Taz
722,LillyStation12,1,0,1,1,14/12/2019,06/01/2020,963.09 MB,,DM,https://github.com/CarbonLilly/LillyStation12
723,Ninja-Battles,1,0,1,0,02/03/2023,02/03/2023,19.42 MB,BYOND Project,DM,https://github.com/Tresmorne/Ninja-Battles
724,Utsav,1,0,1,0,15/12/2023,21/12/2023,1.00 KB,,DM,https://github.com/Utsav0018/Utsav
725,TauCetyBorgs,1,3,1,1,12/09/2023,26/11/2024,212.23 MB,Правильный билд таукиты,DM,https://github.com/qqqZXzz123/TauCetyBorgs
726,dev-book-notes,1,0,1,0,07/08/2026,07/08/2026,93.00 KB,,DM,https://github.com/Wesley-AP/dev-book-notes
727,LV-254-2.0,1,7,1,0,04/08/2025,08/10/2026,1.05 GB,,DM,https://github.com/Neroid-Sector/LV-254-2.0
728,Zelda-RPG-Dream-Maker,1,0,1,0,08/01/2018,08/01/2018,82.89 MB,A fan made Zelda game I worked on a long time ago with my little brother.,DM,https://github.com/Mathhead200/Zelda-RPG-Dream-Maker
729,Project-Shuttle,1,0,1,0,21/05/2015,21/05/2015,3.64 MB,,DM,https://github.com/Dennok/Project-Shuttle
730,nostration,1,0,1,0,24/06/2020,24/06/2020,365.11 MB,Active build for [No]st[r]ation,,https://github.com/athena413/nostration
731,cereal-ize,1,0,1,0,14/06/2021,09/08/2021,124.00 KB,BYOND JSON (de)serialization with versioning and type checking,DM,https://github.com/alexkar598/cereal-ize
732,Old-Desert-Nebula-BR,1,1,1,0,24/05/2021,24/05/2021,162.72 MB,,DM,https://github.com/Kosolov325/Old-Desert-Nebula-BR
733,DC-Final,1,0,1,0,11/02/2020,11/05/2020,2.62 MB,,DM,https://github.com/PlayHardest/DC-Final
734,kekma-ss13,1,0,1,0,18/04/2022,09/07/2022,1.67 GB,,DM,https://github.com/kekmanet/kekma-ss13
735,Alliance-Station-old,1,2,1,0,30/05/2022,31/03/2023,138.08 MB,"My little project based on SS13 and Mass Effect universe, working on which I want to develop my pixel art skills. I don't think it will grow into a big project like Skyrat, Beestation, NSV13, but at least I'll try to do something good.",DM,https://github.com/twilightwanderer/Alliance-Station-old
736,Zanequinha-Station-34,1,0,1,0,06/04/2021,03/07/2021,56.01 MB,Zanequinha Station with all its features fixed,DM,https://github.com/Kosolov325/Zanequinha-Station-34
737,GearStation_Next,1,0,1,1,19/12/2022,04/01/2026,1.15 GB,"New codebase, still no baloney.",DM,https://github.com/sergeirocks100/GearStation_Next
738,Anon-Adventure,1,0,1,0,26/09/2023,26/09/2023,29.00 KB,,DM,https://github.com/arkain123/Anon-Adventure
739,The-Lord-of-Dominions,1,0,1,0,01/04/2025,13/05/2025,73.00 KB,Dom 6 LOTRs Mod,DM,https://github.com/pphhyy/The-Lord-of-Dominions
740,HPTWC,1,1,1,0,09/12/2019,08/10/2026,1.83 MB,Source code for the first ever online Harry Potter MMORPG. The Wizards' Chronicles was created by RagnarokHGM in 2005 and developed for the BYOND Platform.  ,DM,https://github.com/TheZachh/HPTWC
741,GPLbay,1,3,1,0,22/05/2018,24/05/2018,456.00 MB,A updated version of the last avalible baystation GPL commit - meant for forking private projects off of.,DM,https://github.com/FatCat1978/GPLbay
742,OpenSS13-1.0-Revival,1,4,1,2,14/08/2014,28/10/2015,1.06 MB,Updating the OpenSS13 codebase to the latest version of byond. You can find the origonal version at http://sourceforge.net/projects/openss13/ and you can discuss casually at http://baystation12.net/forums/viewtopic.php?f=18&t=11074&p=235949#p235949,DM,https://github.com/Ameliorate/OpenSS13-1.0-Revival
743,Phantasma,1,0,1,3,17/07/2016,26/08/2016,458.00 KB,A Pokemon clone in BYOND.,DM,https://github.com/MistakeNot4892/Phantasma
744,Area-13,1,1,1,0,30/06/2022,15/04/2025,183.12 MB,,DM,https://github.com/SCP-Area-13/Area-13
745,Terminal-station13.5,1,2,1,0,26/01/2024,04/01/2025,270.19 MB,,DM,https://github.com/dlada233/Terminal-station13.5
746,wildwastelandF13,1,0,1,11,10/06/2020,06/12/2022,130.52 MB,,DM,https://github.com/CaptainSlumbo/wildwastelandF13
747,GoodRadscorpion-F13,1,0,1,9,08/07/2020,06/12/2022,133.78 MB,The Good Radscorpion Edition of Fallout-13,DM,https://github.com/SwiGs1/GoodRadscorpion-F13
748,kaiserbay,1,0,1,0,27/05/2020,08/04/2018,132.10 MB,,,https://github.com/PatapoIIIkaForAll/kaiserbay
749,flutter_sessions,1,0,1,0,23/02/2022,02/03/2022,1.00 KB,,DM,https://github.com/ibrahimbreem/flutter_sessions
750,StarWarsByond,1,0,1,0,16/05/2022,23/05/2022,429.00 KB,,DM,https://github.com/ODNero/StarWarsByond
751,Pariah-Station,1,0,1,0,11/03/2022,15/04/2025,1.93 GB,,DM,https://github.com/OctusGit/Pariah-Station
752,Emberfall,1,2,1,0,05/11/2023,01/02/2024,819.11 MB,"A customized version of the Citadel Station RP server code, derived from VOREStation, which is derived from Polaris. Still heavily WIP.",DM,https://github.com/Emberfall13/Emberfall
753,InterBay-2,1,3,1,5,17/01/2018,13/02/2018,158.44 MB,,DM,https://github.com/Scivirino/InterBay-2
754,StarTrek13-OLD-legacy-,1,7,1,3,17/11/2017,17/12/2017,132.66 MB,A star trek themed ss13 server,DM,https://github.com/Kmc2000/StarTrek13-OLD-legacy-
755,Beatnik-Station,1,8,1,0,30/07/2018,28/07/2018,75.33 MB,GitHub for the Beatnik-Station SS13 Project,DM,https://github.com/Shadowfgt/Beatnik-Station
756,Signal,1,1,1,0,19/06/2015,29/12/2013,384.00 KB,Signal is a noise generation library for BYOND.,DM,https://github.com/Pnum/Signal
757,Interstation-3.0,1,2,1,1,19/05/2017,04/06/2017,116.22 MB,Actually the fifth build but you know how it is.,DM,https://github.com/mattmatterson111/Interstation-3.0
758,SimpleRescheduler,1,1,1,0,13/06/2017,15/03/2019,4.57 MB,,DM,https://github.com/GIDISIA/SimpleRescheduler
759,Astral-Alley,1,0,1,0,07/02/2021,28/03/2021,774.75 MB,"At the end of everything, hold onto anything.",DM,https://github.com/TheFlagbearer/Astral-Alley
760,AculaStation-Bee,1,6,1,3,31/12/2021,07/02/2022,1.81 GB,99.95% station. 0.05% bees,DM,https://github.com/AculaStation/AculaStation-Bee
761,DimiDBR,1,2,1,2,16/11/2023,04/05/2026,253.46 MB,,DM,https://github.com/Nisex/DimiDBR
762,To-do-list,1,0,1,1,11/09/2024,11/09/2024,1.00 KB,,DM,https://github.com/nuwagabarichard/To-do-list
763,Warrenstation,1,2,1,2,02/02/2024,10/03/2024,1.61 GB,,DM,https://github.com/Kilmented/Warrenstation
764,ArchiveHelmsguard,1,1,1,0,23/10/2024,13/11/2024,693.54 MB,Helmsguard Development,DM,https://github.com/Wesreidau/ArchiveHelmsguard
765,while-old-valtos,1,0,1,0,02/03/2024,02/03/2024,0.00 KB,,,https://github.com/Boroda2228/while-old-valtos
766,DM-Standard-Library,1,0,1,0,20/07/2015,20/07/2015,136.00 KB,"Essential helper functions, variables, and definitions for almost any project.",DM,https://github.com/BYOND/DM-Standard-Library
767,vmk2,1,0,1,0,06/02/2016,06/02/2016,37.22 MB,Automatically exported from code.google.com/p/vmk2,DM,https://github.com/Mattox88/vmk2
768,TauCetiAlpha,1,1,1,0,16/05/2015,25/05/2015,546.53 MB,Tau Ceti fork of Bay Station 12,DM,https://github.com/Repede/TauCetiAlpha
769,GoonstationR4407RepresentativeTreat,1,7,1,0,21/04/2018,21/04/2018,0.00 KB,,DM,https://github.com/FatCat1978/GoonstationR4407RepresentativeTreat
770,Secret-NNN,1,1,1,0,17/01/2019,19/01/2019,121.03 MB,Secret,DM,https://github.com/Comicao1/Secret-NNN
771,Setup-Github,1,1,1,0,20/07/2014,24/07/2014,134.60 MB,For the setup people,DM,https://github.com/Mordredhel/Setup-Github
772,VOre,1,0,1,0,18/02/2020,18/02/2020,265.76 MB,,DM,https://github.com/OrdinaryLife13/VOre
773,Expiestation13,1,1,1,0,19/02/2026,19/03/2026,1.84 GB,"An ss13 codebase inspired by the universe of Casualties Unknown, Gunsaw and other Orsoniks games.",DM,https://github.com/ReoDaProtovali/Expiestation13
774,Laplas-Station,1,1,1,0,28/07/2024,15/08/2024,138.71 MB,,DM,https://github.com/Fenysha/Laplas-Station
775,Songs-Of-Orion,1,4,1,2,24/06/2024,04/10/2026,592.43 MB,,DM,https://github.com/Psalms-of-Orion/Songs-Of-Orion
776,Iskhod-Outpost-13,1,7,1,0,02/05/2026,08/10/2026,356.60 MB,"A Sojourn code server on SS13, this one stays going no matter what :)",DM,https://github.com/epic-new-soj-thing/Iskhod-Outpost-13
777,OuterHeavenStation,1,0,1,11,28/12/2019,05/12/2022,523.94 MB,,DM,https://github.com/FieryWitherRose/OuterHeavenStation
778,Fallout-VaultOne,1,2,1,1,21/01/2017,05/02/2018,259.22 MB,,DM,https://github.com/desertofunknown/Fallout-VaultOne
779,NewEden,1,1,1,0,25/04/2015,17/05/2015,112.14 MB,The New Eden branch of SS13.,DM,https://github.com/NEStation/NewEden
780,DU-BR,1,2,1,1,22/03/2023,13/04/2023,146.36 MB,,DM,https://github.com/Kaseioo/DU-BR
781,Liberty-Station-13,1,33,1,0,27/03/2023,23/02/2024,817.85 MB,,DM,https://github.com/Trilbyspaceclone/Liberty-Station-13
782,The-World-Server,1,4,1,0,17/03/2016,04/03/2016,85.12 MB,The SS13 World Server codebase.,DM,https://github.com/TheNick5527/The-World-Server
783,FTG-Station-13,1,0,1,0,19/12/2018,19/12/2018,41.98 MB,"FTG station a codebase, that always be licensed under GPL v3. It means, you don't need to open your code to people, which connecting to your server, but you should open it to people, which has a dmb.",DM,https://github.com/pekanius/FTG-Station-13
784,Drexel-ECEC472,1,0,1,0,18/06/2014,18/06/2014,842.46 MB,,DM,https://github.com/JulianKemmerer/Drexel-ECEC472
785,adventofcode-2020-dm,1,0,1,0,03/12/2020,04/12/2020,63.00 KB,,DM,https://github.com/CactusSpaceFederation/adventofcode-2020-dm
786,RU-CM,1,0,1,0,10/12/2021,11/12/2021,110.98 MB,,DM,https://github.com/DeadLineSS13/RU-CM
787,Cuentoc3,1,2,1,1,11/09/2021,11/09/2021,1.00 KB,Cuento clase 3 ciclo 3,DM,https://github.com/CaroChacua/Cuentoc3
788,strange-station-13,1,1,1,0,16/02/2023,09/03/2023,142.34 MB,"ss-13 server based off of ""In Space with Markiplier"", currently has a ERT team based on the USA, ""ISWM"" themed security alerts, and WIP Warp Core(needs sprite, still pretty basic)",DM,https://github.com/murder357/strange-station-13
789,Nightstation-13,1,6,1,891,25/11/2020,22/11/2022,1.60 GB,A downstream of the /tg/station branch of SS13,DM,https://github.com/SS13-Aeon/Nightstation-13
790,genesis_port,1,4,1,0,25/09/2025,25/02/2026,340.33 MB,,DM,https://github.com/M16nPregnant/genesis_port
791,ISS13-Bay,1,0,1,6,01/05/2021,21/02/2023,169.98 MB,International Space Station 13. a poor modification of an already good codebase.,DM,https://github.com/special1kira/ISS13-Bay
792,FurbeeStation13-Aug2021line,1,3,1,17,22/11/2020,27/08/2021,1.44 GB,Furrycode and Austation || Beestation Mashup,DM,https://github.com/Slouista/FurbeeStation13-Aug2021line
793,HippieMerchant-13,1,7,1,1,06/10/2022,01/05/2024,1.99 GB,Here lies the other version,DM,https://github.com/HippieStation/HippieMerchant-13
794,xuzpgroup,1,0,1,0,08/07/2022,08/07/2022,4.04 MB,codes for growth and TDDFT irradiation simulations in low-dimensional materials ,DM,https://github.com/wzhe09/xuzpgroup
795,Skyraptor-SS13,1,4,1,4,30/12/2022,24/03/2024,2.68 GB,"A fork of TGStation SS13 for fluffy, roleplay-loving space explorers.",DM,https://github.com/Bird-Lounge/Skyraptor-SS13
796,Coupled-Hydro-thermal-geoelectrical-parameter-estimator,1,0,1,0,24/11/2023,25/11/2023,20.67 MB,"A parameter optimization scheme to estimate the subsurface hydrological, thermal, and geophysical parameters by using soil moisture, temperature, and apparent resistivity observation data.",DM,https://github.com/p56075607/Coupled-Hydro-thermal-geoelectrical-parameter-estimator
797,GOA-Helper,1,0,1,0,06/05/2013,11/09/2020,14.30 MB,Source Code for GOA Helper,DM,https://github.com/joelkay/GOA-Helper
798,stalkerbuild,1,4,1,0,24/09/2017,24/12/2016,160.24 MB,Труп сталкеривента. Оставлен тут для выдирания кода и спрайтов. BYOND 509 require,DM,https://github.com/Iamgoofball/stalkerbuild
799,vgstation13,1,1,1,0,27/03/2019,06/04/2019,1.49 GB,Butts,DM,https://github.com/AleksCr/vgstation13
800,SpaceStation12,1,2,1,0,15/05/2015,27/05/2015,1.90 MB,Complete rewrite of Space Station 13 /vg/station code,DM,https://github.com/ConkerDev/SpaceStation12
801,DockingStation12,1,1,1,0,27/10/2015,07/10/2021,65.67 MB,,DM,https://github.com/Bradley-Blya/DockingStation12
802,code,1,2,1,0,01/04/2015,01/04/2015,3.16 MB,Lifeweb space party,DM,https://github.com/Rakune/code
803,AuroraCore,1,1,1,0,27/08/2017,22/12/2017,63.00 KB,A bare-bones BYOND project with StonedMC and other controllers from Aurora.,DM,https://github.com/Lohikar/AuroraCore
804,MLShinLab,1,0,1,0,07/01/2018,14/01/2018,1.29 MB,,DM,https://github.com/universityofhyogoshinlab/MLShinLab
805,EscalationByMadman,1,0,1,0,11/09/2017,11/01/2018,116.84 MB,,DM,https://github.com/seekin4u/EscalationByMadman
806,RoleplayIsland,1,0,1,1,01/03/2018,12/03/2018,146.00 KB,,DM,https://github.com/Nisex/RoleplayIsland
807,LoneStar,1,58,1,0,17/12/2021,06/01/2022,1.02 GB,,DM,https://github.com/buffyuwu/LoneStar
808,Arnolds-trainbot,1,0,1,7,03/03/2026,05/03/2026,590.00 KB,,DM,https://github.com/nadjasaleh/Arnolds-trainbot
809,Horizon-Dream,1,3,1,0,21/12/2025,03/10/2026,1.89 GB,"Личный проект с упором вместо станции на полеты в системах на кораблях, всего лишь бесконечная мечта.",DM,https://github.com/horizon-dev-team/Horizon-Dream
810,ColonialMarines-2019,1,3,1,0,27/08/2018,29/09/2018,96.95 MB,,DM,https://github.com/Cyberboss/ColonialMarines-2019
811,ParaGulch,1,6,1,0,28/06/2017,21/08/2017,205.57 MB,Transfer of Fallout assets to a para codebase for shiny,DM,https://github.com/Drymouth-Gulch/ParaGulch
812,Interstation,1,8,1,0,16/05/2017,18/05/2017,100.38 MB,Circa October 2016,DM,https://github.com/mattmatterson111/Interstation
813,Eros-Baycode,1,6,1,4,27/02/2017,07/09/2017,723.17 MB,Last-used Baystation based code for Eros.,DM,https://github.com/ErosResearchPlatform/Eros-Baycode
814,NSVLunaRedux,1,0,1,0,30/08/2015,31/08/2015,124.77 MB,Update version of the NSV Luna,DM,https://github.com/bloxgate/NSVLunaRedux
815,components,1,0,1,0,06/07/2019,21/01/2020,54.00 KB,Dependency experiment using components,DM,https://github.com/ninjanomnom/components
816,CS-Senior-Design,1,0,1,0,29/08/2019,24/04/2020,5.65 MB,CS Senior Design 2019-2020. Aaron Suchovsky and Vince Augustine.,DM,https://github.com/AJSuchov/CS-Senior-Design
817,EPN5-Neb,1,14,1,3,05/07/2020,15/02/2021,1.01 GB,Escape Pod Number Five's branch of Nebula/SS13,DM,https://github.com/EscapePodNo5/EPN5-Neb
818,N-wah,1,0,1,0,20/08/2020,21/08/2020,50.53 MB,,DM,https://github.com/Brennuvargar/N-wah
819,Foundation-19-Temp,1,14,1,1,10/10/2021,01/11/2021,138.59 MB,,DM,https://github.com/tichys/Foundation-19-Temp
820,NewSovietVG,1,0,1,0,05/05/2022,05/05/2022,1.13 GB,,DM,https://github.com/BuildsList/NewSovietVG
821,VerdantBadlands,1,7,1,1,24/04/2023,04/10/2024,1.29 GB,"The official repository for Verdant Badlands, an SS13 server.",DM,https://github.com/VerdantBadlandsF13/VerdantBadlands
822,Roleplay-Chronicles,1,1,1,0,12/09/2025,20/08/2026,568.10 MB,,DM,https://github.com/RevealingFortune/Roleplay-Chronicles
823,Meridian-Rift,1,9,1,23,30/07/2026,08/10/2026,3.20 GB,,DM,https://github.com/Aphelion-Moon/Meridian-Rift
824,Modern-RPG,1,1,1,0,10/05/2015,02/08/2015,427.00 KB,,DM,https://github.com/J-Coding/Modern-RPG
825,Jade-Mansion,1,3,1,2,16/05/2017,18/09/2017,197.06 MB,"A low violence, lighthearted non-space alternative to ss13. Includes maids, harpies, mansions and monsters.",DM,https://github.com/Tokiko1/Jade-Mansion
826,Baystation12,1,0,1,0,06/09/2021,06/09/2021,1.31 GB,,DM,https://github.com/KamSurvivor/Baystation12
827,Ladenbision,1,0,1,0,15/03/2025,15/03/2025,1.00 KB,Config files for my GitHub profile.,DM,https://github.com/Ladenbision/Ladenbision
828,Mars-station,1,1,1,0,06/03/2016,15/07/2016,72.33 MB,Mars station ,DM,https://github.com/lcass/Mars-station
829,Hope-station-Master,1,0,1,0,28/01/2018,04/07/2018,147.05 MB,github stuff,DM,https://github.com/Harlowe/Hope-station-Master
830,spacestation13,1,1,1,0,04/08/2015,15/03/2016,14.40 MB,Automatically exported from code.google.com/p/spacestation13,DM,https://github.com/chesshunter/spacestation13
831,NTstation13-master,1,0,1,0,10/08/2015,09/01/2015,137.85 MB,,DM,https://github.com/Vallat/NTstation13-master
832,Hippie-Rebase,1,13,1,9,26/08/2016,02/02/2017,90.39 MB,Rebase,DM,https://github.com/Carbonhell/Hippie-Rebase
833,Slacker-RPG,1,0,1,0,06/06/2015,09/06/2015,152.00 KB,"An uncompleted update to a game I was working on before college took over, averaged 80 players a day.  Hosted on my own server.",DM,https://github.com/thevwu/Slacker-RPG
834,monsoon,1,0,1,0,13/12/2020,13/12/2020,436.52 MB,The Zone and BYOND 2: Electric Boogaloo,DM,https://github.com/Stalkeros2/monsoon
835,ryguardiano,1,0,1,0,18/08/2021,25/11/2021,15.00 KB,Config files for my GitHub profile.,DM,https://github.com/ryguardiano/ryguardiano
836,Workstation,1,0,1,0,15/08/2026,01/10/2026,1.52 GB,,DM,https://github.com/Workstation13/Workstation
837,TheImpossibleDream,1,9,1,5,24/07/2026,08/10/2026,3.26 GB,,DM,https://github.com/Shadow-Fragger-Metaclique-Gang/TheImpossibleDream
838,InterBay,1,48,1,0,24/08/2017,30/11/2017,796.62 MB,Proof that there is a god. And he hates us.,DM,https://github.com/Kraseo/InterBay
839,Luna-BR,1,2,1,0,19/05/2020,19/05/2020,122.17 MB,,DM,https://github.com/Comicao1/Luna-BR
840,Onekongpc,1,0,1,0,15/12/2021,15/12/2021,2.00 KB, Kampanat,DM,https://github.com/Startonekongpc/Onekongpc
841,Amber-Everglade,1,1,1,3,25/07/2025,03/08/2025,1.13 GB,,DM,https://github.com/Amber-Everglade/Amber-Everglade
842,twd,1,0,1,0,16/09/2026,16/09/2026,2.86 GB,,DM,https://github.com/Guidesu/twd
843,SImpleStation,1,0,1,0,07/01/2018,07/01/2018,632.00 KB,,DM,https://github.com/TermService/SImpleStation
844,SS13,1,0,1,1,26/01/2016,09/06/2016,64.63 MB,,DM,https://github.com/BrotherIAmPinnedHere/SS13
845,Foxhole-13,1,0,1,0,13/04/2020,13/04/2020,413.42 MB,"Foxhole 13 is a massively multiplayer game where you will work with hundreds of players to shape the outcome of a persistent online war. Every individual soldier is a player that contributes to the war effort through logistics, base building, reconnaissance, combat, and more.",DM,https://github.com/thedarkcrusader/Foxhole-13
846,NewDawn,1,11,1,0,07/12/2019,15/08/2020,981.05 MB,Russian Baystation 12,DM,https://github.com/newdawnstation/NewDawn
847,EL-PAYASO-FAVORITO-502,1,0,1,0,19/10/2022,20/10/2022,30.00 KB,NUEVA ACTUALIZACIÓN FULL SEVERS ,DM,https://github.com/Darkmods1/EL-PAYASO-FAVORITO-502
848,Interpost-Hague,1,6,1,2,08/08/2022,05/03/2024,694.27 MB,"The GitHub for Interpost Hague, a codebase based on Interbay.",DM,https://github.com/SireTurret2/Interpost-Hague
849,dm_stat,1,0,1,0,20/02/2022,27/07/2023,74.00 KB,DM implementation of Stat,DM,https://github.com/Taeivas/dm_stat
850,JanusStation,1,2,1,0,28/02/2021,07/06/2021,799.14 MB,A branch of NebulaSS13 for JanusStation,DM,https://github.com/WorkingTitle13/JanusStation
851,Jones_washere,1,1,1,1,21/08/2021,20/05/2022,505.20 MB,,DM,https://github.com/thedarkcrusader/Jones_washere
852,ExoticDepths,1,0,1,0,08/01/2024,11/01/2024,59.00 KB,An isometric Space Station 13 codebase for BYOND,DM,https://github.com/DragonTrance/ExoticDepths
853,Shiprat,1,4,1,0,05/01/2024,09/02/2024,1.02 GB,,DM,https://github.com/Azarak/Shiprat
854,arctic-observatory-13,0,1,0,0,28/05/2015,28/05/2015,28.52 MB,Automatically exported from code.google.com/p/arctic-observatory-13,DM,https://github.com/Kane-Rockatansky/arctic-observatory-13
855,Citadel-Station-13-5th-Port,0,15,0,0,23/11/2015,05/06/2016,98.87 MB,,DM,https://github.com/Poojawa/Citadel-Station-13-5th-Port
856,vmk2,0,0,0,0,11/03/2016,11/03/2016,37.22 MB,Automatically exported from code.google.com/p/vmk2,DM,https://github.com/sebbyk/vmk2
857,-,0,0,0,0,24/09/2016,24/09/2016,1.00 KB,TEST,DM,https://github.com/kk128809/-
858,CS13Port,0,0,0,0,12/04/2015,12/04/2015,44.85 MB,Mostly so Radar doesn't fuck up the code too hard with their autisms. :V,DM,https://github.com/RadarStatic/CS13Port
859,DIOMEDES-Project,0,1,0,5,22/10/2016,08/01/2017,71.70 MB,Temporary Containment Zone 13,DM,https://github.com/scpZone13/DIOMEDES-Project
860,ByondGamesSource,0,1,0,0,30/06/2015,30/06/2015,2.52 MB,Found my old source code for the games I created in BYOND circa 2004-6. Putting it here so I don't lose it.,DM,https://github.com/maximumdata/ByondGamesSource
861,TIL,0,1,0,0,15/04/2017,19/02/2020,189.00 KB,📝Today I Learned,DM,https://github.com/jojonari/TIL
862,Gunstation-13,0,0,0,0,17/10/2017,17/10/2017,356.35 MB,Space Station 13 work,DM,https://github.com/LanceAMercer/Gunstation-13
863,Torch,0,0,0,0,06/12/2017,06/12/2017,78.71 MB,,DM,https://github.com/Ruforce/Torch
864,JupyterDEV,0,0,0,0,14/03/2019,15/03/2019,14.00 KB,Test repo for The Littlest JupyterHub,DM,https://github.com/alvinhuff/JupyterDEV
865,SCP13,0,6,0,0,24/08/2019,31/08/2019,946.92 MB,"New SCP13 Code, for the Roleplay Game Space Station 13 running on Byond.",DM,https://github.com/SCPStation/SCP13
866,Boxstation-v-2,0,0,0,0,27/02/2018,14/03/2018,123.48 MB,Boxstation-v-2 ,DM,https://github.com/WhiskasCatFood/Boxstation-v-2
867,SpaceBunker13,0,0,0,0,20/05/2018,05/06/2018,113.25 MB,,DM,https://github.com/Bibby0110/SpaceBunker13
868,tgstation13,0,0,0,0,09/06/2018,09/06/2018,1.09 GB,,DM,https://github.com/DEATHRATTLERS/tgstation13
869,NOVUX,0,1,0,0,02/01/2018,02/01/2018,1.07 GB,,DM,https://github.com/Holeur/NOVUX
870,NSV-Luna-Redux,0,2,0,0,25/03/2018,17/04/2018,115.50 MB,Работающая версия на 512. Оригинал взят отсюда: https://github.com/mattroks101/NSV-Luna-Redux-Restoration,DM,https://github.com/infinitystation/NSV-Luna-Redux
871,colaboraciones,0,0,0,0,21/09/2018,21/09/2018,0.00 KB,,DM,https://github.com/fallenScript/colaboraciones
872,gasdfdsagsdatygds,0,0,0,1,08/10/2018,05/04/2020,111.97 MB,,DM,https://github.com/NEONXSAMURAI/gasdfdsagsdatygds
873,IHBC-Station,0,0,0,0,09/07/2018,09/07/2018,201.99 MB,I Hate Bob Costas,DM,https://github.com/Luthix/IHBC-Station
874,log4dm,0,1,0,0,29/06/2013,21/06/2015,176.00 KB,"A logger system akin to Log4J, for the DM language.",DM,https://github.com/BYOND/log4dm
875,megagay,0,0,0,0,15/05/2019,15/05/2019,584.17 MB,,DM,https://github.com/Neon1ight/megagay
876,my-copy-of-.tg,0,0,0,0,29/01/2019,30/01/2019,250.42 MB,,DM,https://github.com/BadDeathclaw/my-copy-of-.tg
877,44BR13,0,0,0,0,13/11/2018,29/11/2018,78.03 MB,the gamer's delight https://discord.gg/zrr9wYf,DM,https://github.com/kachnov/44BR13
878,Moose-RPG,0,0,0,0,10/01/2019,29/10/2019,26.43 MB,RPG Game on BYOND,DM,https://github.com/Mickemoose/Moose-RPG
879,Emeraldbay12,0,0,0,0,19/02/2019,19/02/2019,102.88 MB,,DM,https://github.com/ifgg/Emeraldbay12
880,Redshift_Source,0,0,0,0,02/03/2019,28/11/2018,787.16 MB,I'll make my own Bayfork! (Blackjack and Hookers may not be included),DM,https://github.com/indeterminateoutcomesstudios/Redshift_Source
881,wallvis,0,0,0,0,25/09/2019,26/09/2019,49.00 KB,Prototype for BYOND clientside connected textures using PLANE_MASTERs,DM,https://github.com/Uristqwerty/wallvis
882,HogCrashpoint,0,3,0,0,26/11/2020,25/11/2020,233.11 MB,,,https://github.com/Whyman2/HogCrashpoint
883,AculaStation13_OLD1,0,0,0,1,05/12/2020,19/03/2021,1.65 GB,99.97% station. 0.03% bees,DM,https://github.com/comradef191/AculaStation13_OLD1
884,Radbingus13,0,0,0,12,04/10/2020,07/12/2022,128.28 MB,,DM,https://github.com/thebingusman/Radbingus13
885,sif,0,0,0,0,16/11/2020,16/11/2020,173.96 MB,,DM,https://github.com/enkidienne/sif
886,dominions_mods,0,0,0,0,10/01/2020,29/11/2020,287.00 KB,,DM,https://github.com/simonGoldstein/dominions_mods
887,Deltastation2,0,0,0,0,02/04/2017,10/04/2017,584.58 MB,,DM,https://github.com/kcin2001/Deltastation2
888,Old-game,0,0,0,0,07/01/2017,28/05/2017,109.00 KB,This is my first BYOND game. Preserved for prosperity.,DM,https://github.com/LudumSi/Old-game
889,Unknown113,0,0,0,0,23/09/2017,23/09/2017,473.00 KB,Not sure what this project will be about just yet,DM,https://github.com/joejoe3421/Unknown113
890,dmut,0,0,0,0,07/01/2016,26/01/2016,10.00 KB,,DM,https://github.com/mloc/dmut
891,BlackMesa13-master,0,0,0,0,16/05/2016,16/05/2016,0.00 KB,,DM,https://github.com/HalfdeadKiller/BlackMesa13-master
892,Villages,0,0,0,0,15/04/2020,15/04/2020,1.00 KB,,DM,https://github.com/marekssj2/Villages
893,Insurrection-13,0,3,0,2,19/04/2020,03/10/2023,190.98 MB,Insurrectionist era Halo server,DM,https://github.com/emoats18/Insurrection-13
894,Nebula,0,3,0,65,14/07/2020,25/05/2021,999.77 MB,,DM,https://github.com/Skyrat-SS13/Nebula
895,ArcticOutpost13,0,0,0,0,01/08/2020,31/07/2020,684.45 MB,,,https://github.com/sunofang/ArcticOutpost13
896,HippiesRevival,0,1,0,3,10/12/2021,27/03/2023,980.68 MB,cock,DM,https://github.com/HippieStation/HippiesRevival
897,dm-redirect-server,0,0,0,0,21/12/2021,22/12/2021,0.00 KB,,DM,https://github.com/ss220-space/dm-redirect-server
898,ss13,0,0,0,0,03/09/2021,06/09/2021,16.00 KB,,DM,https://github.com/AugustBebel/ss13
899,vaettiest,0,0,0,0,07/03/2020,07/03/2020,1.00 KB,"A mod for dominions 5, adding multiple copies of the nation Vaettiheim",DM,https://github.com/djmcgill/vaettiest
900,EscalationMirror,0,5,0,0,01/05/2020,12/07/2020,211.60 MB,This meme was too good to let die.,DM,https://github.com/mattmatterson111/EscalationMirror
901,BootCampAcademy,0,0,0,0,10/05/2023,10/05/2023,66.00 KB,,DM,https://github.com/carmenbarciamas/BootCampAcademy
902,Haven-Urist,0,0,0,0,23/03/2023,06/07/2023,790.36 MB,"Experimental deviate downstream of Haven-Urist, an immersive 2D space game.",DM,https://github.com/Sparrowbird611/Haven-Urist
903,---,0,0,0,0,22/11/2022,29/11/2022,8.00 KB,ประภัสสร-แฝด,DM,https://github.com/prapassorn19/---
904,cmsc210,0,0,0,0,07/12/2022,07/12/2022,54.00 KB,,DM,https://github.com/reinaldncku/cmsc210
905,XRF-Third-Contact-production,0,4,0,1,03/07/2022,11/03/2025,97.13 MB,SS13 ERP Server Folder - Third Contact Edition,DM,https://github.com/Layla-Veridian/XRF-Third-Contact-production
906,TestThing,0,0,0,0,27/08/2022,29/01/2026,287.31 MB,,DM,https://github.com/DeadLineSS13/TestThing
907,SpaceTug2001,0,0,0,0,05/05/2022,05/05/2022,345.00 KB,,DM,https://github.com/BuildsList/SpaceTug2001
908,SpaceTug2018,0,0,0,0,05/05/2022,05/05/2022,733.00 KB,,DM,https://github.com/BuildsList/SpaceTug2018
909,ExyBySharpDemo,0,0,0,0,29/01/2023,29/01/2023,85.00 KB,A demo repository of how ExyBySharp Can be used,DM,https://github.com/Karolis2011/ExyBySharpDemo
910,ELIE090904,0,0,0,0,30/11/2022,30/11/2022,0.00 KB,Config files for my GitHub profile.,DM,https://github.com/ELIE090904/ELIE090904
911,SS451,0,0,0,0,10/08/2021,01/09/2021,461.89 MB,Paradise,DM,https://github.com/SS451N0ne/SS451
912,Skyrat-tg-220,0,11,0,0,03/05/2023,31/07/2023,3.01 GB,A skyrat downstream of /tg/station SS13.,DM,https://github.com/larentoun/Skyrat-tg-220
913,Operation-Normandy,0,3,0,4,22/04/2023,21/07/2023,725.89 MB,,DM,https://github.com/Operation-Normandy/Operation-Normandy
914,First_try.dm,0,0,0,0,29/04/2024,06/06/2024,6.00 KB,This is my first repository,DM,https://github.com/ElnazAnalyst/First_try.dm
915,BLACKSTONE,0,0,0,0,31/03/2024,31/03/2024,336.07 MB,,,https://github.com/Pososaku/BLACKSTONE
916,firstrepo,0,0,0,0,16/12/2023,16/12/2023,1.00 KB,crating first repo,DM,https://github.com/Vara8321/firstrepo
917,nikitka_build,0,0,0,0,28/08/2024,02/09/2024,135.45 MB,,DM,https://github.com/Xx-PlAyPrOgAmEr-xX/nikitka_build
918,neworld,0,0,0,0,06/01/2024,30/01/2024,43.00 KB,Рождено для опытов,DM,https://github.com/hard-res3t/neworld
919,Halflife13,0,1,0,0,16/09/2024,20/09/2024,2.32 GB,just testing crap idk,,https://github.com/DAKKA-WAAAGH/Halflife13
920,Hearthstone,0,0,0,0,15/09/2024,15/09/2024,733.48 MB,,DM,https://github.com/Hearthstone-13/Hearthstone
921,XRF-4-Electric-Boogaloo,0,0,0,0,11/11/2023,12/11/2023,97.21 MB,,DM,https://github.com/Zeldazackman/XRF-4-Electric-Boogaloo
922,AnonymousB2,0,0,0,0,26/11/2023,27/11/2023,1.00 KB,Config files for my GitHub profile.,DM,https://github.com/AnonymousB2/AnonymousB2
923,CotM,0,1,0,0,11/06/2024,18/06/2024,525.12 MB,,DM,https://github.com/Midlands13/CotM
924,kaizoku,0,5,0,0,19/06/2024,27/08/2024,284.34 MB,,DM,https://github.com/rimborgar/kaizoku
925,FULL-ADDER,0,0,0,0,19/11/2024,19/11/2024,69.00 KB,,DM,https://github.com/RAVINDRA0022/FULL-ADDER
926,Handexsw,0,0,0,0,22/10/2024,23/11/2025,18.00 KB,,DM,https://github.com/Handexsw/Handexsw
927,CM-Code-changes,0,0,0,0,10/10/2024,26/11/2024,229.00 KB,Just for PR and Test,DM,https://github.com/Gureboy/CM-Code-changes
928,Dieselpunk-13_Redux,0,0,0,0,29/09/2024,29/01/2025,505.31 MB,A funky wunky SS13 codebase I'm gonna try and fix up. Shoutout to my friend Yeayea130/Remember for bringing this up and embedding your experience in my mind,DM,https://github.com/Fennec82/Dieselpunk-13_Redux
929,-MongoDB-and-Cassandra-Hands-On,0,0,0,0,30/03/2026,30/03/2026,3.00 KB,,DM,https://github.com/avotamre06/-MongoDB-and-Cassandra-Hands-On
930,Caustic-testing,0,0,0,0,09/12/2025,09/12/2025,2.22 GB,,DM,https://github.com/Winters-Snow/Caustic-testing
931,skills-introduction-to-github,0,0,0,0,05/09/2025,05/09/2025,12.00 KB,Exercise: Introduction to GitHub,DM,https://github.com/rikilynm/skills-introduction-to-github
932,Gekisen,0,0,0,0,07/03/2026,07/03/2026,14.74 MB,Gekisen 1.411 final official repo,DM,https://github.com/masterdanvk/Gekisen
933,celshipscp,0,0,0,0,04/04/2026,05/04/2026,696.17 MB,,DM,https://github.com/vacken12/celshipscp
934,lipc-fundraising-platform,0,0,0,0,22/11/2025,23/11/2025,149.00 KB,,DM,https://github.com/Rahman12180/lipc-fundraising-platform
935,robotic,0,0,0,0,15/12/2025,22/03/2026,0.00 KB,,DM,https://github.com/muratyetkinaslan-cpu/robotic
936,BorkMountain,0,0,0,0,04/07/2025,04/07/2025,1.22 GB,,DM,https://github.com/trazodont/BorkMountain
937,Lyndvhar,0,14,0,0,01/03/2025,24/08/2025,990.37 MB,Nothing but an interesting attempt at something currently. Don't worry about it if you aren't interested in contribution.,DM,https://github.com/bobrunner7/Lyndvhar
938,event-toolbox-tournament-2025,0,1,0,0,08/03/2025,11/03/2025,2.56 GB,ballin out of control ,DM,https://github.com/tgstation/event-toolbox-tournament-2025
939,HowlingVoid,0,12,0,0,20/10/2025,22/10/2025,1.95 GB,Модификация Nova Sector /tg/station SS13 от команды SyndicateCodeRed.,DM,https://github.com/KR1MEKR1ME-create/HowlingVoid
940,AmiraPrint,0,0,0,0,02/11/2025,10/01/2026,131.46 MB,AmiraPrint,DM,https://github.com/7Xme/AmiraPrint
941,goon2016,0,0,0,0,31/03/2025,01/04/2025,71.63 MB,"goon's 2016 release, hacked about a bit",DM,https://github.com/TamberP/goon2016
942,WorldofNova,0,0,0,0,02/04/2025,08/10/2026,2.52 GB,,DM,https://github.com/TheSS13Melon/WorldofNova
943,f13-experiment,0,0,0,1,08/05/2025,21/06/2025,1.04 GB,,DM,https://github.com/lpeapnni/f13-experiment
944,SerdyOP21,0,0,0,5,17/06/2026,16/07/2026,3.92 GB,,DM,https://github.com/SilencedMP5A5/SerdyOP21
945,tanarri,0,0,0,0,20/04/2026,21/04/2026,2.10 MB,Clone of https://steamcommunity.com/sharedfiles/filedetails/?id=3321778572,DM,https://github.com/toobus/tanarri
946,Frontier-Station-13,0,1,0,1,24/06/2026,08/10/2026,701.98 MB,"Frontier Station 13, a derivative of Aurora station bringing about a wartorn persistent frontier.",DM,https://github.com/2cwldys/Frontier-Station-13
947,DragonWarriorLegacyRemake_8.0-,0,0,0,0,07/11/2025,30/09/2026,31.00 MB,,DM,https://github.com/jpscholl/DragonWarriorLegacyRemake_8.0-
948,Map,0,10,0,3,13/04/2026,30/09/2026,371.29 MB,Mapping Repository for Eternia 4.,DM,https://github.com/EterniaDevelopment/Map
949,Monkestation2,0,0,0,0,23/06/2024,23/06/2024,2.69 GB,,DM,https://github.com/emtee40/Monkestation2
950,Ground-Station,0,0,0,0,17/09/2016,20/09/2016,75.83 MB,For now this is going to be a little experiment about converting SS13 to land station ;) in future I may re-purpose it.,DM,https://github.com/badbon/Ground-Station
951,BordStation,0,1,0,0,27/01/2018,27/01/2018,1.00 GB,,DM,https://github.com/DaedalusGame/BordStation
952,ruestation_old,0,0,0,0,09/04/2018,15/04/2018,1.05 GB,Modified /tg/station SS13 repository.,DM,https://github.com/Arkenfleur/ruestation_old
953,Dom-5-Aleph-One,0,1,0,0,26/04/2018,06/08/2018,27.19 MB,Mod for a Dominions 5 custom game where players can choose from a list of benefits and add them to an existing nation via point buy.,DM,https://github.com/AndrewMiTe/Dom-5-Aleph-One
954,Tutorials,0,1,0,0,17/04/2018,17/04/2018,118.98 MB,Some lightweight tutorial(s) and associated code.,DM,https://github.com/horotat/Tutorials
955,ColonialMarines-2018,0,0,0,0,31/07/2018,08/08/2018,92.35 MB,,DM,https://github.com/litmeuplol/ColonialMarines-2018
956,Research-Station-13,0,0,0,0,30/07/2018,01/08/2018,1.12 GB,,DM,https://github.com/Shdorsh/Research-Station-13
957,Project-Viper,0,2,0,3,29/05/2018,26/01/2019,953.02 MB,,DM,https://github.com/ARF-SS13/Project-Viper
958,giad_2018,0,0,0,0,15/09/2018,16/09/2018,14.40 MB,Gooseheaded's and D4RK3 54B3R's entry for Game in a Day 2018.,DM,https://github.com/Gooseheaded/giad_2018
959,Warhammer40K-Lebencode,0,0,0,0,07/01/2019,07/01/2019,202.95 MB,SS13: Age of the Imperium,DM,https://github.com/Pandolphina/Warhammer40K-Lebencode
960,SS13-Age-of-the-Spess-Imperium,0,5,0,0,09/01/2019,15/02/2019,83.10 MB,"For the love of god,please no more GitHub.",DM,https://github.com/Pandolphina/SS13-Age-of-the-Spess-Imperium
961,demos,0,0,0,0,28/10/2015,30/10/2015,680.00 KB,Demos for training,DM,https://github.com/areynaldos/demos
962,CitadelPrivate,0,1,0,0,09/12/2015,02/01/2016,59.52 MB,,DM,https://github.com/killer653/CitadelPrivate
963,datasciencecoursera,0,0,0,0,14/11/2015,14/11/2015,0.00 KB,,DM,https://github.com/basketa/datasciencecoursera
964,VirgoStation,0,2,0,0,09/11/2015,10/11/2015,0.00 KB,VOREstation with current(ish) Baystation 12 code,DM,https://github.com/VirgoStation/VirgoStation
965,rs_commons,0,0,0,0,22/04/2016,23/04/2016,17.00 KB,,DM,https://github.com/riftstation/rs_commons
966,Aurorastation.3,0,0,0,0,07/01/2017,07/01/2017,480.74 MB,,DM,https://github.com/sdtwbaj/Aurorastation.3
967,Fallout-VaultOne,0,5,0,0,24/05/2017,20/05/2017,254.26 MB,,DM,https://github.com/Spess-Rando/Fallout-VaultOne
968,TestEnviro,0,0,0,0,26/06/2017,26/06/2017,2.87 MB,,DM,https://github.com/S-Spy/TestEnviro
969,blockstation13-master,0,3,0,1,02/04/2017,03/10/2023,108.58 MB,a /tg/station fork for BLF users,DM,https://github.com/mirrorcult/blockstation13-master
970,auto_test,0,0,0,0,07/08/2017,07/08/2017,1.00 KB,,DM,https://github.com/BorisWJ/auto_test
971,myFirstRepository,0,0,0,0,23/09/2014,23/09/2014,148.00 KB,GithubRepo,DM,https://github.com/oriShema/myFirstRepository
972,realm-master,0,0,0,0,23/06/2014,21/12/2014,207.00 KB,Open-source remake of Dungeon Master,DM,https://github.com/Ashe-York/realm-master
973,AriaStation13,0,1,0,0,03/05/2015,14/05/2015,101.63 MB,Baystation-based codebase for AriaStation Server (I hope),DM,https://github.com/DaedalusGame/AriaStation13
974,ABG-Downbass-Edition,0,0,0,0,13/07/2019,14/07/2019,151.26 MB,Ava's Futile Attempts Here,DM,https://github.com/CommanderAva/ABG-Downbass-Edition
975,CitadelMarines,0,1,0,1,11/11/2020,15/03/2021,593.34 MB,,DM,https://github.com/citadel-station/CitadelMarines
976,KeplerStation,0,17,0,14,14/06/2019,06/02/2020,552.72 MB,Repository for the KeplerStation SS13 Project,DM,https://github.com/KeplerStation/KeplerStation
977,Bicex,0,0,0,16,05/04/2020,05/01/2023,1.42 GB,,DM,https://github.com/Bicex/Bicex
978,NSCJanus,0,0,0,0,23/04/2020,02/05/2020,166.95 MB,,DM,https://github.com/David-Goru/NSCJanus
979,PrisonStation13,0,0,0,0,14/11/2020,20/11/2020,294.75 MB,Forked from Matt's is12-warfare,DM,https://github.com/miccielovvie/PrisonStation13
980,Redlight13,0,0,0,0,22/02/2021,23/02/2021,1.78 GB,,DM,https://github.com/RedlightStation13/Redlight13
981,gachibay-testicles,0,0,0,0,20/10/2019,20/10/2019,160.92 MB,,DM,https://github.com/Dathouse/gachibay-testicles
982,myconos,0,0,0,0,27/11/2019,05/02/2020,1.12 MB,A mod for dominions 5. Made originally by GFSn for dominions 3.,DM,https://github.com/djmcgill/myconos
983,tgstation-offshoot,0,0,0,0,08/04/2021,08/04/2021,122.89 MB,An offshoot attempt at modifying tg code into a Amalgamation of old new and foreign code around the ss13 repos.,DM,https://github.com/Artlx/tgstation-offshoot
984,QuorbusStation-BeeCode,0,1,0,0,20/04/2021,20/04/2021,131.32 MB,QuorbusStation returns to BeeCode in this continuation of the worst SS13 codebase ever made.,,https://github.com/CRITAWAKETS/QuorbusStation-BeeCode
985,Foxhole-Station-13,0,0,0,0,06/02/2022,15/02/2022,1.12 GB,,DM,https://github.com/fFoxfire/Foxhole-Station-13
986,fazworld,0,1,0,0,16/03/2022,29/07/2022,1.00 GB,,DM,https://github.com/fazworld-dev/fazworld
987,Nueva-carpeta--2-,0,0,0,0,12/07/2024,12/07/2024,1.00 KB,,DM,https://github.com/ErwVela94/Nueva-carpeta--2-
988,Darshil,0,0,0,0,14/07/2024,14/07/2024,6.00 KB,,DM,https://github.com/Darshil63/Darshil
989,Gitlow,0,0,0,0,19/02/2024,20/02/2024,0.00 KB,,DM,https://github.com/leanonchingwe/Gitlow
990,f13tbd,0,60,0,0,09/11/2023,09/11/2023,1.16 GB,,,https://github.com/Vizoplez/f13tbd
991,BPL13,0,0,0,0,03/05/2017,18/07/2017,929.66 MB,,DM,https://github.com/radar651/BPL13
992,LonestarStation,0,0,0,0,26/05/2021,20/05/2021,151.06 MB,Cowboys in space - it doesn't get better than this!,,https://github.com/CowboyRobertSmith/LonestarStation
993,Calvera,0,0,0,6,28/05/2021,24/01/2022,945.13 MB,"An unofficial, casual/personal fork of the Polaris codebase, intended to explore a possible future direction for Polaris code.",DM,https://github.com/Neerti/Calvera
994,scp13code,0,0,0,0,19/10/2021,19/10/2021,133.07 MB,,DM,https://github.com/mishulinya/scp13code
995,0x53-0x6f-0x6e-0x67-0x6f-0x66-0x4f-0x72-0x69-0x6f-0x6e,0,0,0,0,13/08/2022,09/10/2022,476.34 MB,,DM,https://github.com/Psalms-of-Orion/0x53-0x6f-0x6e-0x67-0x6f-0x66-0x4f-0x72-0x69-0x6f-0x6e
996,to-say-nothing-of-the-cynocephalian,0,0,0,0,19/07/2022,29/07/2022,5.63 MB,mod files for Dominions 5 game: ,DM,https://github.com/circumlocutrix/to-say-nothing-of-the-cynocephalian
997,flaming-star,0,0,0,0,19/07/2022,28/08/2022,518.63 MB,,DM,https://github.com/faaaay/flaming-star
998,ME13-Nihlus,0,0,0,0,04/02/2023,06/02/2023,1.55 GB,Now no longer an Aurora Fork.,DM,https://github.com/okithedoki/ME13-Nihlus
999,BlueMoon-Station-13,0,6,0,0,17/06/2023,17/06/2023,1.76 GB,,DM,https://github.com/BlueMoon-Labs/BlueMoon-Station-13
1000,Rockey,0,0,0,0,20/12/2022,21/12/2022,10.00 KB,"This is Rocky, the new advanced tool for lspdfr players.",DM,https://github.com/Gileran12/Rockey
