Ranking,Project Name,Stars,Forks,Watchers,Open Issues,Created At,Last Commit,Size,Description,Language,Repo URL
1,gradle,18882,5327,18882,3503,09/09/2009,08/10/2026,905.33 MB,"Adaptable, fast automation for all",Groovy,https://github.com/gradle/gradle
2,devops-resources,9712,2425,9712,29,07/01/2019,12/07/2024,1.78 MB,"DevOps resources - Linux, Jenkins, AWS, SRE, Prometheus, Docker, Python, Ansible, Git, Kubernetes, Terraform, OpenStack, SQL, NoSQL, Azure, GCP",Groovy,https://github.com/bregman-arie/devops-resources
3,rundeck,6330,988,6330,59,03/09/2010,08/10/2026,226.07 MB,"Enable Self-Service Operations: Give specific users access to your existing tools, services, and scripts",Groovy,https://github.com/rundeck/rundeck
4,groovy,5478,1915,5478,20,16/04/2015,08/10/2026,290.01 MB,Apache Groovy: A powerful multi-faceted programming language for the JVM platform,Groovy,https://github.com/apache/groovy
5,pipeline-examples,4287,3562,4287,15,24/11/2015,31/08/2023,127.00 KB,"A collection of examples, tips and tricks and snippets of scripting for the Jenkins Pipeline plugin",Groovy,https://github.com/jenkinsci/pipeline-examples
6,gradle-versions-plugin,4092,205,4092,58,02/12/2012,08/10/2026,4.03 MB,Gradle plugin to discover dependency updates,Groovy,https://github.com/ben-manes/gradle-versions-plugin
7,gradle_plugin_android_aspectjx,3953,573,3953,153,25/04/2016,15/09/2021,16.60 MB,"A Android gradle plugin that effects AspectJ on Android project and can hook methods in Kotlin, aar and jar file.",Groovy,https://github.com/HujiangTechnology/gradle_plugin_android_aspectjx
8,nextflow,3501,813,3501,407,27/03/2013,08/10/2026,75.03 MB,A workflow language for data-driven computational pipelines,Groovy,https://github.com/nextflow-io/nextflow
9,fat-aar-android,3286,707,3286,166,19/12/2018,25/07/2024,7.07 MB,A gradle plugin that merge dependencies into the final aar file works with AGP 3.+,Groovy,https://github.com/kezong/fat-aar-android
10,grails-core,2936,976,2936,772,10/02/2010,08/10/2026,518.59 MB,Grails - the Web Application Framework,Groovy,https://github.com/apache/grails-core
11,SmartThingsPublic,2663,86257,2663,2507,04/08/2015,18/07/2023,20.57 MB,SmartThings open-source DeviceType Handlers and SmartApps code,Groovy,https://github.com/SmartThingsCommunity/SmartThingsPublic
12,asgard,2226,389,2226,15,21/05/2012,10/04/2023,25.97 MB,[Asgard is deprecated at Netflix. We use Spinnaker ( www.spinnaker.io ).] Web interface for application deployments and cloud management in Amazon Web Services (AWS). Binary download: http://github.com/Netflix/asgard/releases,Groovy,https://github.com/Netflix/asgard
13,job-dsl-plugin,1924,820,1924,189,25/07/2012,01/10/2026,19.39 MB,A Groovy DSL for Jenkins Jobs,Groovy,https://github.com/jenkinsci/job-dsl-plugin
14,bintray-release,1834,209,1834,0,16/10/2014,11/02/2022,676.00 KB,A helper for releasing from gradle up to bintray,Groovy,https://github.com/novoda/bintray-release
15,protobuf-gradle-plugin,1832,290,1832,96,13/04/2015,29/09/2026,1.36 MB,Protobuf Plugin for Gradle,Groovy,https://github.com/google/protobuf-gradle-plugin
16,docker-nexus3,1651,588,1651,18,05/04/2016,08/10/2026,740.00 KB,Dockerized version of Nexus Repo Manager 3,Groovy,https://github.com/sonatype/docker-nexus3
17,JenkinsPipelineUnit,1586,394,1586,116,25/01/2017,05/10/2026,1.57 MB,Framework for unit testing Jenkins pipelines ,Groovy,https://github.com/jenkinsci/JenkinsPipelineUnit
18,sdk-manager-plugin,1407,130,1407,43,29/03/2014,07/10/2016,453.00 KB,DEPRECATED Gradle plugin which downloads and manages your Android SDK.,Groovy,https://github.com/JakeWharton/sdk-manager-plugin
19,gradle-packer-plugin,1347,277,1347,2,09/12/2014,23/01/2019,223.00 KB,Android渠道打包工具,Groovy,https://github.com/mcxiaoke/gradle-packer-plugin
20,gradle-bintray-plugin,1271,198,1271,165,27/05/2013,15/01/2021,14.31 MB,,Groovy,https://github.com/bintray/gradle-bintray-plugin
21,build-time-tracker-plugin,1204,66,1204,21,29/07/2014,28/05/2019,856.00 KB,Gradle plugin to continuously track and report your build times,Groovy,https://github.com/passy/build-time-tracker-plugin
22,groovy-geb,1174,235,1174,8,03/08/2010,08/10/2026,10.26 MB,Apache Geb: Very Groovy Browser Automation,Groovy,https://github.com/apache/groovy-geb
23,AutoRegister,1122,171,1122,13,23/09/2017,14/03/2023,230.00 KB,基于字节码插桩，在Android中实现跨module自动注册的gradle插件，可用于模块解耦。已应用于ARouter和CC,Groovy,https://github.com/luckybilly/AutoRegister
24,android-maven-gradle-plugin,1078,136,1078,30,21/10/2013,18/05/2020,647.00 KB,Abandoned. This is now supported by the android build plugin: https://developer.android.com/studio/build/maven-publish-plugin,Groovy,https://github.com/dcendents/android-maven-gradle-plugin
25,okcoin-leeks-reaper,1038,501,1038,8,23/01/2017,08/02/2017,427.00 KB,OKCoin韭菜收割机,Groovy,https://github.com/richox/okcoin-leeks-reaper
26,openboxes,912,509,912,188,28/09/2012,08/10/2026,109.44 MB,OpenBoxes is a warehouse management system designed to manage inventory and track stock movements for healthcare facilities.,Groovy,https://github.com/openboxes/openboxes
27,jenkins-scripts,911,560,911,6,14/12/2011,02/12/2024,171.00 KB,"Scripts in Groovy, shell, Ruby, Python, whatever for managing/interacting with Jenkins",Groovy,https://github.com/jenkinsci/jenkins-scripts
28,buildstep,907,269,907,11,02/01/2013,11/06/2018,2.83 MB,Buildstep uses Docker and Buildpacks to build applications like Heroku,Groovy,https://github.com/progrium/buildstep
29,gradle-task-tree,899,58,899,7,17/09/2015,08/08/2026,377.00 KB,Gradle plugin that adds a 'taskTree' task that prints task dependency tree,Groovy,https://github.com/dorongold/gradle-task-tree
30,docker-registry-ui,892,146,892,37,16/06/2014,17/01/2023,41.62 MB,A web frontend/UI for easy private/local Docker Registry integration,Groovy,https://github.com/atcol/docker-registry-ui
31,gradle-release,888,218,888,136,14/12/2012,30/09/2026,1.16 MB,gradle-release is a plugin for providing a Maven-like release process for projects using Gradle,Groovy,https://github.com/researchgate/gradle-release
32,gradle-test-logger-plugin,887,40,887,36,26/07/2017,15/03/2026,7.84 MB,A Gradle plugin for printing beautiful logs on the console while running tests,Groovy,https://github.com/radarsh/gradle-test-logger-plugin
33,docToolchain,869,242,869,308,05/07/2016,14/09/2026,42.11 MB,"a AsciiDoc Toolchain for technical Software Documentation, focused on Software Architecture Documentation",Groovy,https://github.com/docToolchain/docToolchain
34,gradle-node-plugin,864,204,864,187,24/11/2013,25/03/2021,902.00 KB,Gradle plugin for integrating NodeJS in your build. :rocket:,Groovy,https://github.com/srs/gradle-node-plugin
35,ansible-role-jenkins,850,757,850,4,01/03/2014,08/09/2026,253.00 KB,Ansible Role - Jenkins CI,Groovy,https://github.com/geerlingguy/ansible-role-jenkins
36,groovy-android-gradle-plugin,844,115,844,5,06/06/2014,23/03/2020,590.00 KB,A Gradle plugin to support the Groovy language for building Android apps,Groovy,https://github.com/groovy/groovy-android-gradle-plugin
37,docker-ci-tool-stack,819,583,819,9,04/07/2015,13/12/2020,4.78 MB,"Docker Infrastructure via docker-compose (Jenkins, SonarQube, Nexus, GitLab, Selenium Grid)",Groovy,https://github.com/marcelbirkner/docker-ci-tool-stack
38,gradle-lint-plugin,794,90,794,121,21/12/2015,04/10/2026,2.55 MB,A pluggable and configurable linter tool for identifying and reporting on patterns of misuse or deprecations in Gradle scripts. ,Groovy,https://github.com/nebula-plugins/gradle-lint-plugin
39,img-optimizer-gradle-plugin,789,100,789,0,27/06/2016,21/02/2022,2.05 MB,一款用于优化png图片的gradle插件，有效减少APK体积，支持极限压缩和无损压缩。,Groovy,https://github.com/chenenyu/img-optimizer-gradle-plugin
40,spock-example,788,507,788,11,28/02/2012,08/10/2026,887.00 KB,Spock example specifications along with ready-to-go Gradle and Maven builds,Groovy,https://github.com/spockframework/spock-example
41,okreplay,785,71,785,23,28/02/2017,29/08/2022,61.68 MB,📼 Record and replay OkHttp network interaction in your tests.,Groovy,https://github.com/airbnb/okreplay
42,gogradle,771,90,771,95,28/11/2016,11/10/2021,10.53 MB,A Gradle Plugin Providing Full Support for Go,Groovy,https://github.com/gogradle/gogradle
43,AppJoint,761,117,761,15,14/11/2017,20/08/2019,83.68 MB,🔧 Cross module Android development made easy!,Groovy,https://github.com/PrototypeZ/AppJoint
44,gradle-docker,755,160,755,117,17/09/2015,09/10/2026,2.32 MB,a Gradle plugin for orchestrating docker builds and pushes.,Groovy,https://github.com/palantir/gradle-docker
45,thymeleaf-layout-dialect,745,109,745,9,27/05/2012,25/03/2026,3.24 MB,A dialect for Thymeleaf that lets you build layouts and reusable templates in order to improve code reuse,Groovy,https://github.com/ultraq/thymeleaf-layout-dialect
46,awesome-groovy,742,101,742,2,11/07/2014,26/10/2024,101.00 KB,"A curated list of awesome groovy libraries, frameworks and resources",Groovy,https://github.com/kdabir/awesome-groovy
47,jmh-gradle-plugin,725,86,725,82,14/06/2014,23/09/2026,1.21 MB,Integrates the JMH benchmarking framework with Gradle,Groovy,https://github.com/melix/jmh-gradle-plugin
48,Tinker_imitator,719,102,719,6,11/07/2016,07/02/2017,16.37 MB,(UNMAINTAINED)微信热更新方案实践,Groovy,https://github.com/zzz40500/Tinker_imitator
49,hibeaver,708,92,708,15,02/08/2016,30/01/2026,908.00 KB,"HiBeaver is a gradle plugin for java byte code manipulation and AOP design by modifying project byte code during build of the package, or modifying byte code within Jar independently.",Groovy,https://github.com/hydraxman/hibeaver
50,plugins,707,13,707,6,19/12/2020,08/10/2026,4.38 MB,A set of Gradle plugins that greatly simplify project management / 一套极大简化项目管理的Gradle插件集,Groovy,https://github.com/ihub-pub/plugins
51,lint-cleaner-plugin,700,103,700,11,20/08/2014,04/02/2019,252.00 KB,A Gradle Plugin that removes unused resources in Android projects.,Groovy,https://github.com/marcoRS/lint-cleaner-plugin
52,jenkins-scripts,691,411,691,20,06/01/2016,18/02/2026,1.96 MB,,Groovy,https://github.com/cloudbees/jenkins-scripts
53,Mess,686,110,686,11,11/06/2016,01/10/2020,126.00 KB,"a gradle plugin for minifying activities, services, receivers, providers and custom view",Groovy,https://github.com/eleme/Mess
54,bigtop,682,533,682,205,04/08/2011,28/09/2026,50.09 MB,"Bigtop is an Apache Foundation project for Infrastructure Engineers and Data Scientists looking for comprehensive packaging, testing, and configuration of the leading open source big data components.",Groovy,https://github.com/apache/bigtop
55,gradle-node-plugin,677,120,677,97,03/12/2018,14/08/2026,4.33 MB,Gradle plugin for integrating NodeJS in your build. :rocket:,Groovy,https://github.com/node-gradle/gradle-node-plugin
56,skills-service,661,132,661,180,24/02/2020,08/10/2026,666.51 MB,SkillTree is a micro-learning gamification platform supporting the rapid integration of a gamified tool training approach into new and existing applications.,Groovy,https://github.com/NationalSecurityAgency/skills-service
57,gradle-docker,650,136,650,83,13/10/2013,20/08/2020,488.00 KB,A Gradle plugin to build Docker images from the build script.,Groovy,https://github.com/Transmode/gradle-docker
58,gretty,648,180,648,234,13/06/2013,28/12/2023,4.44 MB,Advanced gradle plugin for running web-apps on jetty and tomcat.,Groovy,https://github.com/akhikhl/gretty
59,axion-release-plugin,639,165,639,78,16/09/2014,05/10/2026,3.41 MB,Gradle release & version management plugin.,Groovy,https://github.com/allegro/axion-release-plugin
60,dict_uk,632,75,632,37,27/10/2015,22/09/2026,113.70 MB,Project to generate POS tag dictionary for Ukrainian language,Groovy,https://github.com/brown-uk/dict_uk
61,lazybones,616,101,616,53,25/04/2013,13/10/2020,3.44 MB,A simple project creation tool that uses packaged project templates.,Groovy,https://github.com/pledbrook/lazybones
62,aem-project-archetype,597,429,597,178,21/08/2014,18/09/2026,86.75 MB,Maven template to create best-practice websites on AEM.,Groovy,https://github.com/adobe/aem-project-archetype
63,DevOps,587,75,587,0,02/12/2021,09/07/2024,87.00 KB,"DevOps. Make the project development and release simpler, easier and more efficient.",Groovy,https://github.com/dqzboy/DevOps
64,pipeline-model-definition-plugin,566,260,566,204,26/08/2016,12/08/2026,5.02 MB,,Groovy,https://github.com/jenkinsci/pipeline-model-definition-plugin
65,jacoco-android-gradle-plugin,565,107,565,41,31/08/2015,06/03/2023,345.00 KB,Gradle plugin that creates JaCoCo test reports for Android unit tests,Groovy,https://github.com/arturdm/jacoco-android-gradle-plugin
66,gradle-git,561,90,561,0,25/01/2012,05/10/2018,3.44 MB,Git plugin for Gradle,Groovy,https://github.com/ajoberstar/gradle-git
67,gradle-jooq-plugin,548,80,548,4,17/06/2014,01/10/2026,2.25 MB,Gradle plugin that integrates jOOQ. ,Groovy,https://github.com/etiennestuder/gradle-jooq-plugin
68,docker-registry-web,546,133,546,46,03/09/2015,08/02/2022,1.58 MB,Web UI for private docker registry v2,Groovy,https://github.com/mkuchin/docker-registry-web
69,SmartThings,542,1428,542,1,20/01/2016,19/08/2022,6.01 MB,,Groovy,https://github.com/krlaframboise/SmartThings
70,font-mfizz,539,104,539,52,11/07/2013,11/05/2021,4.49 MB,Font Mfizz - Vector Icons for Technology and Software Geeks,Groovy,https://github.com/fizzed/font-mfizz
71,gradle-tomcat-plugin,526,117,526,28,30/11/2010,12/10/2023,1.70 MB,Gradle plugin supporting deployment of your web application to an embedded Tomcat web container,Groovy,https://github.com/bmuschko/gradle-tomcat-plugin
72,android-cache-fix-gradle-plugin,525,56,525,4,02/11/2017,08/10/2026,3.91 MB,Gradle plugin that fixes Android build caching problems.,Groovy,https://github.com/gradle/android-cache-fix-gradle-plugin
73,grgit,521,93,521,2,21/08/2013,03/09/2025,1.81 MB,The Groovy way to use Git.,Groovy,https://github.com/ajoberstar/grgit
74,glu,520,94,520,75,07/08/2010,08/03/2016,25.89 MB,Deployment Automation Platform,Groovy,https://github.com/pongasoft/glu
75,betamax,472,128,472,16,15/08/2011,28/05/2017,61.17 MB,Betamax is a tool for mocking external HTTP resources such as web services and REST APIs in your tests. The project was inspired by the VCR library for Ruby.,Groovy,https://github.com/betamaxteam/betamax
76,jenkins-script-console-scripts,464,232,464,0,01/11/2015,23/07/2026,260.00 KB,A repository of one-off script console scripts for Jenkins.,Groovy,https://github.com/samrocketman/jenkins-script-console-scripts
77,p2rank,464,62,464,15,25/09/2016,11/09/2026,718.49 MB,P2Rank: Protein-ligand binding site prediction from protein structure based on machine learning.,Groovy,https://github.com/rdk/p2rank
78,gradle-xcodePlugin,464,125,464,26,23/08/2012,03/07/2025,6.55 MB,"gradle plugin for building Xcode Projects for iOS, watchOS, macOS or tvOS",Groovy,https://github.com/openbakery/gradle-xcodePlugin
79,GradlePluginDevelop,462,32,462,1,11/10/2017,20/01/2019,19.85 MB,💍Gradle 执行流程、什么叫DSL、领域专用语言、Gradle常见用法、Gradle高级插件用法、Gradle对Android优化、结合Javassist使用给上一层楼以及Gradle开发中的遇到的问题,Groovy,https://github.com/UCodeUStory/GradlePluginDevelop
80,grails,454,70,454,0,25/03/2009,11/02/2010,329.53 MB,A powerful web application framework based on the Groovy language,Groovy,https://github.com/grails/grails
81,job-dsl-gradle-example,451,322,451,15,06/02/2014,21/04/2022,322.00 KB,An example Job DSL project that uses Gradle for building and testing.,Groovy,https://github.com/sheehan/job-dsl-gradle-example
82,clouddriver,446,998,446,14,16/06/2015,20/12/2025,47.79 MB,read and write operations across cloud providers,Groovy,https://github.com/spinnaker/clouddriver
83,gradle-license-plugin,442,71,442,9,21/12/2016,08/10/2026,3.07 MB,Gradle plugin that provides a task to generate a HTML license report of your project.,Groovy,https://github.com/jaredsburrows/gradle-license-plugin
84,fabric8-pipeline-library,435,205,435,64,08/07/2016,09/04/2024,1.34 MB,Fabric8 Pipeline for Jenkins,Groovy,https://github.com/fabric8io/fabric8-pipeline-library
85,drawable-optimizer,433,43,433,4,12/03/2016,19/05/2016,1.26 MB,Gradle plugin to optimize png files and reduce resultant apk size within an Android project.,Groovy,https://github.com/fabiomsr/drawable-optimizer
86,gradle-docker-compose-plugin,429,103,429,33,11/01/2016,18/06/2026,1.24 MB,Simplifies usage of Docker Compose for integration testing in Gradle environment.,Groovy,https://github.com/avast/gradle-docker-compose-plugin
87,license-gradle-plugin,424,121,424,95,16/09/2010,26/08/2023,569.00 KB,Manage your license(s),Groovy,https://github.com/hierynomus/license-gradle-plugin
88,templates,423,1357,423,2,06/12/2017,10/10/2023,54.00 KB,"Document templates for open-source projects (README, CONTRIBUTING, GitHub templates)",Groovy,https://github.com/embeddedartistry/templates
89,badass-jlink-plugin,422,30,422,20,17/06/2018,21/09/2026,38.69 MB,Create a custom runtime image of your modular application,Groovy,https://github.com/beryx/badass-jlink-plugin
90,robolectric-gradle-plugin,419,61,419,0,12/02/2014,08/07/2015,1.43 MB,Gradle plugin for Robolectric. ,Groovy,https://github.com/robolectric/robolectric-gradle-plugin
91,CompressPng,406,74,406,2,04/07/2022,31/08/2022,345.00 KB,,Groovy,https://github.com/renxh4/CompressPng
92,gradle-android-plugin,406,92,406,0,02/04/2010,21/10/2013,1.59 MB,Android plugin for the Gradle build system.,Groovy,https://github.com/jvoegele/gradle-android-plugin
93,gradle-static-analysis-plugin,403,28,403,0,09/11/2016,11/02/2022,1.62 MB,Easy setup of static analysis tools for Android and Java projects.,Groovy,https://github.com/novoda/gradle-static-analysis-plugin
94,gradle-android-junit-jacoco-plugin,399,74,399,24,08/10/2015,03/01/2024,542.00 KB,Gradle plugin that generates JaCoCo reports from an Android Gradle Project,Groovy,https://github.com/vanniktech/gradle-android-junit-jacoco-plugin
95,groovy-wslite,399,113,399,41,16/02/2011,04/03/2024,905.00 KB,Lightweight SOAP and REST webservice clients for Groovy,Groovy,https://github.com/jwagenleitner/groovy-wslite
96,android-gradle-study,393,59,393,1,26/12/2018,23/11/2019,208.00 KB,深入理解Android Gradle,Groovy,https://github.com/JeremyLiao/android-gradle-study
97,gradle-ospackage-plugin,392,127,392,100,22/11/2013,03/08/2026,2.78 MB,"Gradle plugin for constructing linux packages, specifically RPM and DEBs.",Groovy,https://github.com/nebula-plugins/gradle-ospackage-plugin
98,nest-manager,389,2108,389,83,14/03/2016,22/08/2021,108.89 MB,NST Manager (SmartThings),Groovy,https://github.com/tonesto7/nest-manager
99,dependency-check-gradle,386,99,386,16,27/11/2015,01/10/2026,1.13 MB,"The dependency-check gradle plugin is a Software Composition Analysis (SCA) tool that allows projects to monitor dependent libraries for known, published vulnerabilities.",Groovy,https://github.com/dependency-check/dependency-check-gradle
100,calces-gradle-plugin,384,47,384,0,08/06/2018,03/02/2021,553.00 KB,Android构建工具集：包含快速实现组件化构建脚本，快速实现屏幕最小宽度适配脚本,Groovy,https://github.com/tangpj/calces-gradle-plugin
101,Gradle-License-Report,382,108,382,65,11/05/2015,01/10/2026,1.26 MB,A plugin for generating reports about the licenses of third party software using Gradle,Groovy,https://github.com/jk1/Gradle-License-Report
102,artifactory-user-plugins,380,467,380,26,14/10/2011,06/05/2026,23.76 MB,Sample Artifactory User Plugins,Groovy,https://github.com/jfrog/artifactory-user-plugins
103,Android-Gradle-Examples,379,193,379,0,25/10/2012,28/10/2014,584.00 KB,,Groovy,https://github.com/Goddchen/Android-Gradle-Examples
104,gradle-unused-resources-remover-plugin,378,30,378,19,28/04/2018,20/06/2018,428.00 KB,Gradle Plugin that removes unused resources in Android projects.,Groovy,https://github.com/konifar/gradle-unused-resources-remover-plugin
105,smartthings-mqtt-bridge,376,230,376,108,26/01/2016,16/11/2025,99.00 KB,Bridge between SmartThings and MQTT,Groovy,https://github.com/stjohnjohnson/smartthings-mqtt-bridge
106,sshoogr,362,53,362,30,10/04/2013,22/03/2023,2.05 MB,A Groovy-based DSL for working with remote SSH servers.,Groovy,https://github.com/sshoogr/sshoogr
107,gradle-git-properties,359,65,359,13,12/09/2015,19/06/2026,636.00 KB,Gradle plugin for `git.properties` file generation,Groovy,https://github.com/n0mer/gradle-git-properties
108,java-bullshifier,358,27,358,4,17/11/2016,28/12/2022,295.00 KB,An open source project by OverOps. Generate massive random Java applications with a command line tool,Groovy,https://github.com/takipi/java-bullshifier
109,gradle-android-command-plugin,357,38,357,0,06/05/2014,11/02/2022,878.00 KB,Handy commands for testing Android on CI,Groovy,https://github.com/novoda/gradle-android-command-plugin
110,holidays-calendar,356,23,356,6,09/11/2016,08/10/2026,223.00 KB,Производственный календарь json,Groovy,https://github.com/d10xa/holidays-calendar
111,spoon-gradle-plugin,352,77,352,31,23/09/2013,28/11/2019,210.00 KB,Gradle plugin for Spoon.,Groovy,https://github.com/stanfy/spoon-gradle-plugin
112,cheatsheet-jenkins-groovy-A4,346,302,346,1,19/04/2018,04/07/2020,1.53 MB,:book: Groovy CheatSheet For Jenkins Usage In A4,Groovy,https://github.com/dennyzhang/cheatsheet-jenkins-groovy-A4
113,fataar-gradle-plugin,346,43,346,22,27/03/2018,17/12/2019,128.00 KB,Gradle plugin to help embed dependencies in generated AAR artifact,Groovy,https://github.com/Mobbeel/fataar-gradle-plugin
114,repose,344,103,344,14,01/07/2011,11/04/2024,141.39 MB,"The powerful, programmable, API Middleware Platform",Groovy,https://github.com/rackerlabs/repose
115,CodeNarc,343,143,343,89,29/07/2012,30/09/2026,14.22 MB,CodeNarc is a static analysis tool for Groovy source code,Groovy,https://github.com/CodeNarc/CodeNarc
116,android-unit-test,341,34,341,0,30/09/2013,14/04/2015,1.13 MB,Gradle plugin to add unit testing to android plugin. Prepared for Robolectric.,Groovy,https://github.com/JCAndKSolutions/android-unit-test
117,gradle-android-scala-plugin,337,64,337,38,05/02/2014,14/10/2017,3.52 MB,gradle-android-scala-plugin adds scala language support to official gradle android plugin,Groovy,https://github.com/saturday06/gradle-android-scala-plugin
118,jenkins-bootstrap-shared,330,122,330,4,05/08/2017,30/04/2026,513.00 KB,"Jenkins as immutable infrastructure made easy.  A repository of shared scripts meant to be used as a git submodule.  Packing Jenkins, plugins, and scripts into immutable packages and images.",Groovy,https://github.com/samrocketman/jenkins-bootstrap-shared
119,android-maven-publish,327,38,327,2,18/07/2017,30/01/2023,419.00 KB,Modification of the standard Maven Publish plugin to be compatible with android-library projects (aar).,Groovy,https://github.com/wupdigital/android-maven-publish
120,gradle-ssh-plugin,325,59,325,52,30/10/2012,03/10/2026,3.11 MB,SSH automation tool based on Gradle Plugin and Groovy DSL,Groovy,https://github.com/int128/gradle-ssh-plugin
121,moqui-framework,324,235,324,109,23/01/2016,07/10/2026,13.74 MB,"Use Moqui Framework to build enterprise applications based on Java. It includes tools for databases (relational, graph, document), local and web services, web and other UI with screens and forms, security, file/resource access, scripts, templates, l10n, caching, logging, search, rules, workflow, multi-instance, and integration.",Groovy,https://github.com/moqui/moqui-framework
122,gradle-launch4j,322,44,322,18,18/05/2015,30/01/2026,1.11 MB,A gradle-plugin to create windows executables with launch4j,Groovy,https://github.com/TheBoegl/gradle-launch4j
123,gradle-templates,320,98,320,4,14/12/2012,09/08/2021,205.00 KB,A gradle project templates plugin,Groovy,https://github.com/townsfolk/gradle-templates
124,SmartThings,319,519,319,55,11/02/2016,18/04/2024,5.87 MB,Samsung SmartThings SmartApps and Device Handlers,Groovy,https://github.com/codersaur/SmartThings
125,pipeline-library,312,146,312,14,11/08/2016,08/10/2026,1.57 MB,Collection of custom steps and variables for our Jenkins instance(s),Groovy,https://github.com/jenkins-infra/pipeline-library
126,gradle-swagger-generator-plugin,310,66,310,41,02/10/2016,23/11/2024,8.58 MB,"Gradle plugin for OpenAPI YAML validation, code generation and API document publishing",Groovy,https://github.com/int128/gradle-swagger-generator-plugin
127,fat-aar-plugin,309,49,309,9,06/02/2017,21/10/2020,712.00 KB,[DEPRECATED]A gradle plugin that helps to output fat aar from android library,Groovy,https://github.com/vigidroid/fat-aar-plugin
128,okcheck,304,29,304,3,28/02/2018,27/09/2021,639.00 KB,"Incremental scan，integrate Lint、KtLint、UnitTest、Checkstyle、Findbugs、Pmd, powerful and easy to use",Groovy,https://github.com/lingochamp/okcheck
129,asciidoctor-gradle-plugin,303,133,303,50,12/02/2013,07/10/2026,13.73 MB,A Gradle plugin that uses Asciidoctor via JRuby to process AsciiDoc source files within the project.,Groovy,https://github.com/asciidoctor/asciidoctor-gradle-plugin
130,gradle-dependency-lock-plugin,303,46,303,29,29/01/2014,05/10/2026,2.65 MB,A plugin to allow people using dynamic dependency versions to lock them to specific versions.,Groovy,https://github.com/nebula-plugins/gradle-dependency-lock-plugin
131,nexus3-oss,302,208,302,0,03/12/2017,02/07/2026,861.00 KB,Ansible role to install and provision sonatype nexus3-oss,Groovy,https://github.com/ansible-ThoTeam/nexus3-oss
132,apache-groovy-course,299,440,299,5,27/01/2016,08/09/2018,210.00 KB,Apache Groovy Course,Groovy,https://github.com/danvega/apache-groovy-course
133,Supersymmetry,294,141,294,61,17/10/2021,09/10/2026,214.38 MB,Repository for the Supersymmetry Minecraft Modpack,Groovy,https://github.com/SymmetricDevs/Supersymmetry
134,gradle-nexus-plugin,293,46,293,0,10/06/2012,21/03/2021,477.00 KB,Gradle plugin for configuring and uploading artifacts to Sonatype Nexus,Groovy,https://github.com/bmuschko/gradle-nexus-plugin
135,gradle-apt-plugin,292,30,292,0,04/05/2015,27/01/2020,784.00 KB,[OBSOLETE] Gradle plugin making it easier/safer to use Java annotation processors,Groovy,https://github.com/tbroyer/gradle-apt-plugin
136,json-avro-converter,286,98,286,30,05/02/2016,25/06/2025,412.00 KB,JSON to Avro conversion tool designed to make migration to Avro easier.,Groovy,https://github.com/allegro/json-avro-converter
137,gradle-android-git-version,284,30,284,15,11/01/2016,30/10/2020,185.00 KB,A gradle plugin to calculate Android-friendly version names and codes from git tags,Groovy,https://github.com/gladed/gradle-android-git-version
138,ansible-jenkins,279,165,279,10,05/03/2013,30/09/2020,75.00 KB,Ansible playbook: Jenkins,Groovy,https://github.com/ICTO/ansible-jenkins
139,spock-reports,277,67,277,13,23/07/2013,15/08/2026,1.45 MB,This project creates a global extension to Spock to create test reports.,Groovy,https://github.com/renatoathaydes/spock-reports
140,jenkins-pipeline-library,274,178,274,9,08/07/2015,12/10/2017,704.00 KB,a collection of reusable jenkins pipelines and pipeline functions,Groovy,https://github.com/fabric8io/jenkins-pipeline-library
141,NuwaGradle,272,72,272,7,11/11/2015,31/03/2016,71.00 KB,gradle plugin wrote for Nuwa,Groovy,https://github.com/jasonross/NuwaGradle
142,jervis,271,48,271,27,22/11/2014,08/05/2026,2.86 MB,Self service Jenkins job generation using Jenkins Job DSL plugin groovy scripts. Reads .jervis.yml and generates a job in Jenkins.,Groovy,https://github.com/samrocketman/jervis
143,test-retry-gradle-plugin,269,60,269,39,27/11/2019,08/10/2026,6.58 MB,Gradle plugin to retry tests that have failed to mitigate test flakiness.,Groovy,https://github.com/gradle/test-retry-gradle-plugin
144,gradle-cargo-plugin,267,61,267,22,27/05/2011,20/02/2022,1.52 MB,Gradle plugin that provides deployment capabilities to local and remote containers via Cargo,Groovy,https://github.com/bmuschko/gradle-cargo-plugin
145,java-testing-with-spock,266,134,266,1,08/12/2014,25/12/2020,398.00 KB,"Code samples from the book ""Java testing with Spock""",Groovy,https://github.com/kkapelon/java-testing-with-spock
146,Blade,266,20,266,6,28/11/2015,06/12/2018,1.01 MB,Android library for boilerplate destruction,Groovy,https://github.com/FrantisekGazo/Blade
147,android-check,265,58,265,21,24/11/2014,28/05/2018,274.00 KB,"Static code analysis plugin for Android project. (Checkstyle, PMD)",Groovy,https://github.com/noveogroup/android-check
148,groovykoans,260,140,260,10,08/09/2012,11/02/2022,915.00 KB,"A collection of small exercises in the form of unit tests, designed to get Java developers up to speed on Groovy",Groovy,https://github.com/nadavc/groovykoans
149,gradle-idea-ext-plugin,256,41,256,57,14/08/2017,18/02/2026,479.00 KB,Plugin to store IJ settings in gradle script,Groovy,https://github.com/JetBrains/gradle-idea-ext-plugin
150,iceScrum,256,71,256,13,27/11/2010,17/08/2026,49.15 MB,"iceScrum is a web application for using Scrum while keeping the spirit of a collaborative workspace. It also offers virtual boards with post-its for sprint backlog, product backlog and others.",Groovy,https://github.com/icescrum/iceScrum
151,coveralls-gradle-plugin,253,54,253,15,24/09/2013,19/08/2025,360.00 KB,👨‍🔧 gradle plugin for coveralls,Groovy,https://github.com/kt3k/coveralls-gradle-plugin
152,SwissKnife,253,21,253,4,21/08/2014,25/11/2015,15.90 MB,A multi-purpose library containing view injection and threading for Android using annotations,Groovy,https://github.com/jmartinesp/SwissKnife
153,my-bloody-jenkins,251,71,251,10,09/09/2017,13/10/2024,13.38 MB,Self Configured Jenkins Docker image based on Jenkins-LTS,Groovy,https://github.com/odavid/my-bloody-jenkins
154,AucFrameTemplate,251,55,251,1,13/07/2019,08/05/2020,145.00 KB,AucFrame,Groovy,https://github.com/Blankj/AucFrameTemplate
155,frontlinesms2,250,60,250,6,12/04/2012,31/10/2017,36.84 MB,FrontlineSMS is desktop/cloud based software created to lower barriers to positive social change using mobile technology,Groovy,https://github.com/frontlinesms/frontlinesms2
156,Xiaomi,250,1757,250,19,07/02/2017,24/04/2022,36.00 KB,my Xiaomi Device Handlers for Smartthings,Groovy,https://github.com/a4refillpad/Xiaomi
157,ComponentCornerstone,250,25,250,3,16/07/2019,18/10/2024,10.77 MB,":ant::ant:   一种全新的android组件化方案，无需下沉公用代码，无需采用路由等硬编码方式分发sdk，独立维护组件暴露的SDK/IMPL，打破官方模块循环且支持组件间互相调用SDK，支持集成组件调试/组件独立运行。A brand new android componentization solution, no need to sink public code, no need to use hard coding to distribute sdk, independent maintenance component exposed SDK / IMPL, break the official module loop and support the call between components The SDK supports integrated component debugging/components to run independently.",Groovy,https://github.com/DSAppTeam/ComponentCornerstone
158,GPars,249,61,249,22,22/09/2011,16/12/2023,34.40 MB,The GPars concurrency and parallelism framework for the JVM,Groovy,https://github.com/GPars/GPars
159,gradle-pitest-plugin,249,70,249,54,16/07/2012,07/04/2026,2.18 MB,Gradle plugin for PIT Mutation Testing,Groovy,https://github.com/szpak/gradle-pitest-plugin
160,okky,245,81,245,71,27/01/2015,11/10/2020,21.50 MB,okky.kr,Groovy,https://github.com/okjsp/okky
161,scripts,243,135,243,0,29/11/2013,05/10/2026,902.00 KB,Groovy Scripts for FileBot,Groovy,https://github.com/filebot/scripts
162,bpipe,241,61,241,158,20/10/2014,19/09/2026,54.36 MB,Bpipe - a tool for running and managing bioinformatics pipelines,Groovy,https://github.com/ssadedin/bpipe
163,Gradle-Repo,237,22,237,9,03/07/2018,11/03/2021,498.00 KB,统一管理Git多仓库及模块依赖 / Manage multiple Git repositories and dependencies between modules.,Groovy,https://github.com/EastWoodYang/Gradle-Repo
164,nebula-release-plugin,236,59,236,67,11/11/2014,01/10/2026,1.80 MB,Release opinions based around gradle-git,Groovy,https://github.com/nebula-plugins/nebula-release-plugin
165,gradle-appengine-plugin,236,58,236,46,30/09/2013,28/04/2018,882.00 KB,"Gradle plugin that provides tasks for uploading, running and managing Google App Engine projects",Groovy,https://github.com/GoogleCloudPlatform/gradle-appengine-plugin
166,CheckResourceConflict,234,33,234,4,07/11/2019,28/11/2019,808.00 KB,Android 自动检测资源冲突的gradle 插件(An Android Gradle Plugin For Checking Conflict Resources),Groovy,https://github.com/hust201010701/CheckResourceConflict
167,jenkinsfile-examples,233,299,233,0,20/09/2018,19/09/2024,243.00 KB,Executable examples of Jenkinsfiles.,Groovy,https://github.com/hoto/jenkinsfile-examples
168,dgate,232,59,232,7,12/11/2016,09/12/2021,222.00 KB,an API Gateway based on Vert.x,Groovy,https://github.com/DTeam-Top/dgate
169,gradle-witness,231,61,231,23,30/05/2014,19/04/2019,227.00 KB,A gradle plugin that enables static verification for remote dependencies.,Groovy,https://github.com/signalapp/gradle-witness
170,RoboAspectJ,226,19,226,4,14/03/2016,06/12/2016,40.00 KB,A gradle plugin that enables AOP in android.,Groovy,https://github.com/meituan/RoboAspectJ
171,gaelyk,224,38,224,35,17/07/2009,02/06/2019,243.57 MB,A lightweight Groovy toolkit for Google App Engine Java,Groovy,https://github.com/gaelyk/gaelyk
172,CoRE,223,631,223,29,11/05/2016,02/12/2019,1.14 MB,CoRE - Community's own Rule Engine,Groovy,https://github.com/ady624/CoRE
173,grooscript,222,20,222,6,27/08/2012,01/08/2022,2.96 MB,Converts your Groovy code to Javascript,Groovy,https://github.com/chiquitinxx/grooscript
174,mi_connector,221,581,221,26,08/03/2018,05/07/2022,15.18 MB,"Connector for Xiaomi Devices with Smartthings, Hubitat",Groovy,https://github.com/fison67/mi_connector
175,MicroModule,221,50,221,3,04/08/2017,20/09/2021,889.00 KB,Rebuild multiple complete module structures within the module.,Groovy,https://github.com/EastWoodYang/MicroModule
176,gradle-one-jar,218,41,218,17,16/05/2012,10/05/2024,485.00 KB,"The gradle-one-jar project is a Gradle plugin that uses One-JAR, a specialised Class-Loader written by Simon Tuffs (http://one-jar.sourceforge.net/), for building self-contained executable jars that include all dependencies.",Groovy,https://github.com/rholder/gradle-one-jar
177,jenkins-pipeline-library,215,101,215,1,29/11/2017,25/09/2024,1.11 MB,wcm.io Jenkins Pipeline Library for CI/CD,Groovy,https://github.com/wcm-io-devops/jenkins-pipeline-library
178,jenkins-lib,214,88,214,52,20/04/2020,05/10/2026,1.05 MB,Jenkins shared library для 1С:Предприятие 8,Groovy,https://github.com/firstBitMarksistskaya/jenkins-lib
179,tradukisto,214,98,214,44,30/03/2015,30/03/2026,964.00 KB,A Java i18n library created to convert numbers to their word representations.,Groovy,https://github.com/allegro/tradukisto
180,platform,211,87,211,0,29/04/2014,06/11/2019,2.39 MB,The lean and modular platform for modern applications,Groovy,https://github.com/spring-attic/platform
181,module-dependency-graph,208,11,208,4,12/10/2019,02/06/2023,395.00 KB,This plugin adds a new task (graphModules) to your project which will create an image with the graph of your module dependency tree,Groovy,https://github.com/savvasdalkitsis/module-dependency-graph
182,micro-infra-spring,207,45,207,52,05/08/2014,21/02/2020,3.11 MB,Repository containing default microservice infrastructure set up using Spring configuration,Groovy,https://github.com/4finance/micro-infra-spring
183,lock-manager,206,643,206,81,20/09/2016,03/12/2022,524.00 KB,Lock Manager,Groovy,https://github.com/ethayer/lock-manager
184,versioning,206,40,206,20,05/01/2015,25/04/2026,802.00 KB,Gradle plug-in to generate version information from the SCM branch (Git or Svn),Groovy,https://github.com/nemerosa/versioning
185,cabolabs-ehrserver,206,113,206,166,11/03/2013,13/03/2023,117.98 MB,"Open platform to manage and share standardized clinical data, designed by @ppazos at CaboLabs Health Informatics.",Groovy,https://github.com/ppazos/cabolabs-ehrserver
186,muwire,204,27,204,53,02/07/2018,01/01/2025,7.57 MB,MuWire file sharing client for I2P,Groovy,https://github.com/zlatinb/muwire
187,GroovyInAction,202,77,202,1,04/06/2015,06/02/2023,2.83 MB,"Source code of the book Groovy in Action, 2nd edition",Groovy,https://github.com/Dierk/GroovyInAction
188,groovyfx,202,52,202,23,26/11/2011,05/03/2021,18.27 MB,A library for writing JavaFX 8 applications in the Groovy language.,Groovy,https://github.com/groovyfx-project/groovyfx
189,android-native-dependencies,200,28,200,10,25/05/2014,14/08/2017,955.00 KB,Gradle plugin for resolving and downloading Android native dependencies (.so),Groovy,https://github.com/AghilasMessara/android-native-dependencies
190,gradle-properties-plugin,199,30,199,15,04/07/2012,25/04/2026,715.00 KB,Gradle plugin to simplify loading project properties from external environment specific files,Groovy,https://github.com/stevesaliman/gradle-properties-plugin
191,geb-example-gradle,198,189,198,0,22/12/2010,08/10/2026,422.00 KB,An example project for using Geb in a Gradle build (Spock and JUnit 4),Groovy,https://github.com/geb/geb-example-gradle
192,AppInit,196,22,196,3,26/03/2020,27/07/2026,7.74 MB,AppInit 是一款 Android 应用初始化框架，基于组件化的设计思路，功能灵活，使用简单。,Groovy,https://github.com/bingoogolapple/AppInit
193,google-java-format-gradle-plugin,194,36,194,21,03/11/2015,03/07/2024,491.00 KB,,Groovy,https://github.com/sherter/google-java-format-gradle-plugin
194,Gank4Android,191,38,191,1,29/09/2015,16/07/2016,18.08 MB,Deprecated  使用Groovy开发的Gank.IO的Android客户端,Groovy,https://github.com/zzhoujay/Gank4Android
195,smartthings,191,291,191,0,04/07/2014,03/10/2022,321.00 KB,My SmartThings Projects,Groovy,https://github.com/statusbits/smartthings
196,jenkins-pipeline-scripts,190,127,190,0,13/04/2016,21/02/2019,77.00 KB,,Groovy,https://github.com/docker-archive/jenkins-pipeline-scripts
197,jenkins-spock,189,73,189,47,10/09/2018,28/06/2024,299.00 KB,Unit-test Jenkins pipeline code with Spock,Groovy,https://github.com/ExpediaGroup/jenkins-spock
198,badass-runtime-plugin,189,30,189,48,17/11/2018,06/11/2025,27.66 MB,Create a custom runtime image of your non-modular application,Groovy,https://github.com/beryx/badass-runtime-plugin
199,jenkins-build-per-branch,188,173,188,35,19/01/2012,26/07/2017,477.00 KB,,Groovy,https://github.com/entagen/jenkins-build-per-branch
200,gmongo,185,43,185,5,20/06/2010,29/04/2016,12.20 MB,A Groovy wrapper to the mongodb Java driver,Groovy,https://github.com/poiati/gmongo
201,gradle-lombok,184,21,184,4,18/08/2015,22/12/2021,428.00 KB,Gradle plugin for Lombok support,Groovy,https://github.com/franzbecker/gradle-lombok
202,fabric8-jenkinsfile-library,184,66,184,8,01/11/2016,13/02/2019,437.00 KB,This repository contains a library of reusable Jenkinsfiles that you can use on your projects. Its reused by the fabric8 console to associate Jenkinsfiles to projects,Groovy,https://github.com/fabric8io/fabric8-jenkinsfile-library
203,Making-Java-Groovy,183,84,183,2,19/11/2011,07/08/2026,21.99 MB,"Source code for Manning book ""Making Java Groovy""",Groovy,https://github.com/kousen/Making-Java-Groovy
204,AnalysisApp,181,22,181,5,16/08/2016,16/06/2024,86.00 KB,一个快速分析某个app使用哪些sdk的小工具,Groovy,https://github.com/fengzhizi715/AnalysisApp
205,gradle-hockeyapp-plugin,179,64,179,14,22/09/2013,28/03/2018,652.00 KB,A Gradle plugin for uploading iOS and Android Apps to HockeyApp.,Groovy,https://github.com/x2on/gradle-hockeyapp-plugin
206,gradle-fatjar-plugin,179,23,179,8,15/04/2012,27/07/2015,394.00 KB,Gradle FatJAR Plugin,Groovy,https://github.com/musketyr/gradle-fatjar-plugin
207,HubitatPublic,179,101,179,7,16/02/2018,25/03/2025,184.00 KB,,Groovy,https://github.com/hubitat/HubitatPublic
208,jenkins-configuration,178,47,178,7,30/05/2017,24/09/2026,440.00 KB,A collection of utilities for configuring a Jenkins instance and its plugins,Groovy,https://github.com/edx/jenkins-configuration
209,gradle-buildconfig-plugin,178,20,178,13,08/08/2015,20/12/2021,227.00 KB,A BuildConfig plugin for Gradle java projects,Groovy,https://github.com/mfuerstenau/gradle-buildconfig-plugin
210,gradle-nexus-staging-plugin,175,23,175,17,26/02/2015,22/10/2022,636.00 KB,Automatize releasing Gradle projects to Maven Central.,Groovy,https://github.com/Codearte/gradle-nexus-staging-plugin
211,demo-jenkins-config-as-code,174,70,174,8,13/07/2017,15/12/2022,131.00 KB,Demo of Jenkins Configuration-As-Code with Docker and Groovy Hook Scripts,Groovy,https://github.com/oleg-nenashev/demo-jenkins-config-as-code
212,gaiden,172,11,172,10,27/09/2013,16/12/2022,2.87 MB,Gaiden is a tool that makes it easy to create documentation with Markdown.,Groovy,https://github.com/kobo/gaiden
213,github-api-global-lib,172,547,172,10,15/12/2016,13/10/2023,178.00 KB,,Groovy,https://github.com/darinpope/github-api-global-lib
214,genymotion-gradle-plugin,171,50,171,4,23/01/2015,10/07/2026,2.13 MB,"A plugin that allows you to control, simply, all your Genymotion devices from your Gradle scripts",Groovy,https://github.com/Genymobile/genymotion-gradle-plugin
215,ClassPlugin,171,22,171,2,15/08/2017,30/01/2023,246.00 KB,A flexible class replacement plugin for gradle,Groovy,https://github.com/dinuscxj/ClassPlugin
216,jenkinsfiles,170,150,170,0,20/04/2016,23/04/2016,17.00 KB,Examples collected for Jenkins files from www,Groovy,https://github.com/dalalv/jenkinsfiles
217,openthesaurus,169,27,169,7,24/09/2012,24/09/2026,10.61 MB,web-based thesaurus search and management,Groovy,https://github.com/danielnaber/openthesaurus
218,lgtmin,168,26,168,26,03/05/2013,14/06/2021,15.46 MB,Say 'Looks good to me' with pictures,Groovy,https://github.com/rahulsom/lgtmin
219,maven-tiles,168,35,168,31,02/08/2014,08/10/2026,1.89 MB,Injecting maven configurations by composition rather than inheritance,Groovy,https://github.com/repaint-io/maven-tiles
220,idea-gradle-dependencies-formatter,168,7,168,7,02/09/2015,02/05/2024,1.37 MB,Gradle dependencies formatter for IntelliJ IDEA,Groovy,https://github.com/platan/idea-gradle-dependencies-formatter
221,useful-jenkins-groovy-init-scripts,166,38,166,2,17/03/2015,30/08/2019,10.00 KB,A repo of useful groovy init scripts for working with jenkins hooks..,Groovy,https://github.com/imranity/useful-jenkins-groovy-init-scripts
222,android-build-filter-gradle-plugin,166,11,166,2,25/04/2018,26/04/2018,361.00 KB,一个小众需求下移除 Android 构建中 Jar 包、AAR 包、构建冗余 class 文件的 Gradle 插件。,Groovy,https://github.com/yanbober/android-build-filter-gradle-plugin
223,lemarios,165,87,165,3,09/03/2012,09/02/2024,2.08 MB,Lemarios y listas de palabras del español,Groovy,https://github.com/olea/lemarios
224,jgitver-maven-plugin,165,42,165,43,27/04/2016,25/09/2023,686.00 KB,maven core extension to automatically define versions using jgitver & git tags,Groovy,https://github.com/jgitver/jgitver-maven-plugin
225,mpl,165,105,165,14,05/04/2018,07/11/2024,119.00 KB,[IT-36925] Jenkins Shared Modular Pipeline Library,Groovy,https://github.com/griddynamics-archive/mpl
226,android-raspberry-pi,165,17,165,16,10/04/2023,28/05/2026,2.43 MB,,Groovy,https://github.com/tesla-android/android-raspberry-pi
227,EasyPrivacy,164,28,164,2,25/10/2021,30/08/2022,2.14 MB,一个帮助开发者快速解决整改问题的 Gradle 插件，来提 Feature！,Groovy,https://github.com/pengxurui/EasyPrivacy
228,grain,162,29,162,0,11/10/2013,28/04/2025,6.27 MB,"Grain is a lightweight and powerful static website generator with custom themes to help create static, SEO-friendly websites or a blog in no time.",Groovy,https://github.com/sysgears/grain
229,RxGroovy,161,23,161,5,19/08/2014,08/01/2020,235.00 KB,RxJava bindings for Groovy,Groovy,https://github.com/ReactiveX/RxGroovy
230,gradle-gatling-plugin,161,43,161,0,08/12/2015,29/09/2020,328.00 KB,Gatling Plugin for Gradle,Groovy,https://github.com/lkishalmi/gradle-gatling-plugin
231,jenkinslibrary,159,340,159,2,09/01/2020,17/10/2021,156.00 KB,Jenkins共享库,Groovy,https://github.com/zeyangli/jenkinslibrary
232,wire-gradle-plugin,157,20,157,5,07/05/2015,29/04/2019,70.00 KB,A Gradle plugin for generating Java code for your protocol buffer definitions with Wire.,Groovy,https://github.com/square/wire-gradle-plugin
233,wuff,157,47,157,68,20/04/2014,19/03/2024,5.16 MB,Gradle plugin for automating assembly of OSGi/Eclipse bundles and applications,Groovy,https://github.com/akhikhl/wuff
234,artifactory-scripts,157,157,157,21,17/07/2014,03/06/2025,408.00 KB,"Scripts for Artifactory (Usually, for REST API), community driven.",Groovy,https://github.com/jfrog/artifactory-scripts
235,grails-website,155,172,155,10,14/02/2011,09/12/2020,33.44 MB,Grails Web Site,Groovy,https://github.com/grails-samples/grails-website
236,gradle-plugin-git-dependencies,155,24,155,12,01/01/2013,25/03/2014,814.00 KB,A Gradle Plugin to manage git repository dependencies,Groovy,https://github.com/bat-cha/gradle-plugin-git-dependencies
237,nf-tower,154,58,154,114,15/04/2019,30/01/2025,10.86 MB,Nextflow Tower system,Groovy,https://github.com/seqeralabs/nf-tower
238,gson-plugin,153,12,153,2,15/11/2018,13/05/2019,152.00 KB,辅助 Gson 库的 gradle 插件，防止 Json 数据解析类型异常。,Groovy,https://github.com/LianjiaTech/gson-plugin
239,Mis,153,24,153,0,08/06/2018,15/07/2021,430.00 KB,模块接口服务，如何在一个模块内维护其对外暴露的接口（包括打包发布），而不是把接口和接口实现分离到两个不同的模块？,Groovy,https://github.com/EastWoodYang/Mis
240,adop-jenkins,152,128,152,18,01/02/2016,30/01/2019,125.00 KB,,Groovy,https://github.com/Accenture/adop-jenkins
241,twitter-bootstrap-scaffolding,152,87,152,22,15/11/2011,07/09/2015,457.00 KB,Twitter Bootstrap powered Grails scaffolding templates,Groovy,https://github.com/robfletcher/twitter-bootstrap-scaffolding
242,parrot,150,12,150,1,06/04/2016,11/04/2016,90.00 KB,Automatically translate all your string resources to multiple languages,Groovy,https://github.com/carlospaulino/parrot
243,zerotocloud,150,42,150,6,14/07/2014,16/11/2018,18.34 MB,Scripts and instructions for Zero To Cloud With NetflixOSS,Groovy,https://github.com/Netflix-Skunkworks/zerotocloud
244,pipelineUnit,147,63,147,12,09/03/2017,04/04/2019,140.00 KB,Unit testing of Jenkins pipeline code with Spock,Groovy,https://github.com/macg33zr/pipelineUnit
245,hubitat-packagemanager,147,53,147,21,05/04/2020,11/06/2022,1.01 MB,,Groovy,https://github.com/dcmeglio/hubitat-packagemanager
246,igor,145,628,145,4,06/10/2014,20/12/2025,3.13 MB,Integration with Jenkins and Git for Spinnaker,Groovy,https://github.com/spinnaker/igor
247,groovycsv,145,30,145,3,02/07/2010,12/06/2025,233.00 KB,A simple CSV parsing library for groovy,Groovy,https://github.com/xlson/groovycsv
248,Tayra,145,29,145,5,26/10/2012,18/04/2017,12.76 MB,Incremental backup tool for MongoDB,Groovy,https://github.com/EqualExperts/Tayra
249,cdeasy,144,46,144,3,01/07/2015,22/06/2017,394.00 KB,Continuous Delivery made Easy ;),Groovy,https://github.com/camiloribeiro/cdeasy
250,JenkinsAsCodeReference,143,105,143,25,20/11/2015,23/08/2018,592.00 KB,This repository is intended for the reference Jenkins configuration as code as well as JobDSL library,Groovy,https://github.com/Praqma/JenkinsAsCodeReference
251,device-type.myecobee,143,260,143,0,09/04/2014,31/01/2023,4.33 MB,SmartThings-ecobee integration,Groovy,https://github.com/yracine/device-type.myecobee
252,gradle-plugins,143,40,143,0,20/11/2014,28/04/2021,513.00 KB,A collection of Gradle plugins,Groovy,https://github.com/ewerk/gradle-plugins
253,idea-cli-inspector,143,14,143,3,04/12/2015,19/07/2021,186.00 KB,"A little command-line tool to integrate the awesome IntelliJ IDEA code inspections in your continuous integration (CI) process using Jenkins, Bamboo, et. al.",Groovy,https://github.com/bentolor/idea-cli-inspector
254,gradle-extra-configurations-plugin,141,18,141,7,27/01/2014,07/05/2026,1.30 MB,Gradle plugin introducing a provided dependency configuration and marking a dependency as optional.,Groovy,https://github.com/nebula-plugins/gradle-extra-configurations-plugin
255,OmniJ,141,75,141,32,03/06/2014,29/04/2026,18.41 MB,"OmniLayer for Java, JVM, and Android",Groovy,https://github.com/OmniLayer/OmniJ
256,gradle-quality-plugin,141,11,141,1,19/11/2015,06/10/2026,4.98 MB,Gradle quality plugin for Java and Groovy,Groovy,https://github.com/xvik/gradle-quality-plugin
257,grails-gradle-plugin-archived,141,39,141,36,10/02/2010,26/09/2015,1.34 MB,,Groovy,https://github.com/grails/grails-gradle-plugin-archived
258,kordamp-gradle-plugins,141,23,141,35,01/10/2018,02/08/2025,22.04 MB,A collection of Gradle plugins,Groovy,https://github.com/kordamp/kordamp-gradle-plugins
259,Apollo,140,86,140,240,10/10/2013,15/07/2026,181.52 MB,Genome annotation editor with a Java Server backend and a Javascript client that runs in a web browser as a JBrowse plugin.,Groovy,https://github.com/GMOD/Apollo
260,fat-aar,140,29,140,12,17/07/2019,06/09/2019,83.00 KB,A plugin to merge dependencies(aar/jar) into aar file,Groovy,https://github.com/cpdroid/fat-aar
261,AARLinkSources,140,9,140,2,30/09/2014,09/05/2016,166.00 KB,Attach sources for .aar dependencies in AndroidStudio.,Groovy,https://github.com/xujiaao/AARLinkSources
262,gradle-plugins,139,52,139,2,16/10/2011,15/01/2024,1.57 MB,"Gradle plugins for use in building and publishing open-source Spring projects, e.g. Spring Framework, Spring Integration",Groovy,https://github.com/spring-attic/gradle-plugins
263,j2objc-gradle,139,43,139,57,02/02/2015,18/06/2018,1.28 MB,"This plugin is no longer actively maintained. J2ObjC Gradle Plugin: enables Java source to be part of an iOS application's build so you can write an app's non-UI code (such as application logic and data models) in Java, which is then shared by Android apps (natively Java) and iOS apps (using J2ObjC), all as part of your usual Android Gradle build.",Groovy,https://github.com/j2objc-contrib/j2objc-gradle
264,stapi,139,18,139,11,07/10/2016,27/09/2025,10.81 MB,"STAPI, a Star Trek API",Groovy,https://github.com/cezarykluczynski/stapi
265,jenkins-devops-libs,135,54,135,0,18/12/2017,07/10/2026,693.00 KB,Collection of Jenkins Pipeline shared libraries for common DevOps software.,Groovy,https://github.com/mschuchard/jenkins-devops-libs
266,thymeleaf-extras-eclipse-plugin,133,30,133,41,16/01/2013,22/10/2023,46.82 MB,Thymeleaf integration plugin for the Eclipse IDE,Groovy,https://github.com/thymeleaf/thymeleaf-extras-eclipse-plugin
267,gradle-visteg,132,25,132,11,01/12/2014,09/03/2021,154.00 KB,Exports task execution graph as .dot file,Groovy,https://github.com/mmalohlava/gradle-visteg
268,icon-version,132,25,132,5,11/11/2014,12/08/2018,7.64 MB,Android gradle plugin that adds version and flavor name to all app icons.,Groovy,https://github.com/akonior/icon-version
269,GradleFx,132,59,132,58,01/06/2011,18/10/2022,1.73 MB,Gradle plugin for building Flex projects.,Groovy,https://github.com/GradleFx/GradleFx
270,android-appversion-gradle-plugin,131,19,131,3,11/11/2014,16/10/2015,175.00 KB,Add extra information to output file name. Add build number to the application version. ,Groovy,https://github.com/hamsterksu/android-appversion-gradle-plugin
271,jenkins-dsl,131,28,131,0,12/01/2017,20/05/2020,509.00 KB,"Jenkins DSLs for my Jenkins instance, keeps forks up to date, mirrors repositories to private git, builds all Dockerfiles and more.",Groovy,https://github.com/jessfraz/jenkins-dsl
272,findbugs-android,130,7,130,7,24/07/2016,17/04/2023,266.00 KB,Gradle plugin that creates FindBugs reports for android projects,Groovy,https://github.com/ChaitanyaPramod/findbugs-android
273,icloud-caldav-urls,130,36,130,4,06/01/2012,18/05/2023,29.59 MB,iCloud calendar URLs,Groovy,https://github.com/muhlba91/icloud-caldav-urls
274,grabbit,130,61,130,89,27/02/2015,19/05/2020,4.42 MB,Grabbit - Fast Content Sync tool for AEM/CQ,Groovy,https://github.com/TWCable/grabbit
275,maven-profiler,129,22,129,20,14/07/2013,23/09/2025,364.00 KB,Log Maven mojos execution time,Groovy,https://github.com/jcgay/maven-profiler
276,extra-java-module-info,128,12,128,12,22/04/2020,08/10/2026,1.22 MB,A Gradle 6.8+ plugin to use legacy Java libraries as Java Modules in a modular Java project,Groovy,https://github.com/gradlex-org/extra-java-module-info
277,maven2gradle,128,44,128,0,02/05/2010,18/12/2013,336.00 KB,Maven2 to Gradle build converter,Groovy,https://github.com/jbaruch/maven2gradle
278,frame-gradle-plugin,127,3,127,12,24/01/2016,22/07/2016,12.85 MB,A gradle plugin to automate framing android screenshots with devices frames in multiple languages and with multiple screen sizes.,Groovy,https://github.com/chemouna/frame-gradle-plugin
279,gradle-spoon-plugin,127,26,127,37,02/11/2017,05/02/2026,936.00 KB,Gradle plugin that provides a task to run Android instrumentation tests via Spoon.,Groovy,https://github.com/jaredsburrows/gradle-spoon-plugin
280,nomadfiles,126,9,126,4,19/01/2017,08/03/2018,18.00 KB,A collection of Nomad job files for deploying applications to a cluster,Groovy,https://github.com/jrasell/nomadfiles
281,infer-plugin,126,15,126,6,03/05/2016,28/03/2019,121.00 KB,Gradle plugin that allows easy integration with the infer static analyzer. ,Groovy,https://github.com/uber-archive/infer-plugin
282,jenkins-automation,126,78,126,3,02/07/2015,27/06/2025,1.32 MB,Helpers for automating Jenkins via Groovy code—primarily job builders and utilities.,Groovy,https://github.com/cfpb/jenkins-automation
283,gradle-eclipse-aar-plugin,125,25,125,8,08/02/2015,09/07/2017,515.00 KB,Gradle plugin to use Android AAR libraries on Eclipse.,Groovy,https://github.com/ksoichiro/gradle-eclipse-aar-plugin
284,Android-strings-xml-csv-converter,125,32,125,10,09/05/2015,25/10/2017,6.26 MB,Convert Android translatable strings.xml into csv and back ,Groovy,https://github.com/LiewJunTung/Android-strings-xml-csv-converter
285,querydsl-entityql,124,17,124,5,18/12/2019,21/01/2022,752.00 KB,QueryDSL EntityQL - Native Query builder for JPA,Groovy,https://github.com/eXsio/querydsl-entityql
286,code-history-mining,123,10,123,9,23/02/2013,03/01/2018,81.98 MB,IntelliJ plugin for analysis and visualisation of project code history,Groovy,https://github.com/dkandalov/code-history-mining
287,gradle-use-latest-versions-plugin,123,32,123,16,10/03/2018,12/08/2025,378.00 KB,,Groovy,https://github.com/patrikerdes/gradle-use-latest-versions-plugin
288,docker-client,123,28,123,38,06/05/2014,05/10/2026,4.80 MB,A Docker client for Java written in Kotlin and Groovy,Groovy,https://github.com/gesellix/docker-client
289,gradle-jenkins-plugin,122,42,122,33,21/12/2012,24/08/2019,411.00 KB,Gradle plugin to programmatically configure Jenkins jobs.,Groovy,https://github.com/ghale/gradle-jenkins-plugin
290,gradle-vaadin-plugin,120,56,120,18,19/10/2012,10/03/2021,2.57 MB,A Gradle plugin for building Vaadin applications,Groovy,https://github.com/johndevs/gradle-vaadin-plugin
291,corpus,120,14,120,4,17/07/2016,21/09/2026,135.42 MB,Браунський корпус української мови,Groovy,https://github.com/brown-uk/corpus
292,jira-scripts,119,54,119,1,19/04/2017,27/07/2022,1.51 MB,,Groovy,https://github.com/mailru/jira-scripts
293,gradle-cobertura-plugin,119,51,119,37,17/07/2012,21/05/2022,1.45 MB,Gradle Cobertura Plugin,Groovy,https://github.com/stevesaliman/gradle-cobertura-plugin
294,library-analysis,118,22,118,3,21/05/2016,23/07/2019,1.66 MB,Library Analysis Gradle Plugin,Groovy,https://github.com/znyang/library-analysis
295,Hubitat,117,68,117,0,18/02/2018,06/10/2026,4.38 MB,Hubitat Elevation Apps and Drivers,Groovy,https://github.com/ogiewon/Hubitat
296,HotFix,117,27,117,4,04/05/2016,10/02/2017,2.16 MB,Android热补丁修复框架，自动生成带签名的补丁包,Groovy,https://github.com/aitsuki/HotFix
297,linkedin-gradle-plugin-for-apache-hadoop,117,68,117,16,23/07/2015,11/05/2023,1.71 MB,,Groovy,https://github.com/linkedin/linkedin-gradle-plugin-for-apache-hadoop
298,groovy-ssh,117,25,117,28,14/07/2014,25/05/2025,2.44 MB,SSH automation tool based on Groovy DSL,Groovy,https://github.com/int128/groovy-ssh
299,gradle-watch-plugin,117,20,117,18,11/12/2013,06/07/2018,617.00 KB,Gradle Watch Plugin,Groovy,https://github.com/bluepapa32/gradle-watch-plugin
300,gradle-plugin-example,116,30,116,2,09/06/2016,05/11/2017,111.00 KB,An example of how to build and test a gradle plugin.,Groovy,https://github.com/jonathanhood/gradle-plugin-example
301,handlebars-spring-boot-starter,116,25,116,5,01/04/2015,03/03/2025,403.00 KB,Spring Boot auto-configuration for Handlebars,Groovy,https://github.com/allegro/handlebars-spring-boot-starter
302,Ecobee-Suite,116,152,116,20,04/02/2018,07/10/2026,8.15 MB,Ecobee Suite is for integrating Ecobee thermostats & sensors with the Hubitat home automation platform,Groovy,https://github.com/SANdood/Ecobee-Suite
303,smartthings,116,189,116,15,25/02/2016,12/09/2022,5.20 MB,"SmartThings home automation services, apps and devices",Groovy,https://github.com/redloro/smartthings
304,gr8confagenda,115,31,115,2,04/06/2014,16/03/2016,503.00 KB,Source code for the GR8Conf Agenda Android application,Groovy,https://github.com/melix/gr8confagenda
305,android-scripts,114,15,114,1,10/03/2014,23/11/2017,22.00 KB,helper scripts to setup adb wifi connection and switch developer tools,Groovy,https://github.com/dhelleberg/android-scripts
306,jira-trigger-plugin,114,63,114,2,16/01/2016,24/04/2025,1.12 MB,Triggers a build when a certain condition is matched in JIRA,Groovy,https://github.com/jenkinsci/jira-trigger-plugin
307,build-parameters,113,6,113,27,17/01/2022,07/10/2026,1.26 MB,Compile-safe access to parameters supplied to a Gradle build,Groovy,https://github.com/gradlex-org/build-parameters
308,gradle-robojava-plugin,113,6,113,0,17/12/2014,27/01/2015,319.00 KB,Gradle plugin to integrate Robolectric tests into Android Studio,Groovy,https://github.com/kageiit/gradle-robojava-plugin
309,ResPkgRemaker,113,31,113,4,05/06/2017,25/05/2018,188.00 KB,"a gradle plugin which can change your res packageId by simple config without modify aapt, very useful for plugin-framework and multi dynamic resource",Groovy,https://github.com/seiginonakama/ResPkgRemaker
310,echo-speaks,114,175,114,49,31/08/2018,29/03/2026,50.49 MB,"Integrate your Amazon Echo devices into your Hubitat environment to create virtual Echo Devices. These virtual devices will allow you to speak text, make announcements, control media playback including volume, and many other Alexa features.",Groovy,https://github.com/tonesto7/echo-speaks
311,ansible-nexus3-oss,113,88,113,16,31/08/2016,14/04/2020,104.00 KB,Ansible role to provision Nexus Repository Manager 3.x for RedHat/CentOS,Groovy,https://github.com/savoirfairelinux/ansible-nexus3-oss
312,jenkins-configuration-as-code-sandbox,113,56,113,1,10/08/2018,14/09/2026,82.00 KB,"Jenkins Configuration as Code, JCasC, Job DSL, Pipeline, Shared library",Groovy,https://github.com/tomasbjerre/jenkins-configuration-as-code-sandbox
313,PlayServicesStrip-plugin,112,2,112,3,23/10/2014,09/11/2014,169.00 KB,DEPRECATED - Use play-services 6.x instead. Gradle plugin to strip your google play services,Groovy,https://github.com/castorflex/PlayServicesStrip-plugin
314,oi-janky-groovy,112,62,112,0,09/09/2016,08/09/2026,594.00 KB,Jenkins Pipeline and Job DSL scripts for Official Images Jenkins jobs,Groovy,https://github.com/docker-library/oi-janky-groovy
315,android-gradle-localization-plugin,112,19,112,8,22/06/2014,16/11/2023,1.04 MB,Gradle plugin for generating localized string resources,Groovy,https://github.com/koral--/android-gradle-localization-plugin
316,infrastructor,112,18,112,1,01/05/2017,27/12/2021,986.00 KB,Infrastructor is a server provisioning tool written in Groovy,Groovy,https://github.com/infrastructor/infrastructor
317,api-server,112,43,112,6,22/08/2013,17/10/2017,2.23 MB,Open-source FHIR Server to support patient- and clinician-facing apps,Groovy,https://github.com/smart-on-fhir/api-server
318,Generic-Video-Camera,111,467,111,0,23/04/2016,08/08/2019,7.00 KB,Generic Video Camera Live Streaming Video in SmartThings Tile View,Groovy,https://github.com/pstuart/Generic-Video-Camera
319,iotdb-smartthings,111,43,111,10,01/02/2014,09/05/2018,319.00 KB,Demonstration of how to write APIs that communicate with SmartThings,Groovy,https://github.com/dpjanes/iotdb-smartthings
320,example-books,111,67,111,5,03/12/2013,13/03/2024,551.00 KB,An example Groovy & Gradle based Ratpack app,Groovy,https://github.com/ratpack/example-books
321,spotbugs-maven-plugin,110,63,110,18,06/01/2014,05/10/2026,13.56 MB,Maven Mojo Plug-In to generate reports based on the SpotBugs Analyzer,Groovy,https://github.com/spotbugs/spotbugs-maven-plugin
322,JacocoEverywhere,110,7,110,8,11/12/2015,18/12/2017,166.00 KB,[Deprecated] Gradle plugin which allows to generate Jacoco coverage report for both integration & unit tests,Groovy,https://github.com/paveldudka/JacocoEverywhere
323,GradleGitDependenciesPlugin,110,15,110,10,27/05/2015,30/11/2021,128.00 KB,Gradle plugin to add external git repos as project dependencies,Groovy,https://github.com/alexvasilkov/GradleGitDependenciesPlugin
324,device-type.nest,109,260,109,9,14/08/2013,30/07/2018,329.00 KB,Device Type for Nest Thermostat,Groovy,https://github.com/smartthings-users/device-type.nest
325,gradle-build-properties-plugin,109,13,109,0,09/11/2016,11/02/2022,448.00 KB,Keep your secrets secret. External build properties support for your Gradle scripts. ,Groovy,https://github.com/novoda/gradle-build-properties-plugin
326,ImgCompressPlugin,109,12,109,2,23/01/2019,03/11/2021,5.66 MB,"一款Android端自动化图片压缩的gradle插件,一键扫描项目中的资源目录并进行批量图片压缩,提供3种压缩方式,支持有损及无损压缩.同时会记录已压缩的文件,适合个人及团队协同使用.",Groovy,https://github.com/KingKingDu/ImgCompressPlugin
327,cpi-groovy-examples,109,74,109,4,20/09/2020,19/12/2023,42.00 KB,Groovy Script Examples for SAP Cloud Integration (CPI),Groovy,https://github.com/pizug/cpi-groovy-examples
328,github-release-gradle-plugin,108,25,108,15,30/07/2017,31/01/2024,499.00 KB,A Gradle Plugin to send Releases to Github,Groovy,https://github.com/BreadMoirai/github-release-gradle-plugin
329,snyk-cicd-integration-examples,108,159,108,8,17/12/2018,02/12/2024,13.11 MB,Examples of integrating the Snyk CLI into a CI/CD system,Groovy,https://github.com/snyk-labs/snyk-cicd-integration-examples
330,AndAOP,108,16,108,0,04/04/2017,30/08/2018,135.00 KB,a gradle plugin project for android AOP,Groovy,https://github.com/luckybilly/AndAOP
331,mybatis-generator-plugin,107,22,107,0,05/02/2016,05/04/2023,214.00 KB,Mybatis Gradle Generator Plugin,Groovy,https://github.com/kimicla/mybatis-generator-plugin
332,bazam,107,16,107,22,01/05/2018,29/10/2022,1.61 MB,A read extraction and realignment tool for next generation sequencing data,Groovy,https://github.com/ssadedin/bazam
333,psync,106,7,106,0,14/07/2015,18/05/2017,97.00 KB,A gradle plugin for android projects to generate Java representations of xml preferences.,Groovy,https://github.com/Flipboard/psync
334,distiller-nf,106,27,106,68,25/04/2017,05/12/2024,1.37 MB,A modular Hi-C mapping pipeline,Groovy,https://github.com/open2c/distiller-nf
335,Hubitat,105,51,105,13,22/03/2018,07/09/2026,1.52 MB,Location for Inovelli Hubitat Drivers and Apps,Groovy,https://github.com/InovelliUSA/Hubitat
336,groovy-parser,105,12,105,8,14/08/2016,30/08/2026,84.48 MB,Yet another new parser for Groovy programming language(project code: Parrot),Groovy,https://github.com/daniellansun/groovy-parser
337,plugin-gradle,104,27,104,2,04/05/2021,07/10/2026,421.00 KB,Ballerina Gradle plugin,Groovy,https://github.com/ballerina-platform/plugin-gradle
338,GradleAndroidSignPlugin,104,9,104,1,13/02/2014,27/05/2015,314.00 KB,,Groovy,https://github.com/alexvasilkov/GradleAndroidSignPlugin
339,graffiti,103,9,103,3,14/10/2010,13/06/2014,6.47 MB,Graffiti is a micro web framework for Groovy inspired by Sinatra,Groovy,https://github.com/webdevwilson/graffiti
340,Automaton,103,20,103,13,30/09/2013,05/12/2017,7.48 MB,Simple framework which allows the testing of Swing and JavaFX2 applications.,Groovy,https://github.com/renatoathaydes/Automaton
341,pipeline-library,102,83,102,0,27/02/2017,02/05/2017,13.00 KB,Jenkins shared library for use with pipeline-as-code,Groovy,https://github.com/politie/pipeline-library
342,gradle-jacoco-coverage,102,23,102,5,11/06/2015,21/02/2017,132.00 KB,,Groovy,https://github.com/palantir/gradle-jacoco-coverage
343,groovyserv,102,11,102,15,03/03/2010,08/08/2022,8.07 MB,Groovy's startup acceralator.,Groovy,https://github.com/kobo/groovyserv
344,gradle-trust-all,102,27,102,7,02/06/2015,02/06/2015,100.00 KB,A gradle plugin to disable SSL certificate validation,Groovy,https://github.com/arteme/gradle-trust-all
345,build-flow-plugin,102,97,102,4,03/04/2012,04/08/2016,1.00 MB,A plugin to manage job orchestration,Groovy,https://github.com/jenkinsci/build-flow-plugin
346,accurest,102,22,102,5,06/12/2014,08/12/2017,2.18 MB,Accurest - Consumer Driven Contracts verifier for Java. Moved to:,Groovy,https://github.com/Codearte/accurest
347,gradle-macappbundle,101,34,101,10,18/05/2015,27/02/2024,248.00 KB,A Gradle Plugin to create a Mac OSX .app application and dmg based on the project.,Groovy,https://github.com/crotwell/gradle-macappbundle
348,gradle-msbuild-plugin,101,57,101,12,01/11/2012,05/09/2026,5.48 MB,"Gradle plugin for msbuild execution, supports C# project files for now",Groovy,https://github.com/Itiviti/gradle-msbuild-plugin
349,jenkins-groovy-scripts,101,58,101,0,09/09/2016,09/06/2026,41.00 KB,,Groovy,https://github.com/tkrzeminski/jenkins-groovy-scripts
350,DLNA-PLAYER,100,254,100,15,13/02/2015,13/10/2018,313.00 KB,Generic DLNA Player to Smartthings,Groovy,https://github.com/SmartThingsUle/DLNA-PLAYER
351,DEPRECATED-TP-Link-SmartThings,100,182,100,0,27/10/2018,26/12/2020,21.59 MB,SmartThings TP-Link (Kasa) Repository,Groovy,https://github.com/DaveGut/DEPRECATED-TP-Link-SmartThings
352,gradle-config,100,9,100,3,23/11/2015,20/12/2017,113.00 KB,Gradle plugin to add multi-variants yaml settings to Android.,Groovy,https://github.com/tmiyamon/gradle-config
353,manifestreplace-plugin,100,9,100,1,18/10/2014,27/10/2014,163.00 KB,Gradle plugin to add more placeholders to your manifest.xml.,Groovy,https://github.com/castorflex/manifestreplace-plugin
354,nebula-publishing-plugin,100,21,100,9,10/01/2014,04/09/2026,2.15 MB,Publishing related plugins,Groovy,https://github.com/nebula-plugins/nebula-publishing-plugin
355,swagger-gradle-plugin,99,49,99,37,27/01/2016,02/09/2023,1.12 MB,JAX-RS & SpringMVC supported gradle build plugin to generate Swagger documentation,Groovy,https://github.com/gigaSproule/swagger-gradle-plugin
356,jcdevhandlers,98,177,98,4,17/02/2016,03/06/2021,1.52 MB,My SmartThings stuff!,Groovy,https://github.com/jsconstantelos/jcdevhandlers
357,pipeline-library,98,91,98,4,14/03/2017,09/09/2026,3.00 MB,,Groovy,https://github.com/Mirantis/pipeline-library
358,spock-genesis,98,13,98,11,27/05/2014,29/11/2018,377.00 KB,Mostly lazy data generators for property based testing using the Spock test framework,Groovy,https://github.com/Bijnagte/spock-genesis
359,nebula-project-plugin,98,19,98,15,10/01/2014,03/08/2026,1.44 MB,Healthy defaults for a standard Gradle project,Groovy,https://github.com/nebula-plugins/nebula-project-plugin
360,MixinGradle,98,62,98,12,04/12/2015,23/07/2024,232.00 KB,Gradle plugin that adds the Mixin technology capability to your project.,Groovy,https://github.com/SpongePowered/MixinGradle
361,WebpConvert_Gradle_Plugin,97,20,97,2,21/01/2016,22/01/2016,11.00 KB,,Groovy,https://github.com/meili/WebpConvert_Gradle_Plugin
362,embedded-consul,97,27,97,19,12/06/2016,07/10/2022,336.00 KB,Embedded Consul provides easy way to run Consul in integration tests. ,Groovy,https://github.com/pszymczyk/embedded-consul
363,jenkins-pipeline-examples,96,123,96,1,01/06/2017,26/07/2022,22.00 KB,Example declarative pipelines for Jenkins,Groovy,https://github.com/cvitter/jenkins-pipeline-examples
364,Jenkins,96,56,96,0,17/01/2022,03/02/2026,1016.00 KB,"Jenkins CI/CD - Advanced Jenkinsfile & Groovy Shared Library of reusable functions and pipelines - AWS, GCP, Docker, Kubernetes, ArgoCD, Slack notifications, Git Merge, Terraform, Cloudflare, Jenkins Job Backups, most major Docker registries, DockerHub, GHCR, ECR, GCR, GAR, ACR, GitLab, Quay",Groovy,https://github.com/HariSekhon/Jenkins
365,okta-jwt-verifier-java,96,40,96,16,18/07/2017,20/08/2026,2.01 MB,okta-jwt-verifier-java,Groovy,https://github.com/okta/okta-jwt-verifier-java
366,soa-model,96,74,96,49,19/11/2012,02/06/2025,21.99 MB,"Toolkit and Java API for WSDL, WADL and XML Schema.",Groovy,https://github.com/membrane/soa-model
367,jenkins-shared-library,96,27,96,0,14/02/2022,12/03/2026,6.52 MB,"One For All DevOps, Powerful, flexible and easy-to-use, multi-terminal CI/CD shared library pipeline（ 强大灵活易用的多端CI/CD共享库流水线 ）",Groovy,https://github.com/DreamPWJ/jenkins-shared-library
368,gretty,96,14,96,5,23/11/2010,13/10/2011,1.67 MB,Gretty is simple framework for networking,Groovy,https://github.com/mbteswedenab/gretty
369,jruby-gradle-plugin,95,38,95,76,08/08/2014,16/08/2023,2.05 MB,A Gradle plugin for working with JRuby projects for fun and profit. Mostly profit.,Groovy,https://github.com/jruby-gradle/jruby-gradle-plugin
370,bintray-publish,95,9,95,0,09/09/2020,24/05/2021,97.00 KB,Super easy way to publish your Android and Java artifacts to bintray.,Groovy,https://github.com/panpf/bintray-publish
371,grails-spring-websocket,95,30,95,1,18/11/2013,08/10/2026,855.00 KB,,Groovy,https://github.com/zyro23/grails-spring-websocket
372,github-dependency-graph-gradle-plugin,95,19,95,15,03/12/2021,05/10/2026,2.61 MB,Gradle Plugin for Extracting Dependency Information to send to GitHub,Groovy,https://github.com/gradle/github-dependency-graph-gradle-plugin
373,document-builder,94,25,94,22,02/01/2015,06/05/2016,2.00 MB,Groovy Document Builder,Groovy,https://github.com/craigburke/document-builder
374,gradle-util-plugins,93,8,93,6,22/07/2017,28/05/2019,61.00 KB,"Fix for windows gradle long classpath issue. Fixes JavaExec tasks that error out with message ""CreateProcess error=206, The filename or extension is too long""",Groovy,https://github.com/viswaramamoorthy/gradle-util-plugins
375,BytecodeFixer,93,11,93,1,16/11/2017,19/01/2019,153.00 KB,BytecodeFixer can fix third platform jar file that has some bugs by javassist in Android,Groovy,https://github.com/llew2011/BytecodeFixer
376,gradle-aspectj,93,64,93,0,27/09/2013,08/11/2017,87.00 KB,Gradle AspectJ plugin,Groovy,https://github.com/semestry/gradle-aspectj
377,ScriptRunner-Scripts,93,67,93,4,22/06/2018,30/05/2024,100.00 KB,Groovy scripts to make your life easier when working on Atlassian tools,Groovy,https://github.com/sparxsys/ScriptRunner-Scripts
378,SmartThings_MyQ,93,1102,93,4,21/12/2014,13/01/2023,92.00 KB,Integrate SmartThings with MyQ,Groovy,https://github.com/copy-ninja/SmartThings_MyQ
379,testfairy-gradle-plugin,92,36,92,10,08/01/2014,20/12/2021,503.00 KB,TestFairy plugin for Gradle / Android Studio (and supported IDEs),Groovy,https://github.com/testfairy/testfairy-gradle-plugin
380,elasticsearch-river-csv,92,43,92,4,05/01/2013,17/04/2017,109.00 KB,CSV river for ElasticSearch,Groovy,https://github.com/AgileWorksOrg/elasticsearch-river-csv
381,sdp-libraries,92,96,92,15,10/12/2018,19/01/2024,5.15 MB,The Solutions Delivery Platform Pipeline Libraries for the Jenkins Templating Engine,Groovy,https://github.com/boozallen/sdp-libraries
382,client-dependencies-gradle,90,17,90,19,29/01/2016,07/03/2018,458.00 KB,"Install client dependencies from NPM, Bower or Git",Groovy,https://github.com/craigburke/client-dependencies-gradle
383,vscode-groovy-lint,90,18,90,14,23/02/2020,07/10/2026,19.79 MB,"VSCode extension to lint , correct and format groovy and Jenkinsfile ",Groovy,https://github.com/nvuillam/vscode-groovy-lint
384,gradle-deploygate-plugin,90,25,90,7,24/06/2013,05/08/2026,1.68 MB,DeployGate plugin for the Gradle build system.,Groovy,https://github.com/DeployGate/gradle-deploygate-plugin
385,pipeline-library-demo,90,321,90,0,11/08/2017,11/09/2022,11.00 KB,Demonstration of using a shared library in Jenkins,Groovy,https://github.com/tutorialworks/pipeline-library-demo
386,imperative-when,90,50,90,3,07/02/2018,21/02/2020,6.00 KB,Use when statement in imperative pipeline inkl. Blue Ocean shows skipped stages,Groovy,https://github.com/comquent/imperative-when
387,ApiInspect,89,9,89,0,25/12/2018,09/01/2019,182.00 KB,An api compatibility inspect gradle plugin.（一个Api兼容性检测的Gradle插件）,Groovy,https://github.com/Sunzxyong/ApiInspect
388,job-dsl-playground,89,35,89,4,16/02/2014,26/03/2025,1.44 MB,An app for debugging Groovy scripts using the Jenkins Job DSL,Groovy,https://github.com/sheehan/job-dsl-playground
389,gradle-semantic-release-plugin,89,11,89,15,19/07/2015,13/08/2026,455.00 KB,Gradle implementation of semantic release (https://github.com/semantic-release/semantic-release),Groovy,https://github.com/tschulte/gradle-semantic-release-plugin
390,jenny,89,7,89,6,30/01/2018,14/12/2022,188.00 KB,Command line Jenkinsfile runner written in groovy. Does not need a Jenkins installation to run the Jenkinsfile.,Groovy,https://github.com/bmustiata/jenny
391,boot-microservice,89,36,89,24,27/03/2014,08/04/2018,872.00 KB,Common classes for microservices set up on Spring Boot.,Groovy,https://github.com/4finance/boot-microservice
392,swagger2raml,88,7,88,7,21/05/2014,15/01/2015,8.99 MB,A utility to generate RAML documentation from Swagger JSON,Groovy,https://github.com/8x8Cloud/swagger2raml
393,rosco,88,610,88,7,05/01/2015,20/12/2025,2.07 MB,A bakery for deployable images,Groovy,https://github.com/spinnaker/rosco
394,android_backup_project,88,15,88,0,08/12/2019,10/08/2026,112.85 MB,,Groovy,https://github.com/AndDiSa/android_backup_project
395,dexpatcher-gradle,87,18,87,15,03/06/2015,27/06/2020,781.00 KB,Modify Android applications at source-level in Android Studio,Groovy,https://github.com/DexPatcher/dexpatcher-gradle
396,gstorm,87,14,87,28,25/03/2012,28/03/2022,431.00 KB,A simple ORM for databases and CSV files. Intended to be used in groovy scripts and small projects,Groovy,https://github.com/kdabir/gstorm
397,gradle-semantic-build-versioning,87,31,87,19,09/02/2016,10/06/2021,388.00 KB,Gradle plugin to generate version-numbers and tags using semantic versioning,Groovy,https://github.com/vivin/gradle-semantic-build-versioning
398,bnd-platform,87,28,87,12,16/02/2014,08/10/2026,6.65 MB,"Build OSGi bundles and Eclipse Update Sites from existing JARs, e.g. from Maven repositories (Plugin for Gradle)",Groovy,https://github.com/stempler/bnd-platform
399,project_template,87,240,87,8,25/03/2018,24/10/2023,70.00 KB,Typical repo for new devops project,Groovy,https://github.com/ksemaev/project_template
400,DLink-Camera-Manager,86,355,86,8,24/04/2016,28/06/2020,82.00 KB,D-Link Camera Manager Connect App,Groovy,https://github.com/blebson/DLink-Camera-Manager
401,ButterMess,86,11,86,0,02/07/2016,15/08/2016,95.00 KB,,Groovy,https://github.com/peacepassion/ButterMess
402,gradle-offline-dependencies-plugin,86,29,86,17,17/04/2016,11/04/2019,6.19 MB,Store project dependencies alongside your code for reproducible offline builds,Groovy,https://github.com/mdietrichstein/gradle-offline-dependencies-plugin
403,tasmota-connect,85,166,85,8,21/02/2020,27/08/2022,110.00 KB,Add your Tasmota devices as SmartThings devices,Groovy,https://github.com/hongtat/tasmota-connect
404,decentralize-your-internet,85,13,85,2,05/12/2024,06/11/2025,22.89 MB,,Groovy,https://github.com/hackerbande-nbg/decentralize-your-internet
405,cicon-plantuml-sprites,85,23,85,0,04/11/2017,27/05/2023,219.00 KB,PlantUML sprites generated from Cloudinsight icons (https://github.com/cloudinsight/cicon),Groovy,https://github.com/plantuml-stdlib/cicon-plantuml-sprites
406,groovy-liquibase,85,66,85,1,30/10/2010,23/11/2015,1.65 MB,Yet Another Groovy DSL for Liquibase,Groovy,https://github.com/tlberglund/groovy-liquibase
407,android-proguard-rules,85,25,85,0,16/09/2016,17/10/2016,23.00 KB,Set of Proguard rules that need to be configured for some frequently used libraries,Groovy,https://github.com/mukeshsolanki/android-proguard-rules
408,htmlSanityCheck,85,55,85,88,08/05/2014,03/07/2026,15.28 MB,"HTML sanity checker - detects missing images, dead links and cross-references, duplicate link targets (anchors) and the like. Works standalone (command-line), and as Maven- or Gradle-plugin.",Groovy,https://github.com/aim42/htmlSanityCheck
409,gradle-proguard-plugin,85,7,85,0,30/01/2015,26/02/2015,249.00 KB,The gradle plugin to add proguard snippets to your proguard setting file quickly.,Groovy,https://github.com/hotchemi/gradle-proguard-plugin
410,dotnet-ci,84,133,84,25,06/02/2015,14/05/2019,177.18 MB,Repository containing scripting for the dotnet-ci Jenkins instance.,Groovy,https://github.com/dotnet/dotnet-ci
411,PeaPod,84,22,84,0,30/05/2018,05/07/2021,897.00 KB,A plugin that replaces external module dependencies with project dependencies.,Groovy,https://github.com/JackyAndroid/PeaPod
412,LG-Connector,84,174,84,12,08/10/2018,29/04/2021,1.19 MB, Connector for LG Devices with SmartThings,Groovy,https://github.com/fison67/LG-Connector
413,jenkins-docker,83,89,83,10,24/04/2015,13/04/2017,279.24 MB,docker file for a jenkins docker image,Groovy,https://github.com/fabric8io/jenkins-docker
414,gradle-android-apk-size-plugin,83,14,83,1,14/11/2015,25/11/2018,1.90 MB,Gradle plugin that generates CSV files with apk size per output and variant of an apk,Groovy,https://github.com/vanniktech/gradle-android-apk-size-plugin
415,pgyer,83,15,83,6,09/04/2015,27/03/2020,65.00 KB,gradle plugin for pugongying upload,Groovy,https://github.com/dodocat/pgyer
416,ms-lifecycle,82,65,82,0,22/08/2015,19/07/2018,45.14 MB,,Groovy,https://github.com/vfarcic/ms-lifecycle
417,LncPipe,82,50,82,6,20/10/2017,22/10/2022,5.92 MB,A Nextflow-based pipeline for comprehensive analyses of long non-coding RNAs from RNA-seq datasets,Groovy,https://github.com/likelet/LncPipe
418,youdebug,82,15,82,4,03/11/2009,11/04/2024,469.00 KB,Non-interactive Java debugger with Groovy,Groovy,https://github.com/kohsuke/youdebug
419,SmartThings,82,153,82,12,08/03/2015,07/10/2020,17.69 MB,A repository for my SmartThings apps and items related to them,Groovy,https://github.com/MichaelStruck/SmartThings
420,ods-jenkins-shared-library,81,59,81,128,27/07/2018,06/10/2026,13.83 MB,"Shared Jenkins library which all ODS projects & components use - provisioning, SonarQube code scanning, Nexus publishing, OpenShift template based deployments and repository orchestration",Groovy,https://github.com/opendevstack/ods-jenkins-shared-library
421,Code,81,112,81,3,04/02/2015,08/12/2016,74.00 KB,"DEPRECATED A collection of code examples from the SmartThings team, and the community",Groovy,https://github.com/SmartThingsCommunity/Code
422,jenkins-pipeline-libraries,81,38,81,0,23/06/2016,19/07/2017,163.00 KB,Useful Jenkins Pipeline Libraries to use for whatever.,Groovy,https://github.com/buildit/jenkins-pipeline-libraries
423,jooq-plugin,80,31,80,17,30/05/2019,24/02/2026,383.00 KB,Plugin for generating jOOQ classes using dockerized databases,Groovy,https://github.com/revolut-engineering/jooq-plugin
424,gradle-capsule-plugin,80,27,80,14,30/08/2014,11/05/2023,164.00 KB,"A Gradle plugin for Capsule, the packaging and deployment tool for JVM apps.",Groovy,https://github.com/danthegoodman/gradle-capsule-plugin
425,jenkins-docker-examples,80,85,80,3,27/12/2016,08/09/2017,101.00 KB,Selection of examples on how to use Jenkins with docker,Groovy,https://github.com/Ticketfly/jenkins-docker-examples
426,groovy-website,80,137,80,0,21/06/2014,10/12/2018,10.21 MB,The previous source repo for the Groovy language website,Groovy,https://github.com/groovy/groovy-website
427,asap,79,20,79,9,06/08/2017,05/12/2023,13.92 MB,"A scalable bacterial genome assembly, annotation and analysis pipeline",Groovy,https://github.com/oschwengers/asap
428,nlp_uk,79,13,79,2,11/01/2016,16/09/2026,1.72 MB,This is a project to demonstrate NLP API from LanguageTool for Ukrainian language.,Groovy,https://github.com/brown-uk/nlp_uk
429,build-test-data,79,42,79,10,28/02/2013,08/10/2026,2.91 MB,Enables the easy creation of test data by automatic inspection of constraints. Any properties that are required have their constraints examined and a value is automatically provided for them.,Groovy,https://github.com/longwa/build-test-data
430,ces-build-lib,79,49,79,21,23/02/2017,08/09/2026,1.58 MB,"Jenkins pipeline shared library adding features for Maven, Gradle, Docker, SonarQube, Git and others",Groovy,https://github.com/cloudogu/ces-build-lib
431,grails-asset-pipeline,79,60,79,30,30/04/2013,17/01/2025,48.89 MB,Grails Asset Pipeline,Groovy,https://github.com/bertramdev/grails-asset-pipeline
432,grails-postgresql-extensions,79,60,79,30,08/07/2013,11/12/2025,2.03 MB,"Grails plugin to use postgresql native elements such as arrays, hstores,...",Groovy,https://github.com/gpc/grails-postgresql-extensions
433,PopCommerce,78,73,78,6,09/10/2011,02/03/2026,1.00 MB,"POP Commerce is an eCommerce and ERP application suite for retail and wholesale organizations. POP Commerce is based on Moqui Framework, Mantle Business Artifacts, and Simple Screens.",Groovy,https://github.com/moqui/PopCommerce
434,grails-console,78,40,78,17,17/01/2012,02/03/2023,3.23 MB,A web-based Groovy console for interactive runtime application management and debugging,Groovy,https://github.com/sheehan/grails-console
435,Versionberg,78,10,78,1,12/09/2016,03/10/2019,134.00 KB,Gradle plugin for versioning your library/application on every git commit,Groovy,https://github.com/rockerhieu/Versionberg
436,geoclimate,78,21,78,46,25/02/2019,05/10/2026,993.31 MB,Geospatial processing toolbox for environmental and climate studies ,Groovy,https://github.com/orbisgis/geoclimate
437,gradle-scalatest,78,37,78,23,18/08/2013,10/02/2025,321.00 KB,A plugin to enable the use of scalatest in a gradle Scala project.,Groovy,https://github.com/maiflai/gradle-scalatest
438,Global-Repository-for-Mainframe-Developers,78,42,78,1,12/11/2020,31/10/2022,12.86 MB,"This hierarchy of repositories serves to help mainframe developers in their daily work and contains various source codes, examples of commands and utilities with accompanying readme files.",Groovy,https://github.com/IBA-mainframe-dev/Global-Repository-for-Mainframe-Developers
439,gilbarbara-plantuml-sprites,78,25,78,5,04/02/2020,17/08/2024,18.05 MB,PlantUML sprites generated from https://github.com/gilbarbara/logos,Groovy,https://github.com/plantuml-stdlib/gilbarbara-plantuml-sprites
440,ProperDroid,77,6,77,1,17/02/2016,07/11/2019,151.00 KB,ProperDroid is a gradle plugin and an Android library that simplifies the way that config different variant on your project.,Groovy,https://github.com/JcMinarro/ProperDroid
441,smartthings-ps,77,99,77,0,06/07/2014,02/02/2017,104.00 KB,My spot to hack SmartThings SmartApps and Smart DeviceType Handlers,Groovy,https://github.com/pstuart/smartthings-ps
442,smartthings-govee-led-lights,77,55,77,12,09/11/2020,04/10/2022,42.00 KB,Samsung SmartThings integration for Govee LED Light Strips,Groovy,https://github.com/uncdubdiver/smartthings-govee-led-lights
443,nebula-dependency-recommender-plugin,77,27,77,21,16/11/2014,24/09/2026,1.67 MB,Leave off version numbers in your dependencies section and have versions recommended by several possible sources.,Groovy,https://github.com/nebula-plugins/nebula-dependency-recommender-plugin
444,Daffodil,77,3,77,0,17/06/2017,03/08/2017,139.00 KB,Annotation-triggered method call logging library.,Groovy,https://github.com/saymagic/Daffodil
445,jarjar-gradle,76,11,76,2,23/03/2014,02/01/2018,942.00 KB,,Groovy,https://github.com/vRallev/jarjar-gradle
446,gradle-github-plugin,76,9,76,7,28/01/2015,09/08/2021,83.00 KB,:truck: Gradle plugin for Github releases,Groovy,https://github.com/riiid/gradle-github-plugin
447,gradle-clover-plugin,75,51,75,14,18/09/2011,18/09/2024,2.13 MB,Gradle plugin for generating a code coverage report using Clover,Groovy,https://github.com/bmuschko/gradle-clover-plugin
448,androidNativeBundle,75,15,75,9,29/09/2018,13/10/2025,213.00 KB,a gradle plugin that support publish c/c++ headers to 'aar' and depend those 'aar',Groovy,https://github.com/howardpang/androidNativeBundle
449,xiaomi-hubitat,75,43,75,7,23/02/2018,24/03/2020,1.54 MB,veeceeoh's Xiaomi device drivers for the Hubitat Elevation Hub ,Groovy,https://github.com/veeceeoh/xiaomi-hubitat
450,jenkins-templating-engine,75,88,75,5,10/12/2018,18/10/2023,88.81 MB,The Jenkins Templating Engine is a Jenkins plugin powering Booz Allen's Solutions Delivery Platform,Groovy,https://github.com/boozallen/jenkins-templating-engine
451,predix-rmd-ref-app,75,97,75,1,01/10/2015,13/03/2019,3.65 MB,predix-rmd,Groovy,https://github.com/PredixDev/predix-rmd-ref-app
452,gradle-use-python-plugin,74,19,74,4,11/12/2017,06/10/2026,2.80 MB,Use python modules in gradle build,Groovy,https://github.com/xvik/gradle-use-python-plugin
453,gradle-plugins,74,15,74,14,21/11/2009,24/06/2012,23.53 MB,Plugins for Gradle,Groovy,https://github.com/RobertFischer/gradle-plugins
454,debug-badge,74,6,74,1,06/02/2017,12/08/2018,652.00 KB,"Add badge(version code, version name, etc) for your DEBUG APK.",Groovy,https://github.com/yuebinyun/debug-badge
455,PojavOptimize,74,8,74,6,17/02/2022,19/04/2022,44.11 MB,"A collection of mods to improve the performance of PojavLauncher, based off of Fabulously Optimized.",Groovy,https://github.com/PojavLauncherTeam/PojavOptimize
456,google-sdm-api,74,22,74,6,01/10/2020,22/06/2025,164.00 KB,,Groovy,https://github.com/dkilgore90/google-sdm-api
457,checkerframework-gradle-plugin,73,18,73,22,18/12/2018,02/03/2026,258.82 MB,Gradle plugin to use the Checker Framework for Java,Groovy,https://github.com/kelloggm/checkerframework-gradle-plugin
458,graina,73,40,73,1,25/08/2008,04/10/2010,12.30 MB,Chapter source code and example application for Grails in Action,Groovy,https://github.com/pledbrook/graina
459,graphql-orchestrator-java,73,32,73,14,11/06/2021,29/01/2025,2.62 MB,GraphQL Orchestrator stitches the schemas from multiple micro-services and orchestrates the graphql queries to these services accurately at runtime,Groovy,https://github.com/graph-quilt/graphql-orchestrator-java
460,markdown-gradle-plugin,73,51,73,9,05/03/2013,01/01/2022,472.00 KB,Markdown/HTML plugin for gradle,Groovy,https://github.com/kordamp/markdown-gradle-plugin
461,hands-on-jenkins,72,628,72,37,18/12/2017,13/08/2026,20.36 MB,"Companion code, slides and exercises of the video course Hands-on Continuous Integration and Automation with Jenkins by Packt Publishing",Groovy,https://github.com/cirulls/hands-on-jenkins
462,gradle-mdicons,72,5,72,8,26/12/2014,26/04/2016,574.00 KB,A gradle plugin for Android to handle material design icons Google published.,Groovy,https://github.com/tmiyamon/gradle-mdicons
463,groovy-common-extensions,72,14,72,6,06/11/2012,12/07/2022,347.00 KB,,Groovy,https://github.com/timyates/groovy-common-extensions
464,uptodate-gradle-plugin,72,11,72,18,28/03/2014,03/12/2019,335.00 KB,Gradle plugin that tells you what libs have new versions on the specified Maven repository,Groovy,https://github.com/4finance/uptodate-gradle-plugin
465,cargo-ndk-android-gradle,71,15,71,12,17/11/2019,08/07/2024,171.00 KB,Cargo NDK for Android projects,Groovy,https://github.com/willir/cargo-ndk-android-gradle
466,grailstwitter,71,68,71,2,14/02/2011,03/03/2017,1.19 MB,Grails Twitter Sample Application,Groovy,https://github.com/grails-samples/grailstwitter
467,groovy.tmbundle,71,31,71,10,09/06/2009,15/03/2022,2.53 MB,TextMate support for Groovy,Groovy,https://github.com/textmate/groovy.tmbundle
468,android-soexcluder,71,13,71,3,14/03/2016,12/04/2019,1.25 MB,This plugin will help you exclude so files by flavor or buildType,Groovy,https://github.com/Jween/android-soexcluder
469,testingarchitecture,71,11,71,1,02/08/2014,08/10/2014,364.00 KB,Skeleton for an Android project with Espresso + JUnit + Robolectric tests,Groovy,https://github.com/malmstein/testingarchitecture
470,AdvancedGroovy,70,33,70,0,27/06/2013,18/11/2017,160.00 KB,Examples for my NFJS Advanced Groovy: Tips and Tricks talk,Groovy,https://github.com/kousen/AdvancedGroovy
471,Cytomine-core-legacy,70,30,70,72,01/02/2014,01/10/2025,251.30 MB,Cytomine-core-legacy is the main web server implementing the Cytomine API of the legacy edition,Groovy,https://github.com/cytomine/Cytomine-core-legacy
472,functionalgroovy,70,7,70,23,16/01/2013,23/08/2015,1.92 MB,Functional programming in Groovy,Groovy,https://github.com/mperry/functionalgroovy
473,HubitatActive,70,104,70,4,20/04/2020,22/08/2026,17.96 MB,Hubitat Environment Developments,Groovy,https://github.com/DaveGut/HubitatActive
474,platzi-scripts,70,330,70,1,12/11/2018,26/08/2023,19.00 KB,Collection of platzi scripts for classes,Groovy,https://github.com/elbuo8/platzi-scripts
475,issues,70,28,70,679,16/06/2016,23/07/2026,719.00 KB,Gravitee.io - API Platform - Issues,Groovy,https://github.com/gravitee-io/issues
476,spring-cloud-contract-oa3,69,44,69,18,26/07/2018,03/06/2025,180.00 KB,Spring Cloud Contract Open API 3.0,Groovy,https://github.com/springframeworkguru/spring-cloud-contract-oa3
477,IoTBench-test-suite,69,21,69,0,22/02/2018,22/11/2019,1.48 MB,A micro-benchmark suite to assess the effectiveness of tools designed for IoT apps,Groovy,https://github.com/IoTBench/IoTBench-test-suite
478,creedengo-android-java,69,31,69,21,27/11/2022,21/09/2026,9.85 MB,Reduce the environmental footprint of your Java-based Android apps with SonarQube,Groovy,https://github.com/green-code-initiative/creedengo-android-java
479,fedora-coreos-pipeline,69,68,69,36,14/10/2018,05/10/2026,1.86 MB,Build pipeline for Fedora CoreOS,Groovy,https://github.com/coreos/fedora-coreos-pipeline
480,static-analysis-plugin,69,4,69,2,18/04/2020,06/09/2021,1.22 MB,Easy and consistent setup of static analysis tools for Android and Java projects.,Groovy,https://github.com/GradleUp/static-analysis-plugin
481,facebook-api-android-aar,69,12,69,1,27/07/2013,24/11/2014,10.70 MB,Facebook Android SDK library built with gradle in aar format for usage with android gradle build system,Groovy,https://github.com/mente/facebook-api-android-aar
482,groovy_koans,68,30,68,15,23/06/2010,17/02/2014,159.00 KB,A set of Koans to teach the Groovy language,Groovy,https://github.com/cjudd/groovy_koans
483,nifi-api-deploy,68,38,68,19,09/03/2016,23/01/2017,145.00 KB,Demonstrates NiFi template deployment and configuration via a REST API,Groovy,https://github.com/aperepel/nifi-api-deploy
484,pronto-agile,68,26,68,1,11/04/2009,21/10/2019,3.41 MB,open source agile project management,Groovy,https://github.com/bluesoft/pronto-agile
485,grails-rest-client-builder,68,30,68,33,06/03/2012,18/06/2018,903.00 KB,REST client plugin that uses Spring's RestTemplate,Groovy,https://github.com/grails-plugins/grails-rest-client-builder
486,glisten,68,26,68,3,15/08/2013,10/04/2023,48.32 MB,Ease of use Groovy library for building JVM applications with Amazon Simple Workflow (SWF),Groovy,https://github.com/Netflix/glisten
487,jenkins-as-code,67,23,67,2,18/01/2019,04/01/2020,73.00 KB,Jenkins-as-Code approach,Groovy,https://github.com/devtail/jenkins-as-code
488,IKEA-Tradfri,67,144,67,0,18/03/2017,05/04/2023,599.00 KB,IKEA Trådfri device type handler for SmartThings,Groovy,https://github.com/edvaldeysteinsson/IKEA-Tradfri
489,terraform-pipeline,67,53,67,102,03/09/2019,17/10/2023,2.79 MB,"A reusable pipeline library to apply terraform configuration serially across multiple environments, using Jenkins and a Jenkinsfile.",Groovy,https://github.com/manheim/terraform-pipeline
490,cloud-s4-sdk-pipeline,67,24,67,0,21/08/2017,12/08/2021,2.54 MB,"The Cloud SDK pipeline uses the Cloud SDK continuous delivery server for building, checking, and deploying extension applications. Projects based on the SAP Cloud SDK archetype will automatically use this pipeline.",Groovy,https://github.com/SAP-archive/cloud-s4-sdk-pipeline
491,jenkins-pipeline,66,100,66,1,02/10/2016,05/06/2019,71.00 KB,,Groovy,https://github.com/lachie83/jenkins-pipeline
492,PatchPluginForZeus,66,11,66,0,08/08/2016,18/08/2016,152.00 KB,ZeusPlugin插件框架热修复gradle插件源码,Groovy,https://github.com/iReaderAndroid/PatchPluginForZeus
493,micronaut-profiles,66,41,66,26,12/04/2018,17/07/2020,1.29 MB,Repository for the profiles (project templates for the CLI) used to create Micronaut applications,Groovy,https://github.com/micronaut-projects/micronaut-profiles
494,gradle-android-appiconoverlay,66,10,66,2,15/02/2014,25/11/2017,73.00 KB,Plugin for Android Gradle to automatically overlay the app icon with the current git commit SHA1.,Groovy,https://github.com/splatte/gradle-android-appiconoverlay
495,gradle-izpack-plugin,66,6,66,1,28/06/2011,10/11/2025,347.00 KB,Gradle plugin that provides support for packaging applications for the Java platform via IzPack.,Groovy,https://github.com/bmuschko/gradle-izpack-plugin
496,jsonassert,66,9,66,6,14/02/2016,05/03/2026,613.00 KB,Simple library to provide fluent interface for JSON assertions,Groovy,https://github.com/marcingrzejszczak/jsonassert
497,initiator,66,14,66,1,26/07/2018,29/07/2018,239.00 KB,Android应用初始化工具,Groovy,https://github.com/ren93/initiator
498,gradle-processors,66,18,66,12,17/08/2015,03/06/2024,501.00 KB,Gradle plugin for integrating Java annotation processors,Groovy,https://github.com/palantir/gradle-processors
499,react-native-gradle-plugin,65,7,65,2,11/01/2019,20/12/2022,94.00 KB,A gradle plugin for React Native Android that simplifies and standardises build configurations (such as dependency versioning) for Projects & React Native modules.,Groovy,https://github.com/invertase/react-native-gradle-plugin
500,groovy-vfs,65,11,65,31,12/06/2013,20/08/2024,1.84 MB,A DSL for Groovy on top of Apache VFS2,Groovy,https://github.com/ysb33r/groovy-vfs
501,grails-cucumber,65,34,65,11,28/07/2011,12/07/2015,6.09 MB,a Cucumber plugin for Grails,Groovy,https://github.com/hauner/grails-cucumber
502,lazybones-aem-templates,65,26,65,11,26/08/2014,20/02/2020,244.00 KB,🚨[DEPRECATED] Lazybones templates for Adobe Experience Manager🚨,Groovy,https://github.com/Adobe-Consulting-Services/lazybones-aem-templates
503,gradle-gae-plugin,65,16,65,0,13/03/2011,30/10/2013,587.00 KB,"Gradle plugin that provides tasks for uploading, running and managing Google App Engine projects",Groovy,https://github.com/bmuschko/gradle-gae-plugin
504,OneSignal-Gradle-Plugin,64,17,64,13,19/10/2017,27/10/2022,624.00 KB,Use with OneSignal-Android-SDK to help integrate it into your Android Studio or Gradle project. https://onesignal.com,Groovy,https://github.com/OneSignal/OneSignal-Gradle-Plugin
505,Hubitat,64,50,64,0,24/11/2019,14/12/2020,624.00 KB,Apps and Drivers for Hubitat Elevation,Groovy,https://github.com/markus-li/Hubitat
506,AppMethodTracking,64,8,64,2,10/04/2017,04/08/2017,400.00 KB,A gradle plugin tracking android application method ,Groovy,https://github.com/CoXier/AppMethodTracking
507,tcgone-engine-contrib,64,35,64,3,19/07/2019,21/09/2026,34.11 MB,TCG ONE (Pokemon TCG Simulator) card implementation repository,Groovy,https://github.com/axpendix/tcgone-engine-contrib
508,android-multi-channel-tool,64,20,64,3,31/03/2015,31/03/2015,308.00 KB,基于Gradle的易用、快速、稳定的多渠道打包工具。,Groovy,https://github.com/promeG/android-multi-channel-tool
509,grails-spock-examples,64,26,64,0,09/12/2012,12/01/2015,2.12 MB,Grails project with tests based on Spock.,Groovy,https://github.com/pschneider-manzell/grails-spock-examples
510,HiveMind,64,49,64,7,19/11/2012,02/03/2026,2.32 MB,"HiveMind is a project management and ERP application for services organizations. It features project/task management, request tracking, time tracking, expenses, invoices/payments, general ledger, and content management (wiki). HiveMind is based on Moqui Framework, Mantle Business Artifacts, and Simple Screens.",Groovy,https://github.com/moqui/HiveMind
511,course-jenkins-getting-started,64,368,64,5,27/08/2020,13/10/2023,57.00 KB,Jenkins Getting Started (jgsu) Course Materials - An update to my initial version of the course,Groovy,https://github.com/g0t4/course-jenkins-getting-started
512,gradle-maven-settings-plugin,63,29,63,19,18/10/2014,15/05/2023,140.00 KB,Gradle Maven settings plugin,Groovy,https://github.com/mark-vieira/gradle-maven-settings-plugin
513,consuming-collector,63,14,63,0,06/05/2018,06/05/2018,61.00 KB,,Groovy,https://github.com/cxyxlxdm/consuming-collector
514,EasyDependency,63,18,63,1,15/05/2018,16/05/2018,62.00 KB,一个gradle插件，提供对上传构件到maven仓库的逻辑的封装，提供动态处理源码依赖和远程构件依赖的实现,Groovy,https://github.com/easilycoder/EasyDependency
515,AndroidSigning,63,11,63,1,24/12/2014,09/03/2017,59.00 KB,Config keyStore and key in a xml and sign your apk easily.,Groovy,https://github.com/dodocat/AndroidSigning
516,klokwrk-project,63,10,63,1,08/05/2020,09/06/2024,20.27 MB,Showcase and blueprint for implementing elaborated distributed systems on JVM. It should also serve as a playground for incubating reusable libraries useful on its own.,Groovy,https://github.com/croz-ltd/klokwrk-project
517,gradle-plugindev-plugin,63,12,63,0,29/08/2014,29/11/2023,933.00 KB,"Gradle plugin that facilitates the bundling and publishing of Gradle plugins as expected by the Gradle Plugin Portal, JCenter, and MavenCentral.",Groovy,https://github.com/etiennestuder/gradle-plugindev-plugin
518,datagrip-poco-generator,63,24,63,2,20/05/2016,09/05/2022,15.00 KB,"An extension for IntelliJ-based IDEs (DataGrip, Rider, etc.) to generate POCO (C#) classes from a database",Groovy,https://github.com/olsh/datagrip-poco-generator
519,Robfuscate,63,5,63,2,25/03/2019,18/09/2019,429.00 KB,Obfuscate the int index of R.id/R.string/R.layout… in the classes.dex of Android project,Groovy,https://github.com/heruoxin/Robfuscate
520,smartthings-alarmcom,63,118,63,20,22/02/2017,02/09/2022,64.00 KB,SmartThings Integration with alarm.com,Groovy,https://github.com/schwark/smartthings-alarmcom
521,Speedup,63,3,63,1,21/10/2017,06/08/2018,207.00 KB,多组件打包编译加速，专为项目下library过多所设计。,Groovy,https://github.com/JumeiRdGroup/Speedup
522,google-home-hubitat-community,62,26,62,6,24/02/2020,26/09/2026,164.00 KB,"A community-maintained, full-featured, and highly configurable integration between Hubitat Elevation and Google Home.",Groovy,https://github.com/mbudnek/google-home-hubitat-community
523,assetfilegenerator,62,2,62,0,06/11/2015,05/12/2023,250.00 KB,Asset File Generator Plugin for Android,Groovy,https://github.com/guicamest/assetfilegenerator
524,nexus3-config-as-code,62,16,62,5,25/04/2018,18/10/2020,64.00 KB,Configuration as code automation for Nexus Repository Manager v3.,Groovy,https://github.com/samrocketman/nexus3-config-as-code
525,grails-quartz,62,20,62,17,24/10/2008,16/08/2013,7.12 MB,This project provides integration of the Quartz scheduling framework into the Grails Framework,Groovy,https://github.com/nebolsin/grails-quartz
526,grails-resources,61,50,61,10,04/03/2011,31/03/2021,4.16 MB,Resources framework for Grails 2.0,Groovy,https://github.com/grails-plugins/grails-resources
527,Hubitat,61,22,61,1,01/01/2019,27/09/2026,720.00 KB,Hubitat Apps and Drivers,Groovy,https://github.com/Botched1/Hubitat
528,adop-platform-management,61,59,61,20,01/02/2016,27/11/2018,114.00 KB,,Groovy,https://github.com/Accenture/adop-platform-management
529,getl,61,10,61,0,02/03/2015,08/01/2024,237.73 MB,"A tool for developing and testing ETL and ELT processes for automating the capture, delivery and processing of information in data warehouses on the MicroFocus Vertica platform.",Groovy,https://github.com/ascrus/getl
530,st-community-installer,61,238,61,3,03/02/2018,19/07/2020,1.14 MB,Community Created - SmartThings Installer,Groovy,https://github.com/tonesto7/st-community-installer
531,weceem-plugin,61,44,61,3,28/09/2011,27/09/2021,18.91 MB,Grails Weceem CMS Plugin,Groovy,https://github.com/OpusCapita/weceem-plugin
532,arc42-generator,61,19,61,1,18/08/2016,02/10/2026,1.83 MB,a gradle build to generate all derived templates from arc42-master,Groovy,https://github.com/arc42/arc42-generator
533,gradle-spawn-plugin,61,28,61,18,24/03/2014,04/07/2019,118.00 KB,Gradle plugin for spawning and killing command line processes.,Groovy,https://github.com/marc0der/gradle-spawn-plugin
534,DSCAlarm,61,62,61,1,17/01/2016,20/09/2020,1.62 MB,,Groovy,https://github.com/LXXero/DSCAlarm
535,elasticsearch-grails-plugin,61,133,61,29,10/11/2010,28/05/2015,1.83 MB,ElasticSearch grails plugin,Groovy,https://github.com/mstein/elasticsearch-grails-plugin
536,bee,61,8,61,11,15/06/2011,05/10/2026,1.66 MB,database changes manager,Groovy,https://github.com/bluesoft/bee
537,grails-aws-sdk,60,40,60,3,08/06/2012,28/07/2023,4.40 MB,Amazon Web Services SDK Grails Plugin,Groovy,https://github.com/agorapulse/grails-aws-sdk
538,groovy-spring-boot-restdocs-example,60,25,60,0,18/01/2016,23/05/2020,341.00 KB,"An example of spring rest docs using groovy, spring boot, and spock.",Groovy,https://github.com/jlstrater/groovy-spring-boot-restdocs-example
539,jenkins-pipeline-global-library-chefci,60,32,60,1,28/05/2016,29/11/2018,156.00 KB,"Jenkins Pipeline's ""Workflow Global Libs"" for Chef CI",Groovy,https://github.com/TYPO3-infrastructure/jenkins-pipeline-global-library-chefci
540,gradle-fir-plugin,60,11,60,1,28/05/2015,22/09/2020,204.00 KB,a gradle plugin for uploader apk to fir.im,Groovy,https://github.com/sangmingming/gradle-fir-plugin
541,wave,60,14,60,77,25/01/2022,08/10/2026,34.00 MB,On-demand containers provisioning service,Groovy,https://github.com/seqeralabs/wave
542,gradle-compass,60,33,60,36,09/05/2013,10/01/2020,321.00 KB,A SASS / Compass plugin for Gradle,Groovy,https://github.com/robfletcher/gradle-compass
543,SmartThings-PS,60,187,60,6,15/12/2018,11/07/2021,675.00 KB,My SmartThings,Groovy,https://github.com/paulsheldon/SmartThings-PS
544,hubitat,59,36,59,11,31/03/2018,28/01/2023,203.00 KB,Hubitat apps and drivers,Groovy,https://github.com/jason0x43/hubitat
545,sqsd,59,8,59,6,18/11/2014,23/06/2016,32.00 KB,"A simple alternative to the Amazon SQS Daemon  (""sqsd"") used on AWS Beanstalk worker tier instances.",Groovy,https://github.com/mozart-analytics/sqsd
546,gradle-android-javafmt-plugin,59,8,59,1,28/02/2017,28/08/2018,127.00 KB,Augomagically format Java files (deprecated),Groovy,https://github.com/f2prateek/gradle-android-javafmt-plugin
547,homelab,59,2,59,0,15/02/2023,05/02/2026,136.66 MB,homelab,Groovy,https://github.com/AleixoLucas42/homelab
548,jenkins-groovy,59,5,59,0,26/01/2018,26/01/2018,1.20 MB,jenkins As Code With Groovy，基于job粒度的版本控制、一键迁移、一键回复,Groovy,https://github.com/Aaron1989/jenkins-groovy
549,grails-spring-security-oauth2-provider,59,58,59,0,13/09/2011,17/10/2018,3.32 MB,Grails Spring Security OAuth2 Provider Plugin,Groovy,https://github.com/bluesliverx/grails-spring-security-oauth2-provider
550,geb-example-grails,59,61,59,0,09/04/2011,01/08/2017,1.34 MB,,Groovy,https://github.com/geb/geb-example-grails
551,xmake-gradle,59,10,59,3,03/04/2020,11/05/2025,325.00 KB,A gradle plugin that integrates xmake seamlessly,Groovy,https://github.com/xmake-io/xmake-gradle
552,plugin-veridex,58,9,58,1,05/06/2019,06/06/2019,7.92 MB,android 私有api调用检测,Groovy,https://github.com/lizhangqu/plugin-veridex
553,adop-cartridge-java,58,59,58,13,05/02/2016,29/02/2024,101.00 KB,,Groovy,https://github.com/Accenture/adop-cartridge-java
554,excel-export,58,35,58,29,31/12/2012,24/10/2023,213.00 KB,excel-export grails plugin,Groovy,https://github.com/TouK/excel-export
555,metis,58,11,58,2,01/07/2017,23/07/2017,210.00 KB,spi for android,Groovy,https://github.com/yangxlei/metis
556,parcl,58,16,58,8,31/12/2014,03/11/2021,579.00 KB,"Gradle plugin for bundling your Java application for distribution on Windows, Mac and Linux",Groovy,https://github.com/mini2Dx/parcl
557,spring-integration-dsl-groovy,58,38,58,2,08/05/2012,08/07/2022,1.10 MB,Groovy DSL for Spring Integration,Groovy,https://github.com/spring-attic/spring-integration-dsl-groovy
558,Groovy-Goodness-Notebook,58,18,58,0,29/11/2010,20/12/2010,1.18 MB,Sources for Groovy Goodness Notebook,Groovy,https://github.com/mrhaki/Groovy-Goodness-Notebook
559,swift-android-gradle,58,23,58,2,06/01/2016,25/07/2017,50.00 KB,Gradle plugin for building Swift code for Android,Groovy,https://github.com/SwiftAndroid/swift-android-gradle
560,AndroidComplexBuild,58,12,58,0,09/07/2013,09/10/2014,165.00 KB,Based on StackOverflow Question http://stackoverflow.com/questions/17536652/gradle-and-multi-project-structure,Groovy,https://github.com/ethankhall/AndroidComplexBuild
561,easyrelease,58,8,58,4,26/06/2014,03/11/2015,439.00 KB,Gradle plugin for Android projects that helps with signing release APKs,Groovy,https://github.com/inloop/easyrelease
562,cafelito,58,35,58,1,07/03/2014,17/02/2023,2.10 MB,Web application demoed at conferences.  See history for how it builds up,Groovy,https://github.com/trishagee/cafelito
563,IntroGroovy,57,39,57,0,24/07/2012,28/09/2026,1.28 MB,"Intro Groovy source, based on Appendix A of Making Java Groovy",Groovy,https://github.com/kousen/IntroGroovy
564,SmartThingsPersonal,57,99,57,2,21/08/2014,19/12/2021,323.00 KB,All my code made public for the STs community!,Groovy,https://github.com/tslagle13/SmartThingsPersonal
565,nf-schema,57,31,57,44,20/03/2024,05/10/2026,10.17 MB,Functionality for working with pipeline and sample sheet schema files in Nextflow pipelines,Groovy,https://github.com/nextflow-io/nf-schema
566,app-tiny-R-gradle-plugin,57,8,57,0,08/05/2018,09/05/2018,138.00 KB,一个有效优化 apk 应用 Field 个数、包大小的构建(Hook)工具。,Groovy,https://github.com/yanbober/app-tiny-R-gradle-plugin
567,hubitatpackagemanager,57,15,57,6,29/06/2021,08/09/2026,1.09 MB,,Groovy,https://github.com/HubitatCommunity/hubitatpackagemanager
568,jaeger-openshift,57,35,57,9,09/05/2017,04/03/2019,700.00 KB,Support for deploying Jaeger into OpenShift,Groovy,https://github.com/jaegertracing/jaeger-openshift
569,swagger2markup-gradle-plugin,57,16,57,6,05/05/2015,16/06/2020,793.00 KB,A Swagger2Markup Gradle Plugin.,Groovy,https://github.com/Swagger2Markup/swagger2markup-gradle-plugin
570,CIYOU,57,26,57,1,01/02/2018,28/04/2018,23.35 MB,翻转课堂模式的小学网络教学平台，基于Groovy，使用Spring Boot + Mybatis 框架、Shiro安全框架，并使用Druid为数据库连接池，Redis为项目缓存。,Groovy,https://github.com/cckevincyh/CIYOU
571,smartthings-rest-api,57,20,57,1,25/02/2017,28/05/2020,10.00 KB,SmartThings REST API,Groovy,https://github.com/bradymholt/smartthings-rest-api
572,FatJar,57,8,57,1,29/12/2017,07/01/2018,237.00 KB,a gradle plugin to pack modules and jars into a single jar,Groovy,https://github.com/bboylin/FatJar
573,DroidSmall,56,12,56,4,12/07/2016,07/05/2017,14.43 MB,该项目是 Small 插件化调研和学习的示例应用，希望对你有帮助。,Groovy,https://github.com/sunfusheng/DroidSmall
574,librisxl,56,12,56,23,02/04/2012,08/10/2026,91.49 MB,Libris XL,Groovy,https://github.com/libris/librisxl
575,you-dont-know-jenkins-init,56,14,56,3,04/08/2017,05/08/2017,8.00 KB,,Groovy,https://github.com/AnalogJ/you-dont-know-jenkins-init
576,spock-subjects-collaborators-extension,56,9,56,2,30/05/2014,23/08/2023,412.00 KB,Spock subjects-collaborators extension,Groovy,https://github.com/marcingrzejszczak/spock-subjects-collaborators-extension
577,measurementor,56,33,56,5,30/08/2014,05/08/2015,5.69 MB,The code from Agile Metrics In Action; A system to collect data & display metrics for application lifecycle intelligence.,Groovy,https://github.com/cwhd/measurementor
578,gradle_cobertura,56,17,56,15,15/11/2010,01/11/2012,1.41 MB,Gradle Cobertura Plugin,Groovy,https://github.com/valkolovos/gradle_cobertura
579,jenkins-library,55,39,55,1,06/10/2018,04/11/2024,2.73 MB,Shared Library for Jenkine Pipeline,Groovy,https://github.com/Statemood/jenkins-library
580,smartthings,55,96,55,4,28/12/2016,22/05/2021,98.00 KB,"This is a collection of device handlers, SmartApps and other things relating to the Samsung SmartThings platform.",Groovy,https://github.com/project802/smartthings
581,jenkins-shared-library-example,55,22,55,1,03/01/2019,13/03/2019,10.00 KB,Example for a Jenkins shared library with unit tests,Groovy,https://github.com/kuper-adrian/jenkins-shared-library-example
582,ActionBarSherlock-Gradle-Sample,55,14,55,1,28/07/2013,28/07/2013,42.00 KB,[DEPRECATED] A tiny sample project that uses ActionBarSherlock via Gradle,Groovy,https://github.com/JakeWharton/ActionBarSherlock-Gradle-Sample
583,gradle-console-reporter,55,13,55,8,27/12/2015,12/08/2021,299.00 KB,Gradle plugin to report various kinds of summaries to console.,Groovy,https://github.com/ksoichiro/gradle-console-reporter
584,data,55,26,55,1,24/02/2016,20/09/2026,537.00 KB,FileBot Data Files,Groovy,https://github.com/filebot/data
585,vim-java,55,3,55,1,21/07/2013,14/01/2014,532.00 KB,Skeleton of Vim for Java development + Gradle,Groovy,https://github.com/bpdp/vim-java
586,KuKuHarmony,55,99,55,3,28/03/2017,17/09/2024,99.00 KB,SmartApp allowing you to control each 'Device' in Logitech Harmony Hub using Harmony-API,Groovy,https://github.com/turlvo/KuKuHarmony
587,SmartThingsInovelli,55,97,55,7,02/05/2018,26/07/2022,425.00 KB,Location for Inovelli SmartThings Device Handlers and SmartApps ,Groovy,https://github.com/InovelliUSA/SmartThingsInovelli
588,neon,55,14,55,2,30/01/2014,10/01/2020,45.53 MB,,Groovy,https://github.com/NextCenturyCorporation/neon
589,nebula-kotlin-plugin,55,12,55,2,31/05/2016,09/06/2021,797.00 KB,"Provides the Kotlin plugin via the Gradle plugin portal, automatically depends on the standard library, and allows Kotlin library versions to be omitted",Groovy,https://github.com/nebula-plugins/nebula-kotlin-plugin
590,ci-samples,54,167,54,8,02/02/2018,22/03/2024,2.37 MB,Sample configurations for various CI systems.,Groovy,https://github.com/katalon-studio-samples/ci-samples
591,AndroidGradlePluginCompat,54,11,54,3,13/12/2017,01/04/2018,169.00 KB,android gradle plugin兼容库,Groovy,https://github.com/lizhangqu/AndroidGradlePluginCompat
592,licenser,54,21,54,15,19/05/2015,15/05/2024,325.00 KB,A simple license header manager for Gradle,Groovy,https://github.com/CadixDev/licenser
593,gradle-python-envs,54,27,54,9,14/04/2016,12/06/2025,201.00 KB,Gradle plugin that automates Python environments creation,Groovy,https://github.com/JetBrains/gradle-python-envs
594,jfr-report-tool,54,11,54,0,25/09/2015,29/04/2018,168.00 KB,Tool for creating reports from Java Flight Recorder dumps,Groovy,https://github.com/lhotari/jfr-report-tool
595,LookingGlass,54,25,54,3,25/03/2014,02/11/2016,42.70 MB,Browser independent HTML Element browser.,Groovy,https://github.com/dmolchanenko/LookingGlass
596,gradle-release-plugin,54,14,54,13,09/03/2011,09/10/2013,444.00 KB,Gradle plugin for automated release management.,Groovy,https://github.com/stianh/gradle-release-plugin
597,liquibase-neo4j,54,12,54,16,28/10/2020,08/10/2026,1.33 MB,Neo4j extension for Liquibase,Groovy,https://github.com/liquibase/liquibase-neo4j
598,nf-boost,54,4,54,6,23/03/2024,11/09/2026,228.00 KB,Experimental features for Nextflow,Groovy,https://github.com/bentsherman/nf-boost
599,bed-presence-mk1,54,17,54,29,11/07/2024,22/06/2026,2.75 MB,ESPHome configs for Bed Presence Mk1,Groovy,https://github.com/ElevatedSensors/bed-presence-mk1
600,jenkins-shared-library,54,50,54,0,19/10/2018,29/09/2020,66.00 KB,Jenkins Shared Library for demonstration purposes.,Groovy,https://github.com/hoto/jenkins-shared-library
601,dbb-zappbuild,54,147,54,71,25/02/2020,30/09/2026,2.12 MB,zAppBuild is a generic build solution for building z/OS applications using Apache Groovy build scripts and IBM Dependency Based Build (DBB) APIs.,Groovy,https://github.com/IBM/dbb-zappbuild
602,glide,54,10,54,13,21/11/2012,31/01/2019,1.27 MB,Create awesome apps on Google App Engine in a snap,Groovy,https://github.com/kdabir/glide
603,gradle-animalsniffer-plugin,54,10,54,4,20/12/2015,06/10/2026,2.04 MB,Gradle AnimalSniffer plugin,Groovy,https://github.com/xvik/gradle-animalsniffer-plugin
604,Filesutra,54,10,54,8,25/06/2015,11/10/2022,737.00 KB,"Filesutra is an easy way to implement imports and uploads from all popular cloud storage. Supports google drive, onedrive, box, dropbox.",Groovy,https://github.com/vishesh04/Filesutra
605,openj9-docs,53,75,53,14,07/12/2017,07/10/2026,1.63 GB,"Source repository for the Eclipse OpenJ9 user documentation, which should be viewed https://www.eclipse.org/openj9/docs/",Groovy,https://github.com/eclipse-openj9/openj9-docs
606,jenkins-shared-libraries,53,116,53,0,11/08/2017,09/12/2018,106.00 KB,,Groovy,https://github.com/vfarcic/jenkins-shared-libraries
607,restful-api,53,26,53,15,04/11/2013,03/10/2019,2.30 MB,Grails plugin to facilitate exposing non-trivial RESTful APIs,Groovy,https://github.com/restfulapi/restful-api
608,weceem-app,53,27,53,2,28/09/2011,07/09/2018,3.00 MB,Weceem CMS Standalone Application,Groovy,https://github.com/OpusCapita/weceem-app
609,osgi-run,53,13,53,10,09/07/2014,13/02/2022,660.00 KB,Osgi-Run - A Gradle plugin to make the development of modular applications using OSGi completely painless,Groovy,https://github.com/renatoathaydes/osgi-run
610,propdeps-plugin,53,8,53,9,31/07/2014,04/04/2022,3.10 MB,"New ""provided"" and ""optiona;",Groovy,https://github.com/spring-attic/propdeps-plugin
611,proguard-please,53,5,53,1,14/08/2014,04/09/2014,212.00 KB,A Gradle plugin for Android application projects that ensures ProGuard will be configured properly for all compile dependencies.,Groovy,https://github.com/chalup/proguard-please
612,gradle-info-plugin,53,20,53,19,03/02/2014,27/06/2026,1.70 MB,Plugin to gather information about the environment,Groovy,https://github.com/nebula-plugins/gradle-info-plugin
613,gradle-jenkins-jobdsl-plugin,53,7,53,17,01/06/2017,18/09/2019,582.00 KB,A plugin for Gradle to manage Jenkins Job DSL projects.,Groovy,https://github.com/heremaps/gradle-jenkins-jobdsl-plugin
614,jenkins-library,53,38,53,13,09/10/2018,07/01/2022,2.98 MB,Jenkins Pipeline Library,Groovy,https://github.com/zowe/jenkins-library
615,Gant,53,24,53,2,18/03/2012,27/08/2018,12.17 MB,The Gant Mainline,Groovy,https://github.com/Gant/Gant
616,gradle-liquibase-plugin,52,93,52,1,21/07/2011,23/03/2018,598.00 KB,A Gradle plugin for Liquibase,Groovy,https://github.com/tlberglund/gradle-liquibase-plugin
617,GradleMongoPlugin,52,27,52,8,09/02/2014,05/07/2024,463.00 KB,Gradle plugin for running a managed instance of Mongo.,Groovy,https://github.com/sourcemuse/GradleMongoPlugin
618,dropwizard-template-config,52,13,52,0,07/02/2015,16/12/2023,102.00 KB,Dropwizard bundle that enables you to write your config.yaml as a Freemarker template.,Groovy,https://github.com/tkrille/dropwizard-template-config
619,tsa-server,52,5,52,0,12/12/2015,17/10/2017,10.00 KB,portable Time Stamp Server (over HTTP),Groovy,https://github.com/corpus-solutions/tsa-server
620,grails-audit-logging-plugin,52,59,52,25,21/01/2012,08/10/2026,82.54 MB,The Grails Audit Logging Plugin,Groovy,https://github.com/grails-plugins/grails-audit-logging-plugin
621,gradle-build-timer-plugin,52,3,52,0,14/01/2015,27/09/2017,118.00 KB,A Gradle plugin which reports timings of a project build and individual project tasks,Groovy,https://github.com/eleventigers/gradle-build-timer-plugin
622,grails-jaxrs,52,47,52,0,09/07/2010,03/04/2016,8.46 MB,JAX-RS Plugin for Grails,Groovy,https://github.com/krasserm/grails-jaxrs
623,ci.gradle,52,47,52,67,14/04/2014,08/10/2026,4.32 MB,Gradle plugins for managing Liberty profile servers #devops,Groovy,https://github.com/OpenLiberty/ci.gradle
624,soapui-groovy-examples,52,62,52,2,30/11/2012,16/04/2021,86.00 KB,This is a collection of soapUI projects and Groovy Scripts used to demonstrate the Groovy scripting capabilities in soapUI,Groovy,https://github.com/SmartBear/soapui-groovy-examples
625,ClassPlaceholder,52,18,52,0,31/08/2018,12/09/2018,243.00 KB,dynamic replace java and class value,Groovy,https://github.com/xinshengfan/ClassPlaceholder
626,maven-plugins,52,60,52,18,01/02/2011,26/09/2023,3.34 MB,Maven plugins,Groovy,https://github.com/evgeny-goldin/maven-plugins
627,camunda-prometheus-process-engine-plugin,52,22,52,21,26/09/2018,20/04/2021,8.62 MB,"Monitor your KPIs!!!  Camunda BPM Process Engine Plugin providing Prometheus Monitoring, Metric classes for various BPMN use, Grafana Annotations, and HTTPServer data export: Used to generate Prometheus metrics anywhere in the Engine, including BPMN, CMN, and DMN engines and instances.",Groovy,https://github.com/StephenOTT/camunda-prometheus-process-engine-plugin
628,AutoInject,51,20,51,0,15/06/2018,19/06/2020,219.00 KB,Android 通用的组件自动注册、自动初始化解决方案,Groovy,https://github.com/EastWoodYang/AutoInject
629,SmartThings-Home-Assistant-Connect,51,38,51,2,16/10/2017,14/02/2021,17.00 KB,Connect your Home Assistant devices to SmartThings.,Groovy,https://github.com/gurase/SmartThings-Home-Assistant-Connect
630,pipeline-library,51,43,51,0,25/10/2017,14/11/2023,194.00 KB,A repository of Jenkins pipeline files we can reference from elsewhere,Groovy,https://github.com/redhat-cop/pipeline-library
631,SmartThings,51,150,51,6,05/03/2017,20/03/2018,180.00 KB,SmartThings Platform Device Type Handlers and SmartApps,Groovy,https://github.com/tomasaxerot/SmartThings
632,bigtop,51,12,51,1,10/06/2011,04/07/2011,10.24 MB,"Bigtop is a project for the development of packaging and tests of the Apache Hadoop ecosystem.  The primary goal of Bigtop is to build a community around the packaging and interoperability testing of Hadoop-related projects. This includes testing at various levels (packaging, platform, runtime, upgrade, etc...) developed by a community with a focus on the system as a whole, rather than individual projects.",Groovy,https://github.com/cloudera/bigtop
633,FreePlaneGTD,51,22,51,13,02/10/2014,06/07/2026,12.39 MB,Fork of Freeplane GTD with extensions,Groovy,https://github.com/gpapp/FreePlaneGTD
634,jenkins-std-lib,51,4,51,16,04/06/2020,06/10/2026,593.00 KB,Bringing the Zen of Python to Jenkins.,Groovy,https://github.com/DontShaveTheYak/jenkins-std-lib
635,gradle-release-plugin,51,24,51,9,23/10/2012,29/12/2016,233.00 KB,A modern release plugin for gradle,Groovy,https://github.com/ari/gradle-release-plugin
636,gradle-jaxb-plugin,51,44,51,34,08/12/2012,24/02/2022,1.07 MB,Gradle plugin to ease projects that use xsds and the ant jaxb task,Groovy,https://github.com/scubacabra/gradle-jaxb-plugin
637,jmeter-gradle-plugin,51,46,51,43,09/07/2015,25/11/2020,326.00 KB,Gradle plugin to run JMeter tests,Groovy,https://github.com/jmeter-gradle-plugin/jmeter-gradle-plugin
638,nebula-test,51,20,51,23,10/01/2014,21/09/2026,1.66 MB,Test harness for Gradle plugins,Groovy,https://github.com/nebula-plugins/nebula-test
639,report-of-build-tools-for-java-and-golang,51,9,51,1,29/12/2016,01/11/2018,172.00 KB,,Groovy,https://github.com/blindpirate/report-of-build-tools-for-java-and-golang
640,Android-ThinApk,51,9,51,1,09/01/2019,17/05/2019,168.00 KB,Android APK瘦身插件,Groovy,https://github.com/houjinyun/Android-ThinApk
641,soapUIGroovyScripts,51,59,51,1,25/12/2014,03/01/2024,141.00 KB,Groovy scripts that helps to do some tasks in SoapUI tool,Groovy,https://github.com/nmrao/soapUIGroovyScripts
642,grails-vaadin-plugin,51,29,51,0,09/01/2012,09/03/2018,5.18 MB,Plugin for integration of Grails and Vaadin.,Groovy,https://github.com/ondrej-kvasnovsky/grails-vaadin-plugin
643,LicenseChecker,50,0,50,0,11/03/2017,27/03/2017,465.00 KB,Gradle plugin to check that all Open Source Libraries in a project have been attributed,Groovy,https://github.com/wbonnefond/LicenseChecker
644,core-api,50,9,50,11,09/07/2014,10/04/2024,52.35 MB,Old Corea-milestone centralized backend now obsolete as everything is decentralized.,Groovy,https://github.com/streamr-dev/core-api
645,gradle-teamcity-plugin,50,16,50,13,14/05/2015,17/12/2025,3.06 MB,Gradle plugin for developing TeamCity plugins,Groovy,https://github.com/rodm/gradle-teamcity-plugin
646,aos-cd-jobs,50,156,50,22,11/01/2017,08/10/2026,26.81 MB,,Groovy,https://github.com/openshift-eng/aos-cd-jobs
647,Smartthings,50,391,50,3,17/12/2019,16/08/2022,191.00 KB,Custom DTHs for Smartthings,Groovy,https://github.com/iquix/Smartthings
648,DSLsFromBeginnerToExpert,50,10,50,0,20/10/2011,15/07/2024,15.53 MB,,Groovy,https://github.com/paulk-asert/DSLsFromBeginnerToExpert
649,selenium-docker-allure,50,52,50,7,12/07/2017,06/07/2022,772.00 KB,Running Selenium tests with py.test testing convention with docker support,Groovy,https://github.com/eliranshani/selenium-docker-allure
650,mod-shell,50,10,50,7,12/01/2013,03/07/2020,647.00 KB,The module mod-shell provides an interactive shell for Vert.x,Groovy,https://github.com/crashub/mod-shell
651,jenkins-pipeline-shared-library-template,50,38,50,1,17/07/2017,23/03/2018,67.00 KB,Project template for developing shared Jenkins pipeline libraries.,Groovy,https://github.com/Diabol/jenkins-pipeline-shared-library-template
652,SmartThings---Devices,50,166,50,5,14/10/2015,16/08/2017,71.00 KB,For deviceTypes to be used with SmartThings,Groovy,https://github.com/sticks18/SmartThings---Devices
653,Hubitat,50,59,50,4,03/05/2018,28/12/2020,2.77 MB,,Groovy,https://github.com/erocm123/Hubitat
654,gql,50,5,50,3,01/04/2017,05/11/2024,2.97 MB,Groovy GraphQL library,Groovy,https://github.com/grooviter/gql
655,lightningj,50,11,50,6,13/01/2018,20/02/2024,105.39 MB,Core implementation of the lightningj API implementations.,Groovy,https://github.com/lightningj-org/lightningj
656,muddler,50,17,50,17,22/03/2019,15/09/2026,153.00 KB,A build tool for Mudlet package developers,Groovy,https://github.com/demonnic/muddler
657,groovy-bytecode-ast,50,9,50,1,14/01/2011,06/07/2016,120.00 KB,A Groovy AST transformation which allows writing the body of a method as bytecode instructions.,Groovy,https://github.com/melix/groovy-bytecode-ast
658,AutoVersion,50,10,50,1,30/05/2016,08/08/2016,128.00 KB,Generate versionCode and versionName for android app based on git commit count automatically,Groovy,https://github.com/nillith/AutoVersion
659,MethodTimeCost,50,3,50,0,03/07/2017,12/08/2020,172.00 KB,A gradle plugin to show time costs of methods on main-thread for Android.,Groovy,https://github.com/xiaobo0113/MethodTimeCost
660,osso,50,10,50,5,11/08/2016,30/06/2017,97.00 KB,,Groovy,https://github.com/osso-project/osso
661,jgitflow-gradle-plugin,49,42,49,14,09/07/2015,06/04/2019,214.00 KB,A Gradle Plugin which adds tasks to support the Gitflow Workflow.,Groovy,https://github.com/RobWin/jgitflow-gradle-plugin
662,gradle-syntastic-plugin,49,3,49,6,21/06/2015,22/08/2023,274.00 KB,A Gradle plugin for integrating your Java project with Vim and Syntastic.,Groovy,https://github.com/Scuilion/gradle-syntastic-plugin
663,SmartThings-webhook,49,12,49,1,06/12/2014,06/10/2020,10.00 KB,An installable groovy SmartApp that provides event-based webhook functionality for SmartThings.,Groovy,https://github.com/harperreed/SmartThings-webhook
664,geoscript-groovy,49,22,49,14,03/03/2010,19/04/2024,207.95 MB,A Groovy implementation of  GeoScript.,Groovy,https://github.com/geoscript/geoscript-groovy
665,dockerPreparePlugin,49,8,49,5,07/09/2017,12/07/2021,280.00 KB,Gradle plugin to generate docker layer-friendly directory for spring boot applications,Groovy,https://github.com/gclayburg/dockerPreparePlugin
666,AndroidResourceTools,49,13,49,5,08/10/2018,08/07/2019,117.00 KB,Android resource rename plugin. ,Groovy,https://github.com/zhaoyubetter/AndroidResourceTools
667,spreadsheet-builder,49,21,49,7,08/10/2015,03/05/2019,2.04 MB,Spreadsheet Builder,Groovy,https://github.com/MetadataConsulting/spreadsheet-builder
668,helium,49,8,49,28,21/09/2013,30/10/2019,2.01 MB,"DSL for REST API specification, verification, and code generation.",Groovy,https://github.com/stanfy/helium
669,griffoninaction,49,5,49,0,09/05/2011,11/04/2013,10.59 MB,Griffon in Action source code,Groovy,https://github.com/aalmiray/griffoninaction
670,ccr-syncer,49,48,49,43,17/03/2023,10/04/2026,8.51 MB,,Groovy,https://github.com/selectdb/ccr-syncer
671,smartthings,48,116,48,10,06/08/2014,10/03/2019,105.00 KB,My smartthings projects,Groovy,https://github.com/st-swanny/smartthings
672,groovy-excel-builder,48,13,48,6,15/09/2016,13/04/2020,618.00 KB,A Groovy DSL for Building Excel Files,Groovy,https://github.com/jameskleeh/groovy-excel-builder
673,groovy-website,48,73,48,5,20/11/2018,08/10/2026,136.43 MB,Apache Groovy content to generate sites,Groovy,https://github.com/apache/groovy-website
674,InfluxDB-Logger,48,41,48,0,24/10/2018,04/04/2026,233.00 KB,,Groovy,https://github.com/HubitatCommunity/InfluxDB-Logger
675,BuglyBetaUploader,48,10,48,1,08/07/2016,21/07/2025,590.00 KB,A grade plugin to upload apk file to Beta.,Groovy,https://github.com/BuglyDevTeam/BuglyBetaUploader
676,jenkins-startup-scripts,48,19,48,4,22/03/2018,26/11/2018,1.44 MB,,Groovy,https://github.com/buildit/jenkins-startup-scripts
677,android-power-assert-plugin,48,1,48,2,05/05/2014,16/11/2016,1.32 MB,Power Assert for Android,Groovy,https://github.com/gfx/android-power-assert-plugin
678,CodeAnalysis,48,15,48,0,10/02/2017,02/01/2019,405.00 KB,Android静态代码分析,Groovy,https://github.com/LiushuiXiaoxia/CodeAnalysis
679,rest-gradle-plugin,48,16,48,14,25/02/2013,26/10/2016,184.00 KB,A Gradle plugin that provides a REST request task infrastructure ,Groovy,https://github.com/noamt/rest-gradle-plugin
680,grails-json-rest-api,48,19,48,5,28/02/2011,03/01/2023,86.00 KB,JSON RESTful API for GORM,Groovy,https://github.com/padcom/grails-json-rest-api
681,gradle-vagrant-plugin,48,10,48,6,15/09/2013,21/03/2021,624.00 KB,Gradle plugin for managing Vagrant boxes.,Groovy,https://github.com/bmuschko/gradle-vagrant-plugin
682,gradle-resolution-rules-plugin,48,15,48,15,13/10/2015,28/09/2026,1.81 MB,Gradle plugin for providing reusable dependency resolution rules.,Groovy,https://github.com/nebula-plugins/gradle-resolution-rules-plugin
683,java-ordered-properties,48,23,48,0,04/10/2014,05/05/2025,730.00 KB,Alternative to the JDK class java.util.Properties.,Groovy,https://github.com/etiennestuder/java-ordered-properties
684,cloudify-recipes,48,64,48,1,13/02/2012,09/03/2016,32.18 MB,Application and service recipes for Cloudify,Groovy,https://github.com/CloudifySource/cloudify-recipes
685,cdh-package,47,52,47,7,21/06/2012,12/04/2022,12.49 MB,,Groovy,https://github.com/cloudera/cdh-package
686,jenkinsci-unstashParam-library,47,44,47,3,01/10/2019,09/03/2022,5.00 KB,,Groovy,https://github.com/janvrany/jenkinsci-unstashParam-library
687,jmzSmartThings,47,197,47,4,30/06/2016,12/07/2020,1.72 MB,,Groovy,https://github.com/flyjmz/jmzSmartThings
688,hueMotionSensor,47,173,47,5,07/09/2018,05/04/2020,84.00 KB,Hue motion sensor (SmartThings),Groovy,https://github.com/bogdanalexe90/hueMotionSensor
689,AppInit,47,81,47,0,23/01/2019,23/01/2019,7.00 KB,AppInit 是一款 Android 应用初始化框架，基于组件化的设计思路，功能灵活，使用简单。,Groovy,https://github.com/henryhong111/AppInit
690,grails-howtos,47,12,47,1,11/01/2012,08/10/2013,654.00 KB,The source and build for a set of Grails HOWTO documents,Groovy,https://github.com/grails/grails-howtos
691,KOF-CeilingFan,47,204,47,6,18/04/2017,08/04/2021,723.00 KB,Zigbee Ceiling Fan/light Controller by Home Depot (King of Fans),Groovy,https://github.com/dcoffing/KOF-CeilingFan
692,Getty,47,12,47,0,03/07/2016,27/04/2017,25.00 KB,基于Groovy的NIO框架，仅供学习Java NIO使用。,Groovy,https://github.com/x-hansong/Getty
693,thrift-gradle-plugin,47,20,47,11,21/08/2014,14/02/2023,210.00 KB,A gradle plugin for compiling Thrift IDL files using Thrift compiler,Groovy,https://github.com/jruyi/thrift-gradle-plugin
694,cdkbook,47,15,47,8,24/12/2018,08/12/2025,11.63 MB,Groovy Cheminformatics with the Chemistry Development Kit,Groovy,https://github.com/cdk/cdkbook
695,ScriptRunner,47,22,47,1,13/10/2017,29/05/2025,452.00 KB,Scripts for JIRA/Confluence,Groovy,https://github.com/totallytot/ScriptRunner
696,Hubitat,47,30,47,0,06/02/2018,08/04/2026,1.96 MB,Hubitat Stuff,Groovy,https://github.com/stephack/Hubitat
697,cleanup-scripts,47,26,47,1,20/01/2019,28/09/2026,385.00 KB,"Scripts for cleanup Atlassian Jira (Groovy, Python)",Groovy,https://github.com/gonchik/cleanup-scripts
698,spock-workshop,47,3,47,0,07/05/2013,18/05/2013,352.00 KB,,Shell,https://github.com/yamkazu/spock-workshop
699,notes-import,47,6,47,3,08/10/2018,08/09/2026,186.00 KB,Parses Apple notes SQLite databases,Groovy,https://github.com/ChrLipp/notes-import
700,awsobjectmapper,47,38,47,0,14/08/2014,23/07/2026,231.00 KB,Serializing / deserializing library for AWS objects,Groovy,https://github.com/Netflix/awsobjectmapper
701,jbake-gradle-plugin,47,21,47,11,28/01/2014,24/02/2023,820.00 KB,A Gradle plugin for JBake,Groovy,https://github.com/jbake-org/jbake-gradle-plugin
702,gversion-plugin,47,11,47,4,06/04/2018,27/05/2026,242.00 KB,Gradle plugin for autogenerating version info from gradle and git,Groovy,https://github.com/lessthanoptimal/gversion-plugin
703,grails-shiro,46,60,46,4,12/11/2010,26/05/2020,1.45 MB,Grails Plugin for the Apache Shiro security framework,Groovy,https://github.com/pledbrook/grails-shiro
704,smarthings-apps,46,117,46,6,17/01/2014,16/01/2018,38.00 KB,Files for SmartThings Apps,Groovy,https://github.com/twack/smarthings-apps
705,ChangeResourceDemo,46,13,46,0,25/05/2018,28/02/2020,124.00 KB,多渠道修改图片的gradle插件,Groovy,https://github.com/mrqatom/ChangeResourceDemo
706,gradle-bundle-plugin,46,20,46,10,19/05/2014,14/05/2021,257.00 KB,,Groovy,https://github.com/TomDmitriev/gradle-bundle-plugin
707,jenkins-workflow,46,19,46,0,10/08/2016,22/05/2018,21.00 KB,contains handy groovy workflow-libs scripts,Groovy,https://github.com/funkwerk/jenkins-workflow
708,Nutty-SmartThings,46,159,46,0,16/09/2016,19/11/2020,64.00 KB,Collection of apps for the SmartThings platform.,Groovy,https://github.com/nuttytree/Nutty-SmartThings
709,jenkins-shared-library,46,4,46,0,20/02/2023,25/08/2026,1.83 MB,Jenkins Pipeline Extending with Shared Libraries ,Groovy,https://github.com/daluobai-devops/jenkins-shared-library
710,POET-pipeline-library,46,30,46,1,22/07/2019,05/12/2019,157.00 KB,POET pipeline framework automation code.,Groovy,https://github.com/tmobile/POET-pipeline-library
711,smartthings,46,68,46,1,28/08/2014,14/10/2025,3.32 MB,A collection of smart apps for smartthings,Groovy,https://github.com/sidjohn1/smartthings
712,semver-git,46,15,46,12,08/04/2015,01/02/2023,184.00 KB,"Gradle plugin that combines git tags and semantic versioning, and sets the gradle version property accordingly. ",Groovy,https://github.com/Nasdaq/semver-git
713,gradle-release-plugin,45,9,45,8,12/12/2014,14/12/2021,170.00 KB,Gradle plugin providing very minimal release version numbering (Git-specific),Groovy,https://github.com/netzwerg/gradle-release-plugin
714,Brainduck,45,1,45,31,17/08/2014,11/06/2026,1.64 MB,"Brainfuck Interpreter in Java/Groovy, with a Groovy DSL",Groovy,https://github.com/Zomis/Brainduck
715,force-meta-backup,45,22,45,8,28/01/2013,24/06/2026,231.72 MB,A tool to help download Salesforce.com Metadata,Groovy,https://github.com/alan-morey/force-meta-backup
716,har2JMeter,45,30,45,2,08/03/2013,25/11/2019,11.09 MB,Simple Java/Groovy based command line tool  to convert a HAR file into a JMeter test scripts.,Groovy,https://github.com/Seitenbau/har2JMeter
717,grails-gson,45,34,45,16,27/06/2012,22/08/2013,1.04 MB,Provides alternate JSON (de)serialization for Grails using Google's Gson library,Groovy,https://github.com/robfletcher/grails-gson
718,bangali,45,51,45,14,19/10/2017,25/12/2020,9.27 MB,bangali's random code stuff for smartthings,Groovy,https://github.com/adey/bangali
719,fonts,45,5,45,1,03/04/2017,04/01/2018,405.00 KB,Define the fonts of your Android project directly from the build.gradle ,Groovy,https://github.com/florent37/fonts
720,google-calendar-grails,45,25,45,0,11/02/2012,31/03/2015,675.00 KB,,Groovy,https://github.com/craigburke/google-calendar-grails
721,SAPCPI,45,52,45,0,15/08/2023,08/06/2026,7.64 MB,SAP CPI Material,Groovy,https://github.com/outoftheboxea/SAPCPI
722,smartthings-devices,45,102,45,1,29/01/2014,16/11/2015,336.00 KB,Device Files,Groovy,https://github.com/twack/smartthings-devices
723,jenkins-k8sagent-lib,45,33,45,2,07/10/2019,28/09/2023,153.00 KB,Jenkins Shared Library to get dynamic agent from Kubernetes cloud,Groovy,https://github.com/liejuntao001/jenkins-k8sagent-lib
724,gradle-calabash-android-plugin,44,29,44,15,22/10/2013,25/02/2016,318.00 KB,Gradle Plugin for Calabash,Groovy,https://github.com/Pedlar/gradle-calabash-android-plugin
725,smartthings-dsc-alarm,44,40,44,3,29/03/2014,30/07/2014,395.00 KB,Smartthings code for DSC (or generic) alarm panels via REST API,Groovy,https://github.com/kholloway/smartthings-dsc-alarm
726,jenkins-global-library-simple,44,7,44,1,24/12/2018,23/05/2020,4.00 KB,"I couldn't find a simple example of Jenkins global shared libraries, so I made one",Groovy,https://github.com/ChrisCooney/jenkins-global-library-simple
727,ops,44,61,44,1,24/04/2020,11/05/2020,100.00 KB,,Groovy,https://github.com/ronwxy/ops
728,jks,44,17,44,1,03/05/2016,19/01/2018,26.00 KB,Jenkins Docker image,Groovy,https://github.com/thbkrkr/jks
729,docker-jenkins,44,28,44,1,27/04/2017,10/02/2019,68.00 KB,Customized image with docker and selected plugin pre-backed. This image makes use of docker secrets and runs in a swarm cluster ,Groovy,https://github.com/shazChaudhry/docker-jenkins
730,smartthings,44,32,44,6,14/07/2014,15/08/2016,81.00 KB,"This is a repository of all of my custom SmartThings programs, which include both Device Types and SmartApps.",Groovy,https://github.com/nicholaswilde/smartthings
731,android-multithread,43,20,43,0,06/09/2013,17/05/2014,1.42 MB,android lib - multithread,Groovy,https://github.com/snowdream/android-multithread
732,MacroGroovy,43,2,43,0,05/12/2013,15/04/2014,340.00 KB,,Groovy,https://github.com/bsideup/MacroGroovy
733,HappyNewMoonWithReport,43,6,43,2,25/07/2017,28/07/2022,2.12 MB,Happy New Moon with Report is an open-source implementation of WebAssembly written entirely in Java. It is typically used to run or test Web Assembly Modules (*.wasm) in Java.,Groovy,https://github.com/fishjd/HappyNewMoonWithReport
734,Savior,43,13,43,1,23/09/2016,23/09/2016,145.00 KB,基于Instant run思想的HotFix实现,Groovy,https://github.com/HalfStackDeveloper/Savior
735,ivypot-gradle-plugin,43,14,43,7,11/05/2015,23/04/2020,418.00 KB,Ivypot is a Gradle plugin to help managing a local off-line repository for builds in restricted environments,Groovy,https://github.com/ysb33r/ivypot-gradle-plugin
736,jenkins-os,43,18,43,1,11/11/2016,28/02/2020,509.00 KB,Groovy pipeline jobs that build and test Container Linux with Jenkins,Groovy,https://github.com/coreos/jenkins-os
737,grails-samples,43,20,43,1,11/02/2010,14/02/2011,66.56 MB,THIS IS DEAD CODE AND HAS BEEN MOVED TO https://github.com/grails-samples/,Groovy,https://github.com/grails/grails-samples
738,wiremock-groovy,43,6,43,3,17/02/2015,28/04/2023,127.00 KB,groovy bindings for wiremock,Groovy,https://github.com/tomjankes/wiremock-groovy
739,BigTalker2,43,166,43,5,06/02/2018,05/10/2026,336.00 KB,SmartThings SmartApp - Big Talker is a SmartApp for SmartThings that can make your house talk depending on various triggered events.,Groovy,https://github.com/rayzurbock/BigTalker2
740,gradle-mkdocs-plugin,43,7,43,2,20/12/2017,06/10/2026,2.82 MB,Mkdocs documentation generation and publishing plugin,Groovy,https://github.com/xvik/gradle-mkdocs-plugin
741,android-gradle-mulchannel-plugin,43,11,43,5,02/02/2015,25/01/2016,12.61 MB,Gradle plugin for generating multiple channel apks,Groovy,https://github.com/ihrthk/android-gradle-mulchannel-plugin
742,GrabVer,42,12,42,1,21/05/2017,15/03/2026,231.00 KB,"Gradle Automatic Build Versioning Plugin - An easy Gradle plugin that follows semver.org rules to automatically generate the Patch version, Build number and Code version, while Major, Minor and Pre-Release suffix remain under our control.",Groovy,https://github.com/davideas/GrabVer
743,gradle-js,42,6,42,5,22/06/2016,29/06/2016,76.00 KB,JavaScript Builds for Gradle. You're Welcome.,Groovy,https://github.com/danveloper/gradle-js
744,coin-exchange-frontend,42,39,42,4,24/11/2016,14/05/2019,5.46 MB,"Coin Exchange front-end code. Coin Exchange is a high performance exchange system specialized for Crypto currency trading with different general purpose uses such as independent deposit and withdrawal channels for Bitcoin and Litecoin, and also a standalone exchange for different asset classes.",Groovy,https://github.com/coin-worx/coin-exchange-frontend
745,pipeline-sharedlib-testharness,42,17,42,2,07/07/2017,08/07/2024,116.00 KB,JenkinsPipelineUnit test harness for a Jenkins Shared Library,Groovy,https://github.com/stchar/pipeline-sharedlib-testharness
746,image2cssConverter,42,9,42,3,06/12/2011,20/06/2017,1.27 MB,"Convert images (jpg, gif, png) to base64 encoded CSS classes",Groovy,https://github.com/mhuckaby/image2cssConverter
747,SmartThings-Alexa,42,130,42,6,01/09/2018,10/12/2018,42.00 KB,,Groovy,https://github.com/bjpierron/SmartThings-Alexa
748,gradle-debian-plugin,42,14,42,24,08/09/2013,27/09/2026,3.14 MB,Gradle plugin to create Debian packages,Groovy,https://github.com/gesellix/gradle-debian-plugin
749,lazybones-angular-grails,42,9,42,4,23/09/2014,30/08/2015,2.60 MB,Lazybones template for an AngularJs/Grails application,Groovy,https://github.com/craigburke/lazybones-angular-grails
750,groovy-data-science,42,13,42,0,06/06/2019,20/08/2026,13.75 MB,Some Data Science examples using Groovy,Groovy,https://github.com/paulk-asert/groovy-data-science
751,Aeon-HEM-v2,42,121,42,5,30/07/2014,02/02/2018,61.00 KB,"My version of the ST device driver for the Aeon HEM, exended to support the V2 version, with more displays",Groovy,https://github.com/SANdood/Aeon-HEM-v2
752,ebook-continuous-delivery-with-kubernetes-and-jenkins,42,101,42,0,26/10/2017,18/03/2022,1004.00 KB,"Continuous Delivery for Java Apps: Build a CD Pipeline Step by Step Using Kubernetes, Docker, Vagrant, Jenkins, Spring, Maven and Artifactory",Groovy,https://github.com/jorgeacetozi/ebook-continuous-delivery-with-kubernetes-and-jenkins
753,micronaut-testing-best-practices,42,13,42,0,21/06/2020,10/07/2020,163.00 KB,,Groovy,https://github.com/ilopmar/micronaut-testing-best-practices
754,Zuul,42,30,42,40,13/07/2012,06/07/2022,1.42 MB,Keymaster and Gatekeeper - Application Configuration Management,Groovy,https://github.com/Confluex/Zuul
755,ansible-jenkins,42,40,42,1,02/09/2020,16/04/2026,927.00 KB,,Groovy,https://github.com/darinpope/ansible-jenkins
756,jmeter-allure-reporting,42,9,42,2,25/09/2021,07/09/2024,83.27 MB,Make JMeter report in Allure format,Groovy,https://github.com/nonealexq/jmeter-allure-reporting
757,jenkins-shared-library,42,167,42,0,18/05/2019,15/11/2024,88.00 KB,A Jenkins shared library code examples with Jenkinfiles,Groovy,https://github.com/techiescamp/jenkins-shared-library
758,gradle-buildscan-recipes,42,2,42,8,14/10/2016,01/02/2018,145.00 KB,A Gradle plugin for Build Scans,Groovy,https://github.com/melix/gradle-buildscan-recipes
759,hubitat,42,45,42,12,08/01/2020,16/02/2022,2.19 MB,My Hubitat Stuff,Groovy,https://github.com/djdizzyd/hubitat
760,gradle-groovysh-plugin,42,10,42,3,04/05/2014,12/07/2022,482.00 KB,gradle plugin allowing to start a command-line shell,Groovy,https://github.com/tkruse/gradle-groovysh-plugin
761,grails-solr-plugin,42,40,42,5,08/01/2010,04/07/2011,63.68 MB,Provides search capabilities for Grails domain model and more using the excellent Solr  open source search server through the SolrJ library.,Groovy,https://github.com/mbrevoort/grails-solr-plugin
762,fxtest-jenkins-pipeline,42,20,42,0,13/02/2017,08/04/2019,80.00 KB,DEPRECATED,Groovy,https://github.com/mozilla/fxtest-jenkins-pipeline
763,Iris-Smart-Plug,41,196,41,3,04/12/2015,17/12/2018,21.00 KB,,Groovy,https://github.com/blebson/Iris-Smart-Plug
764,jenkins-dsl-pipelines,41,10,41,4,09/08/2022,25/10/2022,49.00 KB,Sample repo demonstrating use of Jenkins DSL Pipelines via IntelliJ that will support code completion and validation,Groovy,https://github.com/jaydubb12/jenkins-dsl-pipelines
765,r-ci-samples,41,4,41,3,14/12/2019,05/10/2026,3.28 MB,Sample CI&metadata files from popular R package repos,Groovy,https://github.com/MichaelChirico/r-ci-samples
766,grails-executor,41,14,41,1,23/08/2010,20/09/2016,94.00 KB,concurrency plugin for grails to allow one to use the ExecutorService,Groovy,https://github.com/basejump/grails-executor
767,onec-cicd,41,13,41,0,09/06/2019,16/06/2019,15.00 KB,:sunglasses: CI-стенд для 1С:Предприятие 8.3.,Groovy,https://github.com/jugatsu/onec-cicd
768,plantuml-gradle-plugin,41,11,41,10,01/05/2020,17/11/2023,459.00 KB,Gradle plugin to build PlantUML diagrams from code (for living and up-to-date documentation),Groovy,https://github.com/RoRoche/plantuml-gradle-plugin
769,jenkins-pipeline-1C-to-sonar,41,30,41,0,31/08/2019,06/01/2021,87.00 KB,Конвейер проверки качества кода 1C,Groovy,https://github.com/Stepa86/jenkins-pipeline-1C-to-sonar
770,Modpack-Vintage,41,6,41,23,12/09/2022,23/03/2026,2.60 GB,An innovative modpack that contains GregTech and TerraFirmaCraft on 1.12.x.,Groovy,https://github.com/TerraFirmaGreg-Team/Modpack-Vintage
771,ST_MyQ,41,65,41,7,20/05/2014,14/10/2014,581.00 KB,MyQ Integration for Smart Things,Groovy,https://github.com/adamheinmiller/ST_MyQ
772,NeacyPlugin,41,8,41,1,15/11/2017,20/07/2018,561.00 KB,Gradle plugin for router or method  cost ..,Groovy,https://github.com/Neacy/NeacyPlugin
773,STAmbientWeather,41,76,41,1,15/08/2018,20/06/2026,20.53 MB,Hubitat Integration for Ambient Weather Station,Groovy,https://github.com/KurtSanders/STAmbientWeather
774,antlr4-gradle-plugin,41,12,41,5,21/05/2014,18/03/2021,69.00 KB,Antlr4 plugin for Gradle,Groovy,https://github.com/melix/antlr4-gradle-plugin
775,Project-CBT,41,4,41,2,27/07/2023,05/01/2024,705.00 MB,"Project CBT - The go-to modpack if you want to destroy your sanity, with cringe and bullshit torture",Groovy,https://github.com/Ministry-of-CBT/Project-CBT
776,jenkins-jenkinsfile-include,41,24,41,0,09/05/2017,09/05/2017,2.00 KB,An example of a Jenkins pipeline that includes steps from another file.,Groovy,https://github.com/ksuther/jenkins-jenkinsfile-include
777,android-gradle-groovy-app-template,41,4,41,0,31/12/2015,16/06/2019,187.00 KB,Gradle + Android Studio + Robolectric + Espresso + RoboSpock + JaCoCo,Groovy,https://github.com/jaredsburrows/android-gradle-groovy-app-template
778,GradleDemo,41,13,41,0,18/02/2016,26/02/2016,100.00 KB,Gradle插件开发极简教程,Groovy,https://github.com/damonliuchn/GradleDemo
779,groovy-events-listener-plugin,41,36,41,6,18/09/2015,05/10/2026,571.00 KB,"A Jenkins plugin, which executes groovy code when an event occurs.",Groovy,https://github.com/jenkinsci/groovy-events-listener-plugin
780,grails-aws,41,24,41,17,13/01/2011,17/08/2026,4.18 MB,Grails plugin for Amazon Web Services,Groovy,https://github.com/grails-aws/grails-aws
781,jmeter-gradle-plugin,40,27,40,30,12/10/2011,12/02/2016,703.00 KB,,Groovy,https://github.com/kulya/jmeter-gradle-plugin
782,grules,40,11,40,0,04/07/2012,13/11/2016,40.37 MB,Grules - rule engine for data preprocessing,Groovy,https://github.com/zhaber/grules
783,Jenkins-Pipeline-Utils,40,17,40,0,24/07/2018,10/05/2021,27.00 KB,Global Jenkins Pipeline Library with common utilities.,Groovy,https://github.com/eBay/Jenkins-Pipeline-Utils
784,TracePoint,40,13,40,1,22/10/2019,24/01/2021,268.00 KB,android 全埋点数据采集gradle插件（字节码插桩，支持androidx）,Groovy,https://github.com/harvie1208/TracePoint
785,selenium-automation-bundle,40,15,40,2,30/03/2018,28/05/2019,4.53 MB,Selenium Automation Bundle is an extendable and adaptable solution that simplifies automated testing to help focus on writing tests with Selenide and TestNG using the best test design patterns.,Groovy,https://github.com/sysgears/selenium-automation-bundle
786,syndesis-quickstarts,40,27,40,2,03/10/2018,21/07/2021,15.19 MB,Quickstarts,Groovy,https://github.com/syndesisio/syndesis-quickstarts
787,static-code-analysis-plugin,40,10,40,7,30/10/2015,06/08/2020,1.26 MB,"A plugin to simplify Static Code Analysis on Gradle. Not restricted to, but specially useful, in Android projects, by making sure all analysis can access the SDK classes.",Groovy,https://github.com/Monits/static-code-analysis-plugin
788,jenkins-bootstrap-slack,40,9,40,0,30/05/2015,18/10/2020,150.00 KB,Bootstrap a Jenkins instance configured for Jenkins slack plugin testing.,Groovy,https://github.com/samrocketman/jenkins-bootstrap-slack
789,droidmate,40,24,40,0,14/12/2015,03/04/2020,35.45 MB,DroidMate is an automated GUI execution generator for Android apps.,Groovy,https://github.com/konrad-jamrozik/droidmate
790,grails-spring-security-facebook,40,35,40,24,17/10/2011,30/04/2017,395.00 KB,Facebook Authentication plugin for Grails,Groovy,https://github.com/splix/grails-spring-security-facebook
791,vanessa-usher,40,20,40,2,11/08/2021,05/02/2025,612.00 KB,,Groovy,https://github.com/silverbulleters/vanessa-usher
792,gradle-androidannotations-plugin,40,10,40,6,27/12/2011,18/06/2012,787.00 KB,AndroidAnnotations plugin for Gradle,Groovy,https://github.com/ealden/gradle-androidannotations-plugin
793,sdp-pipeline-framework,40,14,40,0,18/09/2018,01/03/2019,2.20 MB,The Solutions Delivery Platform runtime pipeline framework,Groovy,https://github.com/boozallen/sdp-pipeline-framework
794,gradle-processes,40,18,40,8,02/12/2013,30/07/2018,200.00 KB,Gradle Processes Plugin - Create and manage forked processes,Groovy,https://github.com/johnrengelman/gradle-processes
795,configuration-as-code-jenkins-k8s,40,39,40,1,19/04/2020,29/04/2022,2.15 MB,"Demo resources for the Configuration as Code of Jenkins (for Kubernetes) talk on the 21st of April, for the Jenkins Online Meetup group",Groovy,https://github.com/figaw/configuration-as-code-jenkins-k8s
796,AndroidPionner,39,2,39,1,29/03/2019,08/03/2026,4.96 MB,为android工程编译提供常用功能的gradle插件，旨在把一些常用自动化的脚本收集在一起。,Groovy,https://github.com/galaxybruce/AndroidPionner
797,jenkins-shared-library,39,29,39,2,26/04/2020,01/08/2026,74.00 KB,My personal Jenkins Shared Library ,Groovy,https://github.com/colinbut/jenkins-shared-library
798,griffon_sample_apps,39,10,39,0,11/12/2009,29/03/2014,41.07 MB,A collection of Griffon applications used for demostration purposes,Groovy,https://github.com/aalmiray/griffon_sample_apps
799,jenkins-init-scripts,39,9,39,4,21/09/2016,15/10/2018,24.00 KB,Jenkins Groovy Initialization Mixin Scripts,Groovy,https://github.com/visualphoenix/jenkins-init-scripts
800,grails-cxf,39,48,39,14,16/01/2010,27/08/2026,32.50 MB,CXF Plugin for the Grails web framework,Groovy,https://github.com/grails-plugins/grails-cxf
801,springboot-aws-lambda,39,37,39,0,20/03/2017,02/02/2018,25.00 KB,,Groovy,https://github.com/bytekast/springboot-aws-lambda
802,gradle-plugin-protobuf,39,24,39,7,10/09/2011,23/03/2015,556.00 KB,Protobuf Plugin for Gradle has moved to,Groovy,https://github.com/aantono/gradle-plugin-protobuf
803,pipeline-developer,39,22,39,3,15/06/2017,05/07/2018,13.00 KB,Local development for jenkins pipelines,Groovy,https://github.com/liatrio/pipeline-developer
804,scalroid,39,3,39,1,20/10/2022,08/02/2024,111.00 KB,"A scala-kotlin-java joint compilation plugin built on Gradle, for native Android.",Groovy,https://github.com/chenakam/scalroid
805,gradle-rpm-plugin,39,18,39,16,26/05/2011,03/11/2013,522.00 KB,Gradle plugin for constructing RPM packages.,Groovy,https://github.com/TrigonicSolutions/gradle-rpm-plugin
806,james-jenkins,39,30,39,6,10/07/2015,29/06/2021,19.74 MB,Immutable Jenkins CI for Apache James ,Groovy,https://github.com/linagora/james-jenkins
807,GitDetective,39,0,39,26,09/07/2018,11/09/2023,211.08 MB,Find the use and users of open-source code,Groovy,https://github.com/BFergerson/GitDetective
808,gradle-build-info-plugin,39,6,39,3,14/12/2015,02/01/2017,109.00 KB,Gradle plugin to include build information such as Git commit ID to your JAR. It can be used to show Git commit information with Spring Boot Actuator.,Groovy,https://github.com/ksoichiro/gradle-build-info-plugin
809,Hubitat,39,23,39,0,02/11/2018,10/08/2026,819.00 KB,Various custom apps and drivers for the Hubitat platform,Groovy,https://github.com/RMoRobert/Hubitat
810,gradle-jetty-eclipse-plugin,38,10,38,7,17/09/2013,03/12/2015,245.00 KB,Gradle Jetty Plugin for Eclipse Jetty,Groovy,https://github.com/Khoulaiz/gradle-jetty-eclipse-plugin
811,SmartThings,38,62,38,1,12/01/2016,19/06/2018,1.37 MB,,Groovy,https://github.com/fuzzysb/SmartThings
812,maven-plugin-development,38,9,38,11,22/03/2020,19/09/2026,1.42 MB,Gradle plugin for building Apache Maven plugins,Groovy,https://github.com/gradlex-org/maven-plugin-development
813,cnp-jenkins-library,38,12,38,67,04/07/2017,08/10/2026,4.14 MB,Shared jenkins library,Groovy,https://github.com/hmcts/cnp-jenkins-library
814,webdriver-binaries-gradle-plugin,38,14,38,5,26/09/2017,23/10/2025,546.00 KB,A Gradle plugin that downloads and caches WebDriver binaries specific to the OS the build runs on,Groovy,https://github.com/erdi/webdriver-binaries-gradle-plugin
815,dockhand-jenkins,38,9,38,5,09/01/2019,29/04/2025,570.00 KB,"Upstream Jenkins Shared Library to Build, Promote, and Deploy Docker images",Groovy,https://github.com/boxboat/dockhand-jenkins
816,goodtimes,38,1,38,0,07/01/2017,28/01/2020,242.00 KB,Java 8 Date/Time API enhancements for Groovy,Groovy,https://github.com/bdkosher/goodtimes
817,gradle-git-repo,38,4,38,3,22/12/2014,24/11/2015,274.00 KB,Gradle plugin to better support using git repositories as a (private) maven repo.,Groovy,https://github.com/rharter/gradle-git-repo
818,gradle-checksum,38,14,38,2,12/08/2017,14/02/2022,224.00 KB,A Gradle plugin for creating checksums for files in your build.,Groovy,https://github.com/gradle/gradle-checksum
819,grails-profile-repository,38,30,38,5,07/01/2015,05/02/2025,838.00 KB,The Grails 3 profile repository - contains metadata for Grails profiles,Groovy,https://github.com/grails/grails-profile-repository
820,android-checkstyle-plugin,38,1,38,0,13/02/2015,05/09/2017,219.00 KB,Configures the checkstyle plugin for Android projects,Groovy,https://github.com/f2prateek/android-checkstyle-plugin
821,GradleCustomPlugin,38,19,38,0,19/01/2016,19/01/2016,153.00 KB,自定义Gradle插件,Groovy,https://github.com/mickyliu945/GradleCustomPlugin
822,docker-grails,38,6,38,0,17/10/2014,11/11/2015,251.00 KB,Grails in Docker Container,Groovy,https://github.com/onesysadmin/docker-grails
823,spring-boot-container-demo,38,15,38,2,29/04/2015,29/04/2015,116.00 KB,,Groovy,https://github.com/saturnism/spring-boot-container-demo
824,smartthings,38,102,38,3,03/07/2015,22/02/2018,963.00 KB,My Smartthings,Groovy,https://github.com/CyrilPeponnet/smartthings
825,gradle-spoon-plugin,38,6,38,4,23/09/2013,07/02/2017,288.00 KB,A Gradle plugin for running Android instrumentation tests with Spoon.,Groovy,https://github.com/x2on/gradle-spoon-plugin
826,Gradle-Dependencies-Check,38,10,38,0,09/05/2019,28/03/2023,113.00 KB,梳理并检查项目中多个module的gradle依赖配置是否存在冲突,Groovy,https://github.com/AndroidAppFactory/Gradle-Dependencies-Check
827,tsaap-notes,38,19,38,37,19/06/2013,28/12/2018,9.96 MB,Active learning tool for learners and teachers,Groovy,https://github.com/TSaaP/tsaap-notes
828,jdeps-gradle-plugin,38,8,38,3,17/05/2017,31/01/2023,326.00 KB,Run JDeps on a Gradle build,Groovy,https://github.com/kordamp/jdeps-gradle-plugin
829,Hubitat,38,26,38,4,04/09/2021,06/10/2026,15.78 MB,Hubitat Elevation drivers and apps,Groovy,https://github.com/kkossev/Hubitat
830,gradle-pom-plugin,38,4,38,1,20/11/2015,06/10/2026,677.00 KB,Gradle POM plugin,Groovy,https://github.com/xvik/gradle-pom-plugin
831,ds-gradle-vaadin,38,11,38,15,27/02/2018,24/11/2020,922.00 KB,Gradle plugin for building Vaadin Flow 10/11/12/13/14/15 apps,Groovy,https://github.com/devsoap/ds-gradle-vaadin
832,librecores-ci-jenkins-server,38,9,38,43,09/09/2016,02/08/2021,183.00 KB,LibreCores Continuous Integration,Groovy,https://github.com/librecores/librecores-ci-jenkins-server
833,pmsencoder,38,20,38,0,05/01/2010,02/11/2015,22.22 MB,Web video plugin for PS3 Media Server,Groovy,https://github.com/chocolateboy/pmsencoder
834,lifxcode,38,21,38,7,15/12/2018,25/10/2021,717.00 KB,,Groovy,https://github.com/robheyes/lifxcode
835,Freeplane_MarkdownHelper,37,2,37,1,12/03/2021,07/04/2026,32.09 MB,Markdown HelperAddOn for Freeplane is a tool to create markdown documents in a Freeplane mindmapping way. The general idea of this AddOn is to insert special nodes in your map that help to translate the information in a mindmap into a Markdown document. You obtain a good looking document retaining the flexibility that offers Freeplane and mindmapping. You can easy reorder and insert new ideas as usual.,Groovy,https://github.com/EdoFro/Freeplane_MarkdownHelper
836,Test-Code,37,18,37,0,31/12/2018,17/09/2026,2.58 MB,Test Code,Groovy,https://github.com/DaveGut/Test-Code
837,grails-cors,37,20,37,13,28/09/2012,02/03/2022,504.00 KB,Grails plugin to add Cross-Origin Resource Sharing (CORS) headers,Groovy,https://github.com/davidtinker/grails-cors
838,grails-quartz2,37,11,37,0,15/12/2011,14/10/2019,255.00 KB,Uses the new Quartz 2.1 framework from quartz-scheduler.org. The goal is to keep it as simple as possible while making it friendly for Groovy/Grails.,Groovy,https://github.com/9ci/grails-quartz2
839,CurseMaven-OLD,37,4,37,0,17/06/2019,05/07/2020,186.00 KB,Gradle plugin to allow easy access to curseforge files,Groovy,https://github.com/Wyn-Price/CurseMaven-OLD
840,provisioning-gradle-plugin,37,5,37,0,10/12/2013,13/06/2014,367.00 KB,Gradle Plugin for Driving Server Provisioning Through Configuration,Groovy,https://github.com/danveloper/provisioning-gradle-plugin
841,jaxb-gradle-plugin,37,15,37,21,24/05/2016,24/09/2026,1.06 MB,Gradle JAXB code generation plugin,Groovy,https://github.com/IntershopCommunicationsAG/jaxb-gradle-plugin
842,graph-databases-testsuite,37,9,37,23,03/05/2017,10/02/2022,235.12 MB,"Docker Images, installation scripts, and testing & benchmarking suite for Graph Databases",Groovy,https://github.com/kuzeko/graph-databases-testsuite
843,gradle-aws-s3-sync,37,23,37,13,07/06/2012,29/03/2019,226.00 KB,The gradle task for synchronizing a local directory with a AWS S3 bucket.,Groovy,https://github.com/literalice/gradle-aws-s3-sync
844,elasticsearch-groovy,37,16,37,0,16/01/2014,10/09/2019,504.00 KB,Elasticsearch Groovy client,Groovy,https://github.com/elastic/elasticsearch-groovy
845,jenkins-scripts,37,17,37,1,04/10/2017,08/10/2017,7.00 KB,Useful groovy scripts for configuring Jenkins via Ansible,Groovy,https://github.com/peterjenkins1/jenkins-scripts
846,grand-unified-divisibility-rule,37,0,37,6,01/11/2021,01/10/2026,423.00 KB,One divisibility rule for all numbers,Groovy,https://github.com/lemiorhan/grand-unified-divisibility-rule
847,asciidoctorj-screenshot,37,7,37,4,24/02/2016,21/01/2019,20.16 MB,A set of AsciidoctorJ extensions for adding automated screenshots to an AsciiDoc document.,Groovy,https://github.com/asciidoctor/asciidoctorj-screenshot
848,Leikr,37,4,37,0,15/12/2018,13/11/2022,178.65 MB,Leikr Game System. Make Games in Groovy,Groovy,https://github.com/Torbuntu/Leikr
849,gradle-protobuf-plugin,37,14,37,3,15/06/2013,09/11/2015,386.00 KB,Gradle plugin for Google Protocol Buffers,Groovy,https://github.com/andrewkroh/gradle-protobuf-plugin
850,gradle-plugin-starter,37,7,37,2,18/12/2013,14/05/2021,247.00 KB,Gradle plugin template project,Groovy,https://github.com/int128/gradle-plugin-starter
851,cloudpipelines-jenkins,37,12,37,0,10/08/2018,19/04/2022,31.46 MB,https://cloud.spring.io/cloudpipelines-jenkins/,Groovy,https://github.com/spring-attic/cloudpipelines-jenkins
852,grails-constraints,36,11,36,9,23/10/2009,06/07/2012,531.00 KB,Custom constraints plugin for Grails applications,Groovy,https://github.com/geofflane/grails-constraints
853,interproscan6,36,9,36,4,03/08/2023,05/10/2026,217.83 MB,Genome-scale protein function annotation,Groovy,https://github.com/ebi-pf-team/interproscan6
854,jenkins_shared_lib,36,1077,36,0,18/03/2023,28/05/2023,6.00 KB,,Groovy,https://github.com/iam-vikash/jenkins_shared_lib
855,LLM-Prompts,36,6,36,1,11/05/2025,17/02/2026,2.03 MB,Some clever prompts to help with architecture documentation. ,Groovy,https://github.com/docToolchain/LLM-Prompts
856,jenkins-job-dsl,36,19,36,23,13/05/2016,08/10/2026,3.30 MB,DSL scripts for edx Jenkins instances,Groovy,https://github.com/edx/jenkins-job-dsl
857,asciidoc2confluence,36,8,36,10,26/04/2015,21/06/2021,27.00 KB,a groovy script to export an HTML file generated by asciidoc to several confluence pages,Groovy,https://github.com/rdmueller/asciidoc2confluence
858,tf_pipeline,36,14,36,0,16/08/2016,22/08/2016,17.00 KB,"Jenkins Pipeline jobs for Terraform with remote state locking, pull request integration and chat notifications",Groovy,https://github.com/benwtr/tf_pipeline
859,opa2vec,36,11,36,3,25/03/2018,26/09/2020,17.59 MB,Turning Ontologies Plus Annotation Properties into Vectors,Groovy,https://github.com/bio-ontology-research-group/opa2vec
860,easy-jenkins,36,9,36,28,11/01/2016,24/08/2020,2.86 MB,Easily deploy a Jenkins CI/CD infrastructure via docker-compose,Groovy,https://github.com/gmacario/easy-jenkins
861,Neddick,36,5,36,0,09/07/2010,15/03/2023,34.33 MB,Neddick: Open Source Information Discovery Platform,Groovy,https://github.com/fogbeam/Neddick
862,seed-plugin,36,11,36,7,27/05/2015,21/12/2021,5.79 MB,Seed Jenkins plug-in,Groovy,https://github.com/jenkinsci/seed-plugin
863,micronaut-v1-workshop,36,21,36,5,26/05/2018,15/04/2026,407.00 KB,Introductory workshop about Micronaut,Groovy,https://github.com/alvarosanchez/micronaut-v1-workshop
864,JenkinsUE4,36,8,36,0,27/07/2018,29/10/2025,289.00 KB,Setup instructions and pipeline for using Jenking with Unreal Engine 4(Github&P4 support),Groovy,https://github.com/gpageot/JenkinsUE4
865,Freeplane-Jumper,36,4,36,15,04/06/2020,05/01/2024,26.58 MB,A search box for Freeplane with on-the-fly filtering and full keyboard control. Quick navigation in your maps!,Groovy,https://github.com/lilive/Freeplane-Jumper
866,arquillian-gradle-plugin,36,6,36,10,14/11/2012,18/05/2021,171.00 KB,Gradle Plugin for handling Container control and deployment lifecycle,Groovy,https://github.com/arquillian/arquillian-gradle-plugin
867,slides,36,9,36,0,04/02/2017,13/07/2020,352.17 MB,Presentations and other resources. ,Groovy,https://github.com/alopresto/slides
868,Hubitat-Drivers,36,25,36,15,18/06/2020,13/09/2026,4.89 MB,Device Handlers To Use Shelly Products With Hubitat,Groovy,https://github.com/ShellyUSA/Hubitat-Drivers
869,grails-lesscss-resources,35,27,35,22,06/03/2011,26/08/2014,519.00 KB,Grails plugin for using the LESS CSS framework in conjunction with the grails-resource plugin family,Groovy,https://github.com/paulfairless/grails-lesscss-resources
870,Diciembre-PomodoroKata,35,30,35,2,01/12/2011,09/04/2012,191.00 KB,Kata del mes de Diciembre del 2011: PomodoroKata,Groovy,https://github.com/12meses12katas/Diciembre-PomodoroKata
871,everything-as-code,35,8,35,1,14/08/2016,06/12/2018,4.05 MB,Everything-as-code. A polyglot experiment.,Groovy,https://github.com/lreimer/everything-as-code
872,linter-rules-for-nextflow,35,2,35,3,21/02/2024,25/05/2026,377.00 KB,Linter rules for Nextflow DSL scripts,Groovy,https://github.com/awslabs/linter-rules-for-nextflow
873,jenkins-build-per-gitflow-branch,35,39,35,3,13/12/2014,18/02/2021,257.00 KB,Jenkins Build Per Git Flow Branch,Groovy,https://github.com/neoteric-eu/jenkins-build-per-gitflow-branch
874,GroovySparql,35,7,35,1,27/06/2011,04/01/2016,394.00 KB,Groovy Sparql - an easy to use Groovy API for interacting with SPARQL endpoints and RDF data,Groovy,https://github.com/AlBaker/GroovySparql
875,rendering,35,47,35,1,18/06/2010,07/10/2026,16.13 MB,"Provides rendering of GSPs as PDFs, JPEGs, GIFs and PNGs",Groovy,https://github.com/gpc/rendering
876,spock-dbunit,35,10,35,4,14/06/2012,05/07/2024,116.00 KB,Dbunit extension for spock avoiding a separate xml file,Groovy,https://github.com/janbols/spock-dbunit
877,android-tutorial-CardFlipAnimation,35,8,35,0,02/09/2013,04/09/2013,208.00 KB,,Groovy,https://github.com/balesz/android-tutorial-CardFlipAnimation
878,nexus-scripts,35,14,35,3,29/08/2017,06/01/2021,15.00 KB,Sonatype nexus 3 groovy scripts to list and delete assets,Groovy,https://github.com/hlavki/nexus-scripts
879,grails3-oauth2-api,35,17,35,6,11/05/2015,13/05/2015,184.00 KB,Grails 3 Demo API with OAuth 2,Groovy,https://github.com/bobbywarner/grails3-oauth2-api
880,jenkins-shared-libraries,35,547,35,1,27/09/2024,10/04/2025,18.00 KB,,Groovy,https://github.com/LondheShubham153/jenkins-shared-libraries
881,Hubitat-iPhone-Presence-Sensor,35,11,35,6,22/01/2019,25/01/2026,80.00 KB,A virtual presence sensor for Hubitat that checks if an iPhone/Android is on the WiFi network.,Groovy,https://github.com/joelwetzel/Hubitat-iPhone-Presence-Sensor
882,docker-jenkins-bootstrap,35,4,35,0,05/05/2017,17/05/2018,221.00 KB,"Bootstrapping Jenkins with Terraform, Ansible, Docker Compose, and Groovy init scripts",Groovy,https://github.com/unguiculus/docker-jenkins-bootstrap
883,ethercluster,35,13,35,1,19/02/2019,23/12/2019,272.00 KB,Kubernetes Cluster Designs and Specifications for Ethereum-based Networks,Groovy,https://github.com/ForkWatch/ethercluster
884,AwesomeLint,35,19,35,3,13/04/2019,22/05/2019,143.00 KB,一个好用的支持git提交时增量检查的lint插件,Groovy,https://github.com/lsc1993/AwesomeLint
885,kubernetes_example,35,61,35,0,01/02/2018,12/06/2019,831.00 KB,5-Step Kubernetes CI/CD Process using Artifactory & Helm,Groovy,https://github.com/jfrogtraining/kubernetes_example
886,python-joern,35,21,35,6,07/12/2013,13/11/2018,162.00 KB,A python interface to joern (deprecated).,Groovy,https://github.com/fabsx00/python-joern
887,android-comm-config-plugin,35,15,35,1,22/08/2019,15/10/2019,143.00 KB,Android组件化开发过程中，通过插件来强制使用某些规范，以及提供一些便利性的配置等。,Groovy,https://github.com/houjinyun/android-comm-config-plugin
888,angular-template-asset-pipeline,34,9,34,1,23/05/2014,01/11/2016,1.39 MB,AngularJs Template module for the Asset Pipeline,Groovy,https://github.com/craigburke/angular-template-asset-pipeline
889,SmallKat_V2,34,14,34,1,26/10/2017,06/04/2025,6.95 MB,,Groovy,https://github.com/OperationSmallKat/SmallKat_V2
890,Study,34,8,34,0,23/04/2018,23/08/2026,149.52 MB,学习笔记,Groovy,https://github.com/Jonny023/Study
891,gradle-jaxb-plugin,34,23,34,19,29/01/2016,16/03/2023,1009.00 KB,Gradle plugin to ease projects that use xsds and the ant jaxb task,Groovy,https://github.com/rackerlabs/gradle-jaxb-plugin
892,jenkins-json-build,34,16,34,0,14/08/2020,24/08/2026,9.23 MB,"This project relies on the Jenkins Shared Libraries mechanism and uses JSON configuration files to drive the build process, so that developers do not have to write a large number of Jenkins build scripts and abstract and reuse the execution process of Jenkins build scripts in many projects. The class library is very suitable for managing the large number of construction projects and the construction of various work scenarios. It can rely on one or several construction templates to cooperate with the json construction configuration file in each project to realize a unified management and flexible software project construction management plan .",Groovy,https://github.com/sunweisheng/jenkins-json-build
893,AndroidAOP,34,12,34,0,09/03/2018,09/03/2018,1.28 MB,first commit,Groovy,https://github.com/weixinjie/AndroidAOP
894,grails-multi-tenant-single-db,34,25,34,22,08/10/2010,12/11/2021,1.62 MB,Multi Tenant implementation for single database environments - Use grails-filtering and grails-hibernate-hijacker,Groovy,https://github.com/multi-tenant/grails-multi-tenant-single-db
895,grails-rabbitmq,34,28,34,9,14/05/2010,21/04/2016,857.00 KB,Grails RabbitMQ Plugin,Groovy,https://github.com/grails-plugins/grails-rabbitmq
896,hubitat,34,29,34,1,08/10/2018,16/01/2024,706.00 KB,Devices and Apps for Hubitat,Groovy,https://github.com/adamkempenich/hubitat
897,gitops-build-lib,34,14,34,12,28/01/2021,01/10/2026,599.00 KB,Jenkins pipeline shared library for automating deployments via GitOps,Groovy,https://github.com/cloudogu/gitops-build-lib
898,hubitat-public,34,32,34,7,28/11/2019,30/08/2026,1.53 MB,My Published Hubitat Drivers. No longer actively maintained but pull requests accepted.,Groovy,https://github.com/bradsjm/hubitat-public
899,mantle-usl,34,65,34,22,24/01/2016,28/09/2026,6.65 MB,Mantle Universal Service Library,Groovy,https://github.com/moqui/mantle-usl
900,JenkinsUnityAutoBuild,34,11,34,1,06/07/2019,22/04/2026,1.29 MB,🎮 Unity 游戏自动化打包方案，基于 Jenkins Pipeline + Job DSL 批量管理构建任务，支持 Windows/Android/iOS 多平台一键构建。使用Groovy脚本，易维护易扩展,Groovy,https://github.com/821869798/JenkinsUnityAutoBuild
901,GR8-US-2012,34,12,34,0,31/07/2012,22/08/2012,115.48 MB,Slides and materials from GR8 US presentations,Groovy,https://github.com/sjurgemeyer/GR8-US-2012
902,gradle-plugins,34,4,34,3,29/04/2012,24/06/2015,234.00 KB,Gradle plugins,Groovy,https://github.com/rodionmoiseev/gradle-plugins
903,spring-build-gradle,34,17,34,4,12/11/2010,04/04/2022,79.00 KB,*Deprecated* Shared Gradle sources for automating Spring Project builds,Groovy,https://github.com/spring-attic/spring-build-gradle
904,spock-retry,34,15,34,2,12/10/2013,01/02/2022,51.00 KB,Spock extension to allow test features and specifications to be retried before failed,Groovy,https://github.com/anotherchrisberry/spock-retry
905,Griddle,34,3,34,2,09/02/2015,17/02/2015,432.00 KB,,Groovy,https://github.com/Rightpoint/Griddle
906,gradle-s3-plugin,34,23,34,4,24/06/2014,24/09/2021,92.00 KB,S3 File Upload and Download plugin,Groovy,https://github.com/skhatri/gradle-s3-plugin
907,grails-multi-tenant-core,34,19,34,8,28/09/2010,11/09/2011,7.92 MB,,Groovy,https://github.com/multi-tenant/grails-multi-tenant-core
908,HA-Connector,33,153,33,7,13/02/2018,19/01/2022,439.00 KB,"Connector for Home-assistant with Smartthings, Hubitat",Groovy,https://github.com/fison67/HA-Connector
909,stats-gradle-plugin,33,7,33,6,17/07/2014,18/11/2018,288.00 KB,A Gradle plugin for counting lines of code in the same fashion as the griffon stats command.,Groovy,https://github.com/aalmiray/stats-gradle-plugin
910,Gradle-Goodness,33,7,33,0,27/11/2009,17/10/2014,459.00 KB,Samples from the Gradle Goodness blog series.,Groovy,https://github.com/mrhaki/Gradle-Goodness
911,GDuplicate-Finder,33,7,33,12,17/05/2012,08/10/2026,50.91 MB,GDuplicate Finder - A Groovy way to find duplicates among your computer and network shares!,Groovy,https://github.com/guicamest/GDuplicate-Finder
912,spock-spring-boot-example,33,24,33,3,12/12/2016,30/06/2020,191.00 KB,An example of testing Spring Boot application with Spock framework,Groovy,https://github.com/int128/spock-spring-boot-example
913,gradle-natives,33,4,33,4,15/03/2014,23/10/2017,1.99 MB,Gradle plugin to aid in managing native libraries associated with Java-based projects.,Groovy,https://github.com/cjstehno/gradle-natives
914,GregTech-Community-Pack,33,28,33,7,06/12/2021,24/05/2026,3.42 MB,(1.12) GregTech CE Unofficial introductory modpack,Groovy,https://github.com/GregTechCEu/GregTech-Community-Pack
915,gradle-javacard,33,11,33,4,30/07/2014,26/10/2018,120.00 KB,,Groovy,https://github.com/fidesmo/gradle-javacard
916,Hands-on-with-Jenkins-CI-CD-Pipelines-in-Kubernetes,33,46,33,0,18/01/2019,12/03/2019,2.31 MB,Code base for Devops Playground Meetup: Hands-on with Jenkins CI/CD Pipelines in Kubernetes,Groovy,https://github.com/DevOpsPlayground/Hands-on-with-Jenkins-CI-CD-Pipelines-in-Kubernetes
917,SmartThings-VirtualThermostat-WithDTH,33,106,33,3,31/12/2017,27/12/2020,80.00 KB,Virtual Thermostat Device with Device Type Hander to create a proper thermostat device (Works With Google Home and Alexa),Groovy,https://github.com/eliotstocker/SmartThings-VirtualThermostat-WithDTH
918,javacard-gradle-plugin,33,21,33,11,13/08/2017,06/11/2018,149.00 KB,:key: Gradle plugin for JavaCard development,Groovy,https://github.com/bertrandmartel/javacard-gradle-plugin
919,aws-cicd-shared-lib,33,10,33,0,30/08/2019,27/10/2022,44.00 KB,This repository contains set of common functions that are used to drive the AWS Pipeline,Groovy,https://github.com/wso2/aws-cicd-shared-lib
920,cpi-dashboard,33,15,33,2,19/08/2019,24/11/2020,16.79 MB,The Dashboard for SAP CPI is an IFlow-based monitoring tool for SAP CPI.,Groovy,https://github.com/codebude/cpi-dashboard
921,RuntimeDependenceChecker,33,9,33,1,08/07/2018,10/07/2018,717.00 KB,Android依赖库版本冲突检测插件,Groovy,https://github.com/yangtianrui95/RuntimeDependenceChecker
922,gradle-appstore-deploy-plugin,33,4,33,1,16/02/2015,15/12/2023,100.00 KB,Gradle Plugin for upload Android apps and related info to application stores,Groovy,https://github.com/minakov/gradle-appstore-deploy-plugin
923,tc-anywhere,33,7,33,0,11/03/2021,10/05/2021,174.00 KB,可以在任何方法内添加try catch 操作,Groovy,https://github.com/ooftf/tc-anywhere
924,smartapp-circadian-daylight,33,51,33,1,30/03/2015,11/07/2026,51.00 KB,Use your SmartThings Hub to sync your color changing lights with natural daylight hues,Groovy,https://github.com/KristopherKubicki/smartapp-circadian-daylight
925,job-dsl-sample,33,18,33,2,05/05/2017,14/04/2022,67.00 KB,Jenkins Job DSL Sample Project,Groovy,https://github.com/unguiculus/job-dsl-sample
926,jenkins-job-builders,33,25,33,2,24/04/2015,21/08/2026,733.00 KB,"Automated Jenkins job and view configuration, via the Jenkins Job DSL Plugin",Groovy,https://github.com/hmrc/jenkins-job-builders
927,mantle,33,28,33,1,17/03/2011,23/01/2016,7.45 MB,"This is the old Mantle Business Artifacts repository which has been split into one repository per component. See mantle-udm, mantle-usl, mantle-edi, mantle-oagis, mantle-ubpl, and AuthorizeDotNet",Groovy,https://github.com/moqui/mantle
928,socialmediabot,32,3,32,1,18/07/2016,17/01/2019,19.00 KB,AI Bot that posts to social media regularly,Groovy,https://github.com/ganeshkrishnan1/socialmediabot
929,iceScrum-core,32,23,32,1,21/02/2011,17/08/2026,5.73 MB,Core plugin (LGPL) for iceScrum (domain / services / webcomponents),Groovy,https://github.com/icescrum/iceScrum-core
930,hubitat-bond,32,17,32,13,09/08/2019,22/05/2022,102.00 KB,BOND Home Integration for Hubitat,Groovy,https://github.com/dcmeglio/hubitat-bond
931,jenkins-as-code-starter-project,32,37,32,0,10/11/2015,08/10/2020,72.00 KB,A neat little project that uses our jenkins utils and helps you  to get started and start testing your scripts,Groovy,https://github.com/cfpb/jenkins-as-code-starter-project
932,call-stack-profiler,32,19,32,1,24/02/2020,12/07/2025,62.00 KB,SkillTree,Groovy,https://github.com/NationalSecurityAgency/call-stack-profiler
933,gradle-react-plugin,32,5,32,5,09/11/2014,21/03/2018,187.00 KB,A simple plugin to use the react-tools to transform jsx to javascript using gradle.,Groovy,https://github.com/ehirsch/gradle-react-plugin
934,gradle-svntools-plugin,32,17,32,7,28/12/2014,22/08/2020,326.00 KB,Gradle plugin that provides various SVN-related tasks,Groovy,https://github.com/martoe/gradle-svntools-plugin
935,easyb-core,32,7,32,3,29/10/2010,01/08/2014,9.60 MB,easyb-core library,Groovy,https://github.com/easyb/easyb-core
936,streaming-graph-partitioning,32,5,32,11,30/04/2017,10/12/2021,413.27 MB,Experimental Setup for Performance Analysis of Streaming Algorithms,Groovy,https://github.com/anilpacaci/streaming-graph-partitioning
937,multiproject-git-gradle,32,10,32,7,07/06/2013,26/02/2019,650.00 KB,"Gradle script for multi-project git-based setup, configuration and build",Groovy,https://github.com/akhikhl/multiproject-git-gradle
938,smartthings,32,48,32,1,12/02/2015,10/01/2018,128.00 KB,SmartThings Projects,Groovy,https://github.com/bkeifer/smartthings
939,nf-sqldb,32,1,32,16,01/09/2021,10/08/2026,259.00 KB,SQL support plugin for Nextflow,Groovy,https://github.com/nextflow-io/nf-sqldb
940,python-pipeline-utils,32,5,32,1,13/12/2017,29/09/2026,705.00 KB,Jenkins shared pipeline library for Python-related utilities,Groovy,https://github.com/Ableton/python-pipeline-utils
941,pipeline,31,7,31,10,16/06/2012,28/06/2021,444.00 KB,Continuous Delivery,Groovy,https://github.com/pipelinecd/pipeline
942,grails-routing,31,30,31,12,28/05/2011,01/11/2021,181.00 KB,,Groovy,https://github.com/padcom/grails-routing
943,nf-prov,31,14,31,18,19/12/2022,17/05/2026,227.00 KB,Nextflow plugin to render provenance reports for pipeline runs. Supports standard formats such as BioCompute Object and Workflow Run RO-Crate.,Groovy,https://github.com/nextflow-io/nf-prov
944,gradle-http-plugin,31,7,31,6,11/10/2017,04/08/2021,546.00 KB,Gradle plugin providing support for using HttpBuilder-NG to make HTTP requests as Gradle Tasks.,Groovy,https://github.com/http-builder-ng/gradle-http-plugin
945,WholeSlideImageAnalysisWithQuPath,31,5,31,1,28/03/2022,19/01/2026,123.84 MB,,Groovy,https://github.com/tpecot/WholeSlideImageAnalysisWithQuPath
946,declarative-pipeline,31,14,31,2,20/05/2018,02/09/2023,737.00 KB,jenkinsfile pipeline library,Groovy,https://github.com/JavatarPro/declarative-pipeline
947,st_foscam_universal,31,93,31,2,26/07/2014,02/01/2019,157.00 KB,,Groovy,https://github.com/skp19/st_foscam_universal
948,gradle-scala-multiversion-plugin,31,15,31,4,06/02/2017,25/10/2024,250.00 KB,Gradle plugin to build a project against multiple versions of Scala,Groovy,https://github.com/ADTRAN/gradle-scala-multiversion-plugin
949,gradle-fpm-plugin,31,8,31,3,07/11/2012,09/01/2020,773.00 KB,a gradle plugin to create linux package (deb/rpm) using fpm,Groovy,https://github.com/kenshoo/gradle-fpm-plugin
950,grails-static-website,31,100,31,11,14/01/2015,08/10/2026,122.90 MB,Apache Grails Website,Groovy,https://github.com/apache/grails-static-website
951,jenkins-ephemeral-cicd,31,6,31,0,10/02/2017,17/01/2018,29.04 MB,Jenkins Docker files to support ephemeral build slaves over NGINX reverse proxy with HTTPS.,Groovy,https://github.com/danieleagle/jenkins-ephemeral-cicd
952,gradle-cpp-plugin,31,6,31,17,04/09/2015,21/08/2017,682.00 KB,Gradle C/C++ plugin with CMake interaction,Groovy,https://github.com/Tocea/gradle-cpp-plugin
953,nexus-platform-plugin,31,49,31,0,30/03/2017,24/05/2024,1.52 MB,Nexus Platform Plugin for Jenkins,Groovy,https://github.com/jenkinsci/nexus-platform-plugin
954,smartthings-samsung-tv,31,37,31,0,20/04/2014,23/12/2016,152.00 KB,Allows controlling Samsung Smart TVs using SmartThings,Groovy,https://github.com/bradmb/smartthings-samsung-tv
955,ConfigDroid,31,2,31,2,10/06/2017,21/06/2017,81.00 KB,Gradle plugin to generate config classes for your Android projects,Groovy,https://github.com/mb-14/ConfigDroid
956,gradle-java-flavours,31,12,31,2,21/12/2016,14/09/2017,71.00 KB,Android style flavours in a java project,Groovy,https://github.com/uklance/gradle-java-flavours
957,gradle-versioneye-plugin,31,5,31,3,18/04/2014,22/10/2018,241.00 KB,Plugin for Gradle to update your project's dependencies status on www.versioneye.com,Groovy,https://github.com/stempler/gradle-versioneye-plugin
958,does-alibaba-follow-their-own-guidelines,31,0,31,1,12/03/2019,17/03/2019,77.00 KB,,Groovy,https://github.com/blindpirate/does-alibaba-follow-their-own-guidelines
959,gexcelapi,31,7,31,4,01/12/2009,06/01/2017,271.00 KB,GExcelAPI is a thin Groovy-ish wrapper library of not JExcelAPI but Apache POI.,Groovy,https://github.com/nobeans/gexcelapi
960,skills-stress-test,31,15,31,1,24/02/2020,05/10/2026,443.00 KB,SkillTree,Groovy,https://github.com/NationalSecurityAgency/skills-stress-test
961,grails-marshallers,31,13,31,10,05/12/2011,18/10/2016,558.00 KB,Custom XML and JSON marshallers for Grails in an easy way,Groovy,https://github.com/pedjak/grails-marshallers
962,grails-facebook-sdk,31,13,31,4,02/01/2012,18/01/2023,4.79 MB,Facebook SDK Grails Plugin,Groovy,https://github.com/agorapulse/grails-facebook-sdk
963,build-time-blame-plugin,31,9,31,5,01/10/2016,09/08/2024,420.00 KB,A Jenkins plugin for analyzing the historical console output of a Job with the goal of determining which steps are taking the most time.,Groovy,https://github.com/jenkinsci/build-time-blame-plugin
964,BooungThings,30,245,30,8,17/03/2018,29/08/2022,312.00 KB,SmartThings ,Groovy,https://github.com/WooBooung/BooungThings
965,schema-gen,30,7,30,6,07/12/2017,25/02/2021,425.00 KB,"XML Schema code generator outputting Swift, Kotlin and Java",Groovy,https://github.com/reaster/schema-gen
966,gswg-v2,30,19,30,6,20/01/2010,07/02/2010,1.03 MB,"Getting Started with Grails, 2nd Edition",Groovy,https://github.com/scottdavis99/gswg-v2
967,jsoncodegen,30,10,30,8,12/06/2017,23/02/2023,11.39 MB,Groovy based generation tasks from JSON schema,Groovy,https://github.com/schlothauer-wauer/jsoncodegen
968,jenkins-shared-library-example,30,36,30,1,26/11/2017,25/03/2018,6.25 MB,,Groovy,https://github.com/aleksei-bulgak/jenkins-shared-library-example
969,VSphere2Metrics,30,2,30,3,04/06/2015,18/04/2018,2.99 MB,VMware vSphere Performance Metrics Integration with Graphite & InfluxDB,Groovy,https://github.com/syepes/VSphere2Metrics
970,seqqc,30,0,30,10,25/10/2022,25/09/2026,2.23 MB,A Nextflow pipeline to identify quality control issues with new sequencing data.,Groovy,https://github.com/Arcadia-Science/seqqc
971,integration-suite-learning-journey,30,14,30,3,25/04/2022,12/01/2026,7.49 MB,"Template for the learning journey ""Developing with SAP Integration Suite"".",Groovy,https://github.com/SAP-samples/integration-suite-learning-journey
972,jenkins-pipeline-shared-lib-sample,30,65,30,0,17/09/2017,11/09/2019,6.00 KB,,Groovy,https://github.com/AndreyVMarkelov/jenkins-pipeline-shared-lib-sample
973,smartthings,30,58,30,0,23/11/2015,24/06/2018,285.00 KB,,Groovy,https://github.com/adampv/smartthings
974,Tado,30,121,30,4,19/12/2016,04/11/2020,1.04 MB,Tado (Connect) SmartThings Integration Repo,Groovy,https://github.com/fuzzysb/Tado
975,Repo,30,6,30,0,05/11/2019,27/07/2021,68.00 KB,一个基于shell + gradle开发的效率工具，用来优化模块化/组件化分仓后带来的编译和调试痛点，提升开发效率,Groovy,https://github.com/Ryan-Shz/Repo
976,beerstrap,30,9,30,8,24/12/2013,30/09/2022,9.66 MB,Startup project designed to ease and accelerate software development. Ideal for startups and web developers who want to rapid-prototype and develop products within weeks.,Groovy,https://github.com/raulgomis/beerstrap
977,gatling-gradle-plugin,30,20,30,0,06/07/2020,05/10/2026,493.00 KB,Gatling Plugin for Gradle,Groovy,https://github.com/gatling/gatling-gradle-plugin
978,Awesome-Screenshots,30,0,30,1,02/01/2016,14/05/2016,543.00 KB,gradle plugin to transform boring screenshots to awesome ones - DEPRECATED,Groovy,https://github.com/sdoward/Awesome-Screenshots
979,emoji-convertor,30,8,30,0,29/05/2014,30/05/2014,3.99 MB,convert emoji to cn,Groovy,https://github.com/quxionglie/emoji-convertor
980,external-config,30,22,30,3,09/03/2016,04/05/2025,536.00 KB,Grails 3 plugin to handle multiple config files like Grails 2.x did,Groovy,https://github.com/sbglasius/external-config
981,intellij-plugin-export-keymap,30,13,30,13,05/06/2012,15/08/2024,2.68 MB,IntelliJ IDEA plugin that allows to generate pdf keymaps,Groovy,https://github.com/denis-zhdanov/intellij-plugin-export-keymap
982,android-gradle-plugin-transform-patch,30,3,30,0,27/06/2019,12/08/2019,101.00 KB,android gradle plugin transform patch,Groovy,https://github.com/lizhangqu/android-gradle-plugin-transform-patch
983,prosper,29,17,29,4,11/03/2013,27/02/2020,1.66 MB,A Spock-based integration testing library for prosperous AEM development.,Groovy,https://github.com/icfnext/prosper
984,GH-Connector,29,118,29,1,20/09/2018,03/03/2021,2.35 MB,Connector for Google Home Devices with SmartThings,Groovy,https://github.com/fison67/GH-Connector
985,gbench,29,1,29,3,09/04/2013,14/02/2015,7.32 MB,GBench - The benchmarking module for Groovy,Groovy,https://github.com/gperfutils/gbench
986,monadologie,29,2,29,0,19/04/2011,05/02/2014,1.16 MB,Monad Comprehensions in Groovy,Groovy,https://github.com/dsrkoc/monadologie
987,req42-framework,29,6,29,3,18/05/2022,29/09/2026,6.16 MB,req42 is a framework to handle agile requirements in a pragmatic way,Groovy,https://github.com/Hruschka/req42-framework
988,buildoop,29,12,29,24,29/01/2014,23/09/2015,2.36 MB,"Hadoop Ecosystem Builder: Build, package, test and deploy your Hadoop ecosystem project.",Groovy,https://github.com/keedio/buildoop
989,biodiv-grails-legacy,29,22,29,9,29/11/2011,09/09/2021,144.85 MB,India Biodiversity Portal (IBP) - A repository of information designed to harness and disseminate collective intelligence on the biodiversity of the Indian subcontinent.,Groovy,https://github.com/biodiv-archived/biodiv-grails-legacy
990,gradle-external-build,29,7,29,4,08/12/2016,20/05/2019,91.00 KB,"A Gradle plugin for seamlessly integrating with other build tools, including GNU make, CMake, qmake, and more.",Groovy,https://github.com/awrichar/gradle-external-build
991,restapidoc,29,9,29,5,19/03/2014,11/02/2016,1.62 MB,A RESTful API documentation plugin for the Grails web application framework,Groovy,https://github.com/siemens/restapidoc
992,graph-dsl,29,6,29,16,06/11/2016,16/07/2019,4.45 MB,A groovy dsl for creating and traversing graphs.,Groovy,https://github.com/moaxcp/graph-dsl
993,honeywell-rth6580wf,29,55,29,0,27/08/2014,22/01/2015,211.00 KB,,Groovy,https://github.com/jodyalbritton/honeywell-rth6580wf
994,gradle-jarjar,29,1,29,1,07/04/2014,25/06/2015,204.00 KB,Plugin for gradle which allows you to repackage jar-libraries with different package names using JarJar tool,Groovy,https://github.com/Tinkoff/gradle-jarjar
995,jshell-plugin,29,5,29,2,02/04/2020,05/02/2023,118.00 KB,Gradle plugin to explore your code and dependencies with in jshell,Groovy,https://github.com/mrsarm/jshell-plugin
996,one-click-microservice,29,5,29,0,30/11/2016,06/07/2017,352.00 KB,A starting point for automating the creation of microservices and all its Ops costs with a single click.,Groovy,https://github.com/andreschaffer/one-click-microservice
997,grace-framework,29,2,29,9,04/12/2022,05/10/2026,361.51 MB,One-Person web framework used to build enterprise-grade Spring Boot applications with Groovy language,Groovy,https://github.com/graceframework/grace-framework
998,gradle-android-buildconstants-plugin,29,1,29,1,13/02/2016,29/07/2016,102.00 KB,A Gradle plugin for Android which generates both Java and XML constants as part of the build process.,Groovy,https://github.com/jenzz/gradle-android-buildconstants-plugin
999,Android-GradlePlugin-Demo,29,13,29,1,09/02/2017,09/02/2017,104.00 KB,Android Studio 自定义 Gradle Plugin,Groovy,https://github.com/goodbranch/Android-GradlePlugin-Demo
1000,nf-co2footprint,29,12,29,11,20/04/2023,08/10/2026,8.61 MB,A Nextflow plugin to estimate the CO₂ footprint of pipeline runs.,Groovy,https://github.com/nextflow-io/nf-co2footprint
