Ranking,Project Name,Stars,Forks,Watchers,Open Issues,Created At,Last Commit,Size,Description,Language,Repo URL,Size
1,pandoc,45037,3907,45037,1067,20/03/2010,23/06/2026,68.79 MB,Universal markup converter,Haskell,https://github.com/jgm/pandoc,68.79 MB
2,shellcheck,39613,1931,39613,1233,17/11/2012,19/06/2026,5.45 MB,"ShellCheck, a static analysis tool for shell scripts",Haskell,https://github.com/koalaman/shellcheck,5.45 MB
3,postgrest,27347,1209,27347,385,13/06/2014,25/06/2026,13.87 MB,REST API for any Postgres database,Haskell,https://github.com/PostgREST/postgrest,13.87 MB
4,hadolint,12242,495,12242,233,15/11/2015,23/06/2026,4.16 MB,"Dockerfile linter, validate inline bash, written in Haskell",Haskell,https://github.com/hadolint/hadolint,4.16 MB
5,simplex-chat,11521,652,11521,1133,21/12/2019,25/06/2026,407.82 MB,"SimpleX - the first messaging network operating without user identifiers of any kind - 100% private by design! iOS, Android and desktop apps 📱!",Haskell,https://github.com/simplex-chat/simplex-chat,407.82 MB
6,semantic,9041,459,9041,0,15/03/2019,01/04/2025,33.72 MB,"Parsing, analyzing, and comparing source code across many languages",Haskell,https://github.com/github/semantic,33.72 MB
7,purescript,8874,570,8874,307,30/09/2013,07/06/2026,13.48 MB,A strongly-typed language that compiles to JavaScript,Haskell,https://github.com/purescript/purescript,13.48 MB
8,compiler,7795,682,7795,340,19/04/2012,25/06/2026,10.01 MB,"Compiler for Elm, a functional language for reliable webapps.",Haskell,https://github.com/elm/compiler,10.01 MB
9,unison,6657,309,6657,1268,06/05/2015,25/06/2026,153.33 MB,A friendly programming language from the future,Haskell,https://github.com/unisonweb/unison,153.33 MB
10,Carp,5958,184,5958,144,11/01/2016,22/06/2026,11.83 MB,"A statically typed lisp, without a GC, for real-time applications.",Haskell,https://github.com/carp-lang/Carp,11.83 MB
11,ihp,5295,222,5295,264,03/12/2017,24/06/2026,65.76 MB,🔥 The fastest way to build type safe web apps. IHP is a new batteries-included web framework optimized for longterm productivity and programmer happiness,Haskell,https://github.com/digitallyinduced/ihp,65.76 MB
12,kmonad,5018,336,5018,206,28/09/2019,15/06/2026,1.57 MB,An advanced keyboard manager,Haskell,https://github.com/kmonad/kmonad,1.57 MB
13,hledger,4550,389,4550,340,08/04/2013,25/06/2026,111.75 MB,"Robust, fast, intuitive plain text accounting tool with CLI, TUI and web interfaces.",Haskell,https://github.com/simonmichael/hledger,111.75 MB
14,Haxl,4381,309,4381,8,02/04/2014,15/03/2026,793.00 KB,"A Haskell library that simplifies access to remote data, such as databases or web-based services. ",Haskell,https://github.com/facebook/Haxl,793.00 KB
15,duckling,4294,737,4294,139,02/03/2017,15/03/2026,7.42 MB,"Language, engine, and tooling for expressing, testing, and evaluating composable language rules on input strings.",Haskell,https://github.com/facebook/duckling,7.42 MB
16,fp-course,4237,1189,4237,16,03/01/2013,07/10/2025,4.16 MB,Functional Programming Course,Haskell,https://github.com/system-f/fp-course,4.16 MB
17,stack,4065,847,4065,609,29/04/2015,25/06/2026,48.42 MB,The Haskell Tool Stack,Haskell,https://github.com/commercialhaskell/stack,48.42 MB
18,cardano-sl,3755,618,3755,188,14/10/2016,30/07/2020,117.10 MB,Cryptographic currency implementing Ouroboros PoS protocol,Haskell,https://github.com/input-output-hk/cardano-sl,117.10 MB
19,Kind,3753,150,3753,7,13/07/2018,22/01/2025,35.38 MB,A modern proof language,Haskell,https://github.com/HigherOrderCO/Kind,35.38 MB
20,xmonad,3576,294,3576,61,22/08/2015,22/06/2026,5.56 MB,"The core of xmonad, a small but functional ICCCM-compliant tiling window manager",Haskell,https://github.com/xmonad/xmonad,5.56 MB
21,write-you-a-haskell,3480,256,3480,31,05/01/2015,11/01/2021,961.00 KB,Building a modern functional compiler from first principles. (http://dev.stephendiehl.com/fun/),Haskell,https://github.com/sdiehl/write-you-a-haskell,961.00 KB
22,Idris-dev,3475,629,3475,708,14/09/2011,17/02/2025,37.38 MB,A Dependently Typed Functional Programming Language,Haskell,https://github.com/idris-lang/Idris-dev,37.38 MB
23,awesome-haskell,3281,175,3281,16,13/07/2014,13/04/2023,172.00 KB,"A collection of awesome Haskell links, frameworks, libraries and software. Inspired by awesome projects line.",Haskell,https://github.com/krispo/awesome-haskell,172.00 KB
24,ghc,3268,733,3268,9,02/04/2011,25/06/2026,521.98 MB,Mirror of the Glasgow Haskell Compiler. Please submit issues and patches to GHC's Gitlab instance (https://gitlab.haskell.org/ghc/ghc). First time contributors are encouraged to get started with the newcomers info (https://gitlab.haskell.org/ghc/ghc/wikis/contributing).,Haskell,https://github.com/ghc/ghc,521.98 MB
25,xdg-ninja,3248,186,3248,63,12/05/2022,10/05/2026,836.00 KB,A shell script which checks your $HOME for unwanted files and directories.,Haskell,https://github.com/b3nj5m1n/xdg-ninja,836.00 KB
26,Simula,3193,109,3193,72,13/04/2017,27/05/2026,241.90 MB,Linux VR Desktop,Haskell,https://github.com/SimulaVR/Simula,241.90 MB
27,cardano-node,3182,755,3182,94,23/05/2019,25/06/2026,122.61 MB,The core component that is used to participate in a Cardano decentralised blockchain.,Haskell,https://github.com/IntersectMBO/cardano-node,122.61 MB
28,echidna,3159,432,3159,97,27/08/2017,25/06/2026,3.04 MB,Ethereum smart contract fuzzer,Haskell,https://github.com/crytic/echidna,3.04 MB
29,haskell-language-server,2937,441,2937,549,25/01/2020,22/06/2026,25.03 MB,Official Haskell IDE support via the language server protocol (LSP),Haskell,https://github.com/haskell/haskell-language-server,25.03 MB
30,agda,2880,416,2880,1052,08/08/2015,22/06/2026,159.02 MB,Agda is a dependently typed programming language / interactive theorem prover.,Haskell,https://github.com/agda/agda,159.02 MB
31,hakyll,2862,425,2862,122,02/12/2009,04/06/2026,18.40 MB,A static website compiler library in Haskell,Haskell,https://github.com/jaspervdj/hakyll,18.40 MB
32,Tidal,2849,277,2849,114,09/09/2010,13/06/2025,15.03 MB,Pattern language,Haskell,https://github.com/tidalcycles/Tidal,15.03 MB
33,wire-server,2777,335,2777,147,14/02/2017,25/06/2026,84.57 MB,🇪🇺 Wire back-end services,Haskell,https://github.com/wireapp/wire-server,84.57 MB
34,futhark,2742,201,2742,86,01/02/2013,25/06/2026,49.64 MB,:boom::computer::boom: A data-parallel functional programming language,Haskell,https://github.com/diku-dk/futhark,49.64 MB
35,patat,2736,67,2736,22,23/09/2016,25/06/2026,966.00 KB,Terminal-based presentations using Pandoc,Haskell,https://github.com/jaspervdj/patat,966.00 KB
36,yesod,2712,382,2712,131,27/06/2009,22/06/2026,9.82 MB,A RESTful Haskell web framework built on WAI.,Haskell,https://github.com/yesodweb/yesod,9.82 MB
37,Functional-Programming,2692,157,2692,9,10/02/2015,06/08/2019,10.04 MB,"Functional Programming concepts, examples and patterns illustrated in Haskell, Ocaml and Python",Haskell,https://github.com/caiorss/Functional-Programming,10.04 MB
38,wiwinwlh,2664,242,2664,6,31/03/2014,13/09/2025,6.21 MB,What I Wish I Knew When Learning Haskell,Haskell,https://github.com/sdiehl/wiwinwlh,6.21 MB
39,eta,2633,142,2633,242,07/04/2016,31/07/2022,11.04 MB,"The Eta Programming Language, a dialect of Haskell on the JVM",Haskell,https://github.com/typelead/eta,11.04 MB
40,ghcjs,2621,185,2621,292,19/08/2010,21/01/2023,6.67 MB,"Haskell to JavaScript compiler, based on GHC",Haskell,https://github.com/ghcjs/ghcjs,6.67 MB
41,nammayatri,2516,379,2516,1353,14/02/2023,25/06/2026,874.40 MB,A Direct-to-Driver open mobility platform powering the next-generation of mobility applications in India.,Haskell,https://github.com/nammayatri/nammayatri,874.40 MB
42,miso,2409,163,2409,15,26/06/2016,25/06/2026,4.88 MB,:ramen: A tasty Haskell web framework,Haskell,https://github.com/dmjio/miso,4.88 MB
43,haskell-ide-engine,2357,205,2357,301,22/10/2015,23/12/2020,6.63 MB,The engine for haskell ide-integration. Not an IDE,Haskell,https://github.com/haskell/haskell-ide-engine,6.63 MB
44,gitit,2274,233,2274,208,07/11/2008,10/06/2026,2.28 MB,"A wiki using HAppS, pandoc, and git",Haskell,https://github.com/jgm/gitit,2.28 MB
45,corrode,2187,117,2187,80,05/05/2016,10/03/2019,725.00 KB,C to Rust translator,Haskell,https://github.com/jameysharp/corrode,725.00 KB
46,dapptools,2126,321,2126,171,12/06/2018,25/02/2025,8.66 MB,"Dapp, Seth, Hevm, and more",Haskell,https://github.com/dapphub/dapptools,8.66 MB
47,lens,2090,274,2090,104,25/07/2012,22/06/2026,28.26 MB,"Lenses, Folds, and Traversals - Join us on web.libera.chat #haskell-lens",Haskell,https://github.com/ekmett/lens,28.26 MB
48,servant,1959,421,1959,296,02/12/2014,22/06/2026,7.64 MB,"Servant is a Haskell DSL for describing, serving, querying, mocking, documenting web applications and more!",Haskell,https://github.com/haskell-servant/servant,7.64 MB
49,asterius,1949,56,1949,137,20/11/2017,14/11/2022,90.24 MB,"DEPRECATED in favor of ghc wasm backend, see https://www.tweag.io/blog/2022-11-22-wasm-backend-merged-in-ghc",Haskell,https://github.com/tweag/asterius,90.24 MB
50,aura,1901,122,1901,61,14/05/2012,05/02/2026,14.59 MB,A multilingual package manager for Arch Linux and the AUR.,Haskell,https://github.com/fosskers/aura,14.59 MB
51,lamdu,1896,75,1896,24,20/10/2011,23/06/2026,31.93 MB,lamdu - towards the next generation IDE,Haskell,https://github.com/lamdu/lamdu,31.93 MB
52,erd,1865,153,1865,19,26/10/2013,09/09/2024,309.00 KB,Translates a plain text description of a relational database schema to a graphical entity-relationship diagram.,Haskell,https://github.com/BurntSushi/erd,309.00 KB
53,niv,1839,76,1839,90,17/01/2019,22/06/2026,608.00 KB,Easy dependency management for Nix projects,Haskell,https://github.com/nmattia/niv,608.00 KB
54,taskell,1779,77,1779,54,15/11/2017,03/10/2023,3.56 MB,Command-line Kanban board/task manager with support for Trello boards and GitHub projects,Haskell,https://github.com/smallhadroncollider/taskell,3.56 MB
55,zsh-git-prompt,1776,396,1776,58,29/04/2010,08/11/2023,1.08 MB,Informative git prompt for zsh,Haskell,https://github.com/olivierverdier/zsh-git-prompt,1.08 MB
56,scotty,1771,133,1771,29,30/12/2011,12/05/2026,825.00 KB,"Haskell web framework inspired by Ruby's Sinatra, using WAI and Warp (Official Repository)",Haskell,https://github.com/scotty-web/scotty,825.00 KB
57,cabal,1737,738,1737,1935,15/03/2012,25/06/2026,58.79 MB,Official upstream development repository for Cabal and cabal-install,Haskell,https://github.com/haskell/cabal,58.79 MB
58,brick,1722,172,1722,6,09/05/2015,17/04/2026,2.83 MB,A declarative Unix terminal UI library written in Haskell,Haskell,https://github.com/jtdaugherty/brick,2.83 MB
59,dex-lang,1684,116,1684,139,25/10/2019,05/01/2026,35.16 MB,Research language for array processing in the Haskell/ML family,Haskell,https://github.com/google-research/dex-lang,35.16 MB
60,HLearn,1662,134,1662,23,18/07/2012,29/05/2016,17.12 MB,Homomorphic machine learning,Haskell,https://github.com/mikeizbicki/HLearn,17.12 MB
61,plutus,1636,515,1636,242,15/11/2016,25/06/2026,319.70 MB,The Plutus language implementation and tools,Haskell,https://github.com/IntersectMBO/plutus,319.70 MB
62,haskell,1607,197,1607,39,16/10/2016,15/08/2024,9.92 MB,Haskell bindings for TensorFlow,Haskell,https://github.com/tensorflow/haskell,9.92 MB
63,clash-compiler,1599,166,1599,404,04/07/2013,23/06/2026,22.01 MB,Haskell to VHDL/Verilog/SystemVerilog compiler,Haskell,https://github.com/clash-lang/clash-compiler,22.01 MB
64,hlint,1594,207,1594,308,23/07/2013,22/03/2026,6.05 MB,Haskell source code suggestions,Haskell,https://github.com/ndmitchell/hlint,6.05 MB
65,real-world-haskell-cn,1574,227,1574,27,19/10/2012,14/02/2022,11.14 MB,《Real World Haskell》中文翻译项目,Haskell,https://github.com/huangzworks/real-world-haskell-cn,11.14 MB
66,nix-output-monitor,1566,50,1566,99,03/10/2020,19/06/2026,9.28 MB,Pipe your nix-build output through the nix-output-monitor a.k.a nom to get additional information while building.,Haskell,https://github.com/maralorn/nix-output-monitor,9.28 MB
67,course-plan,1557,63,1557,0,19/12/2021,09/07/2023,122.00 KB,"📜 Haskell course info, plan, video lectures, slides",Haskell,https://github.com/haskell-beginners-2022/course-plan,122.00 KB
68,neuron,1549,145,1549,23,05/03/2020,03/04/2026,29.29 MB,Future-proof note-taking and publishing based on Zettelkasten (superseded by Emanote: https://github.com/srid/emanote),Haskell,https://github.com/srid/neuron,29.29 MB
69,yi,1541,197,1541,221,06/02/2011,01/11/2024,33.82 MB,The Haskell-Scriptable Editor,Haskell,https://github.com/yi-editor/yi,33.82 MB
70,nixfmt,1533,78,1533,26,02/08/2018,23/06/2026,1.24 MB,The official formatter for Nix code,Haskell,https://github.com/NixOS/nixfmt,1.24 MB
71,greenclip,1525,36,1525,9,03/01/2017,22/03/2025,3.52 MB,Simple clipboard manager to be integrated with rofi - Static binary available,Haskell,https://github.com/erebe/greenclip,3.52 MB
72,fossa-cli,1500,200,1500,72,10/01/2018,24/06/2026,121.21 MB,"Fast, portable and reliable dependency analysis for any codebase.  Supports license & vulnerability scanning for large monoliths.  Language-agnostic; integrates with 20+ build systems.",Haskell,https://github.com/fossas/fossa-cli,121.21 MB
73,haste-compiler,1482,107,1482,63,26/01/2012,17/03/2019,4.08 MB,A GHC-based Haskell to JavaScript compiler,Haskell,https://github.com/valderman/haste-compiler,4.08 MB
74,grenade,1449,80,1449,24,23/06/2016,08/12/2023,357.00 KB,Deep Learning in Haskell,Haskell,https://github.com/HuwCampbell/grenade,357.00 KB
75,gifcurry,1439,58,1439,41,13/01/2016,13/08/2021,84.68 MB,"😎 The open-source, Haskell-built video editor for GIF makers.",Haskell,https://github.com/lettier/gifcurry,84.68 MB
76,haskell-trainings,1411,108,1411,4,23/01/2019,10/04/2023,688.00 KB,Haskell 101 and 102: slides and codelabs,Haskell,https://github.com/google/haskell-trainings,688.00 KB
77,plutus-pioneer-program,1370,1008,1370,5,30/03/2021,02/12/2025,192.23 MB,"This repository hosts the lectures of the Plutus Pioneers Program. This program is a training course that the IOG Education Team provides to recruit and train software developers in Plutus, the native smart contract language for the Cardano ecosystem.",Haskell,https://github.com/input-output-hk/plutus-pioneer-program,192.23 MB
78,elm-format,1331,148,1331,235,13/09/2015,19/06/2025,3.99 MB,elm-format formats Elm source code according to a standard set of rules based on the official Elm Style Guide,Haskell,https://github.com/avh4/elm-format,3.99 MB
79,liquidhaskell,1321,159,1321,463,22/09/2012,24/06/2026,61.01 MB,Liquid Types For Haskell,Haskell,https://github.com/ucsd-progsys/liquidhaskell,61.01 MB
80,articles,1310,90,1310,0,07/02/2013,12/07/2023,8.27 MB,Miscellaneous articles. The readme is the table of contents.,Haskell,https://github.com/quchen/articles,8.27 MB
81,aeson,1300,332,1300,86,21/01/2011,28/05/2026,40.41 MB,A fast Haskell JSON library,Haskell,https://github.com/haskell/aeson,40.41 MB
82,fay,1285,86,1285,24,21/07/2012,09/06/2021,2.57 MB,A proper subset of Haskell that compiles to JavaScript,Haskell,https://github.com/faylang/fay,2.57 MB
83,codeworld,1267,199,1267,313,19/06/2014,25/01/2026,7.32 MB,Educational computer programming environment using Haskell,Haskell,https://github.com/google/codeworld,7.32 MB
84,developers-roadmap,1221,259,1221,57,31/03/2019,26/08/2025,1018.00 KB,How to learn front-end or back-end development,Haskell,https://github.com/fullstack-development/developers-roadmap,1018.00 KB
85,cryptol,1208,129,1208,263,17/04/2014,24/06/2026,88.42 MB,Cryptol: The Language of Cryptography,Haskell,https://github.com/GaloisInc/cryptol,88.42 MB
86,hasktorch,1203,123,1203,89,09/09/2017,03/06/2026,13.97 MB,Tensors and neural networks in Haskell,Haskell,https://github.com/hasktorch/hasktorch,13.97 MB
87,monoscope,1195,51,1195,12,07/01/2022,25/06/2026,30.80 MB,"Monoscope lets you ingest and explore your logs, traces and metrics. We store these in S3 compatible buckets. Query in natural language via LLMs.",Haskell,https://github.com/monoscope-tech/monoscope,30.80 MB
88,ghcid,1190,115,1190,124,26/09/2014,28/05/2026,1.37 MB,Very low feature GHCi based IDE,Haskell,https://github.com/ndmitchell/ghcid,1.37 MB
89,reanimate,1179,67,1179,31,13/02/2019,06/02/2025,7.79 MB,Haskell library for building declarative animations based on SVG graphics,Haskell,https://github.com/reanimate/reanimate,7.79 MB
90,kitten,1165,42,1165,69,20/12/2011,10/04/2023,2.85 MB,A statically typed concatenative systems programming language.,Haskell,https://github.com/evincarofautumn/kitten,2.85 MB
91,haskell-must-watch,1142,56,1142,0,04/03/2015,17/10/2017,14.00 KB,"Huge list of  videos, talks, courses for Haskell programming language.",Haskell,https://github.com/hzlmn/haskell-must-watch,14.00 KB
92,matterhorn,1141,81,1141,22,19/08/2016,24/04/2026,8.48 MB,A feature-rich Unix terminal client for the Mattermost chat system,Haskell,https://github.com/matterhorn-chat/matterhorn,8.48 MB
93,bsc,1123,181,1123,270,31/01/2020,23/06/2026,37.98 MB,Bluespec Compiler (BSC),Haskell,https://github.com/B-Lang-org/bsc,37.98 MB
94,software-design-in-haskell,1110,69,1110,4,18/12/2019,18/12/2024,349.00 KB,Software Design in Haskell. A structured set of materials. How to build real-world applications in Haskell.,Haskell,https://github.com/graninas/software-design-in-haskell,349.00 KB
95,reflex,1110,150,1110,86,09/11/2014,25/06/2026,2.40 MB,"Interactive programs without callbacks or side-effects. Functional Reactive Programming (FRP) uses composable events and time-varying values to describe interactive systems as pure functions. Just like other pure functional code, functional reactive code is easier to get right on the first try, maintain, and reuse.",Haskell,https://github.com/reflex-frp/reflex,2.40 MB
96,polysemy,1078,77,1078,45,13/02/2019,15/03/2025,1.12 MB,":gemini: higher-order, no-boilerplate monads",Haskell,https://github.com/polysemy-research/polysemy,1.12 MB
97,queryparser,1078,145,1078,23,13/04/2017,16/02/2022,410.00 KB,"Parsing and analysis of Vertica, Hive, and Presto SQL.",Haskell,https://github.com/uber/queryparser,410.00 KB
98,cachix,1071,55,1071,123,25/02/2018,25/06/2026,3.78 MB,Command line client for Nix binary cache hosting:,Haskell,https://github.com/cachix/cachix,3.78 MB
99,HaLVM,1066,83,1066,37,29/03/2012,06/12/2018,4.08 MB,The Haskell Lightweight Virtual Machine (HaLVM): GHC running on Xen,Haskell,https://github.com/GaloisInc/HaLVM,4.08 MB
100,pandoc-crossref,1066,79,1066,97,19/03/2015,17/05/2026,3.40 MB,Pandoc filter for cross-references,Haskell,https://github.com/lierdakil/pandoc-crossref,3.40 MB
101,ormolu,1064,90,1064,70,25/11/2018,25/06/2026,3.51 MB,A formatter for Haskell source code,Haskell,https://github.com/tweag/ormolu,3.51 MB
102,grin,1061,41,1061,30,23/06/2017,13/06/2025,22.34 MB,GRIN is a compiler back-end for lazy and strict functional languages with whole program optimization support.,Haskell,https://github.com/grin-compiler/grin,22.34 MB
103,linux_notification_center,1047,41,1047,42,12/04/2017,06/02/2025,229.92 MB,A notification daemon/center for linux,Haskell,https://github.com/phuhl/linux_notification_center,229.92 MB
104,kaleidoscope,1039,127,1039,10,28/12/2013,21/04/2020,531.00 KB,Haskell LLVM JIT Compiler Tutorial,Haskell,https://github.com/sdiehl/kaleidoscope,531.00 KB
105,nix-tree,1038,22,1038,20,24/06/2020,01/06/2026,308.00 KB,Interactively browse dependency graphs of Nix derivations.,Haskell,https://github.com/utdemir/nix-tree,308.00 KB
106,fp-course,1033,129,1033,18,30/06/2011,06/03/2023,3.42 MB,Functional Programming Course,Haskell,https://github.com/tonymorris/fp-course,3.42 MB
107,obelisk,1030,111,1030,190,23/05/2018,04/06/2026,18.86 MB,"Functional reactive web and mobile applications, with batteries included.",Haskell,https://github.com/obsidiansystems/obelisk,18.86 MB
108,kit,1029,33,1029,20,03/08/2018,14/08/2021,1.72 MB,"Kit: a magical, high performance programming language, designed for game development.",Haskell,https://github.com/kitlang/kit,1.72 MB
109,learn4haskell,1029,848,1029,36,26/09/2020,23/06/2026,952.00 KB,👩‍🏫 👨‍🏫 Learn Haskell basics in 4 pull requests,Haskell,https://github.com/kowainik/learn4haskell,952.00 KB
110,stylish-haskell,1023,153,1023,141,14/05/2012,28/12/2025,1.22 MB,Haskell code prettifier,Haskell,https://github.com/haskell/stylish-haskell,1.22 MB
111,accelerate,1014,132,1014,64,08/04/2011,20/06/2026,15.88 MB,Embedded language for high-performance array computations,Haskell,https://github.com/AccelerateHS/accelerate,15.88 MB
112,tetris,1013,43,1013,11,13/06/2017,27/02/2025,417.00 KB,A terminal interface for Tetris,Haskell,https://github.com/samtay/tetris,417.00 KB
113,neut,1010,16,1010,0,26/04/2020,22/06/2026,40.44 MB,A functional programming language with static memory management,Haskell,https://github.com/vekatze/neut,40.44 MB
114,intero,1001,133,1001,30,19/10/2014,25/01/2020,2.26 MB,,Haskell,https://github.com/chrisdone-archive/intero,2.26 MB
115,LtuPatternFactory,1001,37,1001,9,05/10/2018,23/06/2026,411.00 KB,"Lambda the ultimate Pattern Factory: FP, Haskell, Typeclassopedia vs Software Design Patterns",Haskell,https://github.com/thma/LtuPatternFactory,411.00 KB
116,toodles,979,33,979,14,21/09/2018,18/04/2023,439.00 KB,Project management directly from the TODOs in your codebase,Haskell,https://github.com/aviaviavi/toodles,439.00 KB
117,turtle,974,92,974,46,18/01/2015,23/09/2025,864.00 KB,"Shell programming, Haskell style",Haskell,https://github.com/Gabriella439/turtle,864.00 KB
118,leksah,973,110,973,229,14/02/2011,01/05/2024,25.39 MB,Haskell IDE,Haskell,https://github.com/leksah/leksah,25.39 MB
119,megaparsec,971,92,971,15,26/07/2015,23/06/2026,2.62 MB,Industrial-strength monadic parser combinator library,Haskell,https://github.com/mrkkrp/megaparsec,2.62 MB
120,optparse-applicative,957,124,957,33,11/05/2012,17/06/2026,1.02 MB,Applicative option parser,Haskell,https://github.com/pcapriotti/optparse-applicative,1.02 MB
121,project-m36,950,50,950,95,27/10/2014,09/05/2026,7.88 MB,Project: M36 Relational Algebra Engine,Haskell,https://github.com/agentm/project-m36,7.88 MB
122,emanote,949,78,949,41,09/05/2021,27/05/2026,14.24 MB,Emanate a structured view of your plain-text notes,Haskell,https://github.com/srid/emanote,14.24 MB
123,detexify-hs-backend,926,38,926,1,10/11/2010,26/12/2016,18.07 MB,Detexify Backend written in Haskell,Haskell,https://github.com/kirel/detexify-hs-backend,18.07 MB
124,egison,925,31,925,25,15/02/2013,24/06/2026,11.37 MB,The Egison Programming Language,Haskell,https://github.com/egison/egison,11.37 MB
125,streamly,920,71,920,423,13/07/2017,24/06/2026,18.88 MB,"High performance, streaming and concurrent functional programming in Haskell",Haskell,https://github.com/composewell/streamly,18.88 MB
126,conduit,915,201,915,57,11/12/2011,26/06/2025,4.06 MB,A streaming data library,Haskell,https://github.com/snoyberg/conduit,4.06 MB
127,radicle-alpha,913,33,913,45,17/05/2018,26/03/2020,2.51 MB,A peer-to-peer stack for code collaboration,Haskell,https://github.com/radicle-dev/radicle-alpha,2.51 MB
128,bench,912,22,912,10,20/03/2016,02/09/2025,65.00 KB,Command-line benchmark tool,Haskell,https://github.com/Gabriella439/bench,65.00 KB
129,swarm,911,71,911,266,23/08/2021,22/06/2026,12.70 MB,Resource gathering + programming game,Haskell,https://github.com/swarm-game/swarm,12.70 MB
130,daml,905,257,905,752,28/03/2019,25/06/2026,382.63 MB,The Daml smart contract language,Haskell,https://github.com/digital-asset/daml,382.63 MB
131,espial,892,32,892,8,10/04/2018,25/06/2026,34.30 MB," Espial is an open-source, web-based bookmarking server.",Haskell,https://github.com/jonschoning/espial,34.30 MB
132,parsec,888,100,888,50,23/03/2014,09/06/2026,474.00 KB,A monadic parser combinator library,Haskell,https://github.com/haskell/parsec,474.00 KB
133,kip,881,20,881,2,28/01/2021,16/05/2026,5.36 MB,A programming language in Turkish where grammatical case and mood are part of the type system.,Haskell,https://github.com/kip-dili/kip,5.36 MB
134,wai,873,277,873,66,17/01/2010,28/05/2026,4.97 MB,Haskell Web Application Interface,Haskell,https://github.com/yesodweb/wai,4.97 MB
135,waymonad,865,38,865,16,15/09/2017,13/07/2019,1.70 MB,A wayland compositor based on ideas from and inspired by xmonad,Haskell,https://github.com/waymonad/waymonad,1.70 MB
136,rio,865,57,865,43,30/12/2017,07/02/2026,599.00 KB,A standard library for Haskell,Haskell,https://github.com/commercialhaskell/rio,599.00 KB
137,tip-toi-reveng,860,135,860,44,14/04/2013,29/12/2025,16.79 MB,Trying to understand the file format of Tip Toi,Haskell,https://github.com/entropia/tip-toi-reveng,16.79 MB
138,unused,847,22,847,1,28/04/2016,28/05/2020,272.00 KB,Deprecated; see https://github.com/unused-code/unused,Haskell,https://github.com/joshuaclayton/unused,272.00 KB
139,copilot,831,77,831,14,09/06/2015,08/05/2026,4.77 MB,A stream-based runtime-verification framework for generating hard real-time C code.,Haskell,https://github.com/Copilot-Language/copilot,4.77 MB
140,gwern.net,830,89,830,32,31/10/2020,24/06/2026,318.23 MB,"Site infrastructure for gwern.net. Custom Hakyll website with unique link archiving, popup UX, transclusions/collapses, dark+reader mode, bidirectional backlinks, and typography (sidenotes, dropcaps, link icons, inflation-adjustment, subscripted-citations).",Haskell,https://github.com/gwern/gwern.net,318.23 MB
141,Rome,825,54,825,35,08/08/2016,25/01/2023,1.00 MB,"Carthage cache for S3, Minio, Ceph, Google Storage, Artifactory and many others ",Haskell,https://github.com/tmspzz/Rome,1.00 MB
142,cardano-wallet,819,232,819,49,01/03/2019,25/06/2026,274.45 MB,HTTP server & command-line for managing UTxOs and HD wallets in Cardano.,Haskell,https://github.com/cardano-foundation/cardano-wallet,274.45 MB
143,simplexmq,806,99,806,105,11/10/2020,25/06/2026,11.74 MB,⚙️ SimpleXMQ - A reference implementation of the SimpleX Messaging Protocol for simplex queues over public networks.,Haskell,https://github.com/simplex-chat/simplexmq,11.74 MB
144,hoogle,800,151,800,115,19/04/2012,31/01/2026,5.77 MB,Haskell API search engine,Haskell,https://github.com/ndmitchell/hoogle,5.77 MB
145,shake,797,126,797,203,25/02/2013,19/01/2026,9.17 MB,Shake build system,Haskell,https://github.com/ndmitchell/shake,9.17 MB
146,elaboration-zoo,789,50,789,3,28/03/2016,30/01/2026,869.00 KB,Minimal implementations for dependent type checking and elaboration,Haskell,https://github.com/AndrasKovacs/elaboration-zoo,869.00 KB
147,sixten,783,26,783,38,19/10/2017,20/08/2020,1.98 MB,Functional programming with fewer indirections,Haskell,https://github.com/ollef/sixten,1.98 MB
148,quickcheck,783,130,783,61,28/07/2012,11/05/2026,1.30 MB,Automatic testing of Haskell programs.,Haskell,https://github.com/nick8325/quickcheck,1.30 MB
149,hspec,783,109,783,61,09/02/2011,20/06/2026,5.11 MB,A Testing Framework for Haskell,Haskell,https://github.com/hspec/hspec,5.11 MB
150,crucible,772,47,772,231,31/10/2016,25/06/2026,44.21 MB,Crucible is a library for symbolic simulation of imperative programs,Haskell,https://github.com/GaloisInc/crucible,44.21 MB
151,alga,757,72,757,48,05/12/2016,18/01/2026,2.12 MB,Algebraic graphs,Haskell,https://github.com/snowleopard/alga,2.12 MB
152,elm-platform,756,122,756,9,20/12/2013,22/08/2018,19.23 MB,Bundle of all core development tools for Elm,Haskell,https://github.com/elm-lang/elm-platform,19.23 MB
153,MicroHs,747,79,747,25,25/05/2023,24/06/2026,197.43 MB,Haskell implemented with combinators,Haskell,https://github.com/augustss/MicroHs,197.43 MB
154,distributed-process,746,99,746,144,23/11/2011,04/05/2026,7.90 MB,Cloud Haskell core libraries,Haskell,https://github.com/haskell-distributed/distributed-process,7.90 MB
155,pboy,745,22,745,10,07/05/2018,11/06/2022,687.00 KB,a small .pdf management tool with a command-line UI,Haskell,https://github.com/2mol/pboy,687.00 KB
156,relude,742,81,742,22,19/07/2018,04/05/2026,3.42 MB,"🌀 Safe, performant, user-friendly and lightweight Haskell standard library",Haskell,https://github.com/kowainik/relude,3.42 MB
157,cgrep,741,39,741,0,11/05/2013,12/05/2026,3.23 MB,Cgrep: a context-aware grep for source codes,Haskell,https://github.com/awgn/cgrep,3.23 MB
158,sv2v,737,63,737,36,08/02/2019,28/03/2026,2.02 MB,SystemVerilog to Verilog conversion,Haskell,https://github.com/zachjs/sv2v,2.02 MB
159,glance,735,18,735,4,05/01/2016,20/03/2022,918.00 KB,A visual Haskell,Haskell,https://github.com/rgleichman/glance,918.00 KB
160,oden,722,23,722,15,27/10/2015,11/04/2017,32.45 MB,The Oden Programming Language (NO LONGER IN ACTIVE DEVELOPMENT),Haskell,https://github.com/oden-lang/oden,32.45 MB
161,hstream,722,54,722,11,31/08/2020,26/12/2024,6.43 MB,"HStreamDB is an open-source, cloud-native streaming database for IoT and beyond. Modernize your data stack for real-time applications.",Haskell,https://github.com/hstreamdb/hstream,6.43 MB
162,granule,720,44,720,46,18/05/2017,20/04/2026,7.85 MB,A statically-typed linear functional language with graded modal types for fine-grained program reasoning,Haskell,https://github.com/granule-project/granule,7.85 MB
163,taffybar,714,139,714,16,12/08/2011,11/06/2026,4.02 MB,A gtk based status bar for tiling window managers such as XMonad,Haskell,https://github.com/taffybar/taffybar,4.02 MB
164,summoner,713,73,713,29,18/08/2017,05/03/2026,1.04 MB,🔮 🔧 Tool for scaffolding batteries-included production-level Haskell projects,Haskell,https://github.com/kowainik/summoner,1.04 MB
165,dnngraph,709,58,709,9,15/02/2015,07/12/2015,512.00 KB,"A DSL for deep neural networks, supporting Caffe and Torch",Haskell,https://github.com/ajtulloch/dnngraph,512.00 KB
166,haskell-hedgehog,693,112,693,110,15/03/2017,22/06/2026,896.00 KB,"Release with confidence, state-of-the-art property testing for Haskell.",Haskell,https://github.com/hedgehogqa/haskell-hedgehog,896.00 KB
167,hakatime,693,51,693,24,26/02/2020,18/11/2024,1.55 MB,Wakatime server implementation & analytics dashboard,Haskell,https://github.com/mujx/hakatime,1.55 MB
168,brittany,686,68,686,123,24/07/2016,11/11/2022,2.79 MB,haskell source code formatter,Haskell,https://github.com/lspitzner/brittany,2.79 MB
169,Spock,680,56,680,32,05/09/2013,08/04/2024,918.00 KB,Another Haskell web framework for rapid development,Haskell,https://github.com/agrafix/Spock,918.00 KB
170,fused-effects,670,52,670,34,02/10/2018,06/05/2026,6.58 MB,"A fast, flexible, fused effect system for Haskell",Haskell,https://github.com/fused-effects/fused-effects,6.58 MB
171,ghc-mod,669,176,669,115,10/03/2010,17/06/2019,3.19 MB,Happy Haskell Hacking for editors. DEPRECATED,Haskell,https://github.com/DanielG/ghc-mod,3.19 MB
172,haskell-exercises,664,96,664,1,26/08/2018,07/11/2023,124.00 KB,A little course to learn about some of the more obscure GHC extensions.,Haskell,https://github.com/i-am-tom/haskell-exercises,124.00 KB
173,hpack,664,105,664,72,19/11/2014,08/06/2026,1.15 MB,hpack: A modern format for Haskell packages,Haskell,https://github.com/sol/hpack,1.15 MB
174,LambdaHack,661,57,661,108,02/10/2010,18/03/2024,36.46 MB,"Haskell game engine library for roguelike dungeon crawlers; please offer feedback, e.g., after trying out the sample game with the web frontend at",Haskell,https://github.com/LambdaHack/LambdaHack,36.46 MB
175,monomer,660,48,660,46,23/09/2019,04/01/2026,7.21 MB,"An easy to use, cross platform, GUI library for writing Haskell applications.",Haskell,https://github.com/fjvallarino/monomer,7.21 MB
176,tasty,658,121,658,26,22/04/2013,13/06/2026,948.00 KB,Modern and extensible testing framework for Haskell,Haskell,https://github.com/UnkindPartition/tasty,948.00 KB
177,Haskell-Data-Analysis-Cookbook,655,127,655,1,21/05/2014,03/10/2015,1.10 MB,Accompanying Source Code for the Haskell Data Analysis Cookbook,Haskell,https://github.com/BinRoot/Haskell-Data-Analysis-Cookbook,1.10 MB
178,Perspec,654,37,654,14,22/02/2020,17/06/2026,25.47 MB,Scriptable desktop app to correct the perspective of images,Haskell,https://github.com/ad-si/Perspec,25.47 MB
179,stanford-cs240h,650,58,650,0,28/09/2011,25/10/2011,643.00 KB,"Course materials for Stanford CS240h, ""Functional Systems in Haskell""",Haskell,https://github.com/bos/stanford-cs240h,643.00 KB
180,purescript-native,636,44,636,16,06/12/2014,28/03/2023,9.48 MB,A native compiler backend for PureScript (via C++ or Golang),Haskell,https://github.com/andyarvanitis/purescript-native,9.48 MB
181,transient,634,28,634,10,17/11/2014,06/03/2021,20.76 MB,"A full stack, reactive architecture for general purpose programming.  Algebraic and monadically composable primitives for concurrency, parallelism, event handling, transactions, multithreading, Web, and distributed computing with complete de-inversion of control (No callbacks, no blocking, pure state)",Haskell,https://github.com/transient-haskell/transient,20.76 MB
182,applied-fp-course,631,177,631,8,13/10/2017,20/11/2023,643.00 KB,Applied Functional Programming Course - Move from exercises to a working app!,Haskell,https://github.com/qfpl/applied-fp-course,643.00 KB
183,FP-Course-ITMO,626,37,626,3,01/09/2015,17/01/2022,1.13 MB,Slides and other materials for functional programming lectures ITMO university,Haskell,https://github.com/jagajaga/FP-Course-ITMO,1.13 MB
184,beam,625,189,625,103,13/01/2015,08/06/2026,21.56 MB,A type-safe Haskell SQL library,Haskell,https://github.com/haskell-beam/beam,21.56 MB
185,forest-compiler,625,16,625,8,10/11/2017,04/08/2021,668.00 KB,A multi-syntax functional programming language that compiles to WebAssembly.,Haskell,https://github.com/forest-lang/forest-compiler,668.00 KB
186,rasa,625,39,625,20,08/11/2016,21/10/2020,955.00 KB,Extremely modular text editor built in Haskell,Haskell,https://github.com/ChrisPenner/rasa,955.00 KB
187,pi-forall,625,98,625,0,20/07/2013,18/11/2024,37.61 MB,A demo implementation of a simple dependently-typed language,Haskell,https://github.com/sweirich/pi-forall,37.61 MB
188,hell,619,56,619,3,22/11/2013,04/06/2026,519.00 KB,Haskell-based shell scripting language,Haskell,https://github.com/chrisdone/hell,519.00 KB
189,haskell-opaleye,618,119,618,110,03/11/2014,23/05/2026,2.12 MB,,Haskell,https://github.com/tomjaguarpaw/haskell-opaleye,2.12 MB
190,amazonka,614,243,614,83,03/08/2013,10/06/2026,1.27 GB,A comprehensive Amazon Web Services SDK for Haskell.,Haskell,https://github.com/brendanhay/amazonka,1.27 GB
191,xmonad-contrib,608,286,608,60,22/08/2015,25/06/2026,12.19 MB,Contributed modules for xmonad,Haskell,https://github.com/xmonad/xmonad-contrib,12.19 MB
192,pact,607,115,607,124,13/11/2016,10/10/2025,15.00 MB,The Pact Smart Contract Language,Haskell,https://github.com/kadena-io/pact,15.00 MB
193,grace,603,44,603,11,22/10/2020,13/06/2026,2.10 MB,A prompt engineering functional programming language,Haskell,https://github.com/Gabriella439/grace,2.10 MB
194,legion,600,35,600,0,12/04/2017,01/03/2018,34.00 KB,Simple blockchain server written in Haskell for educational purposes,Haskell,https://github.com/aviaviavi/legion,34.00 KB
195,helm,598,65,598,23,07/07/2013,01/12/2018,505.00 KB,"A functionally reactive game engine, with headgear to protect you from the headache of game development provided.",Haskell,https://github.com/z0w0/helm,505.00 KB
196,cubicaltt,598,75,598,22,26/02/2015,21/09/2023,2.49 MB,Experimental implementation of Cubical Type Theory,Haskell,https://github.com/mortberg/cubicaltt,2.49 MB
197,nixpkgs-update,596,96,596,124,03/11/2017,22/06/2026,953.00 KB,Updating nixpkgs packages since 2018,Haskell,https://github.com/nix-community/nixpkgs-update,953.00 KB
198,stan,593,57,593,84,25/07/2018,06/06/2026,564.00 KB,🕵️ Haskell STatic ANalyser,Haskell,https://github.com/kowainik/stan,564.00 KB
199,HaskellR,585,42,585,23,28/11/2013,23/06/2026,2.00 MB,The full power of R in Haskell.,Haskell,https://github.com/tweag/HaskellR,2.00 MB
200,hython,582,26,582,0,16/07/2014,01/08/2017,562.00 KB,Haskell-powered Python 3 interpreter,Haskell,https://github.com/mattgreen/hython,562.00 KB
201,hindent,581,115,581,37,24/08/2014,22/06/2026,2.69 MB,Haskell pretty printer,Haskell,https://github.com/mihaimaruseac/hindent,2.69 MB
202,reach-lang,579,168,579,19,02/09/2019,11/09/2023,204.41 MB,Reach: The Safest and Smartest DApp Programming Language,Haskell,https://github.com/reach-sh/reach-lang,204.41 MB
203,scheme,576,119,576,4,21/03/2016,24/03/2026,53.41 MB,Write You a Scheme,Haskell,https://github.com/adamwespiser/scheme,53.41 MB
204,ghcide,573,94,573,0,10/09/2019,30/12/2020,2.73 MB,A library for building Haskell IDE tooling,Haskell,https://github.com/haskell/ghcide,2.73 MB
205,full-fledged-hledger,566,34,566,3,01/12/2017,10/04/2026,484.00 KB,"Tutorial on Hledger setup with multi-year files, multi-source imports and a range of auto-generated reports",Haskell,https://github.com/adept/full-fledged-hledger,484.00 KB
206,ogma,565,54,565,4,05/08/2021,23/06/2026,32.76 MB,Generator of runtime monitors for flight and robotics applications.,Haskell,https://github.com/nasa/ogma,32.76 MB
207,zero-bs-haskell,565,24,565,4,13/02/2019,13/07/2021,772.00 KB,"Learn Haskell, with tiny lessons.",Haskell,https://github.com/alpacaaa/zero-bs-haskell,772.00 KB
208,eff,558,18,558,10,23/10/2019,05/05/2023,423.00 KB,🚧 a work in progress effect system for Haskell 🚧,Haskell,https://github.com/hasura/eff,423.00 KB
209,hasql,552,62,552,12,27/10/2014,24/06/2026,10.14 MB,The fastest PostgreSQL libpq-based driver for Haskell,Haskell,https://github.com/nikita-volkov/hasql,10.14 MB
210,bulletproofs,551,49,551,6,11/07/2018,25/12/2022,181.00 KB,Bulletproofs are short non-interactive zero-knowledge proofs that require no trusted setup ,Haskell,https://github.com/sdiehl/bulletproofs,181.00 KB
211,reactive-banana,542,68,542,49,15/01/2011,16/10/2025,2.00 MB,Library for functional reactive programming in Haskell.,Haskell,https://github.com/HeinrichApfelmus/reactive-banana,2.00 MB
212,tamarin-prover,536,168,536,152,22/02/2012,23/06/2026,56.08 MB,Main source code repository of the Tamarin prover for security protocol verification.,Haskell,https://github.com/tamarin-prover/tamarin-prover,56.08 MB
213,stgi,534,25,534,6,31/03/2016,08/06/2021,984.00 KB,A user-centric visual STG implementation to help understand GHC/Haskell's execution model.,Haskell,https://github.com/quchen/stgi,984.00 KB
214,haskoin-core,534,98,534,1,14/03/2013,06/12/2025,5.70 MB,Haskoin Core is a Bitcoin and Bitcoin Cash library,Haskell,https://github.com/jprupp/haskoin-core,5.70 MB
215,Functional-Design-and-Architecture,530,39,530,0,19/06/2016,30/11/2024,1.21 MB,"Code and materials for my book ""Functional Design and Architecture""",Haskell,https://github.com/graninas/Functional-Design-and-Architecture,1.21 MB
216,attoparsec,530,97,530,32,10/10/2010,12/12/2024,1.12 MB,A fast Haskell library for parsing ByteStrings,Haskell,https://github.com/haskell/attoparsec,1.12 MB
217,haskell,526,199,526,53,28/02/2014,18/06/2026,3.22 MB,Exercism exercises in Haskell.,Haskell,https://github.com/exercism/haskell,3.22 MB
218,criterion,523,88,523,30,10/10/2010,26/05/2026,2.85 MB,A powerful but simple library for measuring the performance of Haskell code.,Haskell,https://github.com/haskell/criterion,2.85 MB
219,haskell-code-explorer,517,21,517,24,02/10/2018,18/01/2023,1.42 MB,Web application for exploring and understanding Haskell codebases,Haskell,https://github.com/alexwl/haskell-code-explorer,1.42 MB
220,FP101x-Content-2015,515,141,515,0,14/10/2015,20/12/2015,9.77 MB,FP101x - Functional Programming MOOC 2015 Content Repository,Haskell,https://github.com/fptudelft/FP101x-Content-2015,9.77 MB
221,saw-script,513,83,513,519,16/04/2015,25/06/2026,373.32 MB,The Software Analysis Workbench,Haskell,https://github.com/GaloisInc/saw-script,373.32 MB
222,juvix,510,63,510,134,04/09/2017,05/11/2025,11.65 MB,A language for intent-centric and declarative decentralised applications,Haskell,https://github.com/anoma/juvix,11.65 MB
223,proto-lens,507,125,507,48,03/05/2016,02/05/2026,2.14 MB,API for protocol buffers using modern Haskell language and library patterns.,Haskell,https://github.com/google/proto-lens,2.14 MB
224,intro_to_parsing,507,36,507,4,31/12/2013,23/07/2019,159.00 KB,Introduction to parsing with Haskell and Parsec,Haskell,https://github.com/JakeWheat/intro_to_parsing,159.00 KB
225,hpffp-resources,505,80,505,0,16/11/2015,13/12/2017,136.87 MB,Haskell Programming From First Principles - Follow-up Resources,Haskell,https://github.com/pushcx/hpffp-resources,136.87 MB
226,retrie,504,28,504,22,26/02/2019,04/07/2025,170.00 KB,"Retrie is a powerful, easy-to-use codemodding tool for Haskell.",Haskell,https://github.com/facebookincubator/retrie,170.00 KB
227,compleat,500,17,500,12,17/10/2009,15/05/2024,66.00 KB,Generate command-line completions using a simple DSL.,Haskell,https://github.com/mbrubeck/compleat,66.00 KB
228,frp-zoo,498,31,498,19,29/09/2014,02/04/2022,194.00 KB,Comparing many FRP implementations by reimplementing the same toy app in each.,Haskell,https://github.com/gelisam/frp-zoo,194.00 KB
229,compiler,498,29,498,93,20/12/2021,23/06/2026,12.73 MB,Compiler for the Gren programming language,Haskell,https://github.com/gren-lang/compiler,12.73 MB
230,thinking-with-types,497,43,497,19,13/12/2018,06/03/2023,186.08 MB,📖 source material for Thinking with Types,Haskell,https://github.com/isovector/thinking-with-types,186.08 MB
231,time.gif,494,27,494,2,11/08/2017,22/09/2023,35.00 KB,GIF that always shows the current time in UTC,Haskell,https://github.com/def-/time.gif,35.00 KB
232,carnival,494,26,494,0,31/01/2014,18/07/2016,896.00 KB,"An unobtrusive, developer-friendly way to add comments",Haskell,https://github.com/thoughtbot/carnival,896.00 KB
233,10-minute-vim-exercises,492,32,492,1,13/10/2016,14/04/2023,55.00 KB,"The exercise files from 10 Minute Vim, for convenience of readers",Haskell,https://github.com/steveshogren/10-minute-vim-exercises,55.00 KB
234,threepenny-gui,492,74,492,53,25/12/2011,16/10/2025,4.81 MB,GUI framework that uses the web browser as a display.,Haskell,https://github.com/HeinrichApfelmus/threepenny-gui,4.81 MB
235,pipes,491,68,491,15,08/01/2012,15/10/2022,2.06 MB,Compositional pipelines,Haskell,https://github.com/Gabriella439/pipes,2.06 MB
236,nix-diff,488,22,488,15,30/09/2017,10/06/2026,889.00 KB,Explain why two Nix derivations differ,Haskell,https://github.com/Gabriella439/nix-diff,889.00 KB
237,Yampa,485,56,485,2,10/02/2014,16/05/2026,5.54 MB,Functional Reactive Programming domain-specific language  for efficient hybrid systems,Haskell,https://github.com/ivanperez-keera/Yampa,5.54 MB
238,bartosz-basics-of-haskell,484,18,484,0,23/04/2019,10/01/2021,32.00 KB,Code and exercises from Bartosz Milewski's Basics of Haskell Tutorial,Haskell,https://github.com/raviksharma/bartosz-basics-of-haskell,32.00 KB
239,persistent,484,302,484,282,19/03/2010,22/06/2026,16.10 MB,Persistence interface for Haskell allowing multiple storage methods.,Haskell,https://github.com/yesodweb/persistent,16.10 MB
240,WhyHaskellMatters,480,14,480,0,05/02/2020,15/12/2023,492.00 KB,In this article I try to explain why Haskell keeps being such an important language by presenting some of its most important and distinguishing features and detailing them with working code examples.  The presentation aims to be self-contained and does not require any previous knowledge of the language. ,Haskell,https://github.com/thma/WhyHaskellMatters,492.00 KB
241,selda,477,59,477,41,08/04/2017,21/05/2026,1.09 MB,"A type-safe, high-level SQL library for Haskell",Haskell,https://github.com/valderman/selda,1.09 MB
242,snake-fury,476,54,476,0,28/12/2021,24/07/2023,3.18 MB,a challenge for Haskell beginners,Haskell,https://github.com/lsmor/snake-fury,3.18 MB
243,effectful,476,38,476,9,11/06/2021,22/06/2026,4.10 MB,"An easy to use, fast extensible effects library with seamless integration with the existing Haskell ecosystem.",Haskell,https://github.com/haskell-effectful/effectful,4.10 MB
244,jl,474,19,474,5,15/07/2017,17/05/2022,95.00 KB,Functional sed for JSON,Haskell,https://github.com/chrisdone-archive/jl,95.00 KB
245,pLam,469,18,469,5,05/08/2017,11/04/2021,1.13 MB,An interpreter for learning and exploring pure λ-calculus,Haskell,https://github.com/slovnicki/pLam,1.13 MB
246,vaultenv,465,28,465,16,01/03/2017,04/06/2026,501.00 KB,Launch processes with Vault secrets in the environment,Haskell,https://github.com/channable/vaultenv,501.00 KB
247,hackage-server,462,223,462,271,20/08/2013,22/06/2026,11.61 MB,Hackage-Server: A Haskell Package Repository,Haskell,https://github.com/haskell/hackage-server,11.61 MB
248,Reduceron,461,34,461,15,22/06/2011,19/07/2025,9.07 MB,"FPGA Haskell machine with game changing performance. Reduceron is Matthew Naylor, Colin Runciman and Jason Reich's high performance FPGA softcore for running lazy functional programs, including hardware garbage collection.  Reduceron has been implemented on various FPGAs with clock frequency ranging from 60 to 150 MHz depending on the FPGA.  A high degree of parallelism allows Reduceron to implement graph evaluation very efficiently. This fork aims to continue development on this, with a view to practical applications. Comments, questions, etc are welcome.",Haskell,https://github.com/tommythorn/Reduceron,9.07 MB
249,concat,460,51,460,38,14/08/2016,28/02/2024,11.18 MB,Compiling to Categories,Haskell,https://github.com/compiling-to-categories/concat,11.18 MB
250,xmonad-config,460,157,460,4,27/06/2010,04/10/2023,511.00 KB,"My xmonad and xmobar configuration, plus necessary scripts to make things more usable.",Haskell,https://github.com/vicfryzel/xmonad-config,511.00 KB
251,foundation,460,91,460,94,07/05/2016,14/06/2023,2.54 MB,Empire strikes back,Haskell,https://github.com/haskell-foundation/foundation,2.54 MB
252,snap,460,65,460,32,03/07/2010,08/04/2026,2.00 MB,"Top-level package for the official Snap Framework libraries, includes the snaplets API as well as infrastructure for sessions, auth, and templates.",Haskell,https://github.com/snapframework/snap,2.00 MB
253,DeepDarkFantasy,459,47,459,0,21/09/2016,10/05/2018,43.25 MB,A Programming Language for Deep Learning,Haskell,https://github.com/ThoughtWorksInc/DeepDarkFantasy,43.25 MB
254,haskell-ci,453,79,453,88,19/10/2013,24/06/2026,2.25 MB,Scripts and instructions for using CI services (e.g. Travis CI or Appveyor) with multiple GHC configurations,Haskell,https://github.com/haskell-CI/haskell-ci,2.25 MB
255,juno,452,55,452,6,26/02/2016,12/01/2022,28.96 MB,Smart Contracts Running on a BFT Hardened Raft,Haskell,https://github.com/kadena-io/juno,28.96 MB
256,sparkle,450,27,450,16,09/11/2015,30/07/2025,1.13 MB,Haskell on Apache Spark.,Haskell,https://github.com/tweag/sparkle,1.13 MB
257,fp-course,450,89,450,10,10/05/2018,16/05/2021,3.38 MB,Fork of the original Data61 course to be more Stack friendly,Haskell,https://github.com/bitemyapp/fp-course,3.38 MB
258,fourmolu,449,71,449,80,16/05/2020,22/06/2026,4.87 MB,A fourk of ormolu that uses four space indentation and allows arbitrary configuration. Don't like it? PRs welcome!,Haskell,https://github.com/fourmolu/fourmolu,4.87 MB
259,DSLsofMath,447,53,447,5,17/04/2015,11/06/2026,192.48 MB,Domain-Specific Languages of Mathematics,Haskell,https://github.com/DSLsofMath/DSLsofMath,192.48 MB
260,generic-lens,442,56,442,43,05/09/2016,27/08/2025,1.03 MB,"Generically derive traversals, lenses, and prisms.",Haskell,https://github.com/kcsongor/generic-lens,1.03 MB
261,github,440,197,440,39,30/10/2011,12/03/2026,1.43 MB,The github API for Haskell,Haskell,https://github.com/haskell-github/github,1.43 MB
262,movie-monad,437,28,437,11,31/08/2017,07/03/2020,6.86 MB,:tv: A free and simple to use video player made with Haskell.,Haskell,https://github.com/lettier/movie-monad,6.86 MB
263,haskell-chart,436,87,436,63,18/03/2013,18/01/2026,6.66 MB,A 2D charting library for haskell,Haskell,https://github.com/timbod7/haskell-chart,6.66 MB
264,bloodhound,436,115,436,18,01/04/2014,25/06/2026,7.29 MB,Haskell Elasticsearch client and query DSL,Haskell,https://github.com/bitemyapp/bloodhound,7.29 MB
265,DontFearTheProfunctorOptics,435,25,435,0,20/09/2017,15/04/2025,162.00 KB,Don't Fear the Profunctor Optics!,Haskell,https://github.com/hablapps/DontFearTheProfunctorOptics,162.00 KB
266,garnix-ci,434,42,434,2,27/05/2026,17/06/2026,1.22 MB,"CI and hosting for nix-based, flakified github repos",Haskell,https://github.com/garnix-io/garnix-ci,1.22 MB
267,webify,433,23,433,6,07/04/2013,01/08/2021,115.00 KB,"webfont generator - converts ttf to woff, eot and svg",Haskell,https://github.com/ananthakumaran/webify,115.00 KB
268,komposition,430,22,430,24,28/09/2018,20/04/2021,3.20 MB,The video editor built for screencasters,Haskell,https://github.com/owickstrom/komposition,3.20 MB
269,Shelly.hs,426,83,426,32,02/03/2012,01/04/2026,1.42 MB,Haskell shell scripting,Haskell,https://github.com/gregwebs/Shelly.hs,1.42 MB
270,elm-reactor,426,61,426,45,19/04/2014,22/08/2018,1.92 MB,Interactive development tool that makes it easy to develop and debug Elm programs.,Haskell,https://github.com/elm-lang/elm-reactor,1.92 MB
271,Haskell,425,96,425,19,18/02/2020,25/01/2024,181.00 KB,,Haskell,https://github.com/TheAlgorithms/Haskell,181.00 KB
272,nix-package-versions,424,32,424,11,11/02/2020,19/06/2025,39.96 MB,Search for old versions of Nix packages,Haskell,https://github.com/lazamar/nix-package-versions,39.96 MB
273,brok,423,10,423,13,10/01/2019,06/03/2023,964.00 KB,Find broken links in text documents,Haskell,https://github.com/smallhadroncollider/brok,964.00 KB
274,gloss,422,85,422,4,29/11/2013,12/04/2025,1.47 MB,"Painless 2D vector graphics, animations and simulations.",Haskell,https://github.com/benl23x5/gloss,1.47 MB
275,lsp,422,104,422,63,23/09/2016,16/05/2026,3.85 MB,Haskell library for the Microsoft Language Server Protocol,Haskell,https://github.com/haskell/lsp,3.85 MB
276,subhask,421,41,421,18,18/04/2014,16/05/2019,1020.00 KB,Type safe interface for working in subcategories of Hask,Haskell,https://github.com/mikeizbicki/subhask,1020.00 KB
277,text,418,162,418,58,20/10/2010,27/01/2026,4.31 MB,Haskell library for space- and time-efficient operations over Unicode text.,Haskell,https://github.com/haskell/text,4.31 MB
278,termonad,418,51,418,26,18/03/2018,05/03/2026,1.38 MB,Terminal emulator configurable in Haskell.,Haskell,https://github.com/cdepillabout/termonad,1.38 MB
279,apecs,418,48,418,16,10/08/2017,23/06/2026,1.65 MB,"a fast, extensible, type driven Haskell ECS framework for games",Haskell,https://github.com/jonascarpay/apecs,1.65 MB
280,Caramel,418,13,418,2,27/09/2015,28/06/2016,61.00 KB,A modern syntax for the λ-calculus.,Haskell,https://github.com/VictorTaelin/Caramel,61.00 KB
281,xmonad-ubuntu-conf,416,161,416,0,11/06/2012,07/08/2023,77.00 KB,"My xmonad config for Ubuntu versions from 20.04 all the way back to 12.04! Including package list, config files, and instructions.",Haskell,https://github.com/davidbrewer/xmonad-ubuntu-conf,77.00 KB
282,websockets,415,119,415,38,08/09/2011,20/04/2026,928.00 KB,A Haskell library for creating WebSocket-capable servers,Haskell,https://github.com/jaspervdj/websockets,928.00 KB
283,morpheus-graphql,414,69,414,18,08/02/2019,15/06/2026,11.92 MB,"Haskell GraphQL Api, Client and Tools",Haskell,https://github.com/morpheusgraphql/morpheus-graphql,11.92 MB
284,massiv,414,26,414,27,24/02/2017,08/07/2025,6.81 MB,Efficient Haskell Arrays featuring Parallel computation,Haskell,https://github.com/lehins/massiv,6.81 MB
285,tart,411,19,411,1,05/08/2017,28/03/2025,534.00 KB,Tart - draw ASCII art in the terminal with your mouse!,Haskell,https://github.com/jtdaugherty/tart,534.00 KB
286,ivory,412,27,412,21,29/04/2013,21/02/2020,6.45 MB,The Ivory EDSL,Haskell,https://github.com/GaloisInc/ivory,6.45 MB
287,monocle,411,57,411,125,29/11/2019,29/05/2026,9.35 MB,Monocle helps teams and individual to better organize daily duties and to detect anomalies in the way changes are produced and reviewed.,Haskell,https://github.com/change-metrics/monocle,9.35 MB
288,hs-tls,411,108,411,33,09/09/2010,09/06/2026,4.81 MB,TLS/SSL implementation in haskell,Haskell,https://github.com/haskell-tls/hs-tls,4.81 MB
289,postgres-websockets,407,31,407,2,08/05/2016,25/06/2026,510.00 KB,PostgreSQL + Websockets,Haskell,https://github.com/diogob/postgres-websockets,510.00 KB
290,gists,404,44,404,0,27/10/2013,01/03/2018,86.00 KB,With way too messy gist.github pages this is an attempt to organise my snippets,Haskell,https://github.com/kqr/gists,86.00 KB
291,graphql-api,404,31,404,65,12/10/2016,23/11/2019,922.00 KB,Write type-safe GraphQL services in Haskell,Haskell,https://github.com/haskell-graphql/graphql-api,922.00 KB
292,yst,403,38,403,17,01/08/2009,21/01/2026,280.00 KB,create static websites from YAML data and string templates,Haskell,https://github.com/jgm/yst,280.00 KB
293,call-haskell-from-anything,402,20,402,7,04/02/2013,17/06/2022,63.00 KB,Call Haskell functions from any programming language via serialization and dynamic libraries,Haskell,https://github.com/nh2/call-haskell-from-anything,63.00 KB
294,protolude,402,53,402,11,07/04/2016,16/05/2025,335.00 KB,A sensible starting Prelude template.,Haskell,https://github.com/protolude/protolude,335.00 KB
295,cabal2nix,402,160,402,96,05/08/2011,23/06/2026,3.39 MB,Generate Nix build instructions from a Cabal file,Haskell,https://github.com/NixOS/cabal2nix,3.39 MB
296,texmath,401,83,401,31,01/07/2009,09/06/2026,8.83 MB,A Haskell library for converting LaTeX math to MathML.,Haskell,https://github.com/jgm/texmath,8.83 MB
297,hmatrix,399,105,399,72,07/12/2011,25/06/2024,3.35 MB,Linear algebra and numerical computation,Haskell,https://github.com/haskell-numerics/hmatrix,3.35 MB
298,mtl,398,72,398,19,25/01/2012,08/06/2026,329.00 KB,The Monad Transformer Library,Haskell,https://github.com/haskell/mtl,329.00 KB
299,doctest,397,77,397,81,04/11/2010,04/05/2026,790.00 KB,An implementation of Python's doctest for Haskell,Haskell,https://github.com/sol/doctest,790.00 KB
300,vector,396,144,396,52,24/09/2013,23/06/2026,2.87 MB,"An efficient implementation of Int-indexed arrays (both mutable and immutable), with a powerful loop optimisation framework .",Haskell,https://github.com/haskell/vector,2.87 MB
301,esqueleto,395,106,395,91,14/12/2016,15/04/2025,2.36 MB,"New home of Esqueleto, please file issues so we can get things caught up!",Haskell,https://github.com/bitemyapp/esqueleto,2.36 MB
302,peridot,394,6,394,0,28/07/2020,06/01/2023,1.17 MB,A fast functional language based on two level type theory,Haskell,https://github.com/ehatti/peridot,1.17 MB
303,incredible,392,40,392,30,24/07/2015,16/02/2026,2.48 MB,The Incredible Proof Machine,Haskell,https://github.com/nomeata/incredible,2.48 MB
304,haskell-emacs,388,25,388,19,05/12/2014,05/02/2024,285.00 KB,Write Emacs extensions in Haskell,Haskell,https://github.com/knupfer/haskell-emacs,285.00 KB
305,optics,388,27,388,61,10/03/2017,10/02/2026,2.75 MB,Optics as an abstract interface,Haskell,https://github.com/well-typed/optics,2.75 MB
306,ad,387,75,387,18,14/06/2010,20/01/2026,2.35 MB,Automatic Differentiation,Haskell,https://github.com/ekmett/ad,2.35 MB
307,markup.rocks,386,22,386,15,02/05/2015,31/08/2016,998.00 KB,Pandoc based document editor and converter in your browser.,Haskell,https://github.com/ozanvos/markup.rocks,998.00 KB
308,rest,386,52,386,50,04/04/2014,02/10/2018,1.46 MB,"Packages for defining APIs, running them, generating client code and documentation.",Haskell,https://github.com/silkapp/rest,1.46 MB
309,Haskell-Morte-Library,384,25,384,14,27/08/2014,04/09/2022,394.00 KB,A bare-bones calculus-of-constructions,Haskell,https://github.com/Gabriella439/Haskell-Morte-Library,394.00 KB
310,constellation,383,108,383,3,14/11/2016,06/07/2020,253.00 KB,Peer-to-peer encrypted message exchange,Haskell,https://github.com/Consensys/constellation,253.00 KB
311,wreq,383,72,383,19,01/04/2014,15/03/2026,570.00 KB,,Haskell,https://github.com/haskell/wreq,570.00 KB
312,LambdaNet,383,38,383,5,14/11/2014,25/03/2016,1020.00 KB,Purely functional artificial neural network library implemented in Haskell.,Haskell,https://github.com/jbarrow/LambdaNet,1020.00 KB
313,hnes,381,19,381,0,17/08/2017,17/05/2023,17.98 MB,:video_game: NES Emulator written in Haskell,Haskell,https://github.com/dbousamra/hnes,17.98 MB
314,nix-vscode-extensions,380,35,380,16,27/08/2022,25/06/2026,621.75 MB,"Nix expressions for VS Code Marketplace and Open VSX extensions [maintainers=@deemp, @ameertaweel]",Haskell,https://github.com/nix-community/nix-vscode-extensions,621.75 MB
315,Earley,379,24,379,17,11/04/2015,14/05/2023,259.00 KB,Parsing all context-free grammars using Earley's algorithm in Haskell.,Haskell,https://github.com/ollef/Earley,259.00 KB
316,ArkhamHorror,378,121,378,69,19/03/2020,25/06/2026,150.22 MB,"An unofficial rules-compliant browser based version of Arkham Horror: The Card Game. Not produced, endorsed, or supported by, or affiliated with Fantasy Flight Games.",Haskell,https://github.com/halogenandtoast/ArkhamHorror,150.22 MB
317,picard,378,124,378,37,31/08/2021,18/10/2023,778.00 KB,PICARD - Parsing Incrementally for Constrained Auto-Regressive Decoding from Language Models. PICARD is a ServiceNow Research project that was started at Element AI.,Haskell,https://github.com/ServiceNow/picard,778.00 KB
318,haskell-platform,377,87,377,76,22/03/2012,02/02/2022,3.16 MB,Distribution of Haskell with batteries included ,Haskell,https://github.com/haskell/haskell-platform,3.16 MB
319,sdl2,377,89,377,38,17/10/2014,19/01/2026,2.78 MB,Haskell bindings to the SDL2 library,Haskell,https://github.com/haskell-game/sdl2,2.78 MB
320,squeal,376,33,376,30,28/08/2017,29/06/2025,3.88 MB,"Squeal, a deep embedding of SQL in Haskell",Haskell,https://github.com/morphismtech/squeal,3.88 MB
321,reflex-dom,374,148,374,61,09/11/2014,20/10/2025,2.69 MB,Web applications without callbacks or side-effects. Reflex-DOM brings the power of functional reactive programming (FRP) to the web. Build HTML and other Document Object Model (DOM) data with a pure functional interface.,Haskell,https://github.com/reflex-frp/reflex-dom,2.69 MB
322,nuri,372,14,372,6,11/05/2019,03/03/2025,909.00 KB,누리 : 함수형 한글 프로그래밍 언어,Haskell,https://github.com/suhdonghwi/nuri,909.00 KB
323,mezzo,368,13,368,3,30/10/2016,03/03/2019,1.23 MB,A Haskell library for typesafe music composition,Haskell,https://github.com/DimaSamoz/mezzo,1.23 MB
324,funflow,366,30,366,36,28/09/2017,04/06/2026,71.92 MB,Functional workflows,Haskell,https://github.com/tweag/funflow,71.92 MB
325,clay,364,71,364,10,18/12/2012,05/09/2025,674.00 KB,A CSS preprocessor as embedded Haskell.,Haskell,https://github.com/sebastiaanvisser/clay,674.00 KB
326,hawk,363,20,363,75,03/08/2013,10/02/2024,932.00 KB,Haskell text processor for the command-line,Haskell,https://github.com/gelisam/hawk,932.00 KB
327,purerl,361,10,361,7,05/12/2019,04/09/2025,418.00 KB,Erlang backend for the PureScript compiler,Haskell,https://github.com/purerl/purerl,418.00 KB
328,network,360,207,360,32,27/10/2010,31/05/2026,2.02 MB,Low-level networking interface,Haskell,https://github.com/haskell/network,2.02 MB
329,parconc-examples,360,106,360,7,24/01/2013,30/05/2025,1.17 MB,"Sample code to accompany the book ""Parallel and Concurrent Programming in Haskell""",Haskell,https://github.com/simonmar/parconc-examples,1.17 MB
330,linear-base,359,46,359,55,23/11/2017,24/06/2026,2.11 MB,Standard library for linear types in Haskell.,Haskell,https://github.com/tweag/linear-base,2.11 MB
331,Son,358,7,358,9,31/01/2017,23/12/2019,225.00 KB,Work in progress. Best alternative: https://matrix.org/docs/spec/appendices.html#canonical-json,Haskell,https://github.com/seagreen/Son,225.00 KB
332,react-haskell,355,25,355,14,10/11/2014,02/08/2015,5.37 MB,React bindings for Haskell,Haskell,https://github.com/joelburget/react-haskell,5.37 MB
333,recursion-schemes,353,61,353,29,29/01/2011,14/02/2026,350.00 KB,"Generalized bananas, lenses and barbed wire",Haskell,https://github.com/recursion-schemes/recursion-schemes,350.00 KB
334,req,353,42,353,9,13/09/2016,17/06/2026,393.00 KB,An HTTP client library,Haskell,https://github.com/mrkkrp/req,393.00 KB
335,containers,352,192,352,134,20/06/2011,21/06/2026,9.86 MB,Assorted concrete container types,Haskell,https://github.com/haskell/containers,9.86 MB
336,ghcup-hs,351,116,351,207,08/03/2020,18/06/2026,13.88 MB,,Haskell,https://github.com/haskell/ghcup-hs,13.88 MB
337,haskell-do,351,32,351,34,01/02/2017,10/02/2018,42.81 MB,:pencil2: :bar_chart: - The Haskell code editor focused on interactive development.,Haskell,https://github.com/theam/haskell-do,42.81 MB
338,amulet,350,23,350,31,20/12/2017,17/10/2021,4.02 MB,An ML-like functional programming language,Haskell,https://github.com/amuletml/amulet,4.02 MB
339,arbtt,349,38,349,60,05/11/2013,20/04/2024,1.25 MB,"arbtt, the automatic rule-based time-tracker",Haskell,https://github.com/nomeata/arbtt,1.25 MB
340,CloudHaskell,349,22,349,4,14/02/2011,16/10/2012,631.00 KB,A distributed computing framework for Haskell,Haskell,https://github.com/jepst/CloudHaskell,631.00 KB
341,Carnap,348,33,348,108,10/01/2016,15/12/2024,6.41 MB,A formal logic framework that runs in the browser,Haskell,https://github.com/Carnap/Carnap,6.41 MB
342,infernu,346,10,346,15,02/09/2014,18/12/2018,2.43 MB,Type inference and checking for a safer JavaScript.,Haskell,https://github.com/sinelaw/infernu,2.43 MB
343,NeoHaskell,345,11,345,263,16/09/2023,25/06/2026,4.46 MB,⏩ NeoHaskell is a dialect of Haskell that is focused on newcomer-friendliness and productivity.,Haskell,https://github.com/neohaskell/NeoHaskell,4.46 MB
344,verve-lang,343,7,343,4,19/03/2016,30/11/2021,4.10 MB,A functional language for the working hacker,Haskell,https://github.com/tadeuzagallo/verve-lang,4.10 MB
345,hevm,343,78,343,66,29/08/2022,24/06/2026,17.21 MB,Symbolic and concrete EVM execution engine,Haskell,https://github.com/argotorg/hevm,17.21 MB
346,hyperbole,340,22,340,2,27/11/2023,25/06/2026,4.08 MB,"Haskell interactive serverside web framework inspired by HTMX, Elm, and Phoenix LiveView",Haskell,https://github.com/seanhess/hyperbole,4.08 MB
347,ptghci,339,6,339,15,27/02/2019,08/10/2023,282.00 KB,"High-powered REPL for Haskell, inspired by IPython",Haskell,https://github.com/litxio/ptghci,282.00 KB
348,monad-challenges,339,78,339,3,19/01/2016,03/08/2021,326.00 KB,A set of challenges for jump starting your understanding of monads.,Haskell,https://github.com/mightybyte/monad-challenges,326.00 KB
349,machines,338,47,338,22,16/08/2012,03/03/2025,570.00 KB,Networks of composable stream transducers,Haskell,https://github.com/ekmett/machines,570.00 KB
350,hydra,337,111,337,157,01/03/2021,25/06/2026,527.65 MB,Implementation of the Hydra Head protocol,Haskell,https://github.com/cardano-scaling/hydra,527.65 MB
351,hascard,337,11,337,7,19/01/2020,27/10/2024,9.84 MB,flashcard TUI with markdown cards,Haskell,https://github.com/Yvee1/hascard,9.84 MB
352,scalpel,337,41,337,16,26/12/2014,17/06/2026,557.00 KB,A high level web scraping library for Haskell.,Haskell,https://github.com/fimad/scalpel,557.00 KB
353,purenix,336,9,336,15,03/10/2021,26/08/2024,158.00 KB,Nix backend for PureScript.  Transpile PureScript code to Nix.,Haskell,https://github.com/purenix-org/purenix,158.00 KB
354,aima-haskell,336,43,336,2,29/06/2012,07/08/2017,2.14 MB,Algorithms from AIMA in Haskell,Haskell,https://github.com/chris-taylor/aima-haskell,2.14 MB
355,vty,334,57,334,3,16/03/2011,15/06/2026,3.44 MB,A high-level ncurses alternative written in Haskell,Haskell,https://github.com/jtdaugherty/vty,3.44 MB
356,csound-expression,334,30,334,21,20/01/2013,10/02/2026,4.54 MB,Haskell Framework for Electronic Music,Haskell,https://github.com/spell-music/csound-expression,4.54 MB
357,hedis,333,145,333,10,23/02/2011,17/06/2026,1.03 MB,A Redis client library for Haskell.,Haskell,https://github.com/informatikr/hedis,1.03 MB
358,mu-haskell,333,19,333,16,27/09/2019,01/08/2024,10.78 MB,Mu (μ) is a purely functional framework for building micro services.,Haskell,https://github.com/higherkindness/mu-haskell,10.78 MB
359,async,331,72,331,32,08/06/2012,25/06/2026,186.00 KB,Run IO operations asynchronously and wait for their results,Haskell,https://github.com/simonmar/async,186.00 KB
360,ogmios,327,103,327,0,16/03/2020,20/06/2026,70.08 MB,❇️ A WebSocket JSON/RPC bridge for Cardano,Haskell,https://github.com/CardanoSolutions/ogmios,70.08 MB
361,haskell-gi,325,77,325,31,10/04/2013,31/03/2026,4.04 MB,Generate Haskell bindings for GObject-Introspection capable libraries,Haskell,https://github.com/haskell-gi/haskell-gi,4.04 MB
362,alex,323,87,323,30,11/07/2011,15/04/2026,4.63 MB,A lexical analyser generator for Haskell,Haskell,https://github.com/haskell/alex,4.63 MB
363,happy,321,87,321,45,21/09/2012,13/04/2026,23.58 MB,The Happy parser generator for Haskell,Haskell,https://github.com/haskell/happy,23.58 MB
364,snap-core,320,83,320,23,22/05/2010,04/07/2024,2.04 MB,"Core type definitions (Snap monad, HTTP types, etc) and utilities for web handlers. ",Haskell,https://github.com/snapframework/snap-core,2.04 MB
365,hakaru,320,28,320,42,19/12/2014,31/03/2026,13.63 MB,A probabilistic programming language,Haskell,https://github.com/hakaru-dev/hakaru,13.63 MB
366,husk-scheme,317,31,317,34,26/05/2010,15/11/2023,10.69 MB,A full implementation of the Scheme programming language for the Haskell Platform.,Haskell,https://github.com/justinethier/husk-scheme,10.69 MB
367,cardano-db-sync,316,167,316,164,26/02/2020,25/06/2026,12.46 MB,A component that follows the Cardano chain and stores blocks and transactions in PostgreSQL,Haskell,https://github.com/IntersectMBO/cardano-db-sync,12.46 MB
368,berp,314,10,314,2,03/03/2010,29/01/2016,1.29 MB,An implementation of Python 3,Haskell,https://github.com/bjpop/berp,1.29 MB
369,smos,313,46,313,12,29/07/2018,03/06/2026,9.92 MB,A comprehensive self-management System,Haskell,https://github.com/NorfairKing/smos,9.92 MB
370,mariposa,312,6,312,1,08/01/2024,12/02/2024,54.00 KB,A toy programming language with time travel,Haskell,https://github.com/ambulancja/mariposa,54.00 KB
371,prettyprinter,310,43,310,50,17/05/2017,23/06/2026,945.00 KB,"A modern, extensible and well-documented prettyprinter.",Haskell,https://github.com/haskell-prettyprinter/prettyprinter,945.00 KB
372,three-layer,310,25,310,9,25/04/2018,06/04/2021,333.00 KB,:three: :cake: Architecture of the Haskell web applications,Haskell,https://github.com/Holmusk/three-layer,333.00 KB
373,Expresso,310,12,310,5,16/08/2012,21/04/2023,158.00 KB,A simple expressions language with polymorphic extensible row types.,Haskell,https://github.com/willtim/Expresso,158.00 KB
374,frank,310,12,310,3,18/08/2017,23/04/2024,667.00 KB,Frank compiler,Haskell,https://github.com/frank-lang/frank,667.00 KB
375,acid-state,310,59,310,34,29/06/2013,11/04/2026,528.00 KB,Add ACID guarantees to any serializable Haskell data structure,Haskell,https://github.com/acid-state/acid-state,528.00 KB
376,dth,309,26,309,0,23/07/2014,18/10/2022,89.79 MB,Examples of Dependently-typed programs in Haskell,Haskell,https://github.com/sweirich/dth,89.79 MB
377,lucid,309,42,309,0,15/11/2014,27/04/2026,332.00 KB,"Clear to write, read and edit DSL for writing HTML",Haskell,https://github.com/chrisdone/lucid,332.00 KB
378,quine-central,309,11,309,1,13/09/2016,12/12/2018,15.00 KB,A quine generator,Haskell,https://github.com/dpiponi/quine-central,15.00 KB
379,statistics,308,76,308,25,10/10/2010,23/06/2026,1.65 MB,"A fast, high quality library for computing with statistics in Haskell.",Haskell,https://github.com/haskell/statistics,1.65 MB
380,lawvere,307,6,307,9,05/12/2020,01/06/2026,325.00 KB,A categorical programming language with effects,Haskell,https://github.com/jameshaydon/lawvere,325.00 KB
381,holmes,306,17,306,10,24/11/2019,02/07/2024,111.00 KB,A reference library for constraint-solving with propagators and CDCL.,Haskell,https://github.com/i-am-tom/holmes,111.00 KB
382,inline-c,305,50,305,16,12/02/2015,09/06/2025,1.10 MB,,Haskell,https://github.com/fpco/inline-c,1.10 MB
383,trifecta,304,48,304,12,04/08/2011,03/03/2025,1.01 MB,"Parser combinators with highlighting, slicing, layout, literate comments, Clang-style diagnostics and the kitchen sink",Haskell,https://github.com/ekmett/trifecta,1.01 MB
384,bytestring,301,144,301,85,15/02/2013,30/05/2026,13.51 MB,"An efficient compact, immutable byte string type (both strict and lazy) suitable for binary or 8-bit character data.",Haskell,https://github.com/haskell/bytestring,13.51 MB
385,Frames,300,41,300,74,01/12/2014,01/11/2023,2.13 MB,Data frames for tabular data.,Haskell,https://github.com/acowley/Frames,2.13 MB
386,gotta-go-fast,299,15,299,6,20/07/2017,25/02/2023,6.07 MB,A command line utility for practicing typing and measuring your WPM and accuracy.,Haskell,https://github.com/callum-oakley/gotta-go-fast,6.07 MB
387,microlens,297,41,297,20,19/02/2015,29/09/2025,897.00 KB,A lightweight (but compatible with ‘lens’) lenses library,Haskell,https://github.com/stevenfontanella/microlens,897.00 KB
388,slides,298,30,298,1,05/07/2015,23/06/2023,43.12 MB,Slides from talks that I give,Haskell,https://github.com/Gabriella439/slides,43.12 MB
389,magic-haskell,297,28,297,43,14/07/2016,15/05/2019,6.86 MB,魔力haskell官方网站,Haskell,https://github.com/winterland1989/magic-haskell,6.86 MB
390,package.elm-lang.org,297,113,297,86,28/10/2014,11/12/2025,4.40 MB,website for browsing packages and exploring documentation,Haskell,https://github.com/elm/package.elm-lang.org,4.40 MB
391,servant-persistent,297,49,297,6,06/06/2015,16/04/2022,102.00 KB,A brief example of Servant with Persistent,Haskell,https://github.com/parsonsmatt/servant-persistent,102.00 KB
392,plutus-apps,297,209,297,80,21/10/2021,27/09/2024,126.33 MB,The Plutus application platform,Haskell,https://github.com/IntersectMBO/plutus-apps,126.33 MB
393,nvfetcher,296,22,296,20,20/04/2021,13/03/2026,4.58 MB,Generate nix sources expr for the latest version of packages,Haskell,https://github.com/berberman/nvfetcher,4.58 MB
394,pandoc-citeproc,296,57,296,0,24/08/2013,09/10/2020,3.27 MB,Library and executable for using citeproc with pandoc,Haskell,https://github.com/jgm/pandoc-citeproc,3.27 MB
395,singletons,295,38,295,28,26/11/2012,20/05/2026,6.85 MB,Fake dependent types in Haskell using singletons,Haskell,https://github.com/goldfirere/singletons,6.85 MB
396,discord-haskell,295,61,295,37,12/06/2018,10/08/2025,1.73 MB,Haskell library for writing Discord bots,Haskell,https://github.com/discord-haskell/discord-haskell,1.73 MB
397,gogol,295,112,295,38,24/09/2015,10/03/2025,156.53 MB,A comprehensive Google Services SDK for Haskell.,Haskell,https://github.com/brendanhay/gogol,156.53 MB
398,http-client,294,198,294,75,04/10/2013,10/06/2026,2.57 MB,"An HTTP client engine, intended as a base layer for more user-friendly packages.",Haskell,https://github.com/snoyberg/http-client,2.57 MB
399,dbignore,293,9,293,12,13/05/2014,10/02/2015,428.00 KB,.gitignore for Dropbox,Haskell,https://github.com/tkonolige/dbignore,428.00 KB
400,gi-gtk-declarative,293,35,293,32,31/05/2018,11/01/2024,1.25 MB,Declarative GTK+ programming in Haskell,Haskell,https://github.com/owickstrom/gi-gtk-declarative,1.25 MB
401,ouroboros-network,292,105,292,341,19/09/2018,25/06/2026,51.00 MB,Specifications of network protocols and implementations of components running these protocols which support a family of Ouroboros Consesus protocols; the diffusion layer of the Cardano Node.,Haskell,https://github.com/IntersectMBO/ouroboros-network,51.00 MB
402,haskell,291,24,291,1,14/03/2015,02/01/2022,8.46 MB,A curated list of awesome things related to Haskell.,Haskell,https://github.com/lotz84/haskell,8.46 MB
403,shh,291,9,291,14,22/09/2017,03/07/2025,288.00 KB,Simple shell like scripting from Haskell,Haskell,https://github.com/luke-clifton/shh,288.00 KB
404,HVM3,290,26,290,7,07/11/2024,29/01/2026,1.06 MB,HVM3,Haskell,https://github.com/HigherOrderCO/HVM3,1.06 MB
405,FuncShell,290,8,290,5,20/04/2017,27/01/2022,31.88 MB,Improve your shell by making it functional through Haskell! (An update to Awkward),Haskell,https://github.com/iostreamer-X/FuncShell,31.88 MB
406,cardano-ledger,289,176,289,259,24/09/2018,25/06/2026,150.75 MB,The ledger implementation and specifications of the Cardano blockchain.,Haskell,https://github.com/IntersectMBO/cardano-ledger,150.75 MB
407,UwUpp,288,8,288,5,03/03/2020,04/12/2022,86.00 KB,The next generation esoteric language,Haskell,https://github.com/Deltaphish/UwUpp,86.00 KB
408,coreutils,287,3,287,1,02/09/2018,25/05/2026,448.00 KB,Unix core utilities implemented in Haskell,Haskell,https://github.com/Gandalf-/coreutils,448.00 KB
409,hue-dashboard,286,23,286,7,24/04/2016,01/05/2018,3.40 MB,A web interface for monitoring and controlling Philips Hue lights,Haskell,https://github.com/blitzcode/hue-dashboard,3.40 MB
410,HaskellKoans,285,84,285,11,09/01/2012,20/01/2021,27.00 KB,Haskell Koans for the Vancouver's Haskell UnMeetup,Haskell,https://github.com/HaskVan/HaskellKoans,27.00 KB
411,onyx,285,20,285,120,03/02/2014,12/10/2025,136.59 MB,"Toolkit for converting and building songs for Rock Band, Guitar Hero, Clone Hero, and other similar rhythm games",Haskell,https://github.com/mtolly/onyx,136.59 MB
412,Angel,285,23,285,9,04/06/2010,25/09/2019,214.00 KB,"Process Monitoring/Management, Like Daemontools",Haskell,https://github.com/MichaelXavier/Angel,214.00 KB
413,rzk,284,16,284,49,26/11/2020,25/06/2026,56.12 MB,An experimental proof assistant based on a type theory for synthetic ∞-categories.,Haskell,https://github.com/rzk-lang/rzk,56.12 MB
414,z,284,9,284,0,29/12/2012,26/01/2014,201.00 KB,"A strict, impure, curried, partially applied programming language with rather peculiar syntax. ",Haskell,https://github.com/chrisdone-archive/z,201.00 KB
415,aws-lambda-haskell-runtime,283,49,283,26,30/11/2018,22/02/2024,322.00 KB,⚡Haskell runtime for AWS Lambda,Haskell,https://github.com/theam/aws-lambda-haskell-runtime,322.00 KB
416,haskell-course,283,21,283,2,09/12/2015,08/07/2022,3.90 MB,Introductory Haskell course materials (originally CIS 194 @ UPenn),Haskell,https://github.com/byorgey/haskell-course,3.90 MB
417,exercises,279,386,279,3,19/12/2021,20/05/2024,93.00 KB,💻 Exercises for the Haskell Beginners 2022 course,Haskell,https://github.com/haskell-beginners-2022/exercises,93.00 KB
418,vado,279,8,279,0,01/08/2017,27/04/2019,24.00 KB,A demo web browser engine written in Haskell,Haskell,https://github.com/chrisdone-archive/vado,24.00 KB
419,haskanoid,279,26,279,14,22/09/2014,14/02/2026,17.67 MB,"A free and open source breakout clone in Haskell using SDL and FRP, with Wiimote and Kinect support.",Haskell,https://github.com/ivanperez-keera/haskanoid,17.67 MB
420,atom,277,21,277,3,20/05/2009,15/05/2017,180.00 KB,A DSL for embedded hard realtime applications.,Haskell,https://github.com/tomahawkins/atom,180.00 KB
421,lit,277,13,277,0,28/07/2014,17/04/2017,197.00 KB,A modern tool for literate programming,Haskell,https://github.com/cdosborn/lit,197.00 KB
422,sixty,276,8,276,2,27/04/2019,05/09/2024,11.10 MB,Dependent type checker using normalisation by evaluation,Haskell,https://github.com/ollef/sixty,11.10 MB
423,friday,276,16,276,7,02/08/2013,20/05/2023,12.67 MB,Fast image IO and transformations.,Haskell,https://github.com/RaphaelJ/friday,12.67 MB
424,ru-haskell-book,275,24,275,29,18/05/2012,08/08/2023,23.54 MB,учебник по Haskell,Haskell,https://github.com/anton-k/ru-haskell-book,23.54 MB
425,haskell-tor,274,19,274,25,17/11/2015,03/11/2017,891.00 KB,A Haskell implementation of the Tor protocol.,Haskell,https://github.com/GaloisInc/haskell-tor,891.00 KB
426,guanxi,274,29,274,6,01/10/2018,20/01/2026,310.00 KB,Relational programming in Haskell. Mostly developed on twitch.,Haskell,https://github.com/ekmett/guanxi,310.00 KB
427,Sirea,273,8,273,0,06/04/2012,25/05/2013,1.96 MB,Simply Reactive! Declarative orchestration in Haskell using RDP,Haskell,https://github.com/dmbarbour/Sirea,1.96 MB
428,nvim-hs,273,18,273,10,22/11/2014,21/03/2025,803.00 KB,Neovim API for Haskell plugins as well as the plugin provider,Haskell,https://github.com/neovimhaskell/nvim-hs,803.00 KB
429,hint,273,44,273,34,06/03/2016,01/03/2026,517.00 KB,Runtime Haskell interpreter,Haskell,https://github.com/haskell-hint/hint,517.00 KB
430,ohaskell.guide,271,30,271,30,29/02/2016,03/11/2023,22.89 MB,Ваша первая книга о языке Haskell,Haskell,https://github.com/denisshevchenko/ohaskell.guide,22.89 MB
431,diagnose,270,24,270,14,21/08/2020,11/08/2024,1.57 MB,A simple library for reporting compiler/interpreter errors,Haskell,https://github.com/Mesabloo/diagnose,1.57 MB
432,act,270,50,270,37,13/09/2019,17/06/2026,35.77 MB,Smart contract specification language,Haskell,https://github.com/argotorg/act,35.77 MB
433,cheatsheet,270,20,270,0,07/10/2008,01/06/2023,1.25 MB,A Haskell CheatSheet in PDF and literate source formats.,Haskell,https://github.com/m4dc4p/cheatsheet,1.25 MB
434,hid-examples,269,92,269,3,22/05/2018,12/04/2025,3.01 MB,"Examples to accompany the book ""Haskell in Depth""",Haskell,https://github.com/bravit/hid-examples,3.01 MB
435,sbv,268,46,268,1,07/01/2011,23/06/2026,20.31 MB,SMT Based Verification in Haskell. Express properties about Haskell programs  and automatically prove them using SMT solvers. ,Haskell,https://github.com/LeventErkok/sbv,20.31 MB
436,quickspec,268,29,268,21,21/03/2012,10/05/2025,1.92 MB,Equational laws for free,Haskell,https://github.com/nick8325/quickspec,1.92 MB
437,lion,265,18,265,5,18/02/2021,15/12/2025,337.00 KB,Where Lions Roam: RISC-V on the VELDT,Haskell,https://github.com/standardsemiconductor/lion,337.00 KB
438,halive,263,16,263,14,07/05/2015,26/03/2021,199.00 KB,Live recompiler for Haskell,Haskell,https://github.com/lukexi/halive,199.00 KB
439,co-log,263,51,263,16,26/07/2018,24/06/2026,502.00 KB,📓 Flexible and configurable modern #Haskell logging framework,Haskell,https://github.com/co-log/co-log,502.00 KB
440,keter,263,76,263,27,06/05/2012,31/05/2026,961.00 KB,Web app deployment manager,Haskell,https://github.com/snoyberg/keter,961.00 KB
441,Hubris,262,16,262,4,07/08/2009,31/12/2025,594.00 KB,Bridge from Ruby to Haskell,Haskell,https://github.com/mwotton/Hubris,594.00 KB
442,Vinyl,261,50,261,44,26/10/2012,26/02/2026,872.00 KB,Extensible Records for Haskell. Pull requests welcome! Come visit us on #vinyl on freenode.,Haskell,https://github.com/VinylRecords/Vinyl,872.00 KB
443,pretty-simple,260,30,260,19,15/12/2016,12/10/2025,2.75 MB,pretty-printer for Haskell data types that have a Show instance,Haskell,https://github.com/cdepillabout/pretty-simple,2.75 MB
444,pandoc-plot,258,7,258,12,09/11/2019,27/05/2026,2.19 MB,Render and include figures in Pandoc documents using your plotting toolkit of choice,Haskell,https://github.com/LaurentRDC/pandoc-plot,2.19 MB
445,typo,257,7,257,0,07/08/2013,19/03/2016,32.00 KB,A programming language that runs in Haskell's type system.,Haskell,https://github.com/seliopou/typo,32.00 KB
446,chainweb-node,256,112,256,110,16/03/2019,22/11/2025,36.85 MB,Chainweb: A Proof-of-Work Parallel-Chain Architecture for Massive Throughput,Haskell,https://github.com/kadena-io/chainweb-node,36.85 MB
447,dataframe,256,48,256,28,24/02/2024,22/06/2026,57.76 MB,"A fast, safe, and intuitive DataFrame library.",Haskell,https://github.com/DataHaskell/dataframe,57.76 MB
448,Algorithm-W-Step-By-Step,256,21,256,4,21/03/2010,29/03/2010,403.00 KB,Classic Algorithm W for type inference.,Haskell,https://github.com/wh5a/Algorithm-W-Step-By-Step,403.00 KB
449,pp,255,21,255,18,29/03/2016,22/12/2023,4.20 MB,"PP - Generic preprocessor (with pandoc in mind) - macros, literate programming, diagrams, scripts...",Haskell,https://github.com/CDSoft/pp,4.20 MB
450,macaw,254,25,254,110,28/09/2017,03/06/2026,10.53 MB,Open source binary analysis tools.,Haskell,https://github.com/GaloisInc/macaw,10.53 MB
451,korb,252,3,252,4,23/03/2026,05/04/2026,197.00 KB,REWE delivery CLI,Haskell,https://github.com/yannick-cw/korb,197.00 KB
452,haskell-tools,251,30,251,52,03/01/2016,18/07/2024,6.45 MB,Developer tools for Haskell,Haskell,https://github.com/haskell-tools/haskell-tools,6.45 MB
453,api.unverified.email,250,7,250,1,12/08/2019,11/04/2020,190.00 KB,A service to help with testing of sending the right emails,Haskell,https://github.com/honest-technology/api.unverified.email,190.00 KB
454,oama,249,20,249,8,07/06/2022,29/08/2025,349.00 KB,OAuth credential Manager,Haskell,https://github.com/pdobsan/oama,349.00 KB
455,frp-arduino,249,20,249,17,13/01/2015,23/04/2019,438.00 KB,Arduino programming without the hassle of C.,Haskell,https://github.com/frp-arduino/frp-arduino,438.00 KB
456,blaze-html,248,48,248,24,13/03/2010,12/03/2025,4.76 MB,A blazingly fast HTML combinator library for Haskell.,Haskell,https://github.com/jaspervdj/blaze-html,4.76 MB
457,gRPC-haskell,248,76,248,30,28/02/2017,12/01/2026,16.05 MB,Haskell gRPC support,Haskell,https://github.com/awakesecurity/gRPC-haskell,16.05 MB
458,record,248,6,248,13,18/01/2015,20/02/2019,165.00 KB,Anonymous records,Haskell,https://github.com/nikita-volkov/record,165.00 KB
459,mmaclone,247,18,247,1,08/02/2016,10/07/2019,1.24 MB,A simple Wolfram Language clone in Haskell,Haskell,https://github.com/jyh1/mmaclone,1.24 MB
460,haskeline,247,82,247,39,31/10/2013,15/05/2026,1.27 MB,A Haskell library for line input in command-line programs.,Haskell,https://github.com/haskell/haskeline,1.27 MB
461,aws,245,111,245,48,08/10/2010,08/12/2025,2.07 MB,Amazon Web Services for Haskell,Haskell,https://github.com/aristidb/aws,2.07 MB
462,airship,245,10,245,7,23/01/2015,01/03/2023,338.00 KB,"Helium + Webmachine = Airship. A toolkit for building declarative, RESTful web apps.",Haskell,https://github.com/tmcgilchrist/airship,338.00 KB
463,hal,244,15,244,23,19/12/2018,14/09/2024,383.00 KB,hal provides an AWS Lambda Custom Runtime environment for your Haskell applications.,Haskell,https://github.com/Nike-Inc/hal,383.00 KB
464,stack-templates,244,111,244,1,14/07/2015,20/12/2025,1.24 MB,Project templates for stack new,Haskell,https://github.com/commercialhaskell/stack-templates,1.24 MB
465,tagsoup,243,38,243,34,11/10/2013,20/10/2024,1.42 MB,Haskell library for parsing and extracting information from (possibly malformed) HTML/XML documents,Haskell,https://github.com/ndmitchell/tagsoup,1.42 MB
466,silica,243,7,243,3,18/03/2018,18/01/2020,129.00 KB,optics for Haskell with the most amazing type errors you've seen,Haskell,https://github.com/evertedsphere/silica,129.00 KB
467,Juicy.Pixels,243,57,243,40,21/08/2011,15/01/2026,40.44 MB,Haskell library to load & save pictures,Haskell,https://github.com/haskell-github-trust/Juicy.Pixels,40.44 MB
468,compiler,242,20,242,2,21/12/2019,18/03/2026,2.45 MB,The adventures of a Haskell compiler,Haskell,https://github.com/blynn/compiler,2.45 MB
469,traderjoes,242,18,242,6,21/01/2024,22/05/2025,58.00 KB,"Price tracking program and website for Trader Joe's, updated daily.",Haskell,https://github.com/cmoog/traderjoes,58.00 KB
470,lets-lens,241,89,241,9,21/05/2015,02/12/2024,67.00 KB,Course material for lens,Haskell,https://github.com/system-f/lets-lens,67.00 KB
471,owlcloud,239,14,239,2,11/09/2015,25/11/2017,35.00 KB,OwnCloud for owls done via The Microservice Architecture,Haskell,https://github.com/k-bx/owlcloud,35.00 KB
472,freer-simple,239,22,239,20,05/07/2017,16/05/2024,283.00 KB,A friendly effect system for Haskell,Haskell,https://github.com/lexi-lambda/freer-simple,283.00 KB
473,haskell-relational-record,237,36,237,15,08/05/2013,02/12/2023,5.29 MB,"This repository includes a joined query generator based on typefull relational algebra, and mapping tools between SQL values list and Haskell record type.",Haskell,https://github.com/khibino/haskell-relational-record,5.29 MB
474,klfc,236,16,236,30,12/09/2016,05/03/2023,6.17 MB,Keyboard Layout Files Creator,Haskell,https://github.com/39aldo39/klfc,6.17 MB
475,fireward,235,3,235,17,09/04/2019,10/04/2023,940.00 KB,"A concise and readable language for Firestore security rules, similar to Firebase Bolt.",Haskell,https://github.com/bijoutrouvaille/fireward,940.00 KB
476,Lol,235,44,235,12,29/09/2015,22/03/2021,4.06 MB,Λ ⚬ λ: Functional Lattice Cryptography,Haskell,https://github.com/cpeikert/Lol,4.06 MB
477,sjsp,235,7,235,0,30/06/2015,31/01/2020,46.00 KB,Simple JavaScript Profiler,Haskell,https://github.com/itchyny/sjsp,46.00 KB
478,combinatorrent,234,31,234,27,09/12/2009,18/01/2017,1.89 MB,A bittorrent client written in Haskell,Haskell,https://github.com/jlouis/combinatorrent,1.89 MB
479,inline-java,233,16,233,10,19/10/2016,18/09/2025,1.16 MB,Haskell/Java interop via inline Java code in Haskell modules.,Haskell,https://github.com/tweag/inline-java,1.16 MB
480,fregot,233,10,233,10,10/02/2019,30/06/2022,2.32 MB,Fugue Rego Toolkit,Haskell,https://github.com/fugue/fregot,2.32 MB
481,Euterpea2,232,69,232,13,16/12/2015,13/08/2025,20.22 MB,Euterpea version 2,Haskell,https://github.com/Euterpea/Euterpea2,20.22 MB
482,Allure,231,19,231,27,02/10/2010,17/11/2023,11.56 MB,"Allure of the Stars is a near-future Sci-Fi roguelike and tactical squad combat game written in Haskell; please offer feedback, e.g., after trying out the web frontend version at",Haskell,https://github.com/AllureOfTheStars/Allure,11.56 MB
483,dunai,231,38,231,5,11/07/2016,16/05/2026,17.60 MB,"Classic FRP, Arrowized FRP, Reactive Programming, and Stream Programming, all via Monadic Stream Functions",Haskell,https://github.com/ivanperez-keera/dunai,17.60 MB
484,ruhaskell,230,49,230,4,14/01/2015,11/02/2026,6.40 MB,Главный сайт сообщества,Haskell,https://github.com/ruHaskell/ruhaskell,6.40 MB
485,eclair-lang,230,13,230,9,19/06/2021,22/01/2024,3.98 MB,"A minimal, fast Datalog implementation in Haskell that compiles to LLVM IR",Haskell,https://github.com/luc-tielen/eclair-lang,3.98 MB
486,glambda,228,31,228,0,04/05/2015,27/03/2025,4.75 MB,The home of the Glamorous Glambda interpreter,Haskell,https://github.com/goldfirere/glambda,4.75 MB
487,defect-process,228,15,228,1,19/09/2021,01/08/2023,1.71 MB,Defect Process (2d hack n' slash game) full source code,Haskell,https://github.com/incoherentsoftware/defect-process,1.71 MB
488,psc-package,228,44,228,27,07/02/2017,24/07/2022,138.00 KB,A package manager for PureScript based on package sets,Haskell,https://github.com/purescript/psc-package,138.00 KB
489,diagrams,227,11,227,12,26/07/2012,18/04/2025,67.00 KB,Embedded domain-specific language for declarative vector graphics (wrapper package),Haskell,https://github.com/diagrams/diagrams,67.00 KB
490,givegif,227,5,227,1,28/03/2016,04/11/2019,11.58 MB,GIFs on the command line,Haskell,https://github.com/passy/givegif,11.58 MB
491,1HaskellADay,227,36,227,0,08/06/2016,04/06/2021,86.69 MB,,Haskell,https://github.com/geophf/1HaskellADay,86.69 MB
492,yesod-cookbook,227,43,227,5,08/09/2015,02/02/2021,512.00 KB,Cookbook documentation,Haskell,https://github.com/yesodweb/yesod-cookbook,512.00 KB
493,pronk,226,20,226,11,11/07/2011,11/01/2013,210.00 KB,"A small command line application for load testing web servers.  Think of it as similar to httperf or ab, only more modern and simpler to deal with.",Haskell,https://github.com/bos/pronk,210.00 KB
494,capability,225,8,225,10,09/08/2018,24/10/2025,366.00 KB,Extensional capabilities and deriving combinators,Haskell,https://github.com/tweag/capability,366.00 KB
495,unordered-containers,225,101,225,131,17/01/2011,25/06/2026,2.43 MB,Efficient hashing-based container types,Haskell,https://github.com/haskell-unordered-containers/unordered-containers,2.43 MB
496,ermine,225,17,225,14,19/11/2012,20/08/2018,9.37 MB,The Ermine Programming Language - Join us on irc.freenode.net #ermine,Haskell,https://github.com/ermine-language/ermine,9.37 MB
497,inline-rust,225,9,225,14,28/09/2017,24/05/2021,140.00 KB,Use snippets of Rust inline in your Haskell programs,Haskell,https://github.com/harpocrates/inline-rust,140.00 KB
498,cassava,225,110,225,52,20/03/2012,02/03/2026,639.00 KB,A CSV parsing and encoding library optimized for ease of use and high performance,Haskell,https://github.com/haskell-hvr/cassava,639.00 KB
499,haskell-backend,223,43,223,159,11/01/2017,18/06/2026,106.17 MB,The symbolic execution engine powering the K Framework,Haskell,https://github.com/runtimeverification/haskell-backend,106.17 MB
500,nix-serve-ng,223,21,223,5,06/07/2022,30/04/2026,108.00 KB,A drop-in replacement for nix-serve that is faster and more reliable,Haskell,https://github.com/aristanetworks/nix-serve-ng,108.00 KB
501,par-tutorial,221,24,221,2,17/05/2011,07/02/2013,7.49 MB,A tutorial on Parallel and Concurrent Haskell,Haskell,https://github.com/simonmar/par-tutorial,7.49 MB
502,nstack,221,13,221,0,21/03/2017,07/02/2024,237.00 KB,"Type-safe, composable microservices for data analytics",Haskell,https://github.com/nstack/nstack,237.00 KB
503,PLFA-zh,221,24,221,31,17/01/2019,22/06/2026,153.17 MB,《编程语言基础：Agda 描述》，Programming Language Foundations in Agda 中文版,Haskell,https://github.com/Agda-zh/PLFA-zh,153.17 MB
504,slick,221,24,221,2,17/07/2018,12/10/2025,9.39 MB,Static site generator built on Shake configured in Haskell,Haskell,https://github.com/ChrisPenner/slick,9.39 MB
505,twidge,220,29,220,25,22/04/2010,30/05/2016,1.79 MB,Command-line twitter/identica client [Haskell],Haskell,https://github.com/jgoerzen/twidge,1.79 MB
506,haskell-phrasebook,220,21,220,19,24/07/2019,24/02/2022,303.00 KB,The Haskell Phrasebook: a quick intro to Haskell via small annotated example programs,Haskell,https://github.com/typeclasses/haskell-phrasebook,303.00 KB
507,serverless-haskell,218,22,218,22,18/12/2017,08/01/2024,2.87 MB,Deploying Haskell applications to AWS Lambda with Serverless,Haskell,https://github.com/seek-oss/serverless-haskell,2.87 MB
508,linear,218,55,218,29,02/06/2011,21/04/2026,2.12 MB,Low-dimensional linear algebra primitives for Haskell.,Haskell,https://github.com/ekmett/linear,2.12 MB
509,music-suite,218,16,218,32,04/06/2014,13/04/2022,9.53 MB,Music in Haskell,Haskell,https://github.com/music-suite/music-suite,9.53 MB
510,hledger-flow,218,29,218,22,07/08/2018,22/06/2026,1.09 MB,An hledger/ledger-cli workflow focusing on automated statement import and classification,Haskell,https://github.com/apauley/hledger-flow,1.09 MB
511,optparse-generic,216,35,216,11,26/02/2016,29/03/2026,174.00 KB,Auto-generate a command-line parser for your datatype,Haskell,https://github.com/Gabriella439/optparse-generic,174.00 KB
512,duet,216,8,216,0,17/04/2017,07/05/2023,2.91 MB,"A tiny language, a subset of Haskell aimed at aiding teachers teach Haskell",Haskell,https://github.com/chrisdone-archive/duet,2.91 MB
513,skylighting,215,68,215,29,13/12/2016,01/02/2026,4.93 MB,A Haskell syntax highlighting library with tokenizers derived from KDE syntax highlighting descriptions,Haskell,https://github.com/jgm/skylighting,4.93 MB
514,morloc,215,6,215,10,02/12/2016,23/06/2026,13.45 MB,"A typed, polyglot, functional language",Haskell,https://github.com/morloc-project/morloc,13.45 MB
515,katip,214,68,214,20,28/05/2015,03/09/2025,666.00 KB,A structured logging framework for Haskell,Haskell,https://github.com/Soostone/katip,666.00 KB
516,elm-package,213,66,213,54,25/09/2013,22/08/2018,700.00 KB,Command line tool to share Elm libraries,Haskell,https://github.com/elm-lang/elm-package,700.00 KB
517,pie-hs,213,16,213,1,04/02/2019,08/11/2019,138.00 KB,An implementation of Pie in Haskell,Haskell,https://github.com/david-christiansen/pie-hs,138.00 KB
518,axel,213,9,213,42,11/08/2017,17/05/2024,906.00 KB,Haskell + Lisp,Haskell,https://github.com/axellang/axel,906.00 KB
519,summer-2015-haskell-class,212,11,212,0,18/06/2015,08/09/2015,371.00 KB,Summer 2015 Haskell Class,Haskell,https://github.com/michaelochurch/summer-2015-haskell-class,371.00 KB
520,implicit-hie,212,19,212,20,01/05/2020,21/02/2024,479.00 KB,Auto generate a stack or cabal multi component hie.yaml file,Haskell,https://github.com/Avi-D-coder/implicit-hie,479.00 KB
521,c2hs,212,52,212,80,25/07/2013,13/03/2024,4.62 MB,c2hs is a pre-processor for Haskell FFI bindings to C libraries,Haskell,https://github.com/haskell/c2hs,4.62 MB
522,quine,212,25,212,1,13/10/2014,05/01/2019,4.89 MB,"haskell, opengl, toy project",Haskell,https://github.com/ekmett/quine,4.89 MB
523,c-repl,210,25,210,1,27/08/2008,07/09/2020,93.00 KB,a C read-eval-print loop (abandoned),Haskell,https://github.com/evmar/c-repl,93.00 KB
524,haskell-scotty-realworld-example-app,209,32,209,2,09/09/2017,10/11/2019,119.00 KB,Exemplary real world backend API built with Haskell/Scotty https://realworld.io,Haskell,https://github.com/eckyputrady/haskell-scotty-realworld-example-app,119.00 KB
525,AIT,209,20,209,0,27/03/2013,14/06/2026,925.00 KB,"Algorithmic Information Theory, using Binary Lambda Calculus",Haskell,https://github.com/tromp/AIT,925.00 KB
526,haskelldocumentation,207,30,207,1,24/02/2015,18/05/2022,158.00 KB,Repository for collaborative Haskell documentation,Haskell,https://github.com/commercialhaskell/haskelldocumentation,158.00 KB
527,cborg,207,92,207,62,06/07/2015,13/05/2026,4.24 MB,Binary serialisation in the CBOR format,Haskell,https://github.com/well-typed/cborg,4.24 MB
528,antigen-hs,207,20,207,3,21/05/2014,29/07/2024,52.00 KB,A fast zsh plugin manager,Haskell,https://github.com/Tarrasch/antigen-hs,52.00 KB
529,hadrian,207,36,207,39,23/12/2014,04/02/2019,3.13 MB,Hadrian: a new build system for the Glasgow Haskell Compiler. Now merged into the GHC tree!,Haskell,https://github.com/snowleopard/hadrian,3.13 MB
530,haskell-telegram-api,207,66,207,19,04/01/2016,07/03/2023,1.68 MB,Telegram Bot API for Haskell,Haskell,https://github.com/klappvisor/haskell-telegram-api,1.68 MB
531,Hydra,206,14,206,42,01/05/2019,03/09/2024,570.00 KB,"Hydra is a full-fledged framework for building web services, multithreaded and concurrent applications with SQL and KV DB support.",Haskell,https://github.com/graninas/Hydra,570.00 KB
532,thesis,206,6,206,3,28/04/2015,19/07/2018,14.91 MB,Richard A. Eisenberg's PhD Dissertation,Haskell,https://github.com/goldfirere/thesis,14.91 MB
533,lambdacube-edsl,206,13,206,0,21/04/2012,23/06/2018,10.91 MB,Previous version of LambdaCube 3D as Embedded Domain Specific Language in Haskell. Check the latest system:,Haskell,https://github.com/lambdacube3d/lambdacube-edsl,10.91 MB
534,quickcheck-state-machine,205,27,205,28,15/02/2017,11/05/2021,2.78 MB,Test monadic programs using state machine based models,Haskell,https://github.com/advancedtelematic/quickcheck-state-machine,2.78 MB
535,postgresql-simple,205,70,205,80,25/12/2011,19/11/2021,892.00 KB,Mid-level client library for accessing PostgreSQL from Haskell,Haskell,https://github.com/lpsmith/postgresql-simple,892.00 KB
536,unfog,205,7,205,9,22/10/2019,05/02/2025,476.00 KB,"⏱ Minimalist CLI task & time manager, written in Haskell.",Haskell,https://github.com/soywod/unfog,476.00 KB
537,keera-hails,205,11,205,8,15/06/2012,05/04/2022,1.41 MB,Keera Hails: Haskell on Rails - Reactive Programming Framework for Interactive Haskell applications,Haskell,https://github.com/keera-studios/keera-hails,1.41 MB
538,flow,204,11,204,0,01/04/2015,22/06/2026,152.00 KB,:droplet: Write more understandable Haskell.,Haskell,https://github.com/tfausak/flow,152.00 KB
539,haskell-challenges,204,37,204,0,10/01/2021,13/06/2026,67.00 KB,Code challenges to solve with Haskell,Haskell,https://github.com/effectfully/haskell-challenges,67.00 KB
540,haskell-src-exts,203,96,203,119,04/05/2013,22/07/2023,19.26 MB,"Manipulating Haskell source: abstract syntax, lexer, parser, and pretty-printer",Haskell,https://github.com/haskell-suite/haskell-src-exts,19.26 MB
541,9m,203,13,203,2,20/05/2014,20/08/2023,103.00 KB,9m Unicode URL Shortener,Haskell,https://github.com/ehamberg/9m,103.00 KB
542,haskell-webdriver,202,73,202,5,12/03/2012,02/06/2026,1.29 MB,A Haskell client for the Selenium WebDriver protocol.,Haskell,https://github.com/haskell-webdriver/haskell-webdriver,1.29 MB
543,hi,202,20,202,15,17/07/2013,12/01/2023,234.00 KB,Generate scaffold for a Haskell project,Haskell,https://github.com/fujimura/hi,234.00 KB
544,haskell-json,202,29,202,4,04/11/2019,03/03/2023,49.00 KB,Source Code for JSON Parser Video,Haskell,https://github.com/tsoding/haskell-json,49.00 KB
545,lhc,202,15,202,7,06/04/2012,30/04/2020,32.26 MB,The LLVM LHC Haskell Optimization System,Haskell,https://github.com/lemmih/lhc,32.26 MB
546,ff,201,18,201,45,29/12/2017,24/03/2026,6.32 MB,A distributed note taker and task manager.,Haskell,https://github.com/ff-notes/ff,6.32 MB
547,dejafu,201,18,201,22,19/12/2014,19/06/2026,2.74 MB,Systematic concurrency testing meets Haskell.,Haskell,https://github.com/barrucadu/dejafu,2.74 MB
548,gifstream,200,7,200,0,11/01/2015,22/09/2023,310.00 KB,Make interactive games in Haskell using GIF streams that can be shown in the web browser,Haskell,https://github.com/def-/gifstream,310.00 KB
549,fgl,200,57,200,17,05/03/2015,19/05/2026,441.00 KB,A Functional Graph Library for Haskell,Haskell,https://github.com/haskell/fgl,441.00 KB
550,herms,199,42,199,23,28/06/2017,07/10/2023,373.00 KB,:stew::fork_and_knife: A command-line manager for delicious kitchen recipes,Haskell,https://github.com/LuxMiranda/herms,373.00 KB
551,HaTeX,199,43,199,20,17/01/2012,28/09/2023,919.00 KB,The Haskell LaTeX library.,Haskell,https://github.com/Daniel-Diaz/HaTeX,919.00 KB
552,iris,198,22,198,19,11/05/2022,12/11/2023,19.95 MB,🌈 Haskell CLI Framework supporting Command Line Interface Guidelines,Haskell,https://github.com/chshersh/iris,19.95 MB
553,hie-bios,198,69,198,44,14/06/2019,23/06/2026,662.00 KB,Set up a GHC API session for various Haskell Projects,Haskell,https://github.com/haskell/hie-bios,662.00 KB
554,hs-web3,197,68,197,9,03/10/2016,24/02/2026,1.72 MB,Web3 API for Haskell,Haskell,https://github.com/airalab/hs-web3,1.72 MB
555,QuickFuzz,197,39,197,21,27/06/2015,21/04/2020,12.19 MB,An experimental grammar fuzzer in Haskell using QuickCheck,Haskell,https://github.com/CIFASIS/QuickFuzz,12.19 MB
556,snap-server,197,87,197,23,22/05/2010,23/04/2026,2.22 MB,"A fast HTTP server library, which runs Snap web handlers. ",Haskell,https://github.com/snapframework/snap-server,2.22 MB
557,learn-you-a-haskell-exercises,197,147,197,8,21/12/2012,17/10/2019,38.00 KB,,Haskell,https://github.com/noelmarkham/learn-you-a-haskell-exercises,38.00 KB
558,learn-physics,196,16,196,1,07/11/2015,12/01/2023,93.00 KB,"A library of functions for vector calculus, calculation of electric field, electric flux, magnetic field, and other quantities in mechanics and electromagnetic theory.",Haskell,https://github.com/walck/learn-physics,93.00 KB
559,shortcut-highlighter,196,2,196,4,18/03/2019,26/04/2021,27.00 KB,set of tools and services for highlighting shortcuts from applications and system with RGB keyboard,Haskell,https://github.com/Rasie1/shortcut-highlighter,27.00 KB
560,higher-order-unification,195,5,195,1,05/08/2017,06/08/2017,31.00 KB,A small implementation of higher-order unification,Haskell,https://github.com/jozefg/higher-order-unification,31.00 KB
561,dino-rush,195,17,195,0,31/01/2018,04/02/2022,10.27 MB,🌋 Endless runner game,Haskell,https://github.com/jxv/dino-rush,10.27 MB
562,HerbiePlugin,194,4,194,10,26/08/2015,06/10/2015,460.00 KB,GHC plugin that improves Haskell code's numerical stability,Haskell,https://github.com/mikeizbicki/HerbiePlugin,460.00 KB
563,PomPom-Language,194,6,194,0,14/06/2021,13/12/2022,1.78 MB,The cuteness implementation of a dependently typed language.,Haskell,https://github.com/caotic123/PomPom-Language,1.78 MB
564,git-mediate,194,10,194,12,01/12/2014,16/06/2026,209.00 KB,Become a conflict resolution hero,Haskell,https://github.com/Peaker/git-mediate,209.00 KB
565,PortFusion,194,41,194,10,29/03/2012,01/08/2016,725.00 KB,"Haskell-powered cross-platform transport-layer distributed reverse / forward proxy & tunneling solution – currently available for all TCP protocols (RDP, VNC, HTTP(S), SSH, ...).",Haskell,https://github.com/corsis/PortFusion,725.00 KB
566,refined,194,32,194,7,27/04/2015,21/12/2024,212.00 KB,Refinement types with static checking,Haskell,https://github.com/nikita-volkov/refined,212.00 KB
567,tryhaskell,193,40,193,6,28/02/2010,04/06/2023,103.00 KB,Try Haskell,Haskell,https://github.com/chrisdone-archive/tryhaskell,103.00 KB
568,PolysemyCleanArchitecture,193,17,193,0,06/02/2020,15/12/2023,1.64 MB,Showcasing how the Polysemy library can be used to implement a REST application conforming to the guidelines of the Clean Architecture model.,Haskell,https://github.com/thma/PolysemyCleanArchitecture,1.64 MB
569,quad-ci,193,12,193,1,23/12/2020,01/04/2022,278.00 KB,A CI server written in Simple Haskell.,Haskell,https://github.com/alpacaaa/quad-ci,278.00 KB
570,alfred-margaret,193,12,193,3,05/03/2019,08/05/2026,413.00 KB,Fast Aho-Corasick string searching,Haskell,https://github.com/channable/alfred-margaret,413.00 KB
571,pearls,192,32,192,0,29/01/2013,01/04/2016,1.67 MB,Pearls of Functional Algorithm Design by Richard Bird - Haskell Code,Haskell,https://github.com/derekmcloughlin/pearls,1.67 MB
572,inspection-testing,192,29,192,13,04/11/2017,17/01/2026,277.00 KB,Inspection Testing for Haskell,Haskell,https://github.com/nomeata/inspection-testing,277.00 KB
573,open-game-engine,192,31,192,9,05/12/2019,31/01/2025,6.40 MB,Haskell implementation of open games,Haskell,https://github.com/CyberCat-Institute/open-game-engine,6.40 MB
574,estuary,192,27,192,22,03/12/2015,28/04/2025,19.06 MB,Platform for collaboration and learning through live coding,Haskell,https://github.com/dktr0/estuary,19.06 MB
575,backprop,192,22,192,5,22/02/2017,05/06/2025,11.38 MB,"Heterogeneous automatic differentiation (""backpropagation"") in Haskell",Haskell,https://github.com/mstksg/backprop,11.38 MB
576,elsa,192,25,192,1,11/03/2017,05/10/2025,124.00 KB,Elsa is a lambda calculus evaluator ,Haskell,https://github.com/ucsd-progsys/elsa,124.00 KB
577,nixos-manager,192,7,192,8,12/03/2020,02/05/2020,1.91 MB,"Manage your NixOS packages and configuration via a simple, intuitive UI",Haskell,https://github.com/pmiddend/nixos-manager,1.91 MB
578,static-ls,191,31,191,11,27/03/2023,16/06/2026,2.82 MB,,Haskell,https://github.com/josephsumabat/static-ls,2.82 MB
579,free,191,66,191,47,17/02/2011,11/01/2026,1.06 MB,free monads,Haskell,https://github.com/ekmett/free,1.06 MB
580,cmt,190,10,190,3,21/02/2019,05/10/2020,1.18 MB,Write consistent git commit messages based on a custom template,Haskell,https://github.com/smallhadroncollider/cmt,1.18 MB
581,heftia,190,7,190,8,23/08/2023,02/08/2025,1.11 MB," A theory‑backed, type‑safe algebraic effects",Haskell,https://github.com/sayo-hs/heftia,1.11 MB
582,stripe,190,71,190,22,25/04/2014,24/07/2025,740.00 KB,:moneybag: Stripe API,Haskell,https://github.com/dmjio/stripe,740.00 KB
583,dynamic,190,5,190,0,31/03/2019,29/05/2019,30.00 KB,Dynamic typing in Haskell,Haskell,https://github.com/chrisdone-archive/dynamic,30.00 KB
584,gtk2hs,190,87,190,130,15/10/2013,20/03/2025,60.67 MB,GUI library for Haskell based on GTK+,Haskell,https://github.com/gtk2hs/gtk2hs,60.67 MB
585,cellularAutomata,189,13,189,1,11/02/2016,28/05/2019,17.99 MB,a collection of cellular automata written in Haskell with Diagrams,Haskell,https://github.com/bollu/cellularAutomata,17.99 MB
586,haskell-dangerous-functions,188,13,188,0,13/03/2021,26/02/2025,85.00 KB,Documentation about Haskell's dangerous functions and a hlint config file to warn about them,Haskell,https://github.com/NorfairKing/haskell-dangerous-functions,85.00 KB
587,cxxdraft-htmlgen,188,21,188,9,08/04/2015,23/04/2026,840.00 KB,Generates https://eel.is/c++draft,Haskell,https://github.com/Eelis/cxxdraft-htmlgen,840.00 KB
588,foldilocks,188,12,188,1,20/04/2019,28/04/2019,74.00 KB,"Tutorial using ghci to make folds easier. Come for the tutorial, stay for the fold puns.",Haskell,https://github.com/aymannadeem/foldilocks,74.00 KB
589,idris-erlang,187,15,187,1,13/11/2014,01/07/2017,314.00 KB,Erlang Backend for Idris Compiler,Haskell,https://github.com/lenary/idris-erlang,314.00 KB
590,Haskell-Typed-Spreadsheet-Library,187,12,187,3,09/11/2015,05/09/2022,91.00 KB,Typed and composable spreadsheets,Haskell,https://github.com/Gabriella439/Haskell-Typed-Spreadsheet-Library,91.00 KB
591,weeder,187,35,187,40,10/09/2019,23/06/2026,264.00 KB,A re-implementation of weeder using HIE files,Haskell,https://github.com/ocharles/weeder,264.00 KB
592,tinyjit,187,9,187,2,02/01/2016,19/01/2020,17.00 KB,Haskell JIT,Haskell,https://github.com/sdiehl/tinyjit,17.00 KB
593,gitlib,187,55,187,23,18/12/2012,17/03/2026,6.94 MB,,Haskell,https://github.com/jwiegley/gitlib,6.94 MB
594,muesli,187,6,187,2,14/09/2013,17/04/2026,212.00 KB,An alternative approach to food,Haskell,https://github.com/l29ah/muesli,212.00 KB
595,floskell,186,25,186,20,21/06/2017,13/07/2024,2.16 MB,Floskell is a flexible Haskell source code pretty printer.,Haskell,https://github.com/ennocramer/floskell,2.16 MB
596,HTTP,186,59,186,19,31/10/2010,28/01/2026,613.00 KB,Haskell HTTP package,Haskell,https://github.com/haskell/HTTP,613.00 KB
597,universum,186,30,186,38,25/07/2016,11/06/2026,945.00 KB,:milky_way: Prelude written in @Serokell,Haskell,https://github.com/serokell/universum,945.00 KB
598,graphmod,186,30,186,14,08/09/2008,24/04/2026,558.00 KB,A utility for displaying the module dependencies of Haskell programs.,Haskell,https://github.com/yav/graphmod,558.00 KB
599,cql,185,17,185,44,12/07/2018,14/04/2023,631.00 KB,CQL: Categorical Query Language implementation in Haskell,Haskell,https://github.com/statebox/cql,631.00 KB
600,haskellings,185,27,185,9,03/11/2020,10/05/2023,243.00 KB,An automated tutorial to teach you about Haskell!,Haskell,https://github.com/MondayMorningHaskell/haskellings,243.00 KB
601,pdf-toolbox,184,28,184,14,13/02/2013,04/06/2026,587.00 KB,A collection of tools for processing PDF files in Haskell,Haskell,https://github.com/Yuras/pdf-toolbox,587.00 KB
602,cornelis,184,27,184,30,26/01/2022,02/06/2026,12.33 MB,agda-mode for neovim,Haskell,https://github.com/agda/cornelis,12.33 MB
603,texts,184,40,184,0,11/02/2015,11/02/2015,338.68 MB,,Haskell,https://github.com/Mzk-Levi/texts,338.68 MB
604,auto,183,11,183,1,28/06/2014,28/06/2019,3.25 MB,"Haskell DSL and platform providing denotational, compositional api for discrete-step, locally stateful, interactive programs, games & automations.  http://hackage.haskell.org/package/auto",Haskell,https://github.com/mstksg/auto,3.25 MB
605,godot-haskell,183,17,183,13,20/02/2018,12/05/2026,6.20 MB,Haskell bindings for GdNative,Haskell,https://github.com/SimulaVR/godot-haskell,6.20 MB
606,geordi,183,36,183,2,10/03/2010,05/10/2022,1.93 MB,IRC C++ eval bot,Haskell,https://github.com/Eelis/geordi,1.93 MB
607,acton,182,13,182,256,18/02/2021,25/06/2026,18.41 MB,"Actor-based, safely typed, fast programming language.",Haskell,https://github.com/actonlang/acton,18.41 MB
608,spectacle,182,12,182,8,18/03/2021,07/05/2026,547.00 KB,Embedded specification language & model checker in Haskell,Haskell,https://github.com/awakesecurity/spectacle,547.00 KB
609,citeproc,181,22,181,23,06/09/2020,01/06/2026,1.62 MB,CSL citation processing library in Haskell,Haskell,https://github.com/jgm/citeproc,1.62 MB
610,lex-pass,180,20,180,0,05/05/2009,15/05/2014,510.00 KB,manipulate a php codebase using haskell to transform the abstract-syntax-tree,Haskell,https://github.com/facebookarchive/lex-pass,510.00 KB
611,groundhog,180,39,180,24,22/06/2011,26/07/2024,4.39 MB,"This library maps datatypes to a relational model, in a way similar to what ORM libraries do in OOP. See the tutorial https://www.schoolofhaskell.com/user/lykahb/groundhog for introduction",Haskell,https://github.com/lykahb/groundhog,4.39 MB
612,Awesome-list-of-Haskell-mentors,179,16,179,0,29/07/2018,31/08/2022,59.00 KB,An amazing list of Haskell developers who would like to mentor beginner-contributors in open source projects.,Haskell,https://github.com/willbasky/Awesome-list-of-Haskell-mentors,59.00 KB
613,esqueleto,179,49,179,43,03/09/2012,10/11/2016,801.00 KB,"Bare bones, type-safe EDSL for SQL queries on persistent backends.",Haskell,https://github.com/prowdsponsor/esqueleto,801.00 KB
614,blackstar,179,13,179,0,19/02/2016,09/11/2021,46.63 MB,A black hole raytracer written in Haskell,Haskell,https://github.com/flannelhead/blackstar,46.63 MB
615,scion,178,43,178,13,09/10/2008,15/03/2013,1.15 MB,"OLD, DEPRECATED: Use this instead https://github.com/haskell/haskell-ide-engine",Haskell,https://github.com/nominolo/scion,1.15 MB
616,lobster-challenge,178,58,178,3,10/09/2021,18/11/2021,327.00 KB,Simple Plutus contract to help give Charles' stuffed lobster a name,Haskell,https://github.com/input-output-hk/lobster-challenge,327.00 KB
617,propagators,178,25,178,8,20/09/2015,01/04/2024,169.00 KB,The Art of the Propagator. See also:,Haskell,https://github.com/ekmett/propagators,169.00 KB
618,flatparse,178,18,178,12,01/03/2021,08/10/2025,416.00 KB,Fast parsing from bytestrings,Haskell,https://github.com/AndrasKovacs/flatparse,416.00 KB
619,HaskellSpriteKit,177,7,177,14,07/08/2016,16/12/2020,4.68 MB,Haskell binding to Apple's SpriteKit framework,Haskell,https://github.com/mchakravarty/HaskellSpriteKit,4.68 MB
620,ddc,177,19,177,1,24/09/2012,06/02/2019,50.57 MB,The Disco Discus Compiler,Haskell,https://github.com/discus-lang/ddc,50.57 MB
621,ditto,177,5,177,0,02/08/2015,12/07/2018,331.00 KB,A Super Kawaii Dependently Typed Programming Language,Haskell,https://github.com/ditto/ditto,331.00 KB
622,finkel,177,2,177,4,14/01/2020,18/11/2024,22.08 MB,Haskell in S-expression,Haskell,https://github.com/finkel-lang/finkel,22.08 MB
623,ChessPositionRanking,176,8,176,0,19/07/2021,21/11/2023,116.38 MB,Software suite for ranking chess positions and accurately estimating the number of legal chess positions,Haskell,https://github.com/tromp/ChessPositionRanking,116.38 MB
624,what4,176,14,176,70,25/02/2020,22/06/2026,7.24 MB,Symbolic formula representation and solver interaction library,Haskell,https://github.com/GaloisInc/what4,7.24 MB
625,cradle,176,13,176,2,11/01/2010,26/02/2020,2.47 MB,Let's Build a Compiler (in Haskell),Haskell,https://github.com/g-ford/cradle,2.47 MB
626,idris-php,176,14,176,1,03/03/2015,04/08/2017,23.00 KB,"Yes, really...",Haskell,https://github.com/edwinb/idris-php,23.00 KB
627,haskell-tree-sitter,176,55,176,19,30/01/2017,23/09/2024,1.61 MB,Haskell bindings for tree-sitter,Haskell,https://github.com/tree-sitter/haskell-tree-sitter,1.61 MB
628,cpl,176,9,176,2,19/12/2010,15/02/2026,1.33 MB,An interpreter of Hagino's Categorical Programming Language (CPL).,Haskell,https://github.com/msakai/cpl,1.33 MB
629,ghc-hotswap,175,8,175,2,19/09/2017,24/09/2018,13.00 KB,Example code for how we swap compiled code within a running Haskell process.,Haskell,https://github.com/fbsamples/ghc-hotswap,13.00 KB
630,android-lint-summary,175,12,175,3,22/05/2015,09/12/2017,851.00 KB,Prettier display of Android Lint issues,Haskell,https://github.com/passy/android-lint-summary,851.00 KB
631,extensible-effects,175,25,175,5,19/11/2013,18/01/2021,979.00 KB,Extensible Effects: An Alternative to Monad Transformers,Haskell,https://github.com/suhailshergill/extensible-effects,979.00 KB
632,riscv-semantics,175,22,175,11,08/09/2017,13/08/2023,630.00 KB,A formal semantics of the RISC-V ISA in Haskell,Haskell,https://github.com/mit-plv/riscv-semantics,630.00 KB
633,elm-make,174,45,174,29,25/09/2014,22/08/2018,218.00 KB,A build tool for Elm projects,Haskell,https://github.com/elm-lang/elm-make,218.00 KB
634,pursuit,174,47,174,76,04/08/2014,03/09/2024,1.33 MB,Website for hosting and searching PureScript API documentation,Haskell,https://github.com/purescript/pursuit,1.33 MB
635,streaming,174,31,174,41,13/09/2017,05/02/2024,611.00 KB,"An optimized general monad transformer for streaming applications, with a simple prelude of functions",Haskell,https://github.com/haskell-streaming/streaming,611.00 KB
636,caledon,174,9,174,2,16/11/2012,07/08/2018,2.54 MB,higher order dependently typed logic programing,Haskell,https://github.com/mmirman/caledon,2.54 MB
637,unit-test-example,174,14,174,0,05/12/2012,18/12/2025,73.00 KB,Unit test example for Haskell,Haskell,https://github.com/kazu-yamamoto/unit-test-example,73.00 KB
638,compiler,173,1,173,16,31/12/2018,12/05/2019,781.00 KB,The compiler for Keli,Haskell,https://github.com/KeliLanguage/compiler,781.00 KB
639,ttyd64,173,10,173,0,13/08/2023,04/03/2025,47.99 MB,PM64 romhack that adds TTYD's gameplay into the original Paper Mario.,Haskell,https://github.com/eldexterr/ttyd64,47.99 MB
640,holbert,172,7,172,1,08/09/2020,21/11/2024,11.15 MB,A graphical interactive proof assistant designed for education,Haskell,https://github.com/liamoc/holbert,11.15 MB
641,hydra,172,24,172,67,18/09/2021,25/06/2026,192.47 MB,Graph programming language,Haskell,https://github.com/CategoricalData/hydra,192.47 MB
642,tiny-games-hs,171,31,171,3,07/02/2023,31/08/2023,14.10 MB,Haskell Tiny Game Jam,Haskell,https://github.com/haskell-game/tiny-games-hs,14.10 MB
643,higgledy,171,20,171,5,07/04/2019,20/08/2024,115.00 KB,Higher-kinded data via generics,Haskell,https://github.com/i-am-tom/higgledy,115.00 KB
644,ThreadScope,171,37,171,30,26/08/2011,21/04/2026,46.49 MB,A graphical tool for profiling parallel Haskell programs,Haskell,https://github.com/haskell/ThreadScope,46.49 MB
645,proofsweeper,171,3,171,1,29/12/2017,25/09/2024,30.00 KB,Play Minesweeper by formally proving your moves in Idris,Haskell,https://github.com/A1kmm/proofsweeper,30.00 KB
646,hdevtools,171,41,171,26,19/07/2012,10/08/2019,47.00 KB,REPO UNMAINTAINED!!! Try this: https://github.com/hdevtools/hdevtools/,Haskell,https://github.com/bitc/hdevtools,47.00 KB
647,codex,171,34,171,16,23/04/2014,20/06/2021,239.00 KB,A ctags file generator for cabal/stack project dependencies.,Haskell,https://github.com/aloiscochard/codex,239.00 KB
648,elm-repl,171,34,171,55,30/10/2013,22/08/2018,175.00 KB,A REPL for Elm,Haskell,https://github.com/elm-lang/elm-repl,175.00 KB
649,accelerate-llvm,170,62,170,21,21/02/2014,02/04/2026,4.16 MB,LLVM backend for Accelerate,Haskell,https://github.com/AccelerateHS/accelerate-llvm,4.16 MB
650,legacy-old-hercules,170,16,170,25,20/10/2016,03/10/2018,217.00 KB,Abandoned,Haskell,https://github.com/hercules-ci/legacy-old-hercules,217.00 KB
651,codec-beam,170,6,170,2,29/04/2017,19/11/2024,258.00 KB,Generate Erlang VM byte code from Haskell,Haskell,https://github.com/kofigumbs/codec-beam,258.00 KB
652,mongodb,170,48,170,34,04/06/2014,14/06/2024,943.00 KB,MongoDB driver for Haskell,Haskell,https://github.com/mongodb-haskell/mongodb,943.00 KB
653,AoPL,169,35,169,4,29/01/2013,05/03/2021,15.95 MB,"A book on programming languages, using Haskell",Haskell,https://github.com/w7cook/AoPL,15.95 MB
654,stratosphere,169,22,169,2,27/03/2016,07/11/2025,22.13 MB,Haskell EDSL and type-checker for AWS CloudFormation templates,Haskell,https://github.com/mbj/stratosphere,22.13 MB
655,foldl,169,51,169,22,05/08/2013,09/01/2026,293.00 KB,"Composable, streaming, and efficient left folds",Haskell,https://github.com/Gabriella439/foldl,293.00 KB
656,Drasil,169,33,169,483,07/09/2014,25/06/2026,416.92 MB,Generate all the things (focusing on research software),Haskell,https://github.com/JacquesCarette/Drasil,416.92 MB
657,irc-core,169,27,169,17,01/03/2015,16/01/2026,6.32 MB,Haskell IRC library and console client - Join us on libera.chat #glirc,Haskell,https://github.com/glguy/irc-core,6.32 MB
658,nix-deploy,169,9,169,4,13/11/2017,02/05/2025,44.00 KB,Deploy software or an entire NixOS system configuration to another NixOS system,Haskell,https://github.com/awakesecurity/nix-deploy,44.00 KB
659,haskell-yesod-realworld-example-app,169,27,169,0,11/07/2018,09/12/2021,378.00 KB,Exemplary real world application built with Haskell + Yesod,Haskell,https://github.com/tzemanovic/haskell-yesod-realworld-example-app,378.00 KB
660,styx,168,16,168,9,14/11/2016,11/08/2021,41.00 KB,A nix-based Haskell project manager,Haskell,https://github.com/jyp/styx,41.00 KB
661,graphql-haskell,168,23,168,6,12/09/2015,11/06/2019,323.00 KB,Haskell GraphQL implementation,Haskell,https://github.com/jdnavarro/graphql-haskell,323.00 KB
662,rel8,167,47,167,54,13/02/2017,25/06/2026,2.75 MB,Hey! Hey! Can u rel8?,Haskell,https://github.com/circuithub/rel8,2.75 MB
663,dhc,167,18,167,2,01/11/2017,04/03/2019,385.00 KB,Compiles Haskell to WebAssembly,Haskell,https://github.com/dfinity-side-projects/dhc,385.00 KB
664,lambdabot,167,69,167,38,17/03/2012,30/11/2025,14.95 MB,"A friendly IRC bot and apprentice coder, written in Haskell.",Haskell,https://github.com/lambdabot/lambdabot,14.95 MB
665,lambda-diagrams,167,11,167,1,30/05/2018,30/05/2018,11.00 KB,Animations of lambda term reduction sequences,Haskell,https://github.com/polux/lambda-diagrams,11.00 KB
666,learn-haskell,167,8,167,0,27/01/2016,03/03/2016,6.49 MB,,Haskell,https://github.com/nushio3/learn-haskell,6.49 MB
667,shentong,167,10,167,1,11/12/2014,05/04/2018,1.02 MB,A Haskell implementation of the Shen programming language.,Haskell,https://github.com/mthom/shentong,1.02 MB
668,deli,167,9,167,3,12/10/2017,16/12/2020,50.00 KB,,Haskell,https://github.com/github/deli,50.00 KB
669,yaml,166,79,166,15,27/07/2009,15/08/2024,717.00 KB,Support for serialising Haskell to and from Yaml.,Haskell,https://github.com/snoyberg/yaml,717.00 KB
670,zero-to-quake-3,166,7,166,4,27/08/2018,29/04/2020,80.00 KB,Implementing Quake 3 in Haskell & Vulkan,Haskell,https://github.com/ocharles/zero-to-quake-3,80.00 KB
671,validity,165,31,165,4,10/07/2016,01/06/2026,1.59 MB,Validity and validity-based testing,Haskell,https://github.com/NorfairKing/validity,1.59 MB
672,servant-elm,165,49,165,10,22/10/2015,14/01/2024,298.00 KB,Automatically derive Elm functions to query servant webservices,Haskell,https://github.com/haskell-servant/servant-elm,298.00 KB
673,bluefin,165,19,165,37,28/01/2024,14/06/2026,655.00 KB,,Haskell,https://github.com/tomjaguarpaw/bluefin,655.00 KB
674,algebra-driven-design,165,16,165,5,24/07/2020,11/11/2023,103.97 MB,Source material for Algebra-Driven Design,Haskell,https://github.com/isovector/algebra-driven-design,103.97 MB
675,haskell-game-programming,164,7,164,10,23/09/2015,22/10/2019,101.41 MB,"A central repository of Haskell Game Programming resources, put together by Keera Studios",Haskell,https://github.com/keera-studios/haskell-game-programming,101.41 MB
676,generics-sop,164,49,164,43,27/06/2014,07/01/2026,697.00 KB,Generic Programming using True Sums of Products,Haskell,https://github.com/well-typed/generics-sop,697.00 KB
677,hask,163,14,163,1,23/06/2014,23/03/2021,1.04 MB,"Category theory for Haskell with a lens flavor (you need GHC 7.8.3, not 7.8.2 to build this!)",Haskell,https://github.com/ekmett/hask,1.04 MB
678,tiny-optimising-compiler,163,6,163,0,02/07/2017,28/08/2019,1.21 MB,A tiny *optimising* compiler for an imperative programming language written in haskell,Haskell,https://github.com/bollu/tiny-optimising-compiler,1.21 MB
679,liquid-fixpoint,163,66,163,43,04/02/2013,08/06/2026,6.44 MB,Horn Clause Constraint Solving for Liquid Types,Haskell,https://github.com/ucsd-progsys/liquid-fixpoint,6.44 MB
680,GPipe-Core,163,32,163,21,12/04/2012,12/09/2023,523.00 KB,"Core library of new GPipe, encapsulating OpenGl and providing a type safe minimal library",Haskell,https://github.com/tobbebex/GPipe-Core,523.00 KB
681,kalyn,163,4,163,20,22/03/2020,02/07/2022,9.81 MB,"⚗️ Self-hosting compiler from a Haskell-like Lisp directly to x86-64, from scratch.",Haskell,https://github.com/radian-software/kalyn,9.81 MB
682,hsthrift,163,38,163,11,17/09/2020,25/06/2026,6.18 MB,The Haskell Thrift Compiler. This is an implementation of the Thrift spec that generates code in Haskell. It depends on the fbthrift project for the implementation of the underlying transport.,Haskell,https://github.com/facebookincubator/hsthrift,6.18 MB
683,logger,162,66,162,17,22/12/2011,23/06/2025,547.00 KB,A fast logging system for Haskell,Haskell,https://github.com/kazu-yamamoto/logger,547.00 KB
684,GLuaFixer,162,19,162,0,18/07/2015,25/04/2026,3.83 MB,Linter for Garry's mod Lua.,Haskell,https://github.com/FPtje/GLuaFixer,3.83 MB
685,HaskellStarter,161,17,161,2,25/02/2014,05/10/2014,539.00 KB,A project that demonstrates getting up and running with Haskell.,Haskell,https://github.com/joshcough/HaskellStarter,539.00 KB
686,lorem-markdownum,161,7,161,2,11/11/2013,12/10/2025,374.00 KB,A lorem ipsum generator for markdown,Haskell,https://github.com/jaspervdj/lorem-markdownum,374.00 KB
687,coda,161,14,161,5,20/08/2017,10/04/2024,2.76 MB,A language experiment -- irc.freenode.net ##coda,Haskell,https://github.com/ekmett/coda,2.76 MB
688,vulkan,161,35,161,22,17/02/2016,24/06/2026,197.99 MB,Haskell bindings for Vulkan,Haskell,https://github.com/expipiplus1/vulkan,197.99 MB
689,cardano-addresses,161,51,161,6,21/02/2020,23/06/2026,88.40 MB,Addresses and mnemonic manipulation & derivations,Haskell,https://github.com/IntersectMBO/cardano-addresses,88.40 MB
690,dear-imgui.hs,161,37,161,23,24/01/2021,16/05/2026,4.20 MB,"Haskell bindings to Dear ImGui, an immediate mode GUI toolkit",Haskell,https://github.com/haskell-game/dear-imgui.hs,4.20 MB
691,gf-core,161,47,161,50,26/07/2018,09/05/2026,134.46 MB,"Grammatical Framework core: compiler, shell & runtimes",Haskell,https://github.com/GrammaticalFramework/gf-core,134.46 MB
692,mono-traversable,161,70,161,52,09/09/2013,27/03/2025,1.53 MB,"Type classes for mapping, folding, and traversing monomorphic containers",Haskell,https://github.com/snoyberg/mono-traversable,1.53 MB
693,language-javascript,161,47,161,24,21/11/2010,10/03/2026,7.50 MB,"Parser for JavaScript, in Haskell",Haskell,https://github.com/quintenkasteel/language-javascript,7.50 MB
694,curl-runnings,160,13,160,15,28/02/2018,25/06/2023,218.00 KB,A declarative test framework for quickly and easily writing integration tests against JSON APIs.,Haskell,https://github.com/aviaviavi/curl-runnings,218.00 KB
695,ComonadSheet,160,11,160,4,26/11/2013,03/03/2021,1.15 MB,"A library for expressing ""spreadsheet-like"" computations with absolute and relative references, using fixed-points of n-dimensional comonads.",Haskell,https://github.com/plaidfinch/ComonadSheet,1.15 MB
696,arithmoi,160,44,160,20,28/03/2015,07/06/2026,2.48 MB,"Number theory: primes, arithmetic functions, modular computations, special sequences",Haskell,https://github.com/Bodigrim/arithmoi,2.48 MB
697,gressgraph,160,22,160,3,06/05/2012,15/06/2020,52.00 KB,visualize your iptables firewall,Haskell,https://github.com/jekor/gressgraph,52.00 KB
698,haskell-exercises,159,48,159,1,22/09/2014,09/08/2021,98.00 KB,Haskell exercises with automatic tests,Haskell,https://github.com/opqdonut/haskell-exercises,98.00 KB
699,apply-refact,159,31,159,31,29/06/2015,29/01/2025,587.00 KB,Refactor Haskell source files,Haskell,https://github.com/mpickering/apply-refact,587.00 KB
700,scarf,159,9,159,2,24/02/2019,10/06/2021,679.00 KB,An environment manager and development tool powered by Nomia.,Haskell,https://github.com/scarf-sh/scarf,679.00 KB
701,toysolver,159,11,159,9,12/06/2011,25/06/2026,7.86 MB,My sandbox for experimenting with solver algorithms.,Haskell,https://github.com/msakai/toysolver,7.86 MB
702,glancer,159,13,159,1,04/01/2021,28/12/2025,3.36 MB,Glance over some technical videos,Haskell,https://github.com/rberenguel/glancer,3.36 MB
703,rfc,159,12,159,0,02/09/2016,31/08/2024,44.46 MB,My slides and compilation of resources.,Haskell,https://github.com/soupi/rfc,44.46 MB
704,zephyr,158,15,158,10,19/08/2017,25/04/2023,417.00 KB,Tree shaking breeze for PureScript CoreFn AST,Haskell,https://github.com/MaybeJustJames/zephyr,417.00 KB
705,servant-auth,158,71,158,45,05/09/2016,29/10/2021,456.00 KB,,Haskell,https://github.com/haskell-servant/servant-auth,456.00 KB
706,nix-linter,158,16,158,23,02/10/2018,27/02/2023,446.00 KB,Linter for the Nix expression language,Haskell,https://github.com/Synthetica9/nix-linter,446.00 KB
707,rattletrap,158,21,158,0,28/09/2016,11/08/2025,79.12 MB,:car: Parse and generate Rocket League replays.,Haskell,https://github.com/tfausak/rattletrap,79.12 MB
708,twitter-conduit,158,46,158,1,18/07/2011,14/12/2021,797.00 KB,"Twitter API package for Haskell, including enumerator interfaces and Streaming API supports.",Haskell,https://github.com/himura/twitter-conduit,797.00 KB
709,play-haskell,158,13,158,26,26/01/2023,17/05/2026,779.00 KB,Haskell Playground,Haskell,https://github.com/haskell/play-haskell,779.00 KB
710,ghc-lib,158,11,158,7,09/01/2019,22/01/2026,1.00 MB,"The GHC API, decoupled from GHC versions",Haskell,https://github.com/digital-asset/ghc-lib,1.00 MB
711,blip,157,6,157,13,27/03/2013,30/07/2020,483.00 KB,A bytecode compiler for Python 3,Haskell,https://github.com/bjpop/blip,483.00 KB
712,hierarchical-free-monads-the-most-developed-approach-in-haskell,156,10,156,0,05/05/2020,22/07/2021,1.23 MB,"Big article about Hierarchical Free Monads, the most developed approach to build real software in Haskell",Haskell,https://github.com/graninas/hierarchical-free-monads-the-most-developed-approach-in-haskell,1.23 MB
713,awesome-open-science,156,16,156,0,15/09/2014,12/11/2025,21.00 KB,"some links to projects/tools related to ""open science"".",Haskell,https://github.com/silky/awesome-open-science,21.00 KB
714,haskell-opencv,156,45,156,23,19/05/2016,29/09/2023,44.85 MB,Haskell binding to OpenCV-3.x,Haskell,https://github.com/LumiGuide/haskell-opencv,44.85 MB
715,TypedFlow,156,13,156,4,31/07/2017,01/07/2022,837.00 KB,Typed frontend to TensorFlow and higher-order deep learning,Haskell,https://github.com/GU-CLASP/TypedFlow,837.00 KB
716,grpc-haskell,155,15,155,8,16/11/2016,31/08/2018,149.00 KB,gRPC library binding for Haskell.,Haskell,https://github.com/grpc/grpc-haskell,149.00 KB
717,sketches,155,4,155,0,06/12/2017,10/10/2025,269.00 KB,A Haskell blog,Haskell,https://github.com/effectfully/sketches,269.00 KB
718,type-inference-zoo,155,3,155,0,27/12/2024,22/06/2025,277.00 KB,🦖 Implementations of various type inference algorithms. The new project is now at https://github.com/cu1ch3n/type-inference-zoo-frontend.,Haskell,https://github.com/cu1ch3n/type-inference-zoo,277.00 KB
719,klister,155,12,155,96,22/06/2019,24/12/2025,1.16 MB,an implementation of stuck macros,Haskell,https://github.com/gelisam/klister,1.16 MB
720,hamilton,155,11,155,3,22/11/2016,08/09/2024,303.00 KB,Simulate physics on generalized coordinate systems using Hamiltonian Mechanics and automatic differentiation.  Don't throw away your shot.,Haskell,https://github.com/mstksg/hamilton,303.00 KB
721,envy,155,26,155,6,26/06/2015,18/03/2026,130.00 KB,:angry: Environmentally friendly environment variables,Haskell,https://github.com/dmjio/envy,130.00 KB
722,aztecs,155,6,155,4,20/12/2024,30/01/2026,1.09 MB,A modular game engine and ECS for Haskell,Haskell,https://github.com/aztecs-hs/aztecs,1.09 MB
723,dataflow,154,14,154,1,08/05/2015,04/09/2019,971.00 KB,Render graphs using a declarative markup.,Haskell,https://github.com/sonyxperiadev/dataflow,971.00 KB
724,shelltestrunner,154,13,154,9,16/03/2015,18/11/2025,1.16 MB,"Easy, repeatable testing of CLI programs/commands",Haskell,https://github.com/simonmichael/shelltestrunner,1.16 MB
725,Pragmatic-Type-Level-Design,154,11,154,0,17/10/2020,09/04/2025,48.72 MB,"Code and materials for my book ""Pragmatic Type Level Design""",Haskell,https://github.com/graninas/Pragmatic-Type-Level-Design,48.72 MB
726,pandoc-sidenote,154,18,154,2,03/11/2016,05/01/2026,49.00 KB,Convert Pandoc Markdown-style footnotes into sidenotes,Haskell,https://github.com/jez/pandoc-sidenote,49.00 KB
727,Hypatia,154,5,154,3,26/06/2017,25/06/2026,773.00 KB,A ML-family Language Compiled to Lua,Haskell,https://github.com/kindl/Hypatia,773.00 KB
728,Haskell-OpenGL-Tutorial,154,14,154,0,09/12/2013,19/05/2024,31.51 MB,an attempt to create a concise modern Haskell OpenGL boilerplate with basic IO,Haskell,https://github.com/madjestic/Haskell-OpenGL-Tutorial,31.51 MB
729,sprite-lang,153,12,153,4,23/09/2020,23/09/2025,222.00 KB,An tutorial-style implementation of liquid/refinement types for a subset of Ocaml/Reason.,Haskell,https://github.com/ranjitjhala/sprite-lang,222.00 KB
730,Copilot,153,12,153,2,19/09/2010,30/03/2019,1.11 MB,A (Haskell DSL) stream language for generating hard real-time C code.,Haskell,https://github.com/leepike/Copilot,1.11 MB
731,cherchord,153,4,153,1,12/04/2019,11/04/2025,37.00 KB,🎸 Find chords for any string instrument quicky & easily 🎸,Haskell,https://github.com/DataKinds/cherchord,37.00 KB
732,haskell-wasm,153,22,153,7,19/01/2018,18/01/2025,1.01 MB,Haskell WebAssembly Toolkit,Haskell,https://github.com/SPY/haskell-wasm,1.01 MB
733,flora-server,153,48,153,72,06/11/2021,25/06/2026,20.53 MB,A package index for the Haskell ecosystem,Haskell,https://github.com/flora-pm/flora-server,20.53 MB
734,OpenGL,153,27,153,28,07/04/2011,07/07/2024,2.06 MB,Haskell bindings to OpenGL,Haskell,https://github.com/haskell-opengl/OpenGL,2.06 MB
735,elm-beam,153,5,153,0,06/10/2018,09/10/2018,2.85 MB,Exploring Elm on the Erlang VM,Haskell,https://github.com/kofigumbs/elm-beam,2.85 MB
736,digestive-functors,152,67,152,49,02/10/2010,01/06/2025,783.00 KB,A general way to consume input using applicative functors,Haskell,https://github.com/jaspervdj/digestive-functors,783.00 KB
737,Compositional_Deep_Learning,152,9,152,0,21/02/2018,04/05/2020,114.00 KB,Deep learning via category theory and functional programming,Haskell,https://github.com/bgavran/Compositional_Deep_Learning,114.00 KB
738,unliftio,152,54,152,29,12/07/2017,10/09/2025,379.00 KB,The MonadUnliftIO typeclass for unlifting monads to IO,Haskell,https://github.com/fpco/unliftio,379.00 KB
739,hw-kafka-client,152,58,152,16,02/04/2016,03/10/2025,559.00 KB,"Kafka client for Haskell, including auto-rebalancing consumers",Haskell,https://github.com/haskell-works/hw-kafka-client,559.00 KB
740,haskellweekly,152,55,152,1,12/07/2019,25/06/2026,4.64 MB,Publishes curated news about the Haskell programming language.,Haskell,https://github.com/haskellweekly/haskellweekly,4.64 MB
741,generative-art,152,7,152,5,26/10/2018,26/11/2025,9.90 MB,"I wanted to make a nicer sticker for Munihac, then things got out of hand.",Haskell,https://github.com/quchen/generative-art,9.90 MB
742,swift-haskell-tutorial,151,9,151,3,09/02/2017,26/02/2017,471.00 KB,Integrating Haskell with Swift Mac Apps,Haskell,https://github.com/nanotech/swift-haskell-tutorial,471.00 KB
743,pgenie,151,2,151,0,12/02/2026,14/06/2026,879.00 KB,"SQL-first, type-safe PostgreSQL client code generator",Haskell,https://github.com/pgenie-io/pgenie,879.00 KB
744,Jikka,151,13,151,36,04/07/2019,29/09/2021,78.95 MB,an automated solver for problems of competitive programming,Haskell,https://github.com/kmyk-jikka/Jikka,78.95 MB
745,reflex-vty,151,29,151,9,04/08/2019,25/06/2026,1.07 MB,Build terminal applications using functional reactive programming (FRP) with Reflex FRP.,Haskell,https://github.com/reflex-frp/reflex-vty,1.07 MB
746,lambda-ccc,150,18,150,9,20/05/2013,23/02/2016,1.23 MB,Convert lambda expressions to CCC combinators,Haskell,https://github.com/conal/lambda-ccc,1.23 MB
747,synquid,150,15,150,1,15/03/2020,06/04/2022,1.52 MB,,Haskell,https://github.com/nadia-polikarpova/synquid,1.52 MB
748,hode,150,4,150,11,07/12/2018,03/06/2021,2.78 MB,"rslt, take five-ish",Haskell,https://github.com/JeffreyBenjaminBrown/hode,2.78 MB
749,ngless,150,23,150,35,08/01/2013,25/06/2026,14.77 MB,NGLess: NGS with less work,Haskell,https://github.com/ngless-toolkit/ngless,14.77 MB
750,tal,150,15,150,0,05/10/2015,30/09/2021,65.00 KB,"An implementation of Typed Assembly Language (Morrisett, Walker, Crary, Glew)",Haskell,https://github.com/sweirich/tal,65.00 KB
751,dyna,150,20,150,53,23/10/2012,14/06/2020,1.93 MB,Dyna2 compiler and REPL,Haskell,https://github.com/nwf/dyna,1.93 MB
752,json-autotype,150,22,150,12,01/05/2014,21/09/2023,924.00 KB,Automatic Haskell type inference from JSON input,Haskell,https://github.com/migamake/json-autotype,924.00 KB
753,cabal-dev,150,23,150,47,20/12/2010,22/01/2015,496.00 KB,A wrapper program around cabal and cabal-install that maintains sandboxed build environments.,Haskell,https://github.com/creswick/cabal-dev,496.00 KB
754,fugacious,150,11,150,0,26/09/2017,08/03/2018,45.00 KB,An example Haskell web application,Haskell,https://github.com/jaspervdj/fugacious,45.00 KB
755,seonbi,149,7,149,11,16/09/2019,11/07/2025,93.86 MB,SmartyPants for Korean language,Haskell,https://github.com/dahlia/seonbi,93.86 MB
756,shade,149,9,149,3,13/06/2014,06/07/2014,321.00 KB,"Interactive, client-side web apps in Haskell",Haskell,https://github.com/takeoutweight/shade,321.00 KB
757,fakedata,149,21,149,8,19/01/2019,20/10/2024,1.10 MB,Haskell Library for producing quality fake data,Haskell,https://github.com/fakedata-haskell/fakedata,1.10 MB
758,regex-genex,148,10,148,4,23/05/2011,24/09/2015,7.03 MB,"Given a list of regexes, generate all possible strings that matches all of them.",Haskell,https://github.com/audreyt/regex-genex,7.03 MB
759,zoomhub,148,26,148,21,01/09/2013,28/04/2026,3.45 MB,Share and view high-resolution images effortlessly,Haskell,https://github.com/zoomhub/zoomhub,3.45 MB
760,language-c-inline,148,15,148,30,21/02/2013,30/07/2017,248.00 KB,Inline C & Objective-C in Haskell,Haskell,https://github.com/mchakravarty/language-c-inline,248.00 KB
761,redo,148,17,148,2,31/03/2013,26/12/2017,21.00 KB,djb's redo implementation in Haskell (for Haskell from Scratch video series),Haskell,https://github.com/jekor/redo,21.00 KB
762,notion-ocr,148,4,148,7,08/11/2019,14/09/2020,4.03 MB,Adding OCR support to Notion,Haskell,https://github.com/yannick-cw/notion-ocr,4.03 MB
763,mighttpd2,147,20,147,6,22/02/2011,26/03/2026,503.00 KB,File/CGI web server on Warp,Haskell,https://github.com/kazu-yamamoto/mighttpd2,503.00 KB
764,engine.io,147,28,147,3,08/07/2014,14/12/2020,619.00 KB,A Haskell server implementation of the Engine.IO and Socket.IO (1.0) protocols,Haskell,https://github.com/ocharles/engine.io,619.00 KB
765,purebred,147,20,147,48,18/07/2017,17/06/2026,18.91 MB,A terminal based mail user agent based on notmuch,Haskell,https://github.com/purebred-mua/purebred,18.91 MB
766,pandoc-include-code,147,17,147,16,20/02/2017,10/06/2023,80.00 KB,A Pandoc filter for including code from source files,Haskell,https://github.com/owickstrom/pandoc-include-code,80.00 KB
767,haskell-sdl2-examples,147,15,147,1,09/09/2014,16/03/2023,695.00 KB,SDL2 tutorial code in Haskell,Haskell,https://github.com/palf/haskell-sdl2-examples,695.00 KB
768,HyperNerd,147,14,147,196,28/01/2018,19/10/2020,1.14 MB, Total Surveillance Automatic Ban Machine for Twitch and Discord,Haskell,https://github.com/tsoding/HyperNerd,1.14 MB
769,djinn,147,14,147,3,07/09/2014,21/02/2025,49.00 KB,Generate Haskell code from a type,Haskell,https://github.com/augustss/djinn,49.00 KB
770,markdown-unlit,147,18,147,2,12/10/2012,07/06/2026,72.00 KB,Literate Haskell support for Markdown,Haskell,https://github.com/sol/markdown-unlit,72.00 KB
771,hoodle,146,12,146,42,11/06/2012,26/06/2023,5.51 MB,hoodle : A pen notetaking program written in haskell,Haskell,https://github.com/wavewave/hoodle,5.51 MB
772,frag,146,16,146,2,25/02/2017,13/06/2020,15.97 MB,"Frag is a 3D first person shooting game written in Haskell, by Mun Hon Cheong",Haskell,https://github.com/rainbyte/frag,15.97 MB
773,pointfree,145,22,145,3,08/12/2010,16/10/2024,99.00 KB,Maintenance of the pointfree Hackage package.,Haskell,https://github.com/bmillwood/pointfree,99.00 KB
774,rei,145,5,145,0,22/07/2015,04/12/2016,47.00 KB,Process lists easily,Haskell,https://github.com/kerkomen/rei,47.00 KB
775,cubical,145,10,145,0,19/12/2013,19/07/2015,2.85 MB,Implementation of Univalence in Cubical Sets,Haskell,https://github.com/simhu/cubical,2.85 MB
776,fficxx,145,13,145,42,12/11/2011,30/08/2023,5.76 MB,Haskell-C++ Foreign Function Interface Generator,Haskell,https://github.com/wavewave/fficxx,5.76 MB
777,ted2srt,145,21,145,0,24/03/2013,24/03/2021,3.56 MB,Download bilingual subtitles of TED talks. https://ted2sub.org now.,Haskell,https://github.com/rnons/ted2srt,3.56 MB
778,ghc-proofs,145,6,145,1,06/02/2017,04/11/2018,37.00 KB,Let GHC prove program equations for you,Haskell,https://github.com/nomeata/ghc-proofs,37.00 KB
779,example-servant-elm,145,15,145,0,19/05/2016,29/09/2021,47.00 KB,Example for a web app with a servant backend and an elm frontend,Haskell,https://github.com/haskell-servant/example-servant-elm,47.00 KB
780,void-space,145,11,145,2,01/11/2018,12/05/2020,200.00 KB,"Well-Typed Typing Tutor where you Type Types... in space... yup, you heard me",Haskell,https://github.com/ChrisPenner/void-space,200.00 KB
781,repa,145,37,145,3,29/11/2013,11/01/2025,4.10 MB," High performance, regular, shape polymorphic parallel arrays.",Haskell,https://github.com/haskell-repa/repa,4.10 MB
782,chips,145,14,145,1,22/10/2014,11/11/2014,7.83 MB,A clone of Chips Challenge in Haskell,Haskell,https://github.com/egonSchiele/chips,7.83 MB
783,sqlite-simple,145,48,145,28,05/08/2012,17/03/2026,380.00 KB,Mid-level bindings for sqlite,Haskell,https://github.com/nurpax/sqlite-simple,380.00 KB
784,octopod,144,6,144,14,08/12/2020,04/09/2024,62.16 MB,Kubernetes self-service portal,Haskell,https://github.com/typeable/octopod,62.16 MB
785,haskell-debugger,144,17,144,45,18/03/2025,25/06/2026,2.24 MB,A modern step-through debugger for GHC Haskell,Haskell,https://github.com/well-typed/haskell-debugger,2.24 MB
786,commonmark-hs,143,37,143,38,21/03/2018,31/05/2026,1.36 MB,"Pure Haskell commonmark parsing library, designed to be flexible and extensible",Haskell,https://github.com/jgm/commonmark-hs,1.36 MB
787,ghc-vis,143,21,143,9,09/06/2014,07/04/2024,5.97 MB,Visualize live Haskell data structures in GHCi,Haskell,https://github.com/def-/ghc-vis,5.97 MB
788,camfort,143,17,143,63,16/04/2013,14/05/2026,16.14 MB,Light-weight verification and transformation tools for Fortran,Haskell,https://github.com/camfort/camfort,16.14 MB
789,bruijn,143,1,143,2,17/06/2022,12/06/2026,1.56 MB,:abacus: Programming with pure lambda calculus,Haskell,https://github.com/marvinborner/bruijn,1.56 MB
790,ghc-grin,142,4,142,5,18/09/2018,09/11/2021,61.72 MB,GRIN backend for GHC,Haskell,https://github.com/grin-compiler/ghc-grin,61.72 MB
791,izuna,142,5,142,3,02/12/2020,10/02/2021,1.06 MB,Show Haskell type annotations when doing code review on Github,Haskell,https://github.com/matsumonkie/izuna,1.06 MB
792,Rasterific,142,11,142,9,17/12/2013,26/05/2021,1.42 MB,A drawing engine in Haskell,Haskell,https://github.com/Twinside/Rasterific,1.42 MB
793,replica,142,15,142,11,24/06/2019,08/11/2024,248.00 KB,A remote virtual DOM library for Haskell,Haskell,https://github.com/pkamenarsky/replica,248.00 KB
794,haskell-music,142,19,142,0,30/05/2020,16/10/2020,4.00 KB,"Source Code from ""Making Music with Haskell"" video",Haskell,https://github.com/tsoding/haskell-music,4.00 KB
795,hfsnotify,142,48,142,20,24/05/2012,12/09/2025,431.00 KB,Unified Haskell interface for basic file system notifications,Haskell,https://github.com/haskell-fswatch/hfsnotify,431.00 KB
796,rhine,141,26,141,120,24/10/2016,25/06/2026,4.59 MB,Haskell Functional Reactive Programming framework with type-level clocks,Haskell,https://github.com/turion/rhine,4.59 MB
797,uhc,141,22,141,20,21/04/2012,18/08/2021,73.77 MB,,Haskell,https://github.com/UU-ComputerScience/uhc,73.77 MB
798,hulk,141,14,141,1,27/01/2011,17/02/2017,179.00 KB,Haskell IRC daemon.,Haskell,https://github.com/chrisdone-archive/hulk,179.00 KB
799,critbit,140,40,140,6,27/04/2013,17/04/2022,1.42 MB,A Haskell implementation of crit-bit trees.,Haskell,https://github.com/haskell/critbit,1.42 MB
800,diagrams-lib,140,66,140,63,24/07/2012,08/06/2026,4.63 MB,Diagrams standard library,Haskell,https://github.com/diagrams/diagrams-lib,4.63 MB
801,BigPixel,140,9,140,1,20/01/2013,16/12/2014,311.00 KB,Pixel art for games,Haskell,https://github.com/mchakravarty/BigPixel,311.00 KB
802,discrimination,140,19,140,8,17/12/2014,21/03/2026,1.30 MB,Fast linear time sorting and discrimination for a large class of data types,Haskell,https://github.com/ekmett/discrimination,1.30 MB
803,eff,140,2,140,5,04/04/2022,25/08/2023,269.00 KB,🚧 a work in progress effect system for Haskell 🚧,Haskell,https://github.com/lexi-lambda/eff,269.00 KB
804,HaRe,139,32,139,26,06/04/2011,16/06/2017,42.60 MB,The Haskell Refactoring Tool,Haskell,https://github.com/RefactoringTools/HaRe,42.60 MB
805,numerical,139,12,139,14,16/03/2014,20/04/2026,672.00 KB,Numerical is the core library for Numerical Haskell,Haskell,https://github.com/wellposed/numerical,672.00 KB
806,shakespeare,139,79,139,39,21/03/2010,04/11/2025,1.64 MB,Haml-like template files that are compile-time checked,Haskell,https://github.com/yesodweb/shakespeare,1.64 MB
807,quantfin,139,12,139,0,26/02/2015,06/04/2019,128.00 KB,quant finance in pure haskell,Haskell,https://github.com/boundedvariation/quantfin,128.00 KB
808,blog,139,12,139,0,24/07/2014,10/05/2026,21.36 MB,My personal site,Haskell,https://github.com/ruuda/blog,21.36 MB
809,visi,139,4,139,2,08/11/2011,13/03/2013,8.66 MB,The Visi Language and iPad IDE,Haskell,https://github.com/visi-lang/visi,8.66 MB
810,xlsx,138,69,138,23,07/05/2012,11/06/2026,30.47 MB,Simple and incomplete Excel file parser/writer,Haskell,https://github.com/qrilka/xlsx,30.47 MB
811,haskellcosm,138,22,138,4,10/02/2019,08/04/2024,235.00 KB,"Collecting information about Haskell ecosystem - companies, communities, media, etc.",Haskell,https://github.com/sigrlami/haskellcosm,235.00 KB
812,concur-replica,138,20,138,17,24/06/2019,18/10/2020,85.00 KB,Server-side VDOM UI framework for Concur,Haskell,https://github.com/pkamenarsky/concur-replica,85.00 KB
813,msgpack-haskell,138,78,138,22,25/11/2011,17/02/2023,386.00 KB,Haskell implementation of MessagePack / msgpack.org[Haskell],Haskell,https://github.com/msgpack/msgpack-haskell,386.00 KB
814,redish,138,5,138,1,15/02/2013,13/08/2018,16.00 KB,"A multi-threaded, TCP, key-value store inspired by Redis implemented in Haskell.",Haskell,https://github.com/honza/redish,16.00 KB
815,vimus,138,17,138,20,04/11/2010,13/07/2022,1.09 MB,"An MPD client with vim-like key bindings, written in Haskell ",Haskell,https://github.com/vimus/vimus,1.09 MB
816,transient-universe,138,14,138,2,05/04/2016,06/03/2021,39.79 MB,"A Cloud monad based on transient for the creation of  Web and reactive distributed applications that are fully composable, where Web browsers are first class nodes in the cloud ",Haskell,https://github.com/transient-haskell/transient-universe,39.79 MB
817,wc,137,10,137,2,08/09/2019,20/08/2021,2.37 MB,Beating unix `wc` in Haskell,Haskell,https://github.com/ChrisPenner/wc,2.37 MB
818,cake-slayer,137,6,137,7,20/09/2019,11/01/2023,48.00 KB,🍰🔪 Architecture of Haskell backend applications,Haskell,https://github.com/kowainik/cake-slayer,48.00 KB
819,master-plan,137,6,137,2,05/08/2017,19/11/2018,1.12 MB,Project Management for Hackers,Haskell,https://github.com/rodrigosetti/master-plan,1.12 MB
820,kupo,137,36,137,10,17/01/2022,18/06/2026,10.72 MB,"🐹 Fast, lightweight & configurable chain-index for Cardano.",Haskell,https://github.com/CardanoSolutions/kupo,10.72 MB
821,zeromq-haskell,137,18,137,7,16/01/2010,08/05/2016,489.00 KB,This repository has been moved to https://gitlab.com/twittner/zeromq-haskell,Haskell,https://github.com/twittner/zeromq-haskell,489.00 KB
822,rock,137,11,137,3,31/10/2018,24/10/2025,81.00 KB,Build system,Haskell,https://github.com/ollef/rock,81.00 KB
823,icepeak,137,4,137,11,27/07/2017,20/04/2026,804.00 KB,Icepeak is a fast JSON document store with push notification support.,Haskell,https://github.com/channable/icepeak,804.00 KB
824,haskellers,137,20,137,4,04/10/2010,12/01/2024,996.00 KB,haskellers.com site,Haskell,https://github.com/commercialhaskell/haskellers,996.00 KB
825,freenode-exodus,137,38,137,0,31/05/2021,29/05/2022,1.01 MB,Projects and channels that have decided to leave Freenode. (Final leave count: 1056),Haskell,https://github.com/siraben/freenode-exodus,1.01 MB
826,ajhc,136,27,136,45,28/02/2013,08/06/2019,15.27 MB,A fork of jhc. And also a Haskell compiler.,Haskell,https://github.com/ajhc/ajhc,15.27 MB
827,placewaifu,136,4,136,2,15/07/2019,25/03/2026,14.20 MB,🎀 An incredibly cute placeholder service,Haskell,https://github.com/Xetera/placewaifu,14.20 MB
828,hasktags,136,34,136,31,24/08/2012,11/05/2025,509.00 KB,"Produces ctags ""tags"" and etags ""TAGS"" files for Haskell programs",Haskell,https://github.com/MarcWeber/hasktags,509.00 KB
829,inline-js,136,12,136,8,23/09/2017,29/08/2024,512.00 KB,"Call JavaScript from Haskell, and vice versa!",Haskell,https://github.com/tweag/inline-js,512.00 KB
830,smallcheck,136,16,136,2,17/11/2011,25/07/2025,325.00 KB,Test your Haskell code by exhaustively checking its properties,Haskell,https://github.com/Bodigrim/smallcheck,325.00 KB
831,safe-exceptions,136,22,136,5,17/06/2016,16/10/2023,97.00 KB,"Safe, consistent, and easy exception handling",Haskell,https://github.com/fpco/safe-exceptions,97.00 KB
832,unagi-chan,135,15,135,14,10/07/2014,02/12/2021,526.00 KB,"A haskell library implementing fast and scalable concurrent queues for x86, with a Chan-like API",Haskell,https://github.com/jberryman/unagi-chan,526.00 KB
833,hs-jose,135,52,135,10,18/06/2013,07/06/2026,1.26 MB,Haskell JOSE and JWT library,Haskell,https://github.com/frasertweedale/hs-jose,1.26 MB
834,cis194-solutions,135,24,135,3,06/01/2015,28/04/2021,3.37 MB,Solutions for CIS 194 - Spring 2013,Haskell,https://github.com/bschwb/cis194-solutions,3.37 MB
835,typed-wire,135,10,135,9,29/10/2015,02/03/2018,89.00 KB,Language independent type-safe communication,Haskell,https://github.com/typed-wire/typed-wire,89.00 KB
836,hoauth2,135,56,135,7,29/04/2012,03/05/2026,764.00 KB,Haskell oauth2 binding,Haskell,https://github.com/freizl/hoauth2,764.00 KB
837,aws-lambda-haskell,135,11,135,1,23/05/2016,16/08/2016,197.00 KB,Running Haskell code on AWS Lambda,Haskell,https://github.com/abailly/aws-lambda-haskell,197.00 KB
838,Lemmachine,135,4,135,0,30/01/2010,05/09/2010,3.12 MB,REST'ful web framework in Agda,Haskell,https://github.com/larrytheliquid/Lemmachine,3.12 MB
839,mafia,135,19,135,34,23/09/2015,02/12/2019,733.00 KB,"Provides protection against cabal swindling, robbing, injuring or sabotaging people with chopsticks.",Haskell,https://github.com/haskell-mafia/mafia,733.00 KB
840,feedforward,135,11,135,0,07/02/2018,11/05/2025,1005.00 KB,,Haskell,https://github.com/yaxu/feedforward,1005.00 KB
841,HUnit,135,19,135,6,29/03/2013,07/12/2025,170.00 KB,A unit testing framework for Haskell,Haskell,https://github.com/hspec/HUnit,170.00 KB
842,gopro,135,18,135,9,22/03/2020,24/06/2026,2.06 MB,Tools for making the most out of GoPro Plus.,Haskell,https://github.com/dustin/gopro,2.06 MB
843,glot-www,134,61,134,9,25/04/2015,19/02/2024,5.54 MB,glot.io website,Haskell,https://github.com/glotcode/glot-www,5.54 MB
844,micro-ci,134,14,134,3,07/10/2017,09/10/2017,81.00 KB,A tiny CI server built around GitHub and Nix,Haskell,https://github.com/ocharles/micro-ci,81.00 KB
845,hashtables,134,37,134,19,11/06/2011,20/08/2025,359.00 KB,"Mutable hash tables for Haskell, in the ST monad",Haskell,https://github.com/gregorycollins/hashtables,359.00 KB
846,plutarch-plutus,134,67,134,38,03/12/2021,26/06/2026,526.02 MB,Typed eDSL for writing UPLC  /ˈpluː.tɑːk/,Haskell,https://github.com/Plutonomicon/plutarch-plutus,526.02 MB
847,llvm-general,134,38,134,30,17/06/2013,03/03/2017,3.07 MB,"Rich LLVM bindings for Haskell (with transfer of LLVM IR to and from C++, detailed compilation pass control, etc.)",Haskell,https://github.com/bscarlet/llvm-general,3.07 MB
848,haskeleton,134,14,134,0,06/02/2014,23/05/2017,581.00 KB,:skull: A Haskell package skeleton.,Haskell,https://github.com/tfausak/haskeleton,581.00 KB
849,Bidirectional,134,12,134,1,06/04/2013,28/08/2020,15.00 KB,"Haskell implementation of Dunfield and Krishnaswami's ""Complete and easy bidirectional typechecking for higher-rank polymorphism""",Haskell,https://github.com/ollef/Bidirectional,15.00 KB
850,time,133,83,133,8,19/07/2014,23/06/2026,1.25 MB,A time library,Haskell,https://github.com/haskell/time,1.25 MB
851,TypOS,133,2,133,3,14/05/2021,07/10/2025,6.48 MB,being an operating system for typechecking processes,Haskell,https://github.com/msp-strath/TypOS,6.48 MB
852,hdbc,133,28,133,20,22/04/2010,21/05/2026,445.00 KB,Haskell Database Connectivity,Haskell,https://github.com/hdbc/hdbc,445.00 KB
853,autodocodec,133,25,133,5,20/10/2021,01/06/2026,843.00 KB,self(auto)- documenting encoders and decoders,Haskell,https://github.com/NorfairKing/autodocodec,843.00 KB
854,idris-cil,133,11,133,13,25/07/2015,29/10/2018,390.00 KB,A Common Intermediate Language backend for Idris 1,Haskell,https://github.com/bamboo/idris-cil,390.00 KB
855,idris-vimscript,133,5,133,16,29/11/2017,26/01/2018,89.00 KB,"Compile Idris to Vimscript, like you always wanted.",Haskell,https://github.com/owickstrom/idris-vimscript,89.00 KB
856,jsaddle,132,72,132,37,09/12/2012,26/03/2026,819.00 KB,JavaScript interface that works with GHCJS or GHC,Haskell,https://github.com/ghcjs/jsaddle,819.00 KB
857,grease,132,10,132,141,07/03/2025,25/06/2026,4.41 MB,"CLI tool, Ghidra plug-in, and Haskell library for analyzing binaries using under-constrained symbolic execution",Haskell,https://github.com/GaloisInc/grease,4.41 MB
858,rust-haskell-ffi,132,5,132,0,13/01/2015,10/06/2015,123.00 KB,Toy example of calling Rust from Haskell,Haskell,https://github.com/aisamanra/rust-haskell-ffi,123.00 KB
859,tomland,132,39,132,43,15/03/2018,23/06/2026,719.00 KB,🏝 Bidirectional TOML serialization,Haskell,https://github.com/kowainik/tomland,719.00 KB
860,bake,131,15,131,9,23/09/2014,13/05/2018,995.00 KB,UNMAINTAINED: Continuous integration server,Haskell,https://github.com/ndmitchell/bake,995.00 KB
861,regex-applicative,131,12,131,13,28/06/2011,19/12/2021,161.00 KB,Regex-based parsing with an applicative interface,Haskell,https://github.com/UnkindPartition/regex-applicative,161.00 KB
862,h-raylib,131,16,131,4,02/08/2022,19/01/2026,2.82 MB,Haskell bindings for raylib,Haskell,https://github.com/Anut-py/h-raylib,2.82 MB
863,Botworld,131,9,131,0,11/04/2014,16/06/2014,1.43 MB,A cellular automaton for studying self-modifying agents which are embedded in their environment,Haskell,https://github.com/machine-intelligence/Botworld,1.43 MB
864,extensible,131,22,131,4,31/12/2014,26/06/2025,1.01 MB,"Extensible records, variants, structs, effects, tangles",Haskell,https://github.com/fumieval/extensible,1.01 MB
865,Kei,130,3,130,1,16/08/2019,29/06/2020,3.44 MB,A small and expressive dependently typed language,Haskell,https://github.com/caotic123/Kei,3.44 MB
866,record-dot-preprocessor,130,23,130,10,04/05/2018,15/01/2024,326.00 KB,A preprocessor for a Haskell record syntax using dot,Haskell,https://github.com/ndmitchell/record-dot-preprocessor,326.00 KB
867,haskelllive,130,11,130,4,31/07/2012,11/08/2012,117.00 KB,Source code of the Haskell Live episodes.,Haskell,https://github.com/haskelllive/haskelllive,117.00 KB
868,haskell,130,54,130,4,21/12/2017,07/09/2024,6.27 MB,Haskell client for the kubernetes API. A work in progress.,Haskell,https://github.com/kubernetes-client/haskell,6.27 MB
869,sydtest,130,28,130,21,19/11/2020,20/06/2026,2.38 MB,A modern testing framework for Haskell with good defaults and advanced testing features.,Haskell,https://github.com/NorfairKing/sydtest,2.38 MB
870,vehicle,130,16,130,97,22/02/2021,25/06/2026,37.48 MB,A toolkit for enforcing logical specifications on neural networks,Haskell,https://github.com/vehicle-lang/vehicle,37.48 MB
871,steeloverseer,130,15,130,20,30/04/2013,11/11/2024,499.00 KB,A file watcher and development tool.,Haskell,https://github.com/schell/steeloverseer,499.00 KB
872,a-tour-of-go-in-haskell,130,10,130,6,25/08/2017,15/10/2018,891.00 KB,"Write ""Concurrency"" section of ""A Tour of Go"" in Haskell",Haskell,https://github.com/syocy/a-tour-of-go-in-haskell,891.00 KB
873,configurator,130,27,130,23,27/05/2011,18/11/2016,284.00 KB,"A Haskell library supporting flexible, dynamic file-based configuration.",Haskell,https://github.com/bos/configurator,284.00 KB
874,plate,129,5,129,6,31/03/2017,30/01/2020,45.00 KB,Algebraic type based schema system,Haskell,https://github.com/seagreen/plate,45.00 KB
875,path,129,46,129,2,07/05/2015,16/01/2025,409.00 KB,Typed filepath,Haskell,https://github.com/commercialhaskell/path,409.00 KB
876,hgeometry,129,44,129,31,05/09/2013,10/06/2026,403.56 MB,"HGeometry is a library for computing with geometric objects in Haskell. It defines basic geometric types and primitives, and it implements some geometric data structures and algorithms. ",Haskell,https://github.com/noinia/hgeometry,403.56 MB
877,amqp,129,37,129,9,06/01/2011,14/10/2024,396.00 KB,Haskell AMQP client library,Haskell,https://github.com/hreinhardt/amqp,396.00 KB
878,smudge,129,12,129,1,02/11/2017,02/10/2019,1.56 MB,A domain-specific language for state machines.,Haskell,https://github.com/smudgelang/smudge,1.56 MB
879,type-of-html,129,4,129,3,04/08/2017,25/07/2022,479.00 KB,High performance type safe html generation,Haskell,https://github.com/knupfer/type-of-html,479.00 KB
880,bound,129,30,129,9,16/06/2012,23/01/2026,499.00 KB,Combinators for manipulating locally-nameless generalized de Bruijn terms,Haskell,https://github.com/ekmett/bound,499.00 KB
881,fragnix,128,5,128,35,17/08/2014,12/05/2021,5.58 MB,Fragment-based code distribution!,Haskell,https://github.com/fragnix/fragnix,5.58 MB
882,monad-par,128,37,128,30,09/02/2011,29/11/2023,2.38 MB,,Haskell,https://github.com/simonmar/monad-par,2.38 MB
883,hsdev,128,19,128,24,02/04/2013,04/11/2020,2.04 MB,Haskell development tool,Haskell,https://github.com/mvoidex/hsdev,2.04 MB
884,hocker,128,9,128,7,09/05/2017,21/01/2026,182.00 KB,Utilities for interacting with the docker registry and generating nix build instructions,Haskell,https://github.com/awakesecurity/hocker,182.00 KB
885,nixos-compose,128,4,128,4,16/06/2025,06/01/2026,170.00 KB,,Haskell,https://github.com/garnix-io/nixos-compose,170.00 KB
886,lens-regex-pcre,128,1,128,2,09/06/2019,11/12/2024,3.76 MB,Text lenses using PCRE regexes,Haskell,https://github.com/ChrisPenner/lens-regex-pcre,3.76 MB
887,ema,127,9,127,10,19/04/2021,09/05/2026,1.62 MB,Change-aware static site generator for Haskell programmers,Haskell,https://github.com/srid/ema,1.62 MB
888,theseus,127,9,127,3,04/03/2018,03/06/2019,2.01 MB,"theseus, functional programming language with fully reversible computation",Haskell,https://github.com/chessai/theseus,2.01 MB
889,category-theory-for-programmers-challenges,127,16,127,0,03/12/2017,24/10/2024,1.13 MB,Challenges from Category Theory for Programmers,Haskell,https://github.com/awalterschulze/category-theory-for-programmers-challenges,1.13 MB
890,recursion-drill,127,8,127,1,03/04/2013,24/05/2024,613.00 KB,Drill to study recursive programming in Haskell,Haskell,https://github.com/kazu-yamamoto/recursion-drill,613.00 KB
891,type-inference,127,5,127,0,23/07/2013,21/02/2015,144.00 KB,Unification and type inference algorithms,Haskell,https://github.com/adamgundry/type-inference,144.00 KB
892,webviewhs,127,8,127,6,15/07/2018,06/07/2021,114.00 KB,🌐 A Haskell binding to the webview library created by Serge Zaitsev.,Haskell,https://github.com/lettier/webviewhs,114.00 KB
893,nn,127,5,127,0,02/04/2018,26/05/2018,14.00 KB,A tiny neural network 🧠,Haskell,https://github.com/saschagrunert/nn,14.00 KB
894,mlir-hs,126,16,126,7,10/06/2021,18/03/2026,19.24 MB,Haskell bindings for MLIR,Haskell,https://github.com/google/mlir-hs,19.24 MB
895,calico,126,1,126,1,23/07/2019,12/04/2026,686.00 KB,"cat, but for colors 😼",Haskell,https://github.com/ix/calico,686.00 KB
896,datagraph,126,5,126,0,25/01/2016,01/02/2016,68.00 KB,,Haskell,https://github.com/dropbox/datagraph,68.00 KB
897,update-nix-fetchgit,126,15,126,28,25/06/2016,25/01/2024,293.00 KB,A program to automatically update fetchgit values in Nix expressions,Haskell,https://github.com/expipiplus1/update-nix-fetchgit,293.00 KB
898,mysql-haskell,126,43,126,13,21/07/2016,04/05/2026,8.37 MB, Pure haskell mysql driver,Haskell,https://github.com/winterland1989/mysql-haskell,8.37 MB
899,haskell-in-haskell,126,5,126,0,15/10/2020,07/02/2021,632.00 KB,"Trying to write an understandable implementation of Haskell, in Haskell",Haskell,https://github.com/cronokirby/haskell-in-haskell,632.00 KB
900,agda-language-server,126,20,126,12,18/08/2017,25/04/2026,471.00 KB,Language Server for Agda,Haskell,https://github.com/agda/agda-language-server,471.00 KB
901,pcf,126,10,126,0,16/03/2015,26/10/2020,61.00 KB,A small compiler for PCF,Haskell,https://github.com/jozefg/pcf,61.00 KB
902,hxt,126,35,126,24,27/09/2010,17/07/2024,12.95 MB,Haskell XML Toolbox,Haskell,https://github.com/UweSchmidt/hxt,12.95 MB
903,HasChor,126,21,126,4,09/11/2022,04/06/2026,296.00 KB,Functional choreographic programming in Haskell,Haskell,https://github.com/gshen42/HasChor,296.00 KB
904,weeder,125,7,125,9,05/04/2017,11/06/2020,255.00 KB,Detect dead exports or package imports,Haskell,https://github.com/ndmitchell/weeder,255.00 KB
905,crem,125,9,125,19,11/01/2023,17/04/2026,658.00 KB,Compositional Representable Executable Machines,Haskell,https://github.com/marcosh/crem,658.00 KB
906,telegram-bot-simple,125,55,125,12,05/12/2017,16/12/2025,738.00 KB,Easy to use library for building Telegram bots in Haskell.,Haskell,https://github.com/fizruk/telegram-bot-simple,738.00 KB
907,idris-py,125,12,125,4,27/04/2015,23/10/2017,725.00 KB,"Python backend for Idris (generates Python source, not bytecode).",Haskell,https://github.com/ziman/idris-py,725.00 KB
908,calamity,125,19,125,2,19/11/2018,29/05/2025,1.44 MB,A library for writing discord bots in haskell,Haskell,https://github.com/simmsb/calamity,1.44 MB
909,hfmt,125,14,125,14,03/12/2014,11/11/2022,131.00 KB,Format Haskell programs. Inspired by the gofmt utility.,Haskell,https://github.com/danstiner/hfmt,131.00 KB
910,hatrace,125,26,125,18,17/02/2019,25/06/2026,604.00 KB,scriptable strace,Haskell,https://github.com/nh2/hatrace,604.00 KB
911,ghc-justdoit,125,4,125,1,02/02/2018,01/08/2022,24.00 KB,A magic typeclass that just does it,Haskell,https://github.com/nomeata/ghc-justdoit,24.00 KB
912,elm2nix,124,17,124,4,14/12/2017,09/09/2025,111.00 KB,Convert Elm project into Nix expressions,Haskell,https://github.com/cachix/elm2nix,111.00 KB
913,hypertypes,124,10,124,4,22/11/2018,24/06/2026,1.82 MB,Hypertypes - generic programming for heterogeneous recursive types,Haskell,https://github.com/lamdu/hypertypes,1.82 MB
914,Paskell,124,6,124,2,08/07/2018,01/11/2019,443.00 KB,A Pascal to LLVM compiler in Haskell ,Haskell,https://github.com/sam46/Paskell,443.00 KB
915,jaspervdj,123,46,123,4,04/01/2010,29/12/2025,89.45 MB,Source code of my personal home page.,Haskell,https://github.com/jaspervdj/jaspervdj,89.45 MB
916,dovetail,123,4,123,10,15/07/2021,07/05/2022,2.33 MB,A PureScript interpreter in Haskell,Haskell,https://github.com/paf31/dovetail,2.33 MB
917,cabal-fmt,123,26,123,11,16/12/2018,28/03/2025,187.00 KB,An experiment of formatting .cabal files,Haskell,https://github.com/phadej/cabal-fmt,187.00 KB
918,web-haskell-graphql-postgres-boilerplate,123,11,123,3,06/01/2020,29/03/2023,120.00 KB,Modern webserver in Haskell: Graphql + Postgresql + Authentication + DB migration + Dotenv and more,Haskell,https://github.com/dandoh/web-haskell-graphql-postgres-boilerplate,120.00 KB
919,primitive,123,59,123,53,24/09/2013,04/03/2026,760.00 KB,This package provides various primitive memory-related operations.,Haskell,https://github.com/haskell/primitive,760.00 KB
920,mulang,123,10,123,54,24/01/2016,25/08/2025,15.92 MB,":bamboo: Universal, Multi Language, Multi Paradigm code analyzer",Haskell,https://github.com/mumuki/mulang,15.92 MB
921,servant-swagger,123,34,123,21,22/09/2015,17/11/2021,437.00 KB,Swagger for Servant,Haskell,https://github.com/haskell-servant/servant-swagger,437.00 KB
922,HandsomeSoup,123,17,123,14,19/04/2012,02/03/2016,80.00 KB,Easy HTML parsing for Haskell,Haskell,https://github.com/egonSchiele/HandsomeSoup,80.00 KB
923,unix,123,100,123,23,28/04/2014,14/05/2026,1.07 MB,POSIX functionality,Haskell,https://github.com/haskell/unix,1.07 MB
924,xeno,123,35,123,14,22/12/2016,16/07/2023,320.00 KB,Fast Haskell XML parser ,Haskell,https://github.com/ocramz/xeno,320.00 KB
925,hercules-ci-agent,122,21,122,90,18/02/2019,24/06/2026,5.17 MB,https://hercules-ci.com build and deployment agent,Haskell,https://github.com/hercules-ci/hercules-ci-agent,5.17 MB
926,neural,122,13,122,8,26/05/2016,26/10/2020,13.41 MB,Neural Nets in native Haskell,Haskell,https://github.com/brunjlar/neural,13.41 MB
927,pandoc-types,122,68,122,15,06/11/2010,01/06/2026,427.00 KB,types for representing structured documents,Haskell,https://github.com/jgm/pandoc-types,427.00 KB
928,ghc-whole-program-compiler-project,121,15,121,9,27/05/2020,24/10/2025,83.55 MB,GHC Whole Program Compiler and External STG IR tooling,Haskell,https://github.com/grin-compiler/ghc-whole-program-compiler-project,83.55 MB
929,challenge,121,10,121,0,25/01/2019,18/10/2022,17.19 MB,Strongly-typed System F in Haskell,Haskell,https://github.com/sweirich/challenge,17.19 MB
930,game-in-haskell,121,29,121,7,28/09/2014,16/08/2018,3.43 MB,,Haskell,https://github.com/elisehuard/game-in-haskell,3.43 MB
931,hsenv,121,31,121,19,12/11/2011,16/12/2013,336.00 KB,Virtual Haskell Environment builder,Haskell,https://github.com/Paczesiowa/hsenv,336.00 KB
932,mcc,121,14,121,3,27/06/2018,09/05/2021,780.00 KB,"MicroC example compiler for Stephen Edward's PLT class, but in Haskell",Haskell,https://github.com/jmorag/mcc,780.00 KB
933,verismith,121,14,121,12,23/10/2018,14/05/2025,1.89 MB,"Verilog Fuzzer to test the major simulators and sythesisers by generating random, valid Verilog.",Haskell,https://github.com/ymherklotz/verismith,1.89 MB
934,these,121,52,121,32,01/02/2012,12/05/2026,412.00 KB,"An either-or-both data type, with corresponding hybrid error/writer monad transformer.",Haskell,https://github.com/haskellari/these,412.00 KB
935,nirum,121,27,121,39,10/05/2016,30/01/2019,1.10 MB, Nirum: IDL compiler and RPC/distributed object framework for microservices,Haskell,https://github.com/nirum-lang/nirum,1.10 MB
936,hip,120,18,120,19,25/10/2013,12/01/2024,69.62 MB,Haskell Image Processing Library,Haskell,https://github.com/lehins/hip,69.62 MB
937,kontiki,120,15,120,6,07/05/2013,14/12/2022,878.00 KB,An implementation of the Raft consensus protocol,Haskell,https://github.com/NicolasT/kontiki,878.00 KB
938,oczor,120,9,120,7,20/09/2016,29/10/2017,206.00 KB,"Oczor is a simple statically typed language that compiles to JavaScript, Lua, Ruby and Emacs Lisp",Haskell,https://github.com/ptol/oczor,206.00 KB
939,getting-started-with-haskell,120,8,120,1,25/04/2014,07/11/2018,3.29 MB,notes on where to find Haskell tutorials and tips to complete them,Haskell,https://github.com/katychuang/getting-started-with-haskell,3.29 MB
940,binary,120,69,120,37,10/02/2011,14/05/2026,8.30 MB,"Efficient, pure binary serialisation using ByteStrings in Haskell.",Haskell,https://github.com/haskell/binary,8.30 MB
941,docopt.hs,119,19,119,9,10/03/2013,02/01/2026,153.00 KB,A command-line interface description language and parser that will make you smile,Haskell,https://github.com/docopt/docopt.hs,153.00 KB
942,fission,119,13,119,73,29/04/2019,14/02/2024,2.04 MB,Fission CLI & server,Haskell,https://github.com/fission-codes/fission,2.04 MB
943,euler-hs,119,18,119,3,21/12/2020,15/09/2024,383.00 KB,EulerHS: full-fledged framework for creating web backends,Haskell,https://github.com/juspay/euler-hs,383.00 KB
944,powerline-hs,119,6,119,7,08/08/2016,03/01/2024,228.00 KB,A lightning fast reimplementation of the Powerline prompt generator in Haskell.,Haskell,https://github.com/rdnetto/powerline-hs,228.00 KB
945,1HAD,118,15,118,0,27/02/2014,21/04/2014,1.10 MB,1 Haskell A Day exercises,Haskell,https://github.com/1HaskellADay/1HAD,1.10 MB
946,theHarmonicAlgorithm,118,8,118,7,25/02/2018,08/06/2026,11.11 MB,"The Harmonic Algorithm by Oscar South - A Project Spanning Music Analysis, Functional Programming & Machine Learning",Haskell,https://github.com/OscarSouth/theHarmonicAlgorithm,11.11 MB
947,too-many-cells,118,19,118,12,10/01/2019,28/10/2024,22.81 MB,Cluster single cells and analyze cell clade relationships with colorful visualizations.,Haskell,https://github.com/GregorySchwartz/too-many-cells,22.81 MB
948,SitePipe,118,8,118,1,06/05/2017,25/10/2022,4.17 MB,"Yet another static site generator - non-opinionated, value-level.  Less magic == easier to understand",Haskell,https://github.com/ChrisPenner/SitePipe,4.17 MB
949,rib,118,12,118,12,17/06/2019,24/03/2022,13.29 MB,Haskell static site generator based on Shake (superseded by https://github.com/srid/ema),Haskell,https://github.com/srid/rib,13.29 MB
950,ide-backend,118,17,118,46,08/11/2012,10/01/2016,2.97 MB,"ide-backend drives the GHC API to build, query, and run your code",Haskell,https://github.com/fpco/ide-backend,2.97 MB
951,elastically-scalable-thread-pools,118,1,118,0,08/03/2023,17/10/2023,134.00 KB,An experiment in controlling the size of a thread pool using a PID controller.,Haskell,https://github.com/stevana/elastically-scalable-thread-pools,134.00 KB
952,uBlacklistRule,118,9,118,4,18/04/2021,24/06/2026,825.00 KB,This rule is for uBlacklist. there is also a rule for uBlock Origin in Firefox for Android.,Haskell,https://github.com/ncaq/uBlacklistRule,825.00 KB
953,lambdapi,118,21,118,0,08/06/2013,08/03/2021,68.00 KB,Dependently Typed Lambda Calculus in Haskell,Haskell,https://github.com/ilya-klyuchnikov/lambdapi,68.00 KB
954,clifm,117,11,117,2,23/03/2018,12/09/2020,440.00 KB,Command Line Interface File Manager,Haskell,https://github.com/pasqu4le/clifm,440.00 KB
955,ifcxt,117,10,117,1,02/09/2015,29/11/2017,17.00 KB,constraint level if statements,Haskell,https://github.com/mikeizbicki/ifcxt,17.00 KB
956,distributed-dataset,117,5,117,19,11/03/2018,13/06/2020,896.00 KB,A distributed data processing framework in Haskell.,Haskell,https://github.com/utdemir/distributed-dataset,896.00 KB
957,HaNS,117,14,117,2,29/03/2012,16/01/2018,865.00 KB,The haskell network stack,Haskell,https://github.com/GaloisInc/HaNS,865.00 KB
958,basilica,116,11,116,1,05/08/2014,17/02/2021,112.00 KB,It's kinda like a forum.,Haskell,https://github.com/ianthehenry/basilica,112.00 KB
959,open,116,24,116,22,16/03/2017,10/01/2023,978.00 KB,DiffusionKinetics open-source monorepo,Haskell,https://github.com/diffusionkinetics/open,978.00 KB
960,elm-export,116,47,116,18,10/11/2015,19/01/2024,139.00 KB,Create Elm types and JSON decoders from Haskell source.,Haskell,https://github.com/krisajenkins/elm-export,139.00 KB
961,ansi-terminal,116,32,116,7,16/12/2013,22/01/2026,379.00 KB,"ANSI terminal support for Haskell, with Windows compatibility",Haskell,https://github.com/UnkindPartition/ansi-terminal,379.00 KB
962,ya,116,2,116,0,27/11/2024,25/06/2026,4.04 MB,Я - extremely composable embeddable programming language,Haskell,https://github.com/iokasimov/ya,4.04 MB
963,hasql-th,116,10,116,13,07/12/2015,16/05/2026,455.00 KB,Template Haskell utilities for Hasql,Haskell,https://github.com/nikita-volkov/hasql-th,455.00 KB
964,mote,116,5,116,7,08/01/2015,14/08/2015,2.05 MB,,Haskell,https://github.com/imeckler/mote,2.05 MB
965,typed-process,116,25,116,21,14/10/2016,12/04/2025,148.00 KB,"Alternative API for processes, featuring more type safety",Haskell,https://github.com/fpco/typed-process,148.00 KB
966,mmark,116,21,116,11,12/07/2017,14/06/2026,568.00 KB,Strict markdown processor for writers,Haskell,https://github.com/mmark-md/mmark,568.00 KB
967,herbalizer,116,10,116,8,27/03/2013,12/07/2024,77.00 KB,Convert HAML to ERB,Haskell,https://github.com/danchoi/herbalizer,77.00 KB
968,dimensional,116,20,116,29,09/02/2014,01/01/2026,771.00 KB,"Dimensional library variant built on Data Kinds, Closed Type Families, TypeNats (GHC 7.8+).",Haskell,https://github.com/bjornbm/dimensional,771.00 KB
969,b-tree,115,8,115,2,26/08/2013,09/12/2021,101.00 KB,Haskell on-disk B* tree implementation,Haskell,https://github.com/bgamari/b-tree,101.00 KB
970,unison,115,21,115,20,27/09/2016,05/03/2024,4.75 MB,Unison's source code ,Haskell,https://github.com/unison-code/unison,4.75 MB
971,wisp,115,7,115,2,30/04/2013,01/05/2013,120.00 KB,small-but-featureful embeddable lisp interpreter written in haskell.,Haskell,https://github.com/cofinalsubnets/wisp,120.00 KB
972,retry,115,36,115,9,01/03/2013,17/04/2023,225.00 KB,Retry combinators for monadic actions that may fail,Haskell,https://github.com/Soostone/retry,225.00 KB
973,Neks,115,11,115,0,24/11/2014,14/09/2015,432.00 KB,A dead simple networked key/value store,Haskell,https://github.com/wyager/Neks,432.00 KB
974,pier,115,8,115,40,30/09/2017,03/07/2020,422.00 KB,Yet another Haskell build system.,Haskell,https://github.com/judah/pier,422.00 KB
975,quic,115,20,115,9,11/01/2019,12/05/2026,2.29 MB,IETF QUIC library in Haskell,Haskell,https://github.com/kazu-yamamoto/quic,2.29 MB
976,tangaroa,115,17,115,0,11/12/2014,30/05/2016,111.00 KB,"A toy implementation of the Raft protocol in Haskell, with an experimental BFT variant.",Haskell,https://github.com/chrisnc/tangaroa,111.00 KB
977,conjure,115,23,115,67,03/05/2016,18/06/2026,113.36 MB,Conjure: The Automated Constraint Modelling Tool,Haskell,https://github.com/conjure-cp/conjure,113.36 MB
978,miniagda,115,4,115,2,16/12/2016,12/01/2026,1.34 MB,A prototypical dependently typed languages with sized types and variances,Haskell,https://github.com/andreasabel/miniagda,1.34 MB
979,hnn,114,14,114,0,09/10/2012,15/03/2017,72.00 KB,haskell neural network library,Haskell,https://github.com/alpmestan/hnn,72.00 KB
980,elerea,114,8,114,5,26/03/2010,18/06/2016,148.00 KB,A simple FRP library providing leak-free first-class streams.,Haskell,https://github.com/cobbpg/elerea,148.00 KB
981,cut-the-crap,114,7,114,21,21/10/2019,24/03/2022,2.42 MB,Automated video editing for streamers,Haskell,https://github.com/jappeace/cut-the-crap,2.42 MB
982,X11,114,49,114,10,18/11/2011,23/06/2026,510.00 KB,A Haskell binding to the X11 graphics library.,Haskell,https://github.com/xmonad/X11,510.00 KB
983,deriving-aeson,114,9,114,6,26/02/2020,18/06/2026,258.00 KB,Scrap your hand-rolled aeson instances,Haskell,https://github.com/fumieval/deriving-aeson,258.00 KB
984,stm,114,40,114,18,20/11/2017,19/06/2026,256.00 KB,Software Transactional Memory,Haskell,https://github.com/haskell/stm,256.00 KB
985,reflex-dom-inbits,114,45,114,1,23/02/2017,19/01/2023,1.10 MB,A tutorial for reflex-dom with small code bits,Haskell,https://github.com/hansroland/reflex-dom-inbits,1.10 MB
986,hyphen,113,8,113,1,05/04/2015,10/07/2025,293.00 KB,hyphen - access Haskell modules from Python,Haskell,https://github.com/tbarnetlamb/hyphen,293.00 KB
987,row-types,113,12,113,1,18/01/2018,10/07/2022,477.00 KB,A Haskell library for open records and variants using closed type families and type literals,Haskell,https://github.com/target/row-types,477.00 KB
988,slownews,113,11,113,13,05/09/2015,23/10/2020,1.52 MB,🐢 Bringing slow news for the nervous among us,Haskell,https://github.com/srid/slownews,1.52 MB
989,haskell-amuse-bouche,113,11,113,0,29/09/2011,27/09/2013,136.00 KB,A short technical talk about some fun things in Haskell,Haskell,https://github.com/mzero/haskell-amuse-bouche,136.00 KB
990,Kulitta,113,11,113,3,04/08/2015,26/09/2018,21.88 MB,A Haskell-based library for algorithmic and automated composition. This library was the subject of my dissertation at Yale university and is the subject of my ongoing work.,Haskell,https://github.com/donya/Kulitta,21.88 MB
991,tardis,113,6,113,3,18/06/2012,12/01/2026,55.00 KB,,Haskell,https://github.com/DanBurton/tardis,55.00 KB
992,pool,113,56,113,15,03/05/2011,01/06/2022,334.00 KB,A high-performance striped resource pooling implementation for Haskell,Haskell,https://github.com/bos/pool,334.00 KB
993,rattle,113,6,113,11,17/04/2019,15/10/2023,476.00 KB,Forward build system with speculation and caching,Haskell,https://github.com/ndmitchell/rattle,476.00 KB
994,Magic,112,22,112,21,29/11/2011,24/05/2021,612.00 KB,Haskell implementation of Magic: The Gathering,Haskell,https://github.com/MedeaMelana/Magic,612.00 KB
995,dominion,112,11,112,5,08/01/2014,08/12/2016,107.00 KB,A Dominion simulator in Haskell,Haskell,https://github.com/egonSchiele/dominion,107.00 KB
996,roshask,112,17,112,12,23/11/2010,18/11/2016,688.00 KB,Haskell client library for the ROS robotics framework.,Haskell,https://github.com/acowley/roshask,688.00 KB
997,vim-haskell-indent,112,9,112,1,21/06/2015,06/03/2026,140.00 KB,"If the plugin does not work for some syntax, feel free to report to the issue tracker!",Haskell,https://github.com/itchyny/vim-haskell-indent,140.00 KB
998,switch,112,6,112,1,31/03/2021,20/01/2023,2.08 MB,"A library for interacting with Nintendo Switch controllers, written in Haskell.",Haskell,https://github.com/typedbyte/switch,2.08 MB
999,haskell-lockfree,112,27,112,30,28/10/2011,20/06/2024,1.36 MB,A collection of different packages for CAS based data structures.,Haskell,https://github.com/rrnewton/haskell-lockfree,1.36 MB
1000,unfolder,112,7,112,1,26/04/2023,23/04/2026,2.54 MB,Repository with code snippets that accompany episodes of The Haskell Unfolder ,Haskell,https://github.com/well-typed/unfolder,2.54 MB
