Ranking,Project Name,Stars,Forks,Watchers,Open Issues,Created At,Last Commit,Size,Description,Language,Repo URL,Size
1,AFNetworking,33357,10606,33357,101,31/05/2011,17/01/2023,5.99 MB,"A delightful networking framework for iOS, macOS, watchOS, and tvOS.",Objective-C,https://github.com/AFNetworking/AFNetworking,5.99 MB
2,SDWebImage,25616,5954,25616,133,21/09/2009,15/04/2026,25.05 MB,Asynchronous image downloader with cache support as a UIImageView category,Objective-C,https://github.com/SDWebImage/SDWebImage,25.05 MB
3,WeChatExtension-ForMac,22550,3540,22550,907,25/04/2019,13/02/2025,203.75 MB,A plugin for Mac WeChat,Objective-C,https://github.com/MustangYM/WeChatExtension-ForMac,203.75 MB
4,TrollStore,22252,1674,22252,49,02/09/2022,01/04/2026,7.39 MB,Jailed iOS app that can install IPAs permanently with arbitary entitlements and root helpers because it trolls Apple,Objective-C,https://github.com/opa334/TrollStore,7.39 MB
5,GPUImage,20291,4552,20291,1000,13/02/2012,16/02/2024,43.81 MB,An open source iOS framework for GPU-based image and video processing,Objective-C,https://github.com/BradLarson/GPUImage,43.81 MB
6,Masonry,18122,3147,18122,151,22/07/2013,13/04/2023,767.00 KB,"Harness the power of AutoLayout NSLayoutConstraints with a simplified, chainable and expressive syntax. Supports iOS and OSX Auto Layout",Objective-C,https://github.com/SnapKit/Masonry,767.00 KB
7,iTerm2,18109,1509,18109,75,07/04/2011,01/10/2026,577.12 MB,iTerm2 is a terminal emulator for Mac OS X that does amazing things.,Objective-C,https://github.com/gnachman/iTerm2,577.12 MB
8,realm-swift,16610,2237,16610,498,16/04/2012,27/09/2026,66.35 MB,Realm is a mobile database: a replacement for Core Data & SQLite,Objective-C,https://github.com/realm/realm-swift,66.35 MB
9,hammerspoon,16211,721,16211,697,08/10/2014,08/07/2026,158.63 MB,Staggeringly powerful macOS desktop automation with Lua,Objective-C,https://github.com/Hammerspoon/hammerspoon,158.63 MB
10,MBProgressHUD,15909,3555,15909,94,31/05/2009,14/08/2024,1.22 MB,MBProgressHUD + Customizations,Objective-C,https://github.com/jdg/MBProgressHUD,1.22 MB
11,keycastr,15137,578,15137,90,19/02/2009,07/09/2026,60.12 MB,"KeyCastr, an open-source keystroke visualizer",Objective-C,https://github.com/keycastr/keycastr,60.12 MB
12,FLEX,14640,1793,14640,50,29/05/2014,11/06/2026,30.45 MB,An in-app debugging and exploration tool for iOS,Objective-C,https://github.com/FLEXTool/FLEX,30.45 MB
13,WebViewJavascriptBridge,14303,2946,14303,105,28/08/2011,01/08/2024,522.00 KB,An iOS/OSX bridge for sending messages between Obj-C and JavaScript in UIWebViews/WebViews,Objective-C,https://github.com/marcuswestin/WebViewJavascriptBridge,522.00 KB
14,WeChatPlugin-MacOS,14280,2439,14280,152,20/04/2017,09/06/2024,24.93 MB,微信小助手,Objective-C,https://github.com/TKkk-iOSer/WeChatPlugin-MacOS,24.93 MB
15,YYKit,13965,3702,13965,309,10/04/2013,25/06/2024,55.62 MB,A collection of iOS components.,Objective-C,https://github.com/ibireme/YYKit,55.62 MB
16,fmdb,13827,2731,13827,270,06/07/2010,15/03/2026,1.63 MB,A Cocoa / Objective-C wrapper around SQLite,Objective-C,https://github.com/ccgus/fmdb,1.63 MB
17,MJRefresh,13802,3517,13802,58,23/05/2014,11/11/2025,15.09 MB,An easy way to use pull-to-refresh.,Objective-C,https://github.com/CoderMJLee/MJRefresh,15.09 MB
18,spectacle,13629,861,13629,148,11/07/2010,15/01/2022,12.49 MB,Spectacle allows you to organize your windows without using a mouse.,Objective-C,https://github.com/eczarny/spectacle,12.49 MB
19,darling,13408,531,13408,404,09/12/2012,06/09/2026,40.20 MB,Darwin/macOS emulation layer for Linux,Objective-C,https://github.com/darlinghq/darling,40.20 MB
20,CocoaLumberjack,13322,2274,13322,6,31/03/2011,21/09/2026,6.08 MB,"A fast & simple, yet powerful & flexible logging framework for macOS, iOS, tvOS, watchOS and visionOS",Objective-C,https://github.com/CocoaLumberjack/CocoaLumberjack,6.08 MB
21,LuLu,13267,602,13267,533,10/09/2017,05/08/2026,25.41 MB,LuLu is the free open-source macOS firewall,Objective-C,https://github.com/objective-see/LuLu,25.41 MB
22,IGListKit,13072,1539,13072,63,07/09/2016,19/08/2026,9.20 MB,A data-driven UICollectionView framework for building fast and flexible lists.,Objective-C,https://github.com/Instagram/IGListKit,9.20 MB
23,CocoaAsyncSocket,12441,2987,12441,0,22/11/2011,30/08/2026,2.19 MB,Asynchronous socket networking library for Mac and iOS,Objective-C,https://github.com/robbiehanson/CocoaAsyncSocket,2.19 MB
24,SVProgressHUD,12437,2662,12437,86,28/03/2011,27/02/2026,1.38 MB,A clean and lightweight progress HUD for your iOS and tvOS app.,Objective-C,https://github.com/SVProgressHUD/SVProgressHUD,1.38 MB
25,chameleon,12303,1279,12303,66,26/07/2014,03/05/2021,11.49 MB,"Color framework for Swift & Objective-C (Gradient colors, hexcode support, colors from images & more).",Objective-C,https://github.com/vicc/chameleon,11.49 MB
26,GitUp,12131,1502,12131,358,13/08/2015,30/09/2026,66.54 MB,The Git interface you've been missing all your life has finally arrived.,Objective-C,https://github.com/git-up/GitUp,66.54 MB
27,iCarousel,12088,2522,12088,400,06/04/2011,27/06/2024,3.80 MB,"A simple, highly customisable, data-driven 3D carousel for iOS and Mac OS",Objective-C,https://github.com/nicklockwood/iCarousel,3.80 MB
28,DZNEmptyDataSet,11998,1703,11998,190,03/06/2014,06/07/2022,13.88 MB,A drop-in UITableView/UICollectionView superclass category for showing empty datasets whenever the view has no content to display,Objective-C,https://github.com/dzenbot/DZNEmptyDataSet,13.88 MB
29,JSPatch,11318,2211,11318,106,25/05/2015,01/12/2020,7.71 MB,JSPatch bridge Objective-C and Javascript using the Objective-C runtime. You can call any Objective-C class and method in JavaScript by just including a small engine. JSPatch is generally used to hotfix iOS App.,Objective-C,https://github.com/bang590/JSPatch,7.71 MB
30,Mantle,11241,1467,11241,0,05/09/2012,18/10/2022,1.60 MB,Model framework for Cocoa and Cocoa Touch,Objective-C,https://github.com/Mantle/Mantle,1.60 MB
31,JSQMessagesViewController,11062,2751,11062,0,17/02/2013,12/12/2018,19.94 MB,An elegant messages UI library for iOS,Objective-C,https://github.com/jessesquires/JSQMessagesViewController,19.94 MB
32,mac-mouse-fix,11018,437,11018,1288,07/08/2019,01/10/2026,154.97 MB,Mac Mouse Fix - Make Your $10 Mouse Better Than an Apple Trackpad!,Objective-C,https://github.com/noah-nuebling/mac-mouse-fix,154.97 MB
33,MagicalRecord,10691,1761,10691,242,27/07/2010,27/04/2021,7.97 MB,Super Awesome Easy Fetching for Core Data!,Objective-C,https://github.com/magicalpanda/MagicalRecord,7.97 MB
34,FSCalendar,10637,1943,10637,503,15/02/2015,10/08/2024,2.45 MB,"A fully customizable iOS calendar library, compatible with Objective-C and Swift",Objective-C,https://github.com/WenchaoD/FSCalendar,2.45 MB
35,RestKit,10082,2064,10082,364,09/02/2010,27/08/2022,42.47 MB,RestKit is a framework for consuming and modeling RESTful web resources on iOS and OS X,Objective-C,https://github.com/RestKit/RestKit,42.47 MB
36,UITableView-FDTemplateLayoutCell,9851,1985,9851,128,16/04/2015,07/03/2022,4.16 MB,Template auto layout cell for automatically UITableViewCell height calculating,Objective-C,https://github.com/forkingdog/UITableView-FDTemplateLayoutCell,4.16 MB
37,Sparkle,9794,1146,9794,17,11/08/2009,28/09/2026,45.12 MB,A software update framework for macOS,Objective-C,https://github.com/sparkle-project/Sparkle,45.12 MB
38,Alcatraz,9784,1119,9784,39,22/04/2013,28/09/2017,8.94 MB,Package manager for Xcode,Objective-C,https://github.com/alcatraz/Alcatraz,8.94 MB
39,PNChart,9634,1735,9634,173,06/11/2013,02/07/2018,676.00 KB,A simple and beautiful chart lib used in Piner and CoinsMan for iOS,Objective-C,https://github.com/kevinzhow/PNChart,676.00 KB
40,SocketRocket,9596,2005,9596,190,30/01/2012,04/12/2025,2.40 MB,A conforming Objective-C WebSocket client library.,Objective-C,https://github.com/facebookincubator/SocketRocket,2.40 MB
41,Shimmer,9320,1112,9320,21,18/02/2014,06/02/2021,2.71 MB,"An easy way to add a simple, shimmering effect to any view in an iOS app.",Objective-C,https://github.com/facebookarchive/Shimmer,2.71 MB
42,sequelpro,9195,837,9195,530,08/11/2013,25/02/2023,55.75 MB,MySQL/MariaDB database management for macOS,Objective-C,https://github.com/sequelpro/sequelpro,55.75 MB
43,Sloth,8966,178,8966,2,28/03/2011,30/08/2026,13.57 MB,"Mac app that shows all open files, directories, sockets, pipes and devices in use by all running processes. Nice GUI for lsof.",Objective-C,https://github.com/sveinbjornt/Sloth,13.57 MB
44,BaiduNetdiskPlugin-macOS,8881,1745,8881,66,06/03/2018,17/10/2020,1.29 MB,For macOS.百度网盘 破解SVIP、下载速度限制~,Objective-C,https://github.com/CodeTips/BaiduNetdiskPlugin-macOS,1.29 MB
45,YYText,8863,1844,8863,516,05/11/2015,16/07/2024,21.30 MB,Powerful text framework for iOS to display and edit rich text.,Objective-C,https://github.com/ibireme/YYText,21.30 MB
46,MWPhotoBrowser,8701,2645,8701,335,21/10/2010,27/06/2024,21.23 MB,"A simple iOS photo and video browser with grid view, captions and selections.",Objective-C,https://github.com/mwaterfall/MWPhotoBrowser,21.23 MB
47,TTTAttributedLabel,8701,1691,8701,178,06/05/2011,24/06/2024,1.61 MB,"A drop-in replacement for UILabel that supports attributes, data detectors, links, and more",Objective-C,https://github.com/TTTAttributedLabel/TTTAttributedLabel,1.61 MB
48,MJExtension,8486,2129,8486,28,23/05/2014,13/03/2024,2.65 MB,"A fast, convenient and nonintrusive conversion framework between JSON and model. Your model class doesn't need to extend any base class. You don't need to modify any model file.",Objective-C,https://github.com/CoderMJLee/MJExtension,2.65 MB
49,Aspects,8414,1266,8414,107,03/05/2014,25/11/2025,501.00 KB,"Delightful, simple library for aspect oriented programming in Objective-C and Swift.",Objective-C,https://github.com/steipete/Aspects,501.00 KB
50,SlackTextViewController,8254,1065,8254,79,18/08/2014,29/10/2018,15.88 MB,⛔️**DEPRECATED** ⛔️ A drop-in UIViewController subclass with a growing text input view and other useful messaging features,Objective-C,https://github.com/slackhq/SlackTextViewController,15.88 MB
51,VVDocumenter-Xcode,8234,1510,8234,63,16/07/2013,19/04/2017,4.27 MB,"Xcode plug-in which helps you write documentation comment easier, for both Objective-C and Swift.",Objective-C,https://github.com/onevcat/VVDocumenter-Xcode,4.27 MB
52,TZImagePickerController,8138,1888,8138,63,07/01/2016,15/08/2026,6.96 MB,"一个支持多选、选原图和视频的图片选择器，同时有预览、裁剪功能，支持iOS6+。  A clone of UIImagePickerController, support picking multiple photos、original photo、video, also allow preview photo and video, support iOS6+",Objective-C,https://github.com/banchichen/TZImagePickerController,6.96 MB
53,shadowsocks-iOS,8130,3375,8130,179,27/12/2012,17/05/2022,12.82 MB,Removed according to regulations.,Objective-C,https://github.com/shadowsocks/shadowsocks-iOS,12.82 MB
54,analyze,8076,1937,8076,11,19/03/2016,14/11/2021,101.01 MB,Draven's Blog,Objective-C,https://github.com/draveness/analyze,101.01 MB
55,FastImageCache,8049,918,8049,40,21/08/2013,12/07/2023,1.70 MB,iOS library for quickly displaying images while scrolling,Objective-C,https://github.com/path/FastImageCache,1.70 MB
56,iOS-Runtime-Headers,7970,1591,7970,59,09/01/2011,17/05/2022,167.84 MB,iOS Objective-C headers as derived from runtime introspection,Objective-C,https://github.com/nst/iOS-Runtime-Headers,167.84 MB
57,FLAnimatedImage,7942,1204,7942,83,19/05/2014,21/03/2024,3.98 MB,Performant animated GIF engine for iOS,Objective-C,https://github.com/Flipboard/FLAnimatedImage,3.98 MB
58,trip-to-iOS,7870,2202,7870,3,02/01/2015,17/05/2022,156.00 KB,A curated list of delightful iOS resources.,Objective-C,https://github.com/Aufree/trip-to-iOS,156.00 KB
59,slate,7836,512,7836,261,23/05/2011,23/06/2022,47.63 MB,A window management application (replacement for Divvy/SizeUp/ShiftIt),Objective-C,https://github.com/jigish/slate,47.63 MB
60,FlatUIKit,7718,923,7718,35,08/05/2013,29/09/2016,2.07 MB,A collection of awesome flat UI components for iOS.,Objective-C,https://github.com/Grouper/FlatUIKit,2.07 MB
61,V2RayX,7620,1117,7620,118,10/02/2016,20/03/2023,23.15 MB,GUI for v2ray-core on macOS,Objective-C,https://github.com/Cenmrev/V2RayX,23.15 MB
62,PureLayout,7588,727,7588,46,23/06/2014,16/03/2023,1.06 MB,"The ultimate API for iOS & OS X Auto Layout — impressively simple, immensely powerful. Objective-C and Swift compatible.",Objective-C,https://github.com/PureLayout/PureLayout,1.06 MB
63,Sequel-Ace,7545,336,7545,198,11/06/2020,28/09/2026,233.94 MB,MySQL/MariaDB database management for macOS,Objective-C,https://github.com/Sequel-Ace/Sequel-Ace,233.94 MB
64,terminal-notifier,7344,359,7344,11,15/07/2012,30/08/2026,1.57 MB,Send User Notifications on macOS from the command-line.,Objective-C,https://github.com/julienXX/terminal-notifier,1.57 MB
65,KVOController,7275,914,7275,15,24/02/2014,25/01/2020,163.00 KB,"Simple, modern, thread-safe key-value observing for iOS and OS X.",Objective-C,https://github.com/facebookarchive/KVOController,163.00 KB
66,ANE,7259,956,7259,30,28/02/2026,10/03/2026,500.00 KB,Training neural networks on Apple Neural Engine via reverse-engineered private APIs,Objective-C,https://github.com/maderix/ANE,500.00 KB
67,QMUI_iOS,7192,1447,7192,224,20/12/2016,21/09/2024,7.03 MB,QMUI iOS——致力于提高项目 UI 开发效率的解决方案,Objective-C,https://github.com/Tencent/QMUI_iOS,7.03 MB
68,DateTools,7172,934,7172,109,19/03/2014,21/08/2024,673.00 KB,Dates and times made easy in iOS,Objective-C,https://github.com/MatthewYork/DateTools,673.00 KB
69,three20,7162,1451,7162,204,19/02/2009,02/05/2017,32.45 MB,Three20 is an Objective-C library for iPhone developers,Objective-C,https://github.com/facebookarchive/three20,32.45 MB
70,JVFloatLabeledTextField,7132,720,7132,28,01/10/2013,17/04/2023,401.00 KB,UITextField subclass with floating labels - inspired by Matt D. Smith's design: http://dribbble.com/shots/1254439--GIF-Mobile-Form-Interaction?list=users,Objective-C,https://github.com/jverdi/JVFloatLabeledTextField,401.00 KB
71,ZFPlayer,7123,1766,7123,256,03/03/2016,24/05/2024,156.40 MB,Support customization of any player SDK and control layer(支持定制任何播放器SDK和控制层),Objective-C,https://github.com/renzifeng/ZFPlayer,156.40 MB
72,Dash-iOS,7089,906,7089,38,06/11/2016,28/03/2021,53.47 MB,Dash for iOS was discontinued. Please check out Dash for macOS instead.,Objective-C,https://github.com/Kapeli/Dash-iOS,53.47 MB
73,SWTableViewCell,7054,1240,7054,171,10/09/2013,20/05/2021,2.83 MB,An easy-to-use UITableViewCell subclass that implements a swippable content view which exposes utility buttons (similar to iOS 7 Mail Application),Objective-C,https://github.com/CEWendel/SWTableViewCell,2.83 MB
74,RESideMenu,7034,1313,7034,131,17/06/2013,05/12/2017,11.68 MB,iOS 7/8 style side menu with parallax effect.,Objective-C,https://github.com/romaonthego/RESideMenu,11.68 MB
75,KeepingYouAwake,6954,270,6954,33,19/10/2014,15/08/2026,6.91 MB,Prevents your Mac from going to sleep.,Objective-C,https://github.com/newmarcel/KeepingYouAwake,6.91 MB
76,Reachability,6945,1246,6945,70,12/11/2011,25/03/2026,144.00 KB,ARC and GCD Compatible Reachability Class for iOS and MacOS. Drop in replacement for Apple Reachability,Objective-C,https://github.com/tonymillion/Reachability,144.00 KB
77,MGSwipeTableCell,6910,1056,6910,132,09/08/2014,22/03/2023,2.12 MB,An easy to use UITableViewCell subclass that allows to display swippable buttons with a variety of transitions.,Objective-C,https://github.com/MortimerGoro/MGSwipeTableCell,2.12 MB
78,MacPass,6874,468,6874,292,21/07/2012,23/09/2026,25.28 MB,A native macOS KeePass client ,Objective-C,https://github.com/MacPass/MacPass,25.28 MB
79,xctool,6855,718,6855,9,24/04/2013,11/12/2019,9.30 MB,An extension for Apple's xcodebuild that makes it easier to test iOS and macOS apps.,Objective-C,https://github.com/facebookarchive/xctool,9.30 MB
80,BlocksKit,6819,1244,6819,91,17/05/2011,02/02/2018,5.72 MB,The Objective-C block utilities you always wish you had.,Objective-C,https://github.com/BlocksKit/BlocksKit,5.72 MB
81,jsonmodel,6801,1046,6801,34,02/12/2012,06/11/2021,1.60 MB,"Magical Data Modeling Framework for JSON - allows rapid creation of smart data models. You can use it in your iOS, macOS, watchOS and tvOS apps.",Objective-C,https://github.com/jsonmodel/jsonmodel,1.60 MB
82,MonkeyDev,6795,1239,6795,187,27/06/2017,09/07/2022,19.74 MB,"CaptainHook Tweak、Logos Tweak and Command-line Tool、Patch iOS Apps,  Without Jailbreak.",Objective-C,https://github.com/AloneMonkey/MonkeyDev,19.74 MB
83,MMDrawerController,6695,1349,6695,189,07/05/2013,09/01/2023,2.86 MB," A lightweight, easy to use, Side Drawer Navigation Controller",Objective-C,https://github.com/griddynamics-archive/MMDrawerController,2.86 MB
84,GCDWebServer,6614,1324,6614,42,29/12/2012,05/10/2022,12.04 MB,"The #1 HTTP server for iOS, macOS & tvOS (also includes web based uploader & WebDAV server)",Objective-C,https://github.com/swisspol/GCDWebServer,12.04 MB
85,Onboard,6550,749,6550,45,19/08/2014,01/01/2025,78.16 MB,An iOS framework to easily create a beautiful and engaging onboarding experience with only a few lines of code.,Objective-C,https://github.com/mamaral/Onboard,78.16 MB
86,YTKNetwork,6534,1629,6534,127,31/10/2014,22/04/2021,653.00 KB,YTKNetwork is a high level request util based on AFNetworking.,Objective-C,https://github.com/kanyun-inc/YTKNetwork,653.00 KB
87,injectionforxcode,6534,562,6534,76,28/05/2012,04/08/2022,6.48 MB,Runtime Code Injection for Objective-C & Swift,Objective-C,https://github.com/johnno1962/injectionforxcode,6.48 MB
88,nimbus,6406,1269,6406,3,09/06/2011,25/04/2024,44.35 MB,The iOS framework that grows only as fast as its documentation,Objective-C,https://github.com/jverkoey/nimbus,44.35 MB
89,JazzHands,6352,659,6352,14,29/09/2013,30/07/2024,2.98 MB,A simple keyframe-based animation framework for UIKit. Perfect for scrolling app intros.,Objective-C,https://github.com/IFTTT/JazzHands,2.98 MB
90,react-native-image-crop-picker,6350,1610,6350,652,17/05/2016,29/09/2026,8.49 MB,"iOS/Android image picker with support for camera, video, configurable compression, multiple images and cropping",Objective-C,https://github.com/ivpusic/react-native-image-crop-picker,8.49 MB
91,lemon-cleaner,6337,797,6337,34,12/07/2022,08/05/2026,24.52 MB,腾讯柠檬清理是针对macOS系统专属制定的清理工具。主要功能包括重复文件和相似照片的识别、软件的定制化垃圾扫描、可视化的全盘空间分析、内存释放、浏览器隐私清理以及设备实时状态的监控等。重点聚焦清理功能，对上百款软件提供定制化的清理方案，提供专业的清理建议，帮助用户轻松完成一键式清理。,Objective-C,https://github.com/Tencent/lemon-cleaner,24.52 MB
92,ios-app-signer,6321,1150,6321,123,06/11/2015,17/09/2026,608.00 KB,This is an app for OS X that can (re)sign apps and bundle them into ipa files that are ready to be installed on an iOS device.,Objective-C,https://github.com/DanTheMan827/ios-app-signer,608.00 KB
93,NWPusher,6300,662,6300,28,09/09/2012,30/03/2021,2.77 MB,OS X and iOS application and framework to play with the Apple Push Notification service (APNs),Objective-C,https://github.com/noodlewerk/NWPusher,2.77 MB
94,KIF,6248,917,6248,55,02/06/2011,01/10/2026,5.62 MB,Keep It Functional - An iOS Functional Testing Framework,Objective-C,https://github.com/kif-framework/KIF,5.62 MB
95,SDCycleScrollView,6179,1490,6179,506,24/03/2015,21/04/2023,1.93 MB,Autoscroll Banner.   无限循环图片、文字轮播器。,Objective-C,https://github.com/gsdios/SDCycleScrollView,1.93 MB
96,JSONKit,6171,1620,6171,103,27/07/2010,22/11/2020,1.16 MB,Objective-C JSON,Objective-C,https://github.com/johnezang/JSONKit,1.16 MB
97,JXCategoryView,6150,1146,6150,39,22/03/2018,07/08/2024,31.16 MB,"A powerful and easy to use category view (segmentedcontrol, segmentview, pagingview, pagerview, pagecontrol) (腾讯新闻、今日头条、QQ音乐、网易云音乐、京东、爱奇艺、腾讯视频、淘宝、天猫、简书、微博等所有主流APP分类切换滚动视图)",Objective-C,https://github.com/pujiaxin33/JXCategoryView,31.16 MB
98,MobileIMSDK,6088,1379,6088,18,07/10/2015,28/09/2026,289.02 MB,原创全平台IM通信层框架，轻量级、高度提炼，历经10年、久经考验。可能是市面上唯一同时支持UDP+TCP+WebSocket三种协议的同类开源框架，支持 iOS、Android、Java、H5、小程序、Uniapp、鸿蒙Next，服务端基于Netty。,Objective-C,https://github.com/JackJiang2011/MobileIMSDK,289.02 MB
99,AnyBar,6039,158,6039,16,02/03/2015,21/03/2026,1.06 MB,OS X menubar status indicator,Objective-C,https://github.com/tonsky/AnyBar,1.06 MB
100,HexFiend,5896,453,5896,79,06/12/2011,29/06/2025,18.90 MB,A fast and clever hex editor for macOS,Objective-C,https://github.com/HexFiend/HexFiend,18.90 MB
101,XMPPFramework,5875,2053,5875,553,31/03/2011,22/04/2024,24.17 MB,An XMPP Framework in Objective-C for Mac and iOS,Objective-C,https://github.com/robbiehanson/XMPPFramework,24.17 MB
102,FDFullscreenPopGesture,5872,1137,5872,111,29/05/2015,08/07/2021,1.04 MB,A UINavigationController's category to enable fullscreen pop gesture with iOS7+ system style.,Objective-C,https://github.com/forkingdog/FDFullscreenPopGesture,1.04 MB
103,SDAutoLayout,5863,1255,5863,168,17/10/2015,21/05/2026,15.55 MB,One line of code to implement automatic layout.  一行代码搞定自动布局！支持Cell和Tableview高度自适应，Label和ScrollView内容自适应，致力于做最简单易用的AutoLayout库。The most easy way for autoLayout. Based on runtime.,Objective-C,https://github.com/gsdios/SDAutoLayout,15.55 MB
104,VipVideo,5855,697,5855,37,20/03/2018,29/09/2026,6.88 MB,"这是一个Mac/Windows聚合App，聚合常见电视/视频/音乐/小说。比如CCTV中央电视台直播免费观看, 爱奇艺、腾讯视频、芒果视频、优酷视频付费电影，VIP会员剧等免费观看，bilibili、美剧、韩剧、日剧、网易云音乐、腾讯音乐、酷狗音乐、喜马拉雅、起点、七猫、有声小说等",Objective-C,https://github.com/iodefog/VipVideo,6.88 MB
105,PonyDebugger,5848,585,5848,46,21/08/2012,18/03/2023,2.27 MB,Remote network and data debugging for your native iOS app using Chrome Developer Tools,Objective-C,https://github.com/square/PonyDebugger,2.27 MB
106,TPKeyboardAvoiding,5775,910,5775,103,14/04/2011,15/09/2023,237.00 KB,A drop-in universal solution for moving text fields out of the way of the keyboard in iOS,Objective-C,https://github.com/michaeltyson/TPKeyboardAvoiding,237.00 KB
107,ResearchKit,5749,1175,5749,150,10/03/2015,23/09/2026,82.30 MB,ResearchKit is an open source software framework that makes it easy to create apps for medical research or for other research projects.,Objective-C,https://github.com/ResearchKit/ResearchKit,82.30 MB
108,XLForm,5727,930,5727,177,09/04/2014,03/06/2024,13.84 MB,XLForm is the most flexible and powerful iOS library to create dynamic table-view forms. Fully compatible with Swift & Obj-C. ,Objective-C,https://github.com/xmartlabs/XLForm,13.84 MB
109,asi-http-request,5719,1382,5719,167,14/07/2008,15/01/2019,6.99 MB,"Easy to use CFNetwork wrapper for HTTP requests, Objective-C,  Mac OS X and iPhone",Objective-C,https://github.com/pokeb/asi-http-request,6.99 MB
110,EarlGrey,5702,737,5702,260,04/02/2016,30/09/2026,47.19 MB,:tea: iOS UI Automation Test Framework,Objective-C,https://github.com/google/EarlGrey,47.19 MB
111,JLRoutes,5699,687,5699,12,10/02/2013,21/02/2023,684.00 KB,URL routing library for iOS with a simple block-based API,Objective-C,https://github.com/joeldev/JLRoutes,684.00 KB
112,Bolts-ObjC,5617,572,5617,42,30/01/2014,30/08/2021,638.00 KB,Bolts is a collection of low-level libraries designed to make developing mobile apps easier.,Objective-C,https://github.com/BoltsFramework/Bolts-ObjC,638.00 KB
113,CocoaHTTPServer,5605,1302,5605,128,17/12/2011,17/10/2023,1.69 MB,"A small, lightweight, embeddable HTTP server for Mac OS X or iOS applications",Objective-C,https://github.com/robbiehanson/CocoaHTTPServer,1.69 MB
114,ShiftIt,5541,359,5541,165,03/10/2010,20/11/2023,2.32 MB,Managing windows size and position in OSX,Objective-C,https://github.com/fikovnik/ShiftIt,2.32 MB
115,popping,5498,652,5498,4,27/05/2014,05/07/2017,392.00 KB,A collection of animation examples for iOS apps.,Objective-C,https://github.com/schneiderandre/popping,392.00 KB
116,MLeaksFinder,5423,945,5423,73,14/12/2015,11/09/2023,57.00 KB,Find memory leaks in your iOS app at develop time.,Objective-C,https://github.com/Tencent/MLeaksFinder,57.00 KB
117,iOSProject,5411,1604,5411,32,29/03/2017,05/09/2024,480.40 MB,"iOS project comprising a collection of demos for iOS Apps, developed in Objective-C;iOSProject iOSdemo iOSdemos ocdemo ocdemos",Objective-C,https://github.com/NJHu/iOSProject,480.40 MB
118,SAMKeychain,5358,952,5358,41,07/04/2010,20/07/2020,251.00 KB,Simple Objective-C wrapper for the keychain that works on Mac and iOS,Objective-C,https://github.com/soffes/SAMKeychain,251.00 KB
119,IPAPatch,5289,763,5289,43,18/03/2017,27/02/2026,4.64 MB,"Patch iOS Apps, The Easy Way, Without Jailbreak.",Objective-C,https://github.com/Naituw/IPAPatch,4.64 MB
120,Canvas,5272,494,5272,38,05/12/2013,14/07/2019,977.00 KB,Animate in Xcode without code,Objective-C,https://github.com/CanvasPod/Canvas,977.00 KB
121,ViewDeck,5258,953,5258,21,05/12/2011,21/07/2022,4.72 MB,An implementation of the sliding menu found in various iOS apps.,Objective-C,https://github.com/ViewDeck/ViewDeck,4.72 MB
122,Knuff,5215,432,5215,19,13/10/2011,04/09/2022,5.48 MB,The debug application for Apple Push Notification Service (APNs).,Objective-C,https://github.com/KnuffApp/Knuff,5.48 MB
123,XVim,5114,581,5114,305,13/02/2012,09/01/2018,15.33 MB,Xcode plugin for Vim keybindings,Objective-C,https://github.com/XVimProject/XVim,15.33 MB
124,OHHTTPStubs,5067,598,5067,59,10/07/2012,09/05/2024,2.05 MB,"Stub your network requests easily! Test your apps with fake network data and custom response time, response code and headers!",Objective-C,https://github.com/AliSoftware/OHHTTPStubs,2.05 MB
125,CSStickyHeaderFlowLayout,5025,598,5025,24,08/01/2014,17/07/2021,1021.00 KB,"UICollectionView replacement of UITableView. Do even more like Parallax Header, Sticky Section Header. Made for iOS 7.",Objective-C,https://github.com/CSStickyHeaderFlowLayout/CSStickyHeaderFlowLayout,1021.00 KB
126,Cakebrew,5010,257,5010,69,02/04/2014,07/01/2024,12.03 MB,Manage your Homebrew formulas with style using Cakebrew.,Objective-C,https://github.com/brunophilipe/Cakebrew,12.03 MB
127,uebersicht,4997,189,4997,172,06/04/2014,28/06/2025,724.37 MB,ˈyːbɐˌzɪçt,Objective-C,https://github.com/felixhageloh/uebersicht,724.37 MB
128,NSLogger,4977,563,4977,50,30/09/2010,03/06/2026,31.47 MB,"A modern, flexible logging tool",Objective-C,https://github.com/fpillet/NSLogger,31.47 MB
129,EZAudio,4975,813,4975,196,30/11/2013,09/09/2025,9.27 MB,"An iOS and macOS audio visualization framework built upon Core Audio useful for anyone doing real-time, low-latency audio processing and visualizations.",Objective-C,https://github.com/syedhali/EZAudio,9.27 MB
130,AwesomeMenu,4957,765,4957,19,01/12/2011,28/09/2018,885.00 KB,Path 2.0 menu using CoreAnimation :),Objective-C,https://github.com/levey/AwesomeMenu,885.00 KB
131,TOCropViewController,4948,1022,4948,106,06/06/2015,28/07/2026,8.86 MB,A view controller for iOS that allows users to crop portions of UIImage objects,Objective-C,https://github.com/TimOliver/TOCropViewController,8.86 MB
132,FXBlurView,4915,698,4915,76,25/08/2013,18/11/2020,2.14 MB,[DEPRECATED],Objective-C,https://github.com/nicklockwood/FXBlurView,2.14 MB
133,iOS-Performance-Optimization,4879,1087,4879,3,07/05/2016,05/07/2025,98.00 KB,关于iOS 性能优化梳理、内存泄露、卡顿、网络、GPU、电量、 App 包体积瘦身、启动速度优化等、Instruments 高级技巧、常见的优化技能- Get — Edit,Objective-C,https://github.com/skyming/iOS-Performance-Optimization,98.00 KB
134,TSMessages,4837,700,4837,93,13/04/2013,01/06/2023,942.00 KB,💌 Easy to use and customizable messages/notifications for iOS à la Tweetbot,Objective-C,https://github.com/KrauseFx/TSMessages,942.00 KB
135,SVPullToRefresh,4774,1071,4774,146,23/04/2012,08/12/2023,960.00 KB,Give pull-to-refresh & infinite scrolling to any UIScrollView with 1 line of code. ,Objective-C,https://github.com/samvermette/SVPullToRefresh,960.00 KB
136,AAChartKit,4767,745,4767,336,17/03/2017,12/05/2026,11.48 MB,"📈📊🚀🚀🚀An elegant modern declarative data visualization chart framework for iOS, iPadOS and macOS. Extremely powerful, supports line, spline, area, areaspline, column, bar, pie, scatter, angular gauges, arearange, areasplinerange, columnrange, bubble, box plot, error bars, funnel, waterfall and polar chart types. 极其精美而又强大的现代化声明式数据可视化图表框架,支持柱状图、条形图、折线图、曲线图、折线填充图、曲线填充图、气泡图、扇形图、环形图、散点图、雷达图、混合图等各种类型的多达几十种的信息图图表,完全满足工作所需.",Objective-C,https://github.com/AAChartModel/AAChartKit,11.48 MB
137,material-components-ios,4760,960,4760,347,07/10/2015,12/06/2025,184.63 MB,[In maintenance mode] Modular and customizable Material Design UI components for iOS,Objective-C,https://github.com/material-components/material-components-ios,184.63 MB
138,BabyBluetooth,4742,1003,4742,134,31/07/2015,10/03/2021,618.00 KB,":baby: The easiest way to use Bluetooth (BLE )in ios/os ,even bady can use . 一个非常容易使用的蓝牙库,适用于ios和os",Objective-C,https://github.com/coolnameismy/BabyBluetooth,618.00 KB
139,Tweaks,4700,407,4700,23,14/03/2014,15/10/2020,578.00 KB,"An easy way to fine-tune, and adjust parameters for iOS apps in development.",Objective-C,https://github.com/facebookarchive/Tweaks,578.00 KB
140,InjectionIII,4647,349,4647,6,04/11/2017,14/06/2026,1.88 MB,Re-write of Injection for Xcode in (mostly) Swift,Objective-C,https://github.com/johnno1962/InjectionIII,1.88 MB
141,CHTCollectionViewWaterfallLayout,4607,689,4607,46,22/11/2012,18/03/2026,21.42 MB,"The waterfall (i.e., Pinterest-like) layout for UICollectionView.",Objective-C,https://github.com/chiahsien/CHTCollectionViewWaterfallLayout,21.42 MB
142,appirater,4586,832,4586,38,07/09/2009,21/02/2022,236.00 KB,A utility that reminds your iPhone app's users to review the app.,Objective-C,https://github.com/arashpayan/appirater,236.00 KB
143,SVGKit,4581,1123,4581,279,02/04/2011,21/09/2026,24.76 MB,"Display and interact with SVG Images on iOS / OS X, using native rendering (CoreAnimation)",Objective-C,https://github.com/SVGKit/SVGKit,24.76 MB
144,shuttle,4571,403,4571,44,11/07/2013,22/12/2021,3.16 MB,A simple shortcut menu for macOS,Objective-C,https://github.com/fitztrev/shuttle,3.16 MB
145,phoenix,4541,125,4541,48,11/07/2014,31/08/2025,290.97 MB,A lightweight macOS window and app manager scriptable with JavaScript,Objective-C,https://github.com/kasper/phoenix,290.97 MB
146,VCTransitionsLibrary,4515,602,4515,25,10/09/2013,02/01/2020,14.19 MB,"A collection of iOS7 animation controllers and interaction controllers, providing flip, fold and all kinds of other transitions.",Objective-C,https://github.com/ColinEberhardt/VCTransitionsLibrary,14.19 MB
147,KSCrash,4496,741,4496,32,17/06/2012,28/09/2026,357.37 MB,The Ultimate iOS Crash Reporter,Objective-C,https://github.com/kstenerud/KSCrash,357.37 MB
148,libextobjc,4491,460,4491,30,06/03/2011,23/04/2019,1.56 MB,A Cocoa library to extend the Objective-C programming language.,Objective-C,https://github.com/jspahrsummers/libextobjc,1.56 MB
149,SWRevealViewController,4473,962,4473,348,28/12/2012,29/03/2022,6.07 MB,"A UIViewController subclass for presenting side view controllers inspired on the FaceBook and Wunderlist apps, done right !",Objective-C,https://github.com/John-Lluch/SWRevealViewController,6.07 MB
150,iOS9AdaptationTips,4437,978,4437,10,12/06/2015,16/09/2019,20.96 MB,iOS9适配系列教程（iOS开发学习交流群： https://github.com/ChenYilong/iOSBlog/issues/21）,Objective-C,https://github.com/ChenYilong/iOS9AdaptationTips,20.96 MB
151,LTNavigationBar,4414,666,4414,36,15/02/2015,26/09/2018,4.64 MB,UINavigationBar Category which allows you to change its appearance dynamically,Objective-C,https://github.com/ltebean/LTNavigationBar,4.64 MB
152,selfcontrol,4404,465,4404,307,26/03/2009,26/06/2026,13.57 MB,:skull: Mac app to block your own access to distracting websites etc for a predetermined period of time. It can not be undone by the app or by a restart – you must wait for the timer to run out.,Objective-C,https://github.com/SelfControlApp/selfcontrol,13.57 MB
153,MyLinearLayout,4401,886,4401,34,13/06/2015,15/03/2026,41.47 MB,"MyLayout is a powerful iOS UI framework implemented by Objective-C. It integrates the functions with Android Layout,iOS AutoLayout,SizeClass, HTML CSS float and flexbox and bootstrap. So you can use LinearLayout,RelativeLayout,FrameLayout,TableLayout,FlowLayout,FloatLayout,PathLayout,GridLayout,LayoutSizeClass to build your App 自动布局 UIView UITableView UICollectionView RTL",Objective-C,https://github.com/youngsoft/MyLinearLayout,41.47 MB
154,LFLiveKit,4384,1094,4384,142,08/06/2016,07/04/2023,7.36 MB,"LaiFeng IOS Live Kit,H264 and AAC Hard coding，support GPUImage Beauty， rtmp transmission，weak network lost frame，Dynamic switching rate",Objective-C,https://github.com/LaiFengiOS/LFLiveKit,7.36 MB
155,YYModel,4344,922,4344,137,22/10/2015,21/12/2022,920.00 KB,High performance model framework for iOS/OSX.,Objective-C,https://github.com/ibireme/YYModel,920.00 KB
156,BeeHive,4324,773,4324,46,01/08/2016,25/09/2020,441.00 KB,":honeybee: BeeHive is a solution for iOS Application module programs, it absorbed the Spring Framework API service concept to avoid coupling between modules.",Objective-C,https://github.com/alibaba/BeeHive,441.00 KB
157,ECSlidingViewController,4280,799,4280,159,25/01/2012,13/01/2018,1.49 MB,Customizable sliding view controller container.,Objective-C,https://github.com/ECSlidingViewController/ECSlidingViewController,1.49 MB
158,WebDriverAgent,4259,1677,4259,180,03/09/2015,26/12/2019,15.69 MB,A WebDriver server for iOS that runs inside the Simulator.,Objective-C,https://github.com/facebookarchive/WebDriverAgent,15.69 MB
159,Reader,4245,1117,4245,1,10/09/2010,30/12/2019,1.80 MB,PDF Reader Core for iOS,Objective-C,https://github.com/vfr/Reader,1.80 MB
160,LSUnusedResources,4213,720,4213,10,26/08/2015,09/08/2023,9.01 MB,A Mac App to find unused images and resources in Xcode project.,Objective-C,https://github.com/tinymind/LSUnusedResources,9.01 MB
161,MessageDisplayKit,4212,1168,4212,78,24/04/2014,09/08/2017,47.44 MB,"An IM App like WeChat App has to send text, pictures, audio, video, location messaging, managing local address book, share a circle of friends, drifting friends, shake a fun and more interesting features.",Objective-C,https://github.com/xhzengAIB/MessageDisplayKit,47.44 MB
162,flash-moe,4193,514,4193,19,18/03/2026,19/03/2026,2.09 MB,Running a big model on a small laptop,Objective-C,https://github.com/danveloper/flash-moe,2.09 MB
163,appledoc,4185,647,4185,188,24/04/2009,18/04/2023,42.85 MB,Objective-c code Apple style documentation set generator.,Objective-C,https://github.com/tomaz/appledoc,42.85 MB
164,vap,4181,577,4181,124,31/08/2020,15/10/2025,143.98 MB,"VAP是企鹅电竞开发，用于播放特效动画的实现方案。具有高压缩率、硬件解码等优点。同时支持 iOS,Android,Web 平台。",Objective-C,https://github.com/Tencent/vap,143.98 MB
165,KSImageNamed-Xcode,4127,666,4127,5,25/01/2013,29/03/2017,224.00 KB,Xcode plug-in that provides autocomplete for imageNamed: calls,Objective-C,https://github.com/ksuther/KSImageNamed-Xcode,224.00 KB
166,CRToast,4121,456,4121,69,13/02/2014,02/05/2024,7.92 MB,A modern iOS toast view that can fit your notification needs,Objective-C,https://github.com/cruffenach/CRToast,7.92 MB
167,Kiwi,4106,499,4106,89,13/06/2010,05/09/2023,3.35 MB,Simple BDD for iOS,Objective-C,https://github.com/kiwi-bdd/Kiwi,3.35 MB
168,FormatterKit,4078,441,4078,0,25/07/2011,07/07/2019,947.00 KB,`stringWithFormat:` for the sophisticated hacker set,Objective-C,https://github.com/FormatterKit/FormatterKit,947.00 KB
169,iRate,4074,713,4074,76,04/02/2011,13/10/2023,681.00 KB,[DEPRECATED],Objective-C,https://github.com/nicklockwood/iRate,681.00 KB
170,HMSegmentedControl,4069,817,4069,17,25/12/2012,26/03/2024,1.18 MB,A highly customizable drop-in replacement for UISegmentedControl.,Objective-C,https://github.com/HeshamMegid/HMSegmentedControl,1.18 MB
171,RNStudyNotes,4054,732,4054,13,22/07/2016,27/07/2020,8.16 MB,React Native 研究与实践,Objective-C,https://github.com/crazycodeboy/RNStudyNotes,8.16 MB
172,cocos2d-objc,4036,1147,4036,191,31/03/2010,06/09/2021,48.04 MB,"Cocos2d for iOS and OS X, built using Objective-C",Objective-C,https://github.com/cocos2d/cocos2d-objc,48.04 MB
173,PINRemoteImage,4025,517,4025,62,23/07/2015,25/09/2026,22.96 MB,"A thread safe, performant, feature rich image fetcher",Objective-C,https://github.com/pinterest/PINRemoteImage,22.96 MB
174,Itsycal,4013,269,4013,90,27/01/2016,25/09/2026,8.69 MB,Itsycal is a tiny calendar for your Mac's menu bar. http://www.mowglii.com/itsycal,Objective-C,https://github.com/sfsam/Itsycal,8.69 MB
175,coobjc,4008,519,4008,26,26/02/2019,19/06/2024,2.86 MB,"coobjc provides coroutine support for Objective-C and Swift. We added await method、generator and actor model like C#、Javascript and Kotlin. For convenience, we added coroutine categories for some Foundation and UIKit API in cokit framework like NSFileManager, JSON, NSData, UIImage etc. We also add tuple support in coobjc.",Objective-C,https://github.com/alibaba/coobjc,2.86 MB
176,CTMediator,4007,763,4007,5,13/03/2016,18/04/2024,117.00 KB,The mediator with no regist process to split your iOS Project into multiple project.,Objective-C,https://github.com/casatwy/CTMediator,117.00 KB
177,syncthing-macos,3948,202,3948,46,12/06/2016,17/09/2026,22.40 MB,Official frugal and native macOS Syncthing application bundle,Objective-C,https://github.com/syncthing/syncthing-macos,22.40 MB
178,MMWormhole,3929,319,3929,19,07/12/2014,02/02/2024,603.00 KB,Message passing between iOS apps and extensions.,Objective-C,https://github.com/griddynamics-archive/MMWormhole,603.00 KB
179,M13ProgressSuite,3894,517,3894,48,23/12/2013,05/03/2022,25.55 MB,A suite containing many tools to display progress information on iOS.,Objective-C,https://github.com/Marxon13/M13ProgressSuite,25.55 MB
180,CBStoreHouseRefreshControl,3883,464,3883,26,04/11/2014,02/01/2020,1.34 MB,Fully customizable pull-to-refresh control inspired by Storehouse iOS app,Objective-C,https://github.com/coolbeet/CBStoreHouseRefreshControl,1.34 MB
181,Toast,3881,701,3881,3,17/07/2011,09/04/2024,1002.00 KB,An Objective-C category that adds toast notifications to the UIView object class.,Objective-C,https://github.com/scalessec/Toast,1002.00 KB
182,NJKWebViewProgress,3862,583,3862,40,21/04/2013,04/01/2020,654.00 KB,UIWebView progress interface,Objective-C,https://github.com/ninjinkun/NJKWebViewProgress,654.00 KB
183,gasmask,3860,260,3860,87,27/08/2013,01/03/2026,3.07 MB,Hosts file manager for macOS,Objective-C,https://github.com/2ndalpha/gasmask,3.07 MB
184,tapkulibrary,3854,634,3854,69,03/07/2009,24/11/2017,20.10 MB,"tap + haiku = tapku, a well crafted open source iOS framework",Objective-C,https://github.com/devinross/tapkulibrary,20.10 MB
185,bilibili-mac-client,3838,404,3838,117,31/03/2015,30/09/2018,40.46 MB,An unofficial bilibili client for mac,Objective-C,https://github.com/typcn/bilibili-mac-client,40.46 MB
186,promises,3828,316,3828,43,19/01/2018,09/06/2026,511.00 KB,Promises is a modern framework that provides a synchronization construct for Swift and Objective-C.,Objective-C,https://github.com/google/promises,511.00 KB
187,Clutch,3826,650,3826,43,10/01/2014,15/11/2024,37.29 MB,Fast iOS executable dumper,Objective-C,https://github.com/KJCracks/Clutch,37.29 MB
188,PKRevealController,3820,644,3820,93,20/12/2011,22/08/2016,1.10 MB,"PKRevealController is a delightful view controller container for iOS, enabling you to present multiple controllers on top of one another.",Objective-C,https://github.com/pkluz/PKRevealController,1.10 MB
189,Coding-iOS,3780,1254,3780,5,09/09/2015,23/05/2019,63.65 MB,CODING iOS 客户端源代码,Objective-C,https://github.com/coding/Coding-iOS,63.65 MB
190,ZSSRichTextEditor,3778,588,3778,131,30/01/2014,07/09/2021,786.00 KB,A beautiful rich text WYSIWYG editor for iOS with a syntax highlighted source view,Objective-C,https://github.com/nnhubbard/ZSSRichTextEditor,786.00 KB
191,PYSearch,3773,734,3773,99,23/10/2016,30/09/2020,702.00 KB,🔍 An elegant search controller which replaces the UISearchController for iOS (iPhone & iPad) .,Objective-C,https://github.com/ko1o/PYSearch,702.00 KB
192,nui,3730,449,3730,124,26/11/2012,21/11/2023,2.12 MB,"Style iOS apps with a stylesheet, similar to CSS",Objective-C,https://github.com/tombenner/nui,2.12 MB
193,LuaViewSDK,3725,759,3725,36,07/01/2016,16/05/2022,209.33 MB,"A cross-platform framework to build native, dynamic and swift user interface - 强大轻巧灵活的客户端动态化解决方案",Objective-C,https://github.com/alibaba/LuaViewSDK,209.33 MB
194,EAIntroView,3725,481,3725,20,14/09/2013,10/11/2020,3.11 MB,Highly customizable drop-in solution for introduction views.,Objective-C,https://github.com/ealeksandrov/EAIntroView,3.11 MB
195,SBJson,3715,674,3715,1,14/06/2010,18/05/2026,4.70 MB,This framework implements a strict JSON parser and generator in Objective-C.,Objective-C,https://github.com/SBJson/SBJson,4.70 MB
196,TLYShyNavBar,3693,418,3693,73,15/06/2014,20/09/2018,20.70 MB,"Unlike all those arrogant UINavigationBar, this one is shy and humble! Easily create auto-scrolling navigation bars!",Objective-C,https://github.com/telly/TLYShyNavBar,20.70 MB
197,JBChartView,3693,402,3693,10,14/11/2013,06/08/2018,10.60 MB,iOS-based charting library for both line and bar graphs.,Objective-C,https://github.com/Jawbone/JBChartView,10.60 MB
198,MVVMReactiveCocoa,3683,781,3683,42,12/01/2015,05/02/2018,81.81 MB,GitBucket iOS App,Objective-C,https://github.com/leichunfeng/MVVMReactiveCocoa,81.81 MB
199,XHLaunchAd,3677,738,3677,177,13/06/2016,11/10/2022,38.67 MB,"🔥The screen opening advertising solutions - 开屏广告、启动广告解决方案-支持静态/动态图片广告,mp4视频广告,全屏/半屏广告、兼容iPhone/iPad. 【 Github下载不了/下载慢 可以访问国内下载地址: https://gitee.com/CoderZhuXH/XHLaunchAd】",Objective-C,https://github.com/CoderZhuXH/XHLaunchAd,38.67 MB
200,FoldingTabBar.iOS,3661,449,3661,14,03/04/2015,13/06/2022,593.00 KB,Folding Tab Bar and Tab Bar Controller,Objective-C,https://github.com/Yalantis/FoldingTabBar.iOS,593.00 KB
201,RuntimeBrowser,3660,521,3660,16,22/03/2011,10/09/2026,5.58 MB,"Objective-C Runtime Browser, for Mac OS X and iOS",Objective-C,https://github.com/nst/RuntimeBrowser,5.58 MB
202,Scroll-Reverser,3615,175,3615,51,26/10/2011,13/12/2025,9.29 MB,Per-device scrolling prefs on macOS.,Objective-C,https://github.com/pilotmoon/Scroll-Reverser,9.29 MB
203,openshare,3614,649,3614,93,19/05/2015,24/09/2018,4.35 MB,不用官方SDK，利用社交软件移动客户端(微信/QQ/微博/人人/支付宝)分享/登录/支付。,Objective-C,https://github.com/100apps/openshare,4.35 MB
204,iReSign,3613,905,3613,81,25/11/2012,01/12/2023,1.08 MB,"iReSign allows iDevice app bundles (.ipa) files to be signed or resigned with a digital certificate from Apple for distribution. This tool is aimed at enterprises users, for enterprise deployment, when the person signing the app is different than the person(s) developing it.",Objective-C,https://github.com/maciekish/iReSign,1.08 MB
205,class-dump,3586,901,3586,41,18/04/2011,06/04/2022,3.71 MB,Generate Objective-C headers from Mach-O files.,Objective-C,https://github.com/nygard/class-dump,3.71 MB
206,SXNews,3548,1040,3548,46,08/02/2015,25/10/2018,34.08 MB,"High imitation Neteasy News. (include list,detail,photoset,weather,feedback)",Objective-C,https://github.com/dsxNiubility/SXNews,34.08 MB
207,MacGap1,3534,206,3534,56,09/01/2012,26/03/2020,942.00 KB,Desktop WebKit wrapper for HTML/CSS/JS applications.,Objective-C,https://github.com/MacGapProject/MacGap1,942.00 KB
208,YYWebImage,3523,607,3523,117,29/10/2015,05/11/2020,27.51 MB,Asynchronous image loading framework.,Objective-C,https://github.com/ibireme/YYWebImage,27.51 MB
209,DKNightVersion,3513,511,3513,36,14/04/2015,03/09/2019,9.97 MB,"Manage Colors, Integrate Night/Multiple Themes. (Unmaintained)",Objective-C,https://github.com/draveness/DKNightVersion,9.97 MB
210,Hackintool,3501,270,3501,97,01/05/2019,26/03/2026,36.51 MB,The Swiss army knife of vanilla Hackintoshing,Objective-C,https://github.com/benbaker76/Hackintool,36.51 MB
211,peertalk,3492,509,3492,26,23/03/2012,27/04/2022,584.00 KB,iOS and Mac Cocoa library for communicating over USB,Objective-C,https://github.com/rsms/peertalk,584.00 KB
212,SCLAlertView,3491,517,3491,0,26/09/2014,27/07/2026,1.39 MB,Beautiful animated Alert View. Written in Objective-C,Objective-C,https://github.com/dogo/SCLAlertView,1.39 MB
213,Platypus,3451,198,3451,35,28/03/2011,13/05/2026,90.85 MB,Create native macOS applications from command line scripts.,Objective-C,https://github.com/sveinbjornt/Platypus,90.85 MB
214,DeepLinkKit,3448,280,3448,23,08/12/2014,25/11/2025,479.00 KB,"A splendid route-matching, block-based way to handle your deep links.",Objective-C,https://github.com/button/DeepLinkKit,479.00 KB
215,Chameleon,3442,567,3442,46,21/03/2011,14/04/2015,7.08 MB,Chameleon is a port of Apple's UIKit for iOS (and some minimal related frameworks) to Mac OS X.,Objective-C,https://github.com/BigZaphod/Chameleon,7.08 MB
216,gf,3436,107,3436,57,25/06/2019,16/06/2026,1.51 MB,A GDB frontend for Lïnux.,Objective-C,https://github.com/nakst/gf,1.51 MB
217,Telegram,3435,887,3435,290,26/02/2014,14/01/2019,78.97 MB,Telegram Messenger for iOS,Objective-C,https://github.com/peter-iakovlev/Telegram,78.97 MB
218,TABAnimated,3399,534,3399,43,15/09/2018,19/09/2024,39.57 MB,A skeleton screen loading framework based on native for iOS. (一个由iOS原生组件映射出骨架屏的框架，包含快速植入，低耦合，兼容复杂视图等特点，提供国内主流骨架屏动画的加载方案，同时支持上拉加载更多、自定制动画。),Objective-C,https://github.com/tigerAndBull/TABAnimated,39.57 MB
219,FBMemoryProfiler,3377,370,3377,20,07/04/2016,25/04/2020,1.80 MB,iOS tool that helps with profiling iOS Memory usage.,Objective-C,https://github.com/facebookarchive/FBMemoryProfiler,1.80 MB
220,JGProgressHUD,3367,334,3367,4,20/07/2014,18/10/2023,18.75 MB,"An elegant and simple progress HUD for iOS and tvOS, compatible with Swift and ObjC.",Objective-C,https://github.com/JonasGessner/JGProgressHUD,18.75 MB
221,KMNavigationBarTransition,3346,444,3346,40,04/01/2016,02/10/2023,3.90 MB,"A drop-in universal library helps you to manage the navigation bar styles and makes transition animations smooth between different navigation bar styles while pushing or popping a view controller for all orientations. And you don't need to write any line of code for it, it all happens automatically.",Objective-C,https://github.com/MoZhouqi/KMNavigationBarTransition,3.90 MB
222,YapDatabase,3329,369,3329,110,20/12/2012,07/09/2022,13.73 MB,"YapDB is a collection/key/value store with a plugin architecture. It's built atop sqlite, for Swift & objective-c developers.",Objective-C,https://github.com/yapstudios/YapDatabase,13.73 MB
223,ssl-kill-switch2,3321,490,3321,19,11/07/2015,09/07/2023,623.00 KB,Blackbox tool to disable SSL certificate validation - including certificate pinning - within iOS and macOS applications.,Objective-C,https://github.com/nabla-c0d3/ssl-kill-switch2,623.00 KB
224,JKCategories,3315,920,3315,14,15/12/2014,31/05/2024,1.90 MB,"JKCategories(iOS-Categories,Category), a collection of useful Objective-C Categories extending iOS Frameworks such as Foundation,UIKit,CoreData,QuartzCore,CoreLocation,MapKit Etc.",Objective-C,https://github.com/shaojiankui/JKCategories,1.90 MB
225,BeeFramework,3310,1043,3310,60,28/08/2012,23/09/2016,27.64 MB,[Experimental] A semi-hybrid framework that allows you to create mobile apps using Objective-C and XML/CSS,Objective-C,https://github.com/gavinkwoe/BeeFramework,27.64 MB
226,Tunnelblick,3284,368,3284,65,17/07/2015,29/09/2026,1.20 GB,The official Tunnelblick website is at https://tunnelblick.net; the official Tunnelblick GitHub repository is at https://github.com/Tunnelblick,Objective-C,https://github.com/Tunnelblick/Tunnelblick,1.20 GB
227,WMPlayer,3271,759,3271,50,02/02/2016,18/04/2025,269.29 MB,WMPlayer-AVPlayer的封装，继承UIView，支持pods，手势快进、快退，全面适配全面屏，同时支持网络和本地视频的播放,Objective-C,https://github.com/zhengwenming/WMPlayer,269.29 MB
228,PojavLauncher_iOS,3252,1452,3252,111,28/12/2020,23/09/2025,224.31 MB,A Minecraft: Java Edition Launcher for Android and iOS based on Boardwalk. Succeeded by https://github.com/AngelAuraMC/Amethyst-iOS,Objective-C,https://github.com/PojavLauncherTeam/PojavLauncher_iOS,224.31 MB
229,LBXScan,3238,683,3238,171,17/11/2015,05/02/2024,2.65 MB,A barcode and qr code scanner (二维码、扫码、扫一扫、ZXing、ZBar、iOS系统AVFoundation扫码封装，扫码界面效果封装),Objective-C,https://github.com/MxABC/LBXScan,2.65 MB
230,iOS-InterviewQuestion-collection,3231,762,3231,15,09/03/2018,09/06/2021,331.00 KB,iOS 开发者在面试过程中，常见的一些面试题，建议尽量弄懂了原理，并且多实践。,Objective-C,https://github.com/liberalisman/iOS-InterviewQuestion-collection,331.00 KB
231,EGOTableViewPullRefresh,3230,862,3230,43,16/10/2009,07/01/2024,1.11 MB,A similar control to the pull down to refresh control created by atebits in Tweetie 2.,Objective-C,https://github.com/enormego/EGOTableViewPullRefresh,1.11 MB
232,origami,3226,418,3226,3,16/12/2013,15/11/2016,650.97 MB,A Quartz Composer framework that enables interactive design prototyping without programming.,Objective-C,https://github.com/facebookarchive/origami,650.97 MB
233,FuzzyAutocompletePlugin,3218,347,3218,18,20/10/2013,16/06/2017,894.00 KB,A Xcode 5+ plugin that adds more flexible autocompletion rather than just prefix-matching.,Objective-C,https://github.com/FuzzyAutocomplete/FuzzyAutocompletePlugin,894.00 KB
234,InAppSettingsKit,3215,539,3215,9,12/01/2010,04/05/2026,4.29 MB,This iOS framework allows settings to be in-app in addition to or instead of being in the Settings app.,Objective-C,https://github.com/futuretap/InAppSettingsKit,4.29 MB
235,bluepill,3203,227,3203,54,11/01/2017,12/08/2024,7.37 MB,Bluepill is a reliable iOS testing tool that runs UI tests using multiple simulators on a single machine,Objective-C,https://github.com/MobileNativeFoundation/bluepill,7.37 MB
236,JHChainableAnimations,3196,303,3196,10,30/04/2015,04/01/2018,1.67 MB,Easy to read and write chainable animations in Objective-C and Swift,Objective-C,https://github.com/jhurray/JHChainableAnimations,1.67 MB
237,GSD_WeiXin,3165,1020,3165,44,06/03/2016,26/03/2018,3.66 MB,高仿微信,Objective-C,https://github.com/gsdios/GSD_WeiXin,3.66 MB
238,MSDynamicsDrawerViewController,3165,388,3165,0,16/11/2012,28/09/2020,19.40 MB,Container view controller that leverages UIKit Dynamics to provide a realistic drawer navigation paradigm.,Objective-C,https://github.com/erichoracek/MSDynamicsDrawerViewController,19.40 MB
239,ChatSecure-iOS,3151,1012,3151,439,12/08/2011,01/08/2024,46.79 MB,ChatSecure is a free and open source encrypted chat client for iOS that supports OTR and OMEMO encryption over XMPP.,Objective-C,https://github.com/ChatSecure/ChatSecure-iOS,46.79 MB
240,iOS8-Sampler,3111,361,3111,0,08/09/2014,28/03/2020,3.26 MB,Code examples for the new features of iOS 8.,Objective-C,https://github.com/shu223/iOS8-Sampler,3.26 MB
241,RealReachability,3097,491,3097,15,21/01/2016,29/04/2026,178.00 KB,We need to observe the REAL reachability of network. That's what RealReachability do.,Objective-C,https://github.com/dustturtle/RealReachability,178.00 KB
242,MenuMeters,3083,232,3083,105,31/07/2015,20/05/2024,4.70 MB,my fork of MenuMeters by http://www.ragingmenace.com/software/menumeters/,Objective-C,https://github.com/yujitach/MenuMeters,4.70 MB
243,Colours,3080,297,3080,13,17/03/2013,22/09/2019,974.00 KB,A beautiful set of predefined colors and a set of color methods to make your iOS/OSX development life easier.,Objective-C,https://github.com/bennyguitar/Colours,974.00 KB
244,UICKeyChainStore,3077,378,3077,24,20/11/2011,14/10/2023,369.00 KB,"UICKeyChainStore is a simple wrapper for Keychain on iOS, watchOS, tvOS and macOS. Makes using Keychain APIs as easy as NSUserDefaults.",Objective-C,https://github.com/kishikawakatsumi/UICKeyChainStore,369.00 KB
245,TheAmazingAudioEngine,3076,565,3076,59,14/10/2012,19/05/2021,18.18 MB,"Core Audio, Cordially: A sophisticated framework for iOS audio applications, built so you don't have to.",Objective-C,https://github.com/TheAmazingAudioEngine/TheAmazingAudioEngine,18.18 MB
246,zxingify-objc,3074,758,3074,17,16/03/2012,13/07/2024,185.17 MB,An Objective-C Port of ZXing,Objective-C,https://github.com/zxingify/zxingify-objc,185.17 MB
247,plcrashreporter,3069,561,3069,0,22/07/2013,25/02/2026,23.25 MB,"Reliable, open-source crash reporting for iOS, macOS and tvOS",Objective-C,https://github.com/microsoft/plcrashreporter,23.25 MB
248,VBFPopFlatButton,3060,285,3060,8,17/08/2014,15/07/2024,940.00 KB,Flat button with 9 different states using POP,Objective-C,https://github.com/victorBaro/VBFPopFlatButton,940.00 KB
249,QuickDialog,3056,631,3056,150,12/08/2011,23/09/2022,22.07 MB,QuickDialog - Quick and easy dialog screens for iOS,Objective-C,https://github.com/escoz/QuickDialog,22.07 MB
250,BLKFlexibleHeightBar,3056,336,3056,40,09/03/2015,09/05/2019,148.00 KB,"Create condensing header bars like those seen in the Facebook, Square Cash, and Safari iOS apps.",Objective-C,https://github.com/bryankeller/BLKFlexibleHeightBar,148.00 KB
251,JXPagingView,3049,601,3049,68,10/08/2018,14/04/2025,10.00 MB,类似微博主页、简书主页等效果。多页面嵌套，既可以上下滑动，也可以左右滑动切换页面。支持HeaderView悬浮、支持下拉刷新、上拉加载更多。,Objective-C,https://github.com/pujiaxin33/JXPagingView,10.00 MB
252,launchrocket,3038,108,3038,26,03/08/2012,09/08/2018,676.00 KB,A Mac PrefPane to manage all your Homebrew-installed services,Objective-C,https://github.com/jimbojsb/launchrocket,676.00 KB
253,SCRecorder,3037,566,3037,233,05/08/2013,25/05/2021,4.09 MB,"iOS camera engine with Vine-like tap to record, animatable filters, slow motion, segments editing",Objective-C,https://github.com/rFlex/SCRecorder,4.09 MB
254,RKNotificationHub,3026,319,3026,3,01/10/2014,02/11/2018,487.00 KB,Make any UIView a full fledged notification center,Objective-C,https://github.com/cwRichardKim/RKNotificationHub,487.00 KB
255,MKNetworkKit,3024,740,3024,151,25/11/2011,29/05/2017,4.84 MB,Modern NSURLSession based Networking Framework with built in authentication and HTTP 1.1 caching standards support for iOS 8+ devices,Objective-C,https://github.com/MKSG-MugunthKumar/MKNetworkKit,4.84 MB
256,TMCache,3019,370,3019,17,21/12/2012,27/09/2018,3.70 MB,Fast parallel object cache for iOS and OS X.,Objective-C,https://github.com/TumblrArchive/TMCache,3.70 MB
257,mogenerator,3015,385,3015,22,18/03/2009,27/06/2025,1.96 MB,Core Data code generation,Objective-C,https://github.com/rentzsch/mogenerator,1.96 MB
258,JASidePanels,2979,585,2979,113,16/03/2012,27/10/2022,13.09 MB,Reveal side ViewControllers similar to Facebook/Path's menu,Objective-C,https://github.com/gotosleep/JASidePanels,13.09 MB
259,Solve-App-Store-Review-Problem,2978,422,2978,1,10/08/2016,29/06/2019,15.44 MB,"a collection   to solve app store review problem (ipv6,ipv6被拒绝,后台定位等审核问题的终极解决方案汇总)",Objective-C,https://github.com/zhichengfalv/Solve-App-Store-Review-Problem,15.44 MB
260,radiant-player-mac,2968,253,2968,111,02/02/2014,29/03/2021,46.95 MB,":notes: Turn Google Play Music into a separate, beautiful application that integrates with your Mac.",Objective-C,https://github.com/radiant-player/radiant-player-mac,46.95 MB
261,cheddar-ios,2960,615,2960,19,26/07/2012,02/09/2013,228.00 KB,Cheddar for iOS,Objective-C,https://github.com/soffes/cheddar-ios,228.00 KB
262,WRNavigationBar,2952,596,2952,7,09/04/2017,19/07/2021,62.93 MB,超简单！！！ 一行代码设置状态栏、导航栏按钮、标题、颜色、透明度，移动等    WRNavigationBar which allows you to change NavigationBar's appearance dynamically,Objective-C,https://github.com/wangrui460/WRNavigationBar,62.93 MB
263,Quicksilver,2935,291,2935,80,02/11/2009,18/09/2026,32.16 MB,Quicksilver Project Source,Objective-C,https://github.com/quicksilver/Quicksilver,32.16 MB
264,REFrostedViewController,2931,477,2931,91,18/09/2013,13/10/2022,5.28 MB,iOS 7/8 style blurred view controller that appears on top of your view controller.,Objective-C,https://github.com/romaonthego/REFrostedViewController,5.28 MB
265,MCSwipeTableViewCell,2931,406,2931,31,02/03/2013,17/09/2018,1.58 MB,:point_up_2: Convenient UITableViewCell subclass that implements a swippable content to trigger actions (similar to the Mailbox app).,Objective-C,https://github.com/alikaragoz/MCSwipeTableViewCell,1.58 MB
266,XCDYouTubeKit,2922,607,2922,50,17/05/2013,08/04/2024,102.63 MB,"YouTube video player for iOS, tvOS and macOS",Objective-C,https://github.com/0xced/XCDYouTubeKit,102.63 MB
267,FXForms,2906,334,2906,221,04/03/2014,10/04/2019,708.00 KB,[DEPRECATED],Objective-C,https://github.com/nicklockwood/FXForms,708.00 KB
268,react-native-wechat,2900,706,2900,231,16/10/2015,04/01/2023,57.02 MB,"🚀 WeChat login, share, favorite and payment for React-Native on iOS and Android platforms (QQ: 336021910)",Objective-C,https://github.com/yorkie/react-native-wechat,57.02 MB
269,idev-recipes,2893,893,2893,21,03/12/2010,23/04/2014,1.50 MB,Open source code for the idevrecipes.com blog,Objective-C,https://github.com/boctor/idev-recipes,1.50 MB
270,WMPageController,2892,615,2892,289,14/06/2015,23/08/2023,21.94 MB,An easy solution to page controllers like NetEase News,Objective-C,https://github.com/wangmchn/WMPageController,21.94 MB
271,iOS7-Sampler,2889,462,2889,1,23/09/2013,28/03/2020,1.59 MB,Code examples for the new features of iOS 7.,Objective-C,https://github.com/shu223/iOS7-Sampler,1.59 MB
272,Animations,2885,618,2885,1,16/11/2015,15/07/2020,51.69 MB,The Animation Collection.,Objective-C,https://github.com/YouXianMing/Animations,51.69 MB
273,ClangFormat-Xcode,2872,281,2872,34,07/01/2014,04/11/2020,23.47 MB,Xcode plug-in to to use clang-format from in Xcode and consistently format your code with Clang,Objective-C,https://github.com/travisjeffery/ClangFormat-Xcode,23.47 MB
274,TYAttributedLabel,2871,570,2871,79,07/05/2015,16/03/2023,5.07 MB,TYAttributedLabel 简单，强大的属性文本控件(无需了解CoreText)，支持图文混排显示，支持添加链接，image和UIView控件，支持自定义排版显示,Objective-C,https://github.com/12207480/TYAttributedLabel,5.07 MB
275,NYTPhotoViewer,2870,387,2870,78,11/02/2015,04/02/2026,41.06 MB,A modern photo viewing experience for iOS.,Objective-C,https://github.com/nytimes/NYTPhotoViewer,41.06 MB
276,LookinServer,2869,444,2869,40,23/07/2019,17/07/2024,22.00 MB,Free macOS app for iOS view debugging.,Objective-C,https://github.com/QMUI/LookinServer,22.00 MB
277,kxmovie,2852,897,2852,131,25/10/2012,11/07/2024,2.14 MB,movie player for iOS using ffmpeg,Objective-C,https://github.com/kolyvan/kxmovie,2.14 MB
278,YoCelsius,2847,538,2847,2,21/04/2015,14/03/2023,7.89 MB,A weather app that uses animation to give you an at-a-glance look at the weather.,Objective-C,https://github.com/YouXianMing/YoCelsius,7.89 MB
279,ParseSourceCodeStudy,2844,529,2844,17,04/09/2015,16/09/2019,6.31 MB,Facebook开源的Parse源码分析【系列】,Objective-C,https://github.com/ChenYilong/ParseSourceCodeStudy,6.31 MB
280,beardedspice,2841,267,2841,400,15/01/2014,12/05/2021,52.67 MB,Mac Media Keys for the Masses,Objective-C,https://github.com/beardedspice/beardedspice,52.67 MB
281,XAlign,2841,376,2841,57,01/12/2013,08/12/2021,4.02 MB,An amazing Xcode Source Editor extension to align regular code. It can align anything in any way you want.,Objective-C,https://github.com/qfish/XAlign,4.02 MB
282,fb-mac-messenger,2835,231,2835,140,08/04/2015,15/02/2026,8.05 MB,⚡️ Mac app wrapping Facebook's Messenger for desktop,Objective-C,https://github.com/rsms/fb-mac-messenger,8.05 MB
283,qlstephen,2835,162,2835,40,14/01/2009,20/05/2023,1.74 MB,A QuickLook plugin that lets you view plain text files without a file extension,Objective-C,https://github.com/whomwah/qlstephen,1.74 MB
284,chrome-cli,2814,106,2814,56,09/02/2014,03/09/2025,101.00 KB,Control Google Chrome from the command line,Objective-C,https://github.com/prasmussen/chrome-cli,101.00 KB
285,Parse-SDK-iOS-OSX,2808,865,2808,56,12/08/2015,13/09/2026,65.20 MB,"The Apple SDK for Parse Platform (iOS, macOS, watchOS, tvOS)",Objective-C,https://github.com/parse-community/Parse-SDK-iOS-OSX,65.20 MB
286,Ejecta,2808,317,2808,49,25/09/2012,22/06/2021,130.28 MB,"A Fast, Open Source JavaScript, Canvas & Audio Implementation for iOS",Objective-C,https://github.com/phoboslab/Ejecta,130.28 MB
287,ZLSwipeableView,2802,322,2802,59,02/11/2014,13/06/2016,5.87 MB,A simple view for building card like interface inspired by Tinder and Potluck.,Objective-C,https://github.com/zhxnlai/ZLSwipeableView,5.87 MB
288,titanium-sdk,2801,1200,2801,226,15/06/2009,01/10/2026,1.59 GB,🚀 Native iOS and Android Apps with JavaScript & TypeScript,Objective-C,https://github.com/tidev/titanium-sdk,1.59 GB
289,FontAwesomeKit,2799,308,2799,55,16/02/2013,27/01/2021,1.71 MB,"Icon font library for iOS. Currently supports Font-Awesome, Foundation icons, Zocial, and ionicons.",Objective-C,https://github.com/PrideChung/FontAwesomeKit,1.71 MB
290,hpple,2793,463,2793,39,01/02/2009,15/07/2021,112.00 KB,"An XML/HTML parser for Objective-C, inspired by Hpricot.",Objective-C,https://github.com/topfunky/hpple,112.00 KB
291,VVeboTableViewDemo,2783,493,2783,12,25/05/2015,04/01/2020,374.00 KB,VVebo剥离的TableView绘制,Objective-C,https://github.com/johnil/VVeboTableViewDemo,374.00 KB
292,ColorSense-for-Xcode,2774,434,2774,43,08/09/2012,22/03/2016,396.00 KB,Plugin for Xcode to make working with colors more visual,Objective-C,https://github.com/omz/ColorSense-for-Xcode,396.00 KB
293,core-plot,2758,594,2758,47,22/12/2013,04/05/2026,65.80 MB,Core Plot source code and example applications,Objective-C,https://github.com/core-plot/core-plot,65.80 MB
294,MiaowShow,2752,909,2752,23,05/07/2016,25/01/2022,15.30 MB,iOS视频直播项目,Objective-C,https://github.com/SunLiner/MiaowShow,15.30 MB
295,TIMSDK,2748,2729,2748,398,17/01/2019,21/09/2026,1.02 GB,"Free Chat SDK (IM SDK) — 1,000 MAU/month free forever with push notifications & no concurrency limits. Build in-app messaging with chat API, UIKit & send message. Supports Android, iOS, Flutter, Web, React Native, uni-app, HarmonyOS & more.",Objective-C,https://github.com/TencentCloud/TIMSDK,1.02 GB
296,DOUAudioStreamer,2747,543,2747,91,07/05/2013,31/05/2026,6.35 MB,A Core Audio based streaming audio player for iOS and macOS,Objective-C,https://github.com/douban/DOUAudioStreamer,6.35 MB
297,iOS-boilerplate,2744,445,2744,13,22/08/2011,28/02/2012,2.53 MB,iOS-app template with lots of common tasks solved,Objective-C,https://github.com/gimenete/iOS-boilerplate,2.53 MB
298,JTCalendar,2741,519,2741,118,29/10/2014,06/12/2021,782.00 KB,A customizable calendar view for iOS.,Objective-C,https://github.com/johnvuko/JTCalendar,782.00 KB
299,twui,2718,261,2718,21,01/07/2011,04/09/2015,5.90 MB,A UI framework for Mac based on Core Animation,Objective-C,https://github.com/twitter-archive/twui,5.90 MB
300,CMPopTipView,2715,457,2715,32,13/11/2010,06/07/2020,256.00 KB,"Custom UIView for iOS that pops up an animated ""bubble"" pointing at a button or other view. Useful for popup tips.",Objective-C,https://github.com/chrismiles/CMPopTipView,256.00 KB
301,Bilibili_Wuxianda,2704,690,2704,24,21/07/2016,19/12/2016,16.26 MB,高仿Bilibili客户端 - ( ゜- ゜)つロ 乾杯~,Objective-C,https://github.com/MichaelHuyp/Bilibili_Wuxianda,16.26 MB
302,Flycut,2693,228,2693,144,20/03/2011,07/08/2026,4.66 MB,Clean and simple clipboard manager for developers,Objective-C,https://github.com/TermiT/Flycut,4.66 MB
303,IDMPhotoBrowser,2689,634,2689,192,10/07/2013,11/04/2024,9.26 MB,"Photo Browser / Viewer inspired by Facebook's and Tweetbot's with ARC support, swipe-to-dismiss, image progress and more",Objective-C,https://github.com/thiagoperes/IDMPhotoBrowser,9.26 MB
304,typhoon,2685,260,2685,23,30/12/2012,20/12/2020,129.53 MB,Powerful dependency injection for Objective-C ✨✨ (https://github.com/appsquickly/pilgrim is the pure Swift successor to Typhoon!!)✨✨,Objective-C,https://github.com/appsquickly/typhoon,129.53 MB
305,PINCache,2684,367,2684,30,25/02/2015,25/09/2026,14.02 MB,"Fast, non-deadlocking parallel object cache for iOS, tvOS and OS X",Objective-C,https://github.com/pinterest/PINCache,14.02 MB
306,PaperFold-for-iOS,2677,384,2677,44,22/07/2012,17/02/2016,17.65 MB,Paper folding animation for iOS,Objective-C,https://github.com/honcheng/PaperFold-for-iOS,17.65 MB
307,Inkpad,2647,471,2647,85,08/10/2013,30/07/2018,12.09 MB,Vector illustration app for the iPad.,Objective-C,https://github.com/sprang/Inkpad,12.09 MB
308,ios-snapshot-test-case,2644,246,2644,45,01/10/2013,28/03/2018,798.00 KB,Snapshot view unit tests for iOS,Objective-C,https://github.com/facebookarchive/ios-snapshot-test-case,798.00 KB
309,jrswizzle,2641,410,2641,12,10/04/2009,20/01/2023,92.00 KB,one-stop-shop for all your method swizzling needs,Objective-C,https://github.com/rentzsch/jrswizzle,92.00 KB
310,BRPickerView,2634,452,2634,11,11/08/2017,20/05/2026,10.63 MB,BRPickerView 封装的是iOS中常用的选择器组件，主要包括：日期选择器（支持年月日、年月等15种日期样式选择，支持设置星期、至今等）、地址选择器（支持省市区、省市、省三种地区选择）、自定义字符串选择器（支持单列、多列、二级联动、三级联动选择）。支持自定义主题样式，适配深色模式，支持将选择器组件添加到指定容器视图。,Objective-C,https://github.com/agiapp/BRPickerView,10.63 MB
311,BEMSimpleLineGraph,2627,370,2627,49,02/01/2014,01/05/2019,2.12 MB,Elegant Line Graphs for iOS. (Charting library),Objective-C,https://github.com/Boris-Em/BEMSimpleLineGraph,2.12 MB
312,Playgrounds,2622,159,2622,1,22/10/2014,19/07/2022,14.77 MB,Better playgrounds that work both for Objective-C and Swift,Objective-C,https://github.com/krzysztofzablocki/Playgrounds,14.77 MB
313,ReactiveObjC,2621,497,2621,70,12/05/2016,10/06/2024,13.94 MB,The 2.x ReactiveCocoa Objective-C API: Streams of values over time,Objective-C,https://github.com/ReactiveCocoa/ReactiveObjC,13.94 MB
314,SwipeView,2616,404,2616,114,29/10/2011,02/01/2020,839.00 KB,"SwipeView is a class designed to simplify the implementation of horizontal, paged scrolling views on iOS. It is based on a UIScrollView, but adds convenient functionality such as a UITableView-style dataSource/delegate interface for loading views dynamically, and efficient view loading, unloading and recycling.",Objective-C,https://github.com/nicklockwood/SwipeView,839.00 KB
315,iOS-Artwork-Extractor,2601,233,2601,8,19/02/2010,10/12/2018,1.79 MB,"Extract iOS artwork and emoji symbols into png files, generate glossy buttons png files",Objective-C,https://github.com/0xced/iOS-Artwork-Extractor,1.79 MB
316,Ono,2592,194,2592,7,20/02/2014,08/04/2020,320.00 KB,A sensible way to deal with XML & HTML for iOS & macOS,Objective-C,https://github.com/mattt/Ono,320.00 KB
317,Harpy,2588,301,2588,0,14/11/2012,27/12/2018,4.03 MB,Notify users when a new version of your app is available and prompt them to upgrade.,Objective-C,https://github.com/ArtSabintsev/Harpy,4.03 MB
318,STPopup,2578,342,2578,40,13/09/2015,11/12/2021,310.00 KB,"STPopup provides STPopupController, which works just like UINavigationController in popup style, for both iPhone and iPad. It's written in Objective-C and compatible with Swift.",Objective-C,https://github.com/kevin-lyn/STPopup,310.00 KB
319,DKWechatHelper,2571,420,2571,69,22/01/2019,21/06/2023,34.91 MB,不止于抢红包，功能丰富的微信插件。,Objective-C,https://github.com/DKJone/DKWechatHelper,34.91 MB
320,SVWebViewController,2549,498,2549,74,24/02/2011,30/04/2020,238.00 KB,A drop-in inline browser for your iOS app.,Objective-C,https://github.com/TransitApp/SVWebViewController,238.00 KB
321,LocationManager,2546,383,2546,12,27/03/2014,12/09/2021,304.00 KB,Easily get the device's current location on iOS.,Objective-C,https://github.com/intuit/LocationManager,304.00 KB
322,MDCSwipeToChoose,2537,409,2537,49,07/04/2014,29/01/2018,1.46 MB,"Swipe to ""like"" or ""dislike"" any view, just like Tinder.app. Build a flashcard app, a photo viewer, and more, in minutes, not hours!",Objective-C,https://github.com/modocache/MDCSwipeToChoose,1.46 MB
323,PSTCollectionView,2533,487,2533,66,29/07/2012,17/01/2017,19.33 MB,"Open Source, 100% API compatible replacement of UICollectionView for iOS4.3+",Objective-C,https://github.com/steipete/PSTCollectionView,19.33 MB
324,NYXImagesKit,2527,315,2527,10,05/05/2011,06/12/2018,1.98 MB,"A set of efficient categories for UIImage class. It allows filtering, resizing, masking, rotating, enhancing... and more.",Objective-C,https://github.com/Nyx0uf/NYXImagesKit,1.98 MB
325,MRProgress,2524,297,2524,37,24/10/2013,15/10/2023,4.27 MB,Collection of iOS drop-in components to visualize progress,Objective-C,https://github.com/mrackwitz/MRProgress,4.27 MB
326,MZFormSheetController,2516,300,2516,10,09/08/2013,08/12/2015,4.22 MB,"MZFormSheetController provides an alternative to the native iOS UIModalPresentationFormSheet, adding support for iPhone and additional opportunities to setup controller size and feel form sheet.",Objective-C,https://github.com/m1entus/MZFormSheetController,4.22 MB
327,KTVHTTPCache,2510,485,2510,33,02/11/2017,04/09/2025,995.00 KB,A powerful media cache framework.,Objective-C,https://github.com/ChangbaDevs/KTVHTTPCache,995.00 KB
328,SJVideoPlayer,2509,495,2509,182,18/08/2017,10/12/2022,368.87 MB,iOS VideoPlayer MediaPlayer video player media player 短视频播放器 可接入 ijkplayer aliplayer alivodplayer plplayer,Objective-C,https://github.com/changsanjiang/SJVideoPlayer,368.87 MB
329,smcFanControl,2508,316,2508,58,20/08/2012,17/08/2023,7.15 MB,Control the fans of every Intel Mac to make it run cooler,Objective-C,https://github.com/hholtmann/smcFanControl,7.15 MB
330,FDStackView,2507,310,2507,30,08/10/2015,05/01/2018,204.00 KB,Use UIStackView directly in iOS6+,Objective-C,https://github.com/forkingdog/FDStackView,204.00 KB
331,AnimatedTransitionGallery,2501,273,2501,1,09/03/2014,30/04/2024,9.08 MB,A gallery app of custom animated transitions for iOS.,Objective-C,https://github.com/shu223/AnimatedTransitionGallery,9.08 MB
332,SIAlertView,2494,412,2494,64,03/05/2013,22/06/2018,939.00 KB,An UIAlertView replacement with block syntax and fancy transition styles.,Objective-C,https://github.com/Sumi-Interactive/SIAlertView,939.00 KB
333,douyin-ios-objectc,2483,676,2483,32,31/07/2018,02/12/2023,37.97 MB,抖音 iOS Object-C版,Objective-C,https://github.com/sshiqiao/douyin-ios-objectc,37.97 MB
334,RATreeView,2477,446,2477,105,01/09/2013,10/12/2019,5.30 MB,Library providing easy-to-use interface for displaying tree structures on iOS and tvOS.,Objective-C,https://github.com/Augustyniak/RATreeView,5.30 MB
335,BeautifyFaceDemo,2472,487,2472,7,27/04/2016,02/11/2016,2.88 MB,A simple demo of realtime face beautification based on GPUImage,Objective-C,https://github.com/Guikunzhi/BeautifyFaceDemo,2.88 MB
336,apple-ios-samples,2469,1337,2469,19,04/09/2014,10/09/2020,641.01 MB,,Objective-C,https://github.com/robovm/apple-ios-samples,641.01 MB
337,RETableViewManager,2461,423,2461,54,28/02/2013,05/05/2016,6.29 MB,Powerful data driven content manager for UITableView.,Objective-C,https://github.com/romaonthego/RETableViewManager,6.29 MB
338,YYKline,2454,539,2454,9,12/05/2016,10/12/2021,3.40 MB,iOS YYKline：Kline、Chart、Volume、Scroll、Scale、MACD、KDJ、K线图、分时图...,Objective-C,https://github.com/WillkYang/YYKline,3.40 MB
339,StreamingKit,2450,524,2450,204,06/06/2012,31/05/2022,4.98 MB,"A fast and extensible gapless AudioPlayer/AudioStreamer for OSX and iOS (iPhone, iPad)",Objective-C,https://github.com/tumtumtum/StreamingKit,4.98 MB
340,RSKImageCropper,2446,463,2446,0,24/08/2014,26/03/2026,163.24 MB,An image / photo crop view controller for iOS like in the Contacts app with support for landscape orientation.,Objective-C,https://github.com/ruslanskorb/RSKImageCropper,163.24 MB
341,ZFDragableModalTransition,2442,301,2442,23,24/05/2014,21/01/2018,3.57 MB,Custom animation transition for present modal view controller,Objective-C,https://github.com/zoonooz/ZFDragableModalTransition,3.57 MB
342,RTImageAssets,2438,326,2438,9,10/12/2014,22/12/2018,2.79 MB,"A Xcode plugin to automatically generate 2x, 1x image from 3x image for you, or upscale to 3x from 2x",Objective-C,https://github.com/rickytan/RTImageAssets,2.79 MB
343,cdto,2434,245,2434,21,15/11/2013,08/08/2025,3.43 MB,Finder Toolbar app to open the current directory in the Terminal,Objective-C,https://github.com/jbtule/cdto,3.43 MB
344,react-native-spinkit,2431,307,2431,46,22/08/2015,15/12/2024,463.00 KB,A collection of animated loading indicators for React Native,Objective-C,https://github.com/maxs15/react-native-spinkit,463.00 KB
345,lumen,2426,57,2426,1,31/07/2016,28/06/2026,2.18 MB,Magic auto brightness based on screen contents 💡,Objective-C,https://github.com/anishathalye/lumen,2.18 MB
346,DesignerNewsApp,2419,360,2419,18,11/01/2015,11/02/2019,23.61 MB,Build a Swift App as a designer,Objective-C,https://github.com/MengTo/DesignerNewsApp,23.61 MB
347,EKAlgorithms,2404,350,2404,6,11/08/2013,19/09/2024,1.14 MB,EKAlgorithms contains some well known CS algorithms & data structures.,Objective-C,https://github.com/EvgenyKarkan/EKAlgorithms,1.14 MB
348,YBImageBrowser,2394,487,2394,97,10/04/2018,24/11/2023,196.32 MB,iOS image browser / iOS 图片浏览器 (支持视频) ,Objective-C,https://github.com/indulgeIn/YBImageBrowser,196.32 MB
349,OmniGroup,2390,308,2390,17,29/12/2008,20/03/2024,36.05 MB,Source for many of The Omni Group's frameworks,Objective-C,https://github.com/omnigroup/OmniGroup,36.05 MB
350,YYCache,2390,548,2390,85,24/10/2015,26/01/2023,4.73 MB,High performance cache framework for iOS.,Objective-C,https://github.com/ibireme/YYCache,4.73 MB
351,libPhoneNumber-iOS,2382,483,2382,0,26/02/2014,25/09/2026,33.50 MB,"iOS port of Google's libphonenumber with Objective-C core, Swift facade, SwiftUI input, and CocoaPods/SPM support",Objective-C,https://github.com/iziz/libPhoneNumber-iOS,33.50 MB
352,CocoaSPDY,2374,227,2374,22,19/12/2013,03/04/2017,955.00 KB,SPDY for iOS and OS X,Objective-C,https://github.com/twitter-archive/CocoaSPDY,955.00 KB
353,cocoa-rest-client,2368,208,2368,44,25/02/2012,14/10/2024,8.47 MB,"A free, native Apple macOS app for testing HTTP/REST endpoints",Objective-C,https://github.com/mmattozzi/cocoa-rest-client,8.47 MB
354,Fluid-for-Sketch,2356,64,2356,33,02/11/2015,03/09/2018,6.33 MB,[Sketch Plugin] Sketch-flavored Auto Layout-like Constraints,Objective-C,https://github.com/matt-curtis/Fluid-for-Sketch,6.33 MB
355,SimulatorStatusMagic,2349,132,2349,2,07/10/2014,28/08/2026,2.25 MB,Clean up your status bar for taking screenshots on the iOS simulator.,Objective-C,https://github.com/shinydevelopment/SimulatorStatusMagic,2.25 MB
356,AQGridView,2348,441,2348,92,17/04/2010,03/06/2016,7.65 MB,"A grid view for iPhone/iPad, designed to look similar to NSCollectionView.",Objective-C,https://github.com/AlanQuatermain/AQGridView,7.65 MB
357,AMWaveTransition,2345,289,2345,6,16/04/2014,07/06/2020,6.17 MB,Custom transition between viewcontrollers holding tableviews,Objective-C,https://github.com/andreamazz/AMWaveTransition,6.17 MB
358,DACircularProgress,2336,337,2336,29,07/02/2012,09/09/2022,650.00 KB,DACircularProgress is a UIView subclass with circular UIProgressView properties.,Objective-C,https://github.com/danielamitay/DACircularProgress,650.00 KB
359,specta,2308,219,2308,18,06/01/2012,27/02/2022,1.29 MB,A light-weight TDD / BDD framework for Objective-C & Cocoa,Objective-C,https://github.com/specta/specta,1.29 MB
360,RDVTabBarController,2290,487,2290,35,20/04/2013,12/06/2022,461.00 KB,"Deeply customizable, drop-in replacement for UITabBarController, engineered to deliver bespoke navigation in iOS apps.",Objective-C,https://github.com/robbdimitrov/RDVTabBarController,461.00 KB
361,WeChatRedEnvelop,2290,569,2290,49,19/01/2016,09/05/2021,1.20 MB,iOS版微信抢红包Tweak,Objective-C,https://github.com/buginux/WeChatRedEnvelop,1.20 MB
362,card.io-iOS-SDK,2288,545,2288,88,11/06/2013,02/04/2018,390.24 MB,"card.io provides fast, easy credit card scanning in mobile apps",Objective-C,https://github.com/card-io/card.io-iOS-SDK,390.24 MB
363,SmartPush,2287,513,2287,7,15/03/2015,19/02/2024,475.00 KB,"SmartPush,一款iOS苹果远程推送测试程序,Mac OS下的APNS工具APP,iOS Push Notification Debug App",Objective-C,https://github.com/shaojiankui/SmartPush,475.00 KB
364,GMGridView,2286,500,2286,112,10/10/2011,17/01/2018,251.00 KB,A performant Grid-View for iOS (iPhone/iPad) that allows sorting of views with gestures (the user can move the items with his finger to sort them) and pinching/rotating/panning gestures allow the user to play with the view and toggle from the cellview to a fullsize display.,Objective-C,https://github.com/gmoledina/GMGridView,251.00 KB
365,XVim2,2284,175,2284,98,06/09/2017,14/01/2023,5.64 MB,Vim key-bindings for Xcode 9,Objective-C,https://github.com/XVimProject/XVim2,5.64 MB
366,kod,2277,164,2277,30,29/08/2010,28/09/2011,13.99 MB,Programmers' editor for OS X [DEAD PROJECT],Objective-C,https://github.com/rsms/kod,13.99 MB
367,SwipeTableView,2276,437,2276,102,24/05/2016,17/12/2024,28.09 MB,Both scroll horizontal and vertical for segment scrollview which have  a same header. —  类似半糖、美丽说主页与QQ音乐歌曲列表布局效果，实现不同菜单的左右滑动切换，同时支持类似tableview的顶部工具栏悬停（既可以左右滑动，又可以上下滑动）。兼容下拉刷新，自定义 collectionview实现自适应 contentSize 还可实现瀑布流功能,Objective-C,https://github.com/liangdrime/SwipeTableView,28.09 MB
368,MWFeedParser,2266,632,2266,42,16/05/2010,18/11/2023,678.00 KB,An Objective-C RSS / Atom Feed Parser for iOS,Objective-C,https://github.com/mwaterfall/MWFeedParser,678.00 KB
369,ZCAnimatedLabel,2264,214,2264,20,11/03/2015,16/02/2021,68.00 KB,UILabel replacement with fine-grain appear/disappear animation,Objective-C,https://github.com/overboming/ZCAnimatedLabel,68.00 KB
370,KMCGeigerCounter,2246,270,2246,0,22/10/2014,23/07/2022,875.00 KB,A framerate meter that clicks like a Geiger counter when your animation drops a frame,Objective-C,https://github.com/kconner/KMCGeigerCounter,875.00 KB
371,novocaine,2230,269,2230,48,02/04/2012,28/11/2018,8.17 MB,Painless high-performance audio on iOS and Mac OS X,Objective-C,https://github.com/alexbw/novocaine,8.17 MB
372,JPVideoPlayer,2226,424,2226,84,12/09/2016,02/08/2021,29.24 MB,Automatic play video & cache video data in UITableView like Weibo and Douyin.,Objective-C,https://github.com/dito010/JPVideoPlayer,29.24 MB
373,react-native-nba-app,2211,499,2211,8,28/11/2015,20/10/2019,2.73 MB,This is why we play,Objective-C,https://github.com/wwayne/react-native-nba-app,2.73 MB
374,CLImageEditor,2210,563,2210,33,15/11/2013,22/03/2022,5.63 MB,,Objective-C,https://github.com/yackle/CLImageEditor,5.63 MB
375,HockeyKit,2209,430,2209,0,21/08/2010,09/02/2017,4.54 MB,HockeyApp was retired and the SDKs are deprecated. Please use App Center instead.,Objective-C,https://github.com/bitstadium/HockeyKit,4.54 MB
376,SGPlayer,2197,419,2197,38,09/03/2017,21/02/2025,14.26 MB,"A powerful media play framework for iOS, macOS, and tvOS.",Objective-C,https://github.com/libobjc/SGPlayer,14.26 MB
377,BarrageRenderer,2196,448,2196,32,15/07/2015,19/04/2023,5.18 MB,一个 iOS 上的弹幕渲染库.,Objective-C,https://github.com/unash/BarrageRenderer,5.18 MB
378,ESTMusicPlayer,2193,396,2193,12,01/12/2015,22/11/2023,10.03 MB,An elegant and simple iOS music player.,Objective-C,https://github.com/Aufree/ESTMusicPlayer,10.03 MB
379,MetalPetal,2189,290,2189,42,25/06/2017,10/04/2024,16.83 MB,A GPU accelerated image and video processing framework built on Metal.,Objective-C,https://github.com/MetalPetal/MetalPetal,16.83 MB
380,nu,2185,231,2185,19,05/03/2008,11/07/2023,4.24 MB,Nu is an interpreted Lisp that builds on the Objective-C runtime and Foundation framework.,Objective-C,https://github.com/programming-nu/nu,4.24 MB
381,react-native-i18n,2173,482,2173,81,14/06/2015,01/02/2024,1.35 MB,React Native + i18n.js,Objective-C,https://github.com/AlexanderZaytsev/react-native-i18n,1.35 MB
382,REMenu,2171,368,2171,38,20/02/2013,23/08/2016,3.73 MB,Dropdown menu inspired by Vine.,Objective-C,https://github.com/romaonthego/REMenu,3.73 MB
383,sogo,2171,325,2171,42,18/09/2012,21/09/2026,180.05 MB,"SOGo is a very fast and scalable modern collaboration suite (groupware). It offers calendaring, address book management, and a full-featured Webmail client along with resource sharing and permission handling. It also makes use of documented standards (IMAP, CalDAV, CardDAV, etc.) and thereby provides native connectivity (without plugins) to many clients such as Microsoft Outlook, Apple iCal, the iPhone, Mozilla Lightning, and a plethora of mobile devices.",Objective-C,https://github.com/Alinto/sogo,180.05 MB
384,ocmock,2167,607,2167,50,20/08/2011,30/06/2024,10.98 MB,Mock objects for Objective-C,Objective-C,https://github.com/erikdoe/ocmock,10.98 MB
385,ShareKit,2166,691,2166,29,04/09/2011,18/12/2017,110.27 MB,Drop in sharing features for all iPhone and iPad apps,Objective-C,https://github.com/ShareKit/ShareKit,110.27 MB
386,DCIntrospect,2165,260,2165,29,25/05/2011,07/04/2019,1.33 MB,Small library of visual debugging tools for iOS.,Objective-C,https://github.com/domesticcatsoftware/DCIntrospect,1.33 MB
387,ObjectiveSugar,2156,189,2156,25,21/11/2012,30/08/2016,800.00 KB,ObjectiveC additions for humans. Ruby style.,Objective-C,https://github.com/supermarin/ObjectiveSugar,800.00 KB
388,RKSwipeCards,2155,61,2155,2,25/05/2014,28/05/2017,351.00 KB,The basics of a swipeable card interface inspired by Tinder,Objective-C,https://github.com/cwRichardKim/RKSwipeCards,351.00 KB
389,RTRootNavigationController,2148,377,2148,78,09/06/2016,23/06/2026,5.83 MB,Implicitly make every view controller has its own navigation bar,Objective-C,https://github.com/rickytan/RTRootNavigationController,5.83 MB
390,TrustKit,2144,381,2144,35,10/02/2015,12/08/2026,5.76 MB,"Easy SSL pinning validation and reporting for iOS, macOS, tvOS and watchOS.",Objective-C,https://github.com/datatheorem/TrustKit,5.76 MB
391,ODRefreshControl,2130,378,2130,33,04/07/2012,25/01/2016,1.17 MB,A pull down to refresh control like the one in Apple's iOS6 Mail App,Objective-C,https://github.com/Sephiroth87/ODRefreshControl,1.17 MB
392,Core-Data-Editor,2128,179,2128,9,30/07/2014,20/08/2021,13.09 MB,"Core Data Editor lets you easily view, edit and analyze applications‘ data. Core Data Editor is compatible with Mac and iOS applications and supports XML, SQLite and binary stores, visualizes all relationships and is able to edit the data and generate Objective-C code for the data model.",Objective-C,https://github.com/ChristianKienle/Core-Data-Editor,13.09 MB
393,CodeExamples,2124,934,2124,2,27/03/2011,10/02/2025,2.86 MB,Code Examples,Objective-C,https://github.com/kharrison/CodeExamples,2.86 MB
394,CTAssetsPickerController,2123,537,2123,45,24/09/2013,03/01/2020,6.51 MB,iOS control that allows picking multiple photos and videos from user's photo library.,Objective-C,https://github.com/1and2papa/CTAssetsPickerController,6.51 MB
395,OAStackView,2123,185,2123,26,15/06/2015,28/03/2017,5.14 MB,Porting UIStackView to iOS 7+,Objective-C,https://github.com/nsomar/OAStackView,5.14 MB
396,YTKKeyValueStore,2120,461,2120,18,03/10/2014,06/11/2022,63.00 KB,"A simple Key-Value storage tool, using Sqlite as backend.",Objective-C,https://github.com/kanyun-inc/YTKKeyValueStore,63.00 KB
397,Pull-to-Refresh.Rentals-iOS,2118,259,2118,8,12/01/2015,16/06/2018,263.00 KB,This project aims to provide a simple and customizable pull to refresh implementation. Made in Yalantis,Objective-C,https://github.com/Yalantis/Pull-to-Refresh.Rentals-iOS,263.00 KB
398,sensible-side-buttons,2118,159,2118,54,07/06/2017,19/09/2026,18.92 MB,A macOS menu bar app that enables system-wide navigation functionality for the side buttons on third-party mice.,Objective-C,https://github.com/archagon/sensible-side-buttons,18.92 MB
399,ESJsonFormat-Xcode,2115,350,2115,55,28/06/2015,23/10/2019,5.80 MB,将JSON格式化输出为模型的属性,Objective-C,https://github.com/EnjoySR/ESJsonFormat-Xcode,5.80 MB
400,nextspace,2107,85,2107,47,28/10/2016,27/05/2026,170.19 MB,NeXTSTEP-like desktop environment for Linux,Objective-C,https://github.com/trunkmaster/nextspace,170.19 MB
401,RNFrostedSidebar,2104,333,2104,24,29/08/2013,03/02/2016,2.81 MB,A Control Center-esque control with blurred background and toggle animations.,Objective-C,https://github.com/rnystrom/RNFrostedSidebar,2.81 MB
402,nv,2103,426,2103,162,06/09/2009,19/06/2021,7.31 MB,"Notational Velocity: modeless, mouseless Mac OS X note-taking application",Objective-C,https://github.com/scrod/nv,7.31 MB
403,Sketch-Toolbox,2096,188,2096,46,20/05/2014,11/10/2018,1.62 MB,DEPRECATED: A plugin manager for Sketch.app,Objective-C,https://github.com/buzzfeed/Sketch-Toolbox,1.62 MB
404,FreeStreamer,2093,426,2093,175,04/10/2011,02/08/2020,3.29 MB,A low-memory footprint streaming audio player for iOS and OS X,Objective-C,https://github.com/muhku/FreeStreamer,3.29 MB
405,ChatKit-OC,2091,449,2091,151,01/02/2016,15/06/2020,70.68 MB,此项目已经废弃，以后不再维护。我们推出了基于 Swift SDK 的 Chat Demo。,Objective-C,https://github.com/leancloud/ChatKit-OC,70.68 MB
406,confuse,2090,266,2090,13,03/07/2020,20/09/2026,20.90 MB,iOS混淆加固差异化翻新加密工具，模拟人工手动混淆，识别上下文 ，支持继承链、类型识别、方法多参等复杂高级混淆。source-to-source obfuscation of iOS projects，Xcode's refactor->rename. 告别插入毫无关联的垃圾代码、弃用无脑单词随机拼接替换，模拟正常开发，一款最好的混淆最彻底的Mac App Tools。支持OC(Objc、Objective-C)、C、C++(Cocos2d-x、Cocos2dx和Lua游戏开发)、Swift、C#(Unity)混淆，可用于ios马甲包游戏SDK混淆，减少账号调查过机审上架过包过审4.3、2.3.1、2.1,Objective-C,https://github.com/520coding/confuse,20.90 MB
407,MMPopupView,2087,359,2087,43,06/09/2015,17/05/2022,996.00 KB,"Pop-up based view(e.g. alert sheet), can be easily customized.",Objective-C,https://github.com/adad184/MMPopupView,996.00 KB
408,articles,2086,423,2086,6,17/03/2014,02/11/2021,4.76 MB,Articles for objccn.io. objc.io的完整、准确、优雅的中文翻译版本,Objective-C,https://github.com/objccn/articles,4.76 MB
409,Mousecape,2076,263,2076,143,25/02/2012,17/07/2024,11.90 MB,Cursor Manager for OSX,Objective-C,https://github.com/alexzielenski/Mousecape,11.90 MB
410,OpenUDID,2074,424,2074,35,30/08/2011,20/01/2018,327.00 KB,[OpenUDID IS NOW DEPRECATED] Open source initiative for a universal and persistent UDID solution for iOS,Objective-C,https://github.com/ylechelle/OpenUDID,327.00 KB
411,MKStoreKit,2073,414,2073,53,17/01/2011,27/06/2017,3.69 MB,"The ""Goto"" In App Purchases Framework for iOS 8+",Objective-C,https://github.com/MKSG-MugunthKumar/MKStoreKit,3.69 MB
412,macOS-enterprise-privileges,2070,184,2070,1,27/06/2018,17/09/2026,115.74 MB,"This application gives Mac users in enterprise environments control over the administration of their machines by elevating their access level to administrator privileges on macOS. Users can set a timeframe in the application's settings to perform specific tasks, such as installing or uninstalling applications.",Objective-C,https://github.com/SAP/macOS-enterprise-privileges,115.74 MB
413,LKImageKit,2063,283,2063,9,03/01/2018,20/07/2019,41.93 MB,"A high-performance image framework, including a series of capabilities such as image views, image downloader, memory caches, disk caches, image decoders and image processors.",Objective-C,https://github.com/Tencent/LKImageKit,41.93 MB
414,RBBAnimation,2056,181,2056,6,11/10/2013,24/06/2022,117.00 KB,"Block-based animations made easy, comes with easing functions and a CASpringAnimation replacement.",Objective-C,https://github.com/robb/RBBAnimation,117.00 KB
415,iOS-blur,2043,212,2043,0,01/07/2013,17/04/2017,928.00 KB,Blur a UIView,Objective-C,https://github.com/JagCesar/iOS-blur,928.00 KB
416,C-41,2042,358,2042,4,22/12/2013,27/04/2021,21.16 MB,"C-41 is an application to help people develop film at home by providing a series of ""recipes"" for photographers to use.",Objective-C,https://github.com/ashfurrow/C-41,21.16 MB
417,KRVideoPlayer,2036,398,2036,21,23/05/2015,10/02/2017,22.52 MB,类似Weico的播放器，支持竖屏模式下全屏播放,Objective-C,https://github.com/36Kr-Mobile/KRVideoPlayer,22.52 MB
418,Bootstrap,2034,106,2034,3,15/10/2014,20/10/2020,1.02 MB,iOS project bootstrap aimed at high quality coding.,Objective-C,https://github.com/krzysztofzablocki/Bootstrap,1.02 MB
419,GrowingTextView,2034,444,2034,71,05/08/2011,10/04/2018,619.00 KB,[UNMAINTAINED] An UITextView which grows/shrinks with the text and starts scrolling when the content reaches a certain number of lines. Similar to the one Apple uses in the SMS-app. See blog-post for a small screencast.,Objective-C,https://github.com/hanspinckaers/GrowingTextView,619.00 KB
420,AppAuth-iOS,2032,867,2032,231,11/02/2016,24/09/2026,2.25 MB,iOS and macOS SDK for communicating with OAuth 2.0 and OpenID Connect providers.,Objective-C,https://github.com/openid/AppAuth-iOS,2.25 MB
421,MobileProject,2019,679,2019,3,06/01/2016,30/11/2018,287.04 MB,一个基于MVC的项目框架，并集成一些常用的功能(不断更新中),Objective-C,https://github.com/wujunyang/MobileProject,287.04 MB
422,cliclick,2019,146,2019,53,31/01/2013,23/08/2025,323.00 KB,macOS CLI tool for emulating mouse and keyboard events,Objective-C,https://github.com/BlueM/cliclick,323.00 KB
423,UniversalProject,2017,488,2017,5,25/05/2017,07/03/2018,85.93 MB,基于MVC架构的iOS轻量级框架，封装了基类、基于猿题库YTKNetwork的网络服务、工具库，NavigationController转场动画/瀑布流/粒子动画/小demo，已适配iOS11 & iPhone X。欢迎Star🌟 ,Objective-C,https://github.com/XuYang8026/UniversalProject,85.93 MB
424,MSCrashProtector,2015,490,2015,1,24/11/2019,28/06/2023,144.00 KB,An Global protection scheme..,Objective-C,https://github.com/sureJiang/MSCrashProtector,144.00 KB
425,DSBridge-IOS,2014,318,2014,67,02/01/2017,22/02/2023,2.69 MB,":earth_asia: A modern cross-platform JavaScript bridge, through which you can invoke each other's functions synchronously or asynchronously between JavaScript and native.",Objective-C,https://github.com/wendux/DSBridge-IOS,2.69 MB
426,CWStatusBarNotification,2008,250,2008,41,19/09/2013,22/10/2022,6.70 MB,A library that allows you to easily create text-based notifications that appear on the status bar.,Objective-C,https://github.com/cezarywojcik/CWStatusBarNotification,6.70 MB
427,iOS-System-Services,1997,363,1997,9,10/10/2012,01/07/2026,4.84 MB,iOS System Services is a class to gather all available information about a device.,Objective-C,https://github.com/Shmoopi/iOS-System-Services,4.84 MB
428,PYPhotoBrowser,1994,408,1994,155,02/06/2016,03/01/2020,13.39 MB,An easy way to browse photo(image) for iOS.,Objective-C,https://github.com/ko1o/PYPhotoBrowser,13.39 MB
429,iOS-Images-Extractor,1987,387,1987,0,02/06/2015,03/06/2020,266.00 KB,"A Mac app to decode and extract images from iOS apps, support png/jpg/ipa/Assets.car files.",Objective-C,https://github.com/devcxm/iOS-Images-Extractor,266.00 KB
430,magnetX,1986,301,1986,1,20/10/2016,03/03/2023,10.72 MB,资源搜索型软件 macOS OSX magnet,Objective-C,https://github.com/youusername/magnetX,10.72 MB
431,KLGenerateSpamCode,1980,540,1980,34,04/08/2017,10/01/2020,420.00 KB,iOS 马甲应用工具,Objective-C,https://github.com/klaus01/KLGenerateSpamCode,420.00 KB
432,vienna-rss,1974,233,1974,74,28/08/2011,01/10/2026,82.51 MB,Vienna is a free and open-source RSS/Atom/JSON feed newsreader for macOS.,Objective-C,https://github.com/ViennaRSS/vienna-rss,82.51 MB
433,MySampleCode,1973,953,1973,6,21/12/2015,23/04/2018,2.57 MB,这个项目用于存储我博客中的demo,Objective-C,https://github.com/bestswifter/MySampleCode,2.57 MB
434,iOSCourse,1957,725,1957,5,25/05/2014,25/04/2021,613.69 MB,iOS开发初学者入门,Objective-C,https://github.com/eseedo/iOSCourse,613.69 MB
435,RQShineLabel,1950,215,1950,8,07/05/2014,25/12/2023,11.32 MB,Secret app like text animation,Objective-C,https://github.com/zipme/RQShineLabel,11.32 MB
436,v2ex,1948,444,1948,24,27/03/2014,26/02/2018,21.39 MB,An iOS client for v2ex.com,Objective-C,https://github.com/singro/v2ex,21.39 MB
437,PSStackedView,1947,274,1947,11,14/07/2011,25/03/2015,676.00 KB,open source implementation of Twitter/iPad stacked ui - done right.,Objective-C,https://github.com/steipete/PSStackedView,676.00 KB
438,socket.IO-objc,1945,428,1945,84,02/07/2011,15/06/2015,1.43 MB,socket.io v0.7.2 — 0.9.x for iOS and OS X,Objective-C,https://github.com/pkyeck/socket.IO-objc,1.43 MB
439,MHVideoPhotoGallery,1943,341,1943,66,08/01/2014,06/10/2021,28.37 MB,A Photo and Video Gallery ,Objective-C,https://github.com/mariohahn/MHVideoPhotoGallery,28.37 MB
440,MSCollectionViewCalendarLayout,1942,264,1942,0,27/02/2013,13/09/2016,4.37 MB,UICollectionViewLayout for displaying cells chronologically. Similar to the iOS Calendar app.,Objective-C,https://github.com/erichoracek/MSCollectionViewCalendarLayout,4.37 MB
441,AudioStreamer,1941,543,1941,77,17/06/2009,02/03/2019,3.70 MB,A streaming audio player class (AudioStreamer) for Mac OS X and iPhone.,Objective-C,https://github.com/mattgallagher/AudioStreamer,3.70 MB
442,ReactiveViewModel,1937,255,1937,15,15/06/2013,02/06/2018,102.00 KB,"Model-View-ViewModel, using ReactiveCocoa",Objective-C,https://github.com/ReactiveCocoa/ReactiveViewModel,102.00 KB
443,NullSafe,1935,356,1935,6,19/12/2012,14/08/2023,32.00 KB,NullSafe is a simple category on NSNull that returns nil for unrecognised messages instead of throwing an exception,Objective-C,https://github.com/nicklockwood/NullSafe,32.00 KB
444,iVersion,1933,281,1933,18,01/02/2011,26/10/2017,457.00 KB,[DEPRECATED],Objective-C,https://github.com/nicklockwood/iVersion,457.00 KB
445,GroundControl,1930,111,1930,4,31/08/2012,24/06/2021,54.00 KB,Remote configuration for iOS,Objective-C,https://github.com/mattt/GroundControl,54.00 KB
446,LZEasemob3,1925,418,1925,19,18/07/2016,30/08/2021,210.75 MB,酷信 | 高仿微信| WeChat | 高仿朋友圈 | moments| Github上最牛逼的高仿微信项目没有之一,Objective-C,https://github.com/nacker/LZEasemob3,210.75 MB
447,XcodeGhost,1923,783,1923,60,18/09/2015,22/09/2015,306.00 KB,"""XcodeGhost"" Source",Objective-C,https://github.com/XcodeGhostSource/XcodeGhost,306.00 KB
448,WYPopoverController,1922,361,1922,78,17/08/2013,28/10/2017,3.65 MB,WYPopoverController is for the presentation of content in popover on iPhone / iPad devices. Very customizable.,Objective-C,https://github.com/nicolaschengdev/WYPopoverController,3.65 MB
449,PBJVision,1916,315,1916,0,23/07/2013,03/03/2021,2.16 MB,"📸 iOS Media Capture – features touch-to-record video, slow motion, and photography",Objective-C,https://github.com/piemonte/PBJVision,2.16 MB
450,WNXHuntForCity,1916,482,1916,4,18/07/2015,15/02/2017,13.41 MB,城觅By-Objective-C,Objective-C,https://github.com/ZhongTaoTian/WNXHuntForCity,13.41 MB
451,PullToMakeSoup,1910,207,1910,4,21/05/2015,18/03/2019,1.30 MB,Custom animated pull-to-refresh that can be easily added to UIScrollView,Objective-C,https://github.com/Yalantis/PullToMakeSoup,1.30 MB
452,PDTSimpleCalendar,1908,328,1908,37,25/11/2013,15/02/2024,2.18 MB,A simple Calendar / Date Picker for iOS using UICollectionView,Objective-C,https://github.com/jivesoftware/PDTSimpleCalendar,2.18 MB
453,Textual,1906,279,1906,26,23/07/2010,03/07/2026,186.25 MB,Textual is an IRC client for OS X,Objective-C,https://github.com/Codeux-Software/Textual,186.25 MB
454,MTStatusBarOverlay,1906,317,1906,35,10/12/2010,05/08/2016,851.00 KB,"A custom iOS status bar overlay seen in Apps like Reeder, Evernote and Google Mobile App",Objective-C,https://github.com/myell0w/MTStatusBarOverlay,851.00 KB
455,iOS-Echarts,1904,311,1904,54,03/09/2015,23/10/2023,13.75 MB,,Objective-C,https://github.com/Pluto-Y/iOS-Echarts,13.75 MB
456,UUChatTableView,1902,428,1902,20,04/01/2015,08/04/2026,22.85 MB,"Cocoa UI component for group or private chat bubbles with text, images and audio support",Objective-C,https://github.com/ZhipingYang/UUChatTableView,22.85 MB
457,KYGooeyMenu,1900,240,1900,6,23/04/2015,16/06/2022,1.51 MB,A not bad gooey effects menu.,Objective-C,https://github.com/KittenYang/KYGooeyMenu,1.51 MB
458,ChitChat,1899,185,1899,70,21/05/2015,07/10/2019,4.34 MB,A native Mac app wrapper for WhatsApp Web,Objective-C,https://github.com/stonesam92/ChitChat,4.34 MB
459,UICountingLabel,1894,259,1894,14,08/02/2013,12/05/2022,248.00 KB,Adds animated counting support to UILabel. ,Objective-C,https://github.com/dataxpress/UICountingLabel,248.00 KB
460,LinkMap,1893,345,1893,4,24/06/2016,29/07/2021,238.00 KB,检查每个类占用空间大小工具,Objective-C,https://github.com/jayden320/LinkMap,238.00 KB
461,TypeScript-React-Native-Starter,1892,205,1892,43,09/05/2017,31/08/2022,249.00 KB,A starter template for TypeScript and React Native with a detailed README describing how to use the two together.,Objective-C,https://github.com/microsoft/TypeScript-React-Native-Starter,249.00 KB
462,MSRocketGiftAnimation,1889,21,1889,0,29/04/2020,27/12/2020,7.44 MB,Live Room rocket gift animation,Objective-C,https://github.com/sureJiang/MSRocketGiftAnimation,7.44 MB
463,PullToRefresh,1887,245,1887,20,25/07/2010,19/10/2022,354.00 KB,A simple iPhone TableViewController for adding pull-to-refresh functionality.,Objective-C,https://github.com/leah/PullToRefresh,354.00 KB
464,HubFramework,1886,139,1886,11,26/09/2016,06/11/2018,144.54 MB,DEPRECATED – Spotify’s component-driven UI framework for iOS,Objective-C,https://github.com/spotify/HubFramework,144.54 MB
465,AppSales-Mobile,1885,399,1885,72,03/07/2009,31/05/2022,14.80 MB,App Sales allows iPhone and Mac App Store developers to download and analyze their daily and weekly sales reports from iTunes Connect.,Objective-C,https://github.com/omz/AppSales-Mobile,14.80 MB
466,HeapInspector-for-iOS,1882,136,1882,5,21/11/2014,08/03/2017,33.81 MB,Find memory issues & leaks in your iOS app without instruments,Objective-C,https://github.com/tapwork/HeapInspector-for-iOS,33.81 MB
467,MQTT-Client-Framework,1881,470,1881,92,12/01/2014,12/09/2023,21.19 MB,"iOS, macOS, tvOS native ObjectiveC MQTT Client Framework",Objective-C,https://github.com/novastone-media/MQTT-Client-Framework,21.19 MB
468,alan-sdk-ios,1878,15,1878,0,01/10/2019,22/04/2025,372.98 MB,The Self-Coding System for Your App — Alan AI SDK for iOS,Objective-C,https://github.com/alan-ai/alan-sdk-ios,372.98 MB
469,CSSketch,1877,91,1877,48,12/10/2015,26/05/2018,17.37 MB,Plugin that adds CSS support to Sketch 3 for a faster design workflow.,Objective-C,https://github.com/JohnCoates/CSSketch,17.37 MB
470,linke,1866,571,1866,13,04/07/2016,21/03/2019,10.17 MB,本项目实现了作为一个直播App的基本功能，比如本地视频流采集、播放、美颜、礼物、点赞出心等。提供一个搭建思路，很久没有更新了，望谅解！🤡,Objective-C,https://github.com/liamxujia/linke,10.17 MB
471,ios-snapshot-test-case,1866,227,1866,42,13/12/2017,02/12/2025,1.51 MB,Snapshot view unit tests for iOS,Objective-C,https://github.com/uber/ios-snapshot-test-case,1.51 MB
472,WeChatPlugin-iOS,1862,368,1862,36,27/08/2017,18/04/2019,1.72 MB,,Objective-C,https://github.com/TKkk-iOSer/WeChatPlugin-iOS,1.72 MB
473,vagrant-manager,1862,84,1862,20,14/04/2014,31/05/2020,2.37 MB,Manage your vagrant machines in one place with Vagrant Manager for OS X,Objective-C,https://github.com/lanayotech/vagrant-manager,2.37 MB
474,SMPageControl,1858,213,1858,16,14/10/2012,07/07/2019,478.00 KB,A drop in replacement for UIPageControl with a slew of additional customization options.,Objective-C,https://github.com/Spaceman-Labs/SMPageControl,478.00 KB
475,RZTransitions,1856,187,1856,11,16/12/2013,06/02/2020,1.62 MB,A library of custom iOS View Controller Animations and Interactions.,Objective-C,https://github.com/Rightpoint/RZTransitions,1.62 MB
476,Tangram-iOS,1855,294,1855,69,29/03/2017,27/05/2021,288.00 KB,"Tangram is a modular UI solution for building native page dynamically, including Tangram for Android, Tangram for iOS and even backend CMS. This project provides the sdk on iOS platform.",Objective-C,https://github.com/alibaba/Tangram-iOS,288.00 KB
477,FastttCamera,1852,190,1852,33,09/02/2015,16/08/2024,4.52 MB,Fasttt and easy camera framework for iOS with customizable filters,Objective-C,https://github.com/IFTTT/FastttCamera,4.52 MB
478,TOMSMorphingLabel,1846,102,1846,9,18/06/2014,16/08/2021,1.49 MB,Configurable morphing transitions between text values of a label.,Objective-C,https://github.com/tomknig/TOMSMorphingLabel,1.49 MB
479,gh-unit,1845,309,1845,6,21/01/2009,09/08/2016,67.15 MB,DEPRECATED Test Framework for Objective-C,Objective-C,https://github.com/gh-unit/gh-unit,67.15 MB
480,LXReorderableCollectionViewFlowLayout,1844,316,1844,56,02/10/2012,08/03/2019,222.00 KB,Extends `UICollectionViewFlowLayout` to support reordering of cells. Similar to long press and pan on books in iBook.,Objective-C,https://github.com/lxcid/LXReorderableCollectionViewFlowLayout,222.00 KB
481,DropdownMenu,1841,182,1841,10,27/11/2013,26/07/2016,1.47 MB,"DropdownMenu is an iOS navigation controller using a Container View, storyboards and segues.",Objective-C,https://github.com/nmattisson/DropdownMenu,1.47 MB
482,iWeChat,1829,248,1829,1,04/05/2018,26/09/2020,8.73 MB,从 0 开始解刨一个 App，以微信为例,Objective-C,https://github.com/lefex/iWeChat,8.73 MB
483,objc-runtime,1829,511,1829,9,01/04/2015,16/03/2024,2.21 MB,A debuggable objc runtime,Objective-C,https://github.com/RetVal/objc-runtime,2.21 MB
484,objection,1829,221,1829,21,04/12/2010,25/09/2017,8.69 MB,A lightweight dependency injection framework for Objective-C,Objective-C,https://github.com/atomicobject/objection,8.69 MB
485,Nocilla,1827,171,1827,43,04/09/2012,06/04/2023,1.32 MB,Testing HTTP requests has never been easier. Nocilla: Stunning HTTP stubbing for iOS and Mac OS X.,Objective-C,https://github.com/lausobo/Nocilla,1.32 MB
486,ARAnalytics,1825,211,1825,19,18/12/2012,15/09/2017,1.71 MB,Simplify your iOS/Mac analytics,Objective-C,https://github.com/orta/ARAnalytics,1.71 MB
487,Context-Menu.iOS,1821,241,1821,3,15/01/2015,04/04/2018,2.47 MB,You can easily add awesome animated context menu to your app.,Objective-C,https://github.com/Yalantis/Context-Menu.iOS,2.47 MB
488,ASValueTrackingSlider,1820,227,1820,23,21/10/2013,17/10/2019,1.67 MB,A UISlider subclass that displays the slider value in a popup view,Objective-C,https://github.com/alskipp/ASValueTrackingSlider,1.67 MB
489,octokit.objc,1819,315,1819,0,09/01/2013,03/12/2018,1.60 MB,GitHub API client for Objective-C,Objective-C,https://github.com/octokit/octokit.objc,1.60 MB
490,TYCyclePagerView,1810,333,1810,31,20/07/2017,30/11/2025,1.37 MB,"a simple and usefull cycle pager view ,and auto scroll banner view(轮播图) ,include pageControl for iOS,support Objective-C and swift",Objective-C,https://github.com/12207480/TYCyclePagerView,1.37 MB
491,VTMagic,1800,336,1800,76,31/05/2016,09/07/2020,3.18 MB,VTMagic is a page container library for iOS.,Objective-C,https://github.com/tianzhuo112/VTMagic,3.18 MB
492,cartool,1799,439,1799,19,11/09/2013,02/11/2018,24.00 KB,Export images from OS X / iOS .car CoreUI archives,Objective-C,https://github.com/steventroughtonsmith/cartool,24.00 KB
493,routable-ios,1795,191,1795,10,03/04/2013,30/01/2019,73.00 KB,"Routable, an in-app native URL router, for iOS",Objective-C,https://github.com/clayallsopp/routable-ios,73.00 KB
494,VirtualMacOniPad,1794,85,1794,29,03/08/2026,27/08/2026,26.18 MB,"People have dreamed of running macOS on iPad for more than a decade. Today, that dream comes true. With Virtual Mac, iPad finally breaks free from iPadOS, enabling pro apps like Xcode, Terminal, Final Cut Pro, Logic Pro, and Pixelmator Pro to run directly on device. Requires iPad Pro (M1, M2) or iPad Air (M1) running iPadOS 14 up to 16.3.1.",Objective-C,https://github.com/nfzerox/VirtualMacOniPad,26.18 MB
495,overshare-kit,1792,128,1792,15,31/10/2013,01/06/2015,12.74 MB,A soup-to-nuts sharing library for iOS.,Objective-C,https://github.com/overshare/overshare-kit,12.74 MB
496,telegram,1789,382,1789,292,19/08/2014,22/01/2019,24.84 MB,Source code of deprecated Telegram for macos version,Objective-C,https://github.com/overtake/telegram,24.84 MB
497,kxmenu,1789,357,1789,31,17/05/2013,02/01/2020,911.00 KB,KxMenu is a vertical popup menu for using in iOS applications,Objective-C,https://github.com/kolyvan/kxmenu,911.00 KB
498,KNSemiModalViewController,1785,272,1785,23,02/05/2012,11/05/2016,3.64 MB,KNSemiModalViewController,Objective-C,https://github.com/kentnguyen/KNSemiModalViewController,3.64 MB
499,DGActivityIndicatorView,1784,284,1784,9,30/05/2015,18/05/2021,5.94 MB,DGActivityIndicatorView is a great way to make loading spinners in your application look nicer. It contains 32 different indicator view styles.,Objective-C,https://github.com/gontovnik/DGActivityIndicatorView,5.94 MB
500,IntentKit,1784,113,1784,19,30/11/2013,24/05/2017,5.33 MB,An easier way to handle third-party URL schemes in iOS apps.,Objective-C,https://github.com/intentkit/IntentKit,5.33 MB
501,MGBoxKit,1782,278,1782,16,28/09/2012,13/09/2018,1.05 MB,"Simple, quick iOS tables, grids, and more",Objective-C,https://github.com/sobri909/MGBoxKit,1.05 MB
502,PulsingHalo,1782,231,1782,13,05/12/2013,12/10/2021,653.00 KB,iOS Component for creating a pulsing animation.,Objective-C,https://github.com/shu223/PulsingHalo,653.00 KB
503,YYImage,1780,510,1780,105,24/10/2015,27/06/2024,29.80 MB,"Image framework for iOS to display/encode/decode animated WebP, APNG, GIF, and more.",Objective-C,https://github.com/ibireme/YYImage,29.80 MB
504,ShareKit,1774,368,1774,265,06/07/2010,16/01/2019,4.79 MB,Drop in sharing features for all iPhone and iPad apps,Objective-C,https://github.com/ideashower/ShareKit,4.79 MB
505,EggShell,1774,385,1774,56,02/07/2015,25/03/2021,8.75 MB,iOS/macOS/Linux Remote Administration Tool,Objective-C,https://github.com/lucasjacks0n/EggShell,8.75 MB
506,gitx,1771,598,1771,8,14/06/2008,25/07/2022,6.11 MB,A gitk clone for OS X,Objective-C,https://github.com/pieter/gitx,6.11 MB
507,Monkey,1771,377,1771,2,09/06/2015,25/04/2021,15.54 MB,"Monkey is an unofficial GitHub client for iOS,to show the rank of coders and repositories.",Objective-C,https://github.com/coderyi/Monkey,15.54 MB
508,jot,1766,152,1766,14,11/05/2015,11/10/2023,6.05 MB,An iOS framework for easily adding drawings and text to images.,Objective-C,https://github.com/IFTTT/jot,6.05 MB
509,Haneke,1764,145,1764,53,11/02/2014,25/12/2019,3.07 MB,"A lightweight zero-config image cache for iOS, in Objective-C.",Objective-C,https://github.com/Haneke/Haneke,3.07 MB
510,WZLBadge,1763,315,1763,36,26/06/2015,03/01/2020,1.45 MB,//An one-line tool to show  styles of badge for UIView,Objective-C,https://github.com/weng1250/WZLBadge,1.45 MB
511,yalu102,1762,538,1762,65,25/01/2017,02/04/2019,7.63 MB,incomplete iOS 10.2 jailbreak for 64 bit devices by qwertyoruiopz and marcograssi,Objective-C,https://github.com/kpwn/yalu102,7.63 MB
512,QBImagePicker,1761,538,1761,127,22/01/2013,11/07/2024,737.00 KB,A clone of UIImagePickerController with multiple selection support.,Objective-C,https://github.com/nek023/QBImagePicker,737.00 KB
513,YLGIFImage,1759,198,1759,14,02/03/2014,19/12/2020,3.23 MB,Async GIF image decoder and Image viewer supporting play GIF images. It just use very less memory.,Objective-C,https://github.com/liyong03/YLGIFImage,3.23 MB
514,SocialSharing-PhoneGap-Plugin,1759,908,1759,489,12/09/2013,18/09/2023,2.08 MB,"👨‍❤️‍💋‍👨 Cordova plugin to share text, a file (image/PDF/..), or a URL (or all three) via the native sharing widget",Objective-C,https://github.com/EddyVerbruggen/SocialSharing-PhoneGap-Plugin,2.08 MB
515,LazyScrollView,1758,270,1758,5,02/03/2017,04/01/2020,162.00 KB,An iOS ScrollView to resolve the problem of reusability in views.,Objective-C,https://github.com/alibaba/LazyScrollView,162.00 KB
516,MSNotificationProtector,1757,16,1757,0,01/02/2020,27/12/2020,1.56 MB,No intrusive automatic removal of notifications added below iOS9,Objective-C,https://github.com/sureJiang/MSNotificationProtector,1.56 MB
517,Brushes,1757,432,1757,47,30/10/2013,19/11/2018,25.04 MB,Painting app for the iPhone and iPad.,Objective-C,https://github.com/sprang/Brushes,25.04 MB
518,TWMessageBarManager,1751,185,1751,16,14/05/2013,17/09/2018,1.01 MB,An iOS manager for presenting system-wide notifications via a dropdown message bar.,Objective-C,https://github.com/terryworona/TWMessageBarManager,1.01 MB
519,CargoBay,1750,152,1750,0,10/09/2012,22/06/2021,256.00 KB,The Essential StoreKit Companion,Objective-C,https://github.com/mattt/CargoBay,256.00 KB
520,RSSReader,1748,331,1748,10,19/01/2016,12/01/2025,1.25 MB,“已阅”新版，RSS阅读器，使用FMDB做存储，ReactiveCocoa处理数据流向,Objective-C,https://github.com/ming1016/RSSReader,1.25 MB
521,NSDate-TimeAgo,1743,312,1743,15,13/11/2011,02/11/2020,177.00 KB,"A ""time ago"", ""time since"", ""relative date"", or ""fuzzy date"" category for NSDate and iOS, Objective-C, Cocoa Touch, iPhone, iPad",Objective-C,https://github.com/kevinlawler/NSDate-TimeAgo,177.00 KB
522,IOSAnimationDemo,1742,411,1742,3,14/07/2015,17/05/2022,21.27 MB,IOS动画总结,Objective-C,https://github.com/yixiangboy/IOSAnimationDemo,21.27 MB
523,GSKStretchyHeaderView,1741,190,1741,12,27/02/2016,06/08/2024,5.55 MB,A generic stretchy header for UITableView and UICollectionView,Objective-C,https://github.com/gskbyte/GSKStretchyHeaderView,5.55 MB
524,DiDiPrism,1741,199,1741,4,23/11/2020,22/05/2025,1.19 MB,小桔棱镜，一款专注移动端操作行为的利器！ A powerful tool (iOS & Android) that focuses on mobile operation behavior!,Objective-C,https://github.com/didi/DiDiPrism,1.19 MB
525,react-native-arkit,1741,138,1741,43,10/07/2017,11/01/2023,4.49 MB,React Native binding for iOS ARKit,Objective-C,https://github.com/react-native-ar/react-native-arkit,4.49 MB
526,ios-fontawesome,1739,254,1739,33,30/12/2012,24/01/2017,899.00 KB,NSString+FontAwesome,Objective-C,https://github.com/alexdrone/ios-fontawesome,899.00 KB
527,ReadyForBAT,1733,434,1733,1,17/04/2018,05/12/2018,15.05 MB,慕课网iOS面试实战项目总结：iOS面试题思维导图与回答,Objective-C,https://github.com/MisterBooo/ReadyForBAT,15.05 MB
528,MXParallaxHeader,1733,250,1733,2,28/10/2015,14/09/2021,14.13 MB,Simple parallax header for UIScrollView,Objective-C,https://github.com/maxep/MXParallaxHeader,14.13 MB
529,SBShortcutMenuSimulator,1730,162,1730,13,17/09/2015,11/12/2016,523.00 KB,3D Touch shortcuts in the Simulator,Objective-C,https://github.com/DeskConnect/SBShortcutMenuSimulator,523.00 KB
530,DOPDropDownMenu-Enhanced,1729,345,1729,38,24/03/2015,12/04/2019,435.00 KB,"DOPDropDownMenu 添加双列表 优化版 新增图片支持（double tableView, The optimization version ，new add image,detailText）",Objective-C,https://github.com/12207480/DOPDropDownMenu-Enhanced,435.00 KB
531,IDCardRecognition,1714,383,1714,30,09/03/2017,25/07/2017,7.95 MB,中国大陆第二代身份证识别，自动读出身份证上的信息（姓名、性别、民族、住址、身份证号码）并截取身份证照片,Objective-C,https://github.com/zhongfenglee/IDCardRecognition,7.95 MB
532,FlexLib,1714,258,1714,0,06/12/2017,25/11/2025,12.99 MB,FlexLib是一个基于flexbox模型，使用xml文件进行界面布局的框架，融合了web快速布局的能力，让iOS界面开发像写网页一样简单快速,Objective-C,https://github.com/zhenglibao/FlexLib,12.99 MB
533,gfxCardStatus,1713,318,1713,30,08/05/2010,10/07/2021,3.28 MB,"gfxCardStatus is an open-source menu bar application that keeps track of which graphics card your unibody, dual-GPU MacBook Pro is using at any given time, and allows you to switch between them on demand.",Objective-C,https://github.com/codykrieger/gfxCardStatus,3.28 MB
534,XYPieChart,1711,292,1711,42,06/03/2012,18/03/2016,822.00 KB,A simple and animated Pie Chart for your iOS app.,Objective-C,https://github.com/xyfeng/XYPieChart,822.00 KB
535,youtube-ios-player-helper,1706,722,1706,307,07/04/2014,03/10/2023,189.00 KB,Lightweight helper library that allows iOS developers to add inline playback of YouTube videos through a WebView,Objective-C,https://github.com/youtube/youtube-ios-player-helper,189.00 KB
536,Bootstrap,1705,791,1705,47,21/12/2023,12/06/2026,359.29 MB,A full featured bootstrap for iOS 15.0-17.0 A8-A17Pro & M1+M2 using roothide,Objective-C,https://github.com/roothide/Bootstrap,359.29 MB
537,aws-sdk-ios,1703,897,1703,49,11/06/2014,03/08/2026,5.89 GB,"AWS SDK for iOS. For more information, see our web site:",Objective-C,https://github.com/aws-amplify/aws-sdk-ios,5.89 GB
538,MVVMFramework,1700,446,1700,11,23/12/2015,04/01/2019,16.71 MB,(OC版)总结整理下一个快速开发框架，以更优雅的方式写代码，做一个代码艺术家。分离控制器中的代码，已加入cell自适应高度，自动缓存网络请求代码，降低代码耦合，提高开发效率。,Objective-C,https://github.com/lovemo/MVVMFramework,16.71 MB
539,SGQRCode,1694,377,1694,13,29/08/2016,02/02/2024,52.48 MB,The easy to use bar code and QR code scan library for iOS【支持二维码生成、读取图片中二维码、条形码和二维码扫描】,Objective-C,https://github.com/kingsic/SGQRCode,52.48 MB
540,RMPZoomTransitionAnimator,1692,176,1692,11,31/03/2015,23/08/2017,15.09 MB,A custom zooming transition animation for UIViewController,Objective-C,https://github.com/recruit-mp/RMPZoomTransitionAnimator,15.09 MB
541,Squirrel.Mac,1687,140,1687,29,22/07/2013,18/09/2026,16.10 MB,:shipit: Cocoa framework for updating OS X apps :shipit:,Objective-C,https://github.com/Squirrel/Squirrel.Mac,16.10 MB
542,LSAnimator,1684,155,1684,7,03/05/2017,12/08/2021,1.76 MB,⛓ Easy to Read and Write Multi-chain Animations Lib in Objective-C and Swift.,Objective-C,https://github.com/Lision/LSAnimator,1.76 MB
543,KLCPopup,1674,225,1674,56,23/06/2014,14/07/2019,1.26 MB,A simple and flexible class for presenting custom views as a popup in iOS.,Objective-C,https://github.com/jmascia/KLCPopup,1.26 MB
544,HapticKey,1670,63,1670,20,04/12/2017,17/06/2025,6.51 MB,A simple utility application to trigger haptic feedback when tapping Touch Bar.,Objective-C,https://github.com/niw/HapticKey,6.51 MB
545,UI7Kit,1667,196,1667,43,13/06/2013,15/12/2022,20.81 MB,Backport flat-style UIKit from iOS7 to iOS5+,Objective-C,https://github.com/youknowone/UI7Kit,20.81 MB
546,couchbase-lite-ios,1666,304,1666,5,01/02/2013,29/09/2026,67.36 MB,"Lightweight, embedded, syncable NoSQL database engine for iOS and MacOS apps.",Objective-C,https://github.com/couchbase/couchbase-lite-ios,67.36 MB
547,RKSwipeBetweenViewControllers,1662,150,1662,18,26/07/2014,16/04/2017,2.41 MB,Swipe between ViewControllers like in the Spotify or Twitter app with an interactive Segmented Control in the Navigation Bar,Objective-C,https://github.com/cwRichardKim/RKSwipeBetweenViewControllers,2.41 MB
548,HBDNavigationBar,1659,227,1659,78,23/03/2018,18/03/2026,8.53 MB,"A custom UINavigationBar for smooth switching between various states, including bar style, bar tint color,  background image, background alpha,   bar hidden, title text attributes, tint color, shadow hidden...",Objective-C,https://github.com/listenzz/HBDNavigationBar,8.53 MB
549,ARSegmentPager,1657,265,1657,22,21/04/2015,22/09/2017,10.80 MB,segment tab controller with parallax Header,Objective-C,https://github.com/AugustRush/ARSegmentPager,10.80 MB
550,ios-custom-alertview,1647,387,1647,40,20/09/2013,26/12/2019,256.00 KB,Custom UIAlertView. Continue adding images and UIViews to dialogs in iOS7+,Objective-C,https://github.com/wimagguc/ios-custom-alertview,256.00 KB
551,TouchBarDemoApp,1646,115,1646,29,04/11/2016,09/03/2021,4.17 MB,Allows you to use your macOS Touch Bar from an iPad (through USB connection) or on-screen by pressing the Fn-key.,Objective-C,https://github.com/bikkelbroeders/TouchBarDemoApp,4.17 MB
552,WeChat,1645,411,1645,8,06/06/2016,27/03/2023,29.15 MB,实现类似微信朋友圈或者QQ空间，评论回复，九宫格布局。处理键盘弹出后定位到当前点击的被评论人处。另：滑动时候FPS在57-60之间，纵享丝滑！,Objective-C,https://github.com/zhengwenming/WeChat,29.15 MB
553,FCUUID,1645,238,1645,4,06/10/2014,22/04/2026,62.00 KB,:iphone: :id:  iOS UUID / Universally Unique Identifiers library as alternative to UDID and identifierForVendor.,Objective-C,https://github.com/fabiocaccamo/FCUUID,62.00 KB
554,meituan,1643,647,1643,2,06/07/2015,08/07/2016,25.86 MB,高仿美团iOS版，版本号5.7。,Objective-C,https://github.com/lookingstars/meituan,25.86 MB
555,AvoidCrash,1643,384,1643,21,22/09/2016,15/03/2020,5.51 MB,"This framework can effective avoid crash by potential error code. For example  : If you insert a nil into a mutable array, this framework can avoid crash and note you that where cause crash.",Objective-C,https://github.com/chenfanfang/AvoidCrash,5.51 MB
556,ELCImagePickerController,1641,456,1641,44,08/10/2010,25/09/2020,951.00 KB,A clone of the UIImagePickerController using the Assets Library Framework allowing for multiple asset selection,Objective-C,https://github.com/B-Sides/ELCImagePickerController,951.00 KB
557,FCModel,1639,168,1639,30,16/09/2013,17/07/2023,456.00 KB,An alternative to Core Data for people who like having direct SQL access.,Objective-C,https://github.com/marcoarment/FCModel,456.00 KB
558,PunchClock,1634,163,1634,5,08/07/2014,16/07/2019,431.00 KB,An in/out tracking app for iOS 7+ that uses iBeacon and Geofencing.,Objective-C,https://github.com/panicinc/PunchClock,431.00 KB
559,JJException,1634,271,1634,43,05/07/2018,03/12/2022,8.50 MB,Protect the objective-c application(保护App不闪退),Objective-C,https://github.com/jezzmemo/JJException,8.50 MB
560,HHRouter,1631,229,1631,12,13/03/2014,06/12/2017,65.00 KB,Yet another URL Router for iOS.,Objective-C,https://github.com/lightory/HHRouter,65.00 KB
561,Hosts.prefpane,1630,121,1630,10,14/08/2011,25/09/2020,1.23 MB,a Cocoa GUI for /etc/hosts,Objective-C,https://github.com/specialunderwear/Hosts.prefpane,1.23 MB
562,ensembles,1625,128,1625,23,11/09/2013,05/08/2026,3.51 MB,A synchronization framework for Core Data.,Objective-C,https://github.com/drewmccormack/ensembles,3.51 MB
563,CNPPopupController,1625,199,1625,2,30/09/2014,08/03/2019,5.90 MB,*DEPRECATED* CNPPopupController is a simple and versatile class for presenting a custom popup in a variety of fashions. It includes a many options for controlling how your popup appears and behaves.,Objective-C,https://github.com/carsonxyz/CNPPopupController,5.90 MB
564,Form,1624,141,1624,31,03/10/2014,07/03/2021,7.93 MB,The most flexible and powerful way to build a form on iOS,Objective-C,https://github.com/3lvis/Form,7.93 MB
565,GraphSketcher,1623,140,1623,14,21/01/2014,03/09/2014,12.75 MB,"A fast, simple graph drawing and data plotting app for OS X and iPad.",Objective-C,https://github.com/graphsketcher/GraphSketcher,12.75 MB
566,EBPhotoPages,1621,186,1621,19,05/04/2014,02/11/2021,23.86 MB,A photo gallery for iOS with a modern feature set. Similar features as the Facebook photo browser.,Objective-C,https://github.com/EddyBorja/EBPhotoPages,23.86 MB
567,iOSTraining,1615,325,1615,7,04/04/2013,01/10/2022,135.78 MB,Training course repository for iOS app development,Objective-C,https://github.com/mixi-inc/iOSTraining,135.78 MB
568,react-native-exception-handler,1614,140,1614,71,21/04/2017,15/07/2024,1016.00 KB,A react native module that lets you to register a global error handler that can capture fatal/non fatal uncaught exceptions.,Objective-C,https://github.com/a7ul/react-native-exception-handler,1016.00 KB
569,WBBlades,1608,237,1608,9,17/03/2020,05/08/2024,72.25 MB,"Mach-O based ObjC & Swift useless classes, useless protocols, useless resources detection, packet size analysis, point-to-point crash resolution.基于Mach-O的ObjC & Swift无用类、无用协议、无用资源检测，包大小分析，点对点崩溃解析。",Objective-C,https://github.com/wuba/WBBlades,72.25 MB
570,Blogs,1600,295,1600,10,14/12/2016,19/08/2022,55.62 MB,"一点心得 - iOS,Swift,React Native,Python...",Objective-C,https://github.com/LeoMobileDeveloper/Blogs,55.62 MB
571,QuincyKit,1600,307,1600,0,17/07/2009,05/10/2016,7.33 MB,HockeyApp was retired and the SDKs are deprecated. Please use App Center instead.,Objective-C,https://github.com/bitstadium/QuincyKit,7.33 MB
572,MSSCrollGuideView,1593,7,1593,0,08/03/2020,27/12/2020,2.75 MB,Keyframeanimation user guided animation,Objective-C,https://github.com/sureJiang/MSSCrollGuideView,2.75 MB
573,canabalt-ios,1584,289,1584,6,30/12/2010,20/08/2011,11.81 MB,Open source release of Canabalt for iOS,Objective-C,https://github.com/ericjohnson/canabalt-ios,11.81 MB
574,limechat,1584,264,1584,198,15/03/2008,22/11/2021,15.06 MB,IRC Client for Mac,Objective-C,https://github.com/psychs/limechat,15.06 MB
575,expecta,1580,155,1580,21,07/05/2011,17/04/2024,614.00 KB,A Matcher Framework for Objective-C/Cocoa,Objective-C,https://github.com/specta/expecta,614.00 KB
576,GKPageScrollView,1576,283,1576,3,28/10/2018,18/03/2025,27.96 MB,iOS类似微博、抖音、网易云等个人详情页滑动嵌套效果,Objective-C,https://github.com/QuintGao/GKPageScrollView,27.96 MB
577,CorePhotoBroswerVC,1572,389,1572,25,10/05/2015,07/09/2016,33.36 MB,快速集成高性能照片浏览器，支持本地及网络相册,Objective-C,https://github.com/CharlinFeng/CorePhotoBroswerVC,33.36 MB
578,PPNetworkHelper,1571,344,1571,34,12/08/2016,14/12/2018,2.46 MB,AFNetworking 3.x 与YYCache封装,Objective-C,https://github.com/jkpang/PPNetworkHelper,2.46 MB
579,Objective-C-RegEx-Categories,1568,198,1568,10,03/12/2013,03/10/2019,123.00 KB,"NSRegularExpression extensions that make regular expressions easier in Objective-C, Swift, iOS, OSX",Objective-C,https://github.com/bendytree/Objective-C-RegEx-Categories,123.00 KB
580,tag,1567,110,1567,37,26/10/2013,29/07/2024,171.00 KB,"A command line tool to manipulate tags on Mac OS X files, and to query for files with those tags.",Objective-C,https://github.com/jdberry/tag,171.00 KB
581,DZNSegmentedControl,1561,176,1561,15,11/03/2014,14/11/2017,455.00 KB,"A drop-in replacement for UISegmentedControl for showing counts, to be used typically on a user profile",Objective-C,https://github.com/dzenbot/DZNSegmentedControl,455.00 KB
582,Turbo-Boost-Switcher,1557,155,1557,47,23/07/2013,27/09/2025,1.62 MB,Turbo Boost disabler / enable app for Mac OS X,Objective-C,https://github.com/rugarciap/Turbo-Boost-Switcher,1.62 MB
583,LYEmptyView,1557,277,1557,22,13/12/2017,03/01/2020,5.23 MB,iOS一行代码集成空白页面占位图(无数据、无网络占位图) emptyView-empty set,Objective-C,https://github.com/dev-liyang/LYEmptyView,5.23 MB
584,Today-Scripts,1556,180,1556,19,29/10/2014,10/07/2020,850.00 KB,A widget for running scripts in the Today View in OS X Yosemite's Notification Center,Objective-C,https://github.com/SamRothCA/Today-Scripts,850.00 KB
585,DAKeyboardControl,1552,198,1552,39,07/02/2012,09/09/2022,774.00 KB,DAKeyboardControl adds keyboard awareness and scrolling dismissal (ala iMessages app) to any view with only 1 line of code.,Objective-C,https://github.com/danielamitay/DAKeyboardControl,774.00 KB
586,DLCImagePickerController,1551,309,1551,24,18/08/2012,03/01/2014,1.19 MB,"ImagePickerController with live filters, radial blur and more. Brought to you by Backspaces.",Objective-C,https://github.com/dmitric/DLCImagePickerController,1.19 MB
587,imaotai,1551,419,1551,0,02/04/2022,09/03/2023,42.00 KB,i茅台app 每日自动预约 抢茅台,Objective-C,https://github.com/insoxin/imaotai,42.00 KB
588,IAPHelper,1549,273,1549,20,10/07/2012,31/10/2020,58.00 KB,No more maintenance for this repo. Please use the https://github.com/bizz84/SwiftyStoreKit,Objective-C,https://github.com/saturngod/IAPHelper,58.00 KB
589,UITextView-Placeholder,1548,273,1548,21,10/12/2014,19/01/2026,92.00 KB,A missing placeholder for UITextView,Objective-C,https://github.com/devxoul/UITextView-Placeholder,92.00 KB
590,MASShortcut,1548,236,1548,32,06/07/2012,18/10/2022,564.00 KB,Modern framework for managing global keyboard shortcuts compatible with Mac App Store. More details:,Objective-C,https://github.com/cocoabits/MASShortcut,564.00 KB
591,MZTimerLabel,1547,241,1547,26,16/10/2013,15/05/2023,1.44 MB,A handy class for iOS to use UILabel as a countdown timer or stopwatch just like in Apple Clock App.,Objective-C,https://github.com/mineschan/MZTimerLabel,1.44 MB
592,XcodeCleaner,1544,113,1544,4,14/10/2017,04/11/2019,963.00 KB,Cleaner for Xcode.app built with react-native-macos,Objective-C,https://github.com/waylybaye/XcodeCleaner,963.00 KB
593,Provisioning,1539,66,1539,12,29/10/2013,21/12/2017,401.00 KB,A Quick Look plug-in for .mobileprovision files,Objective-C,https://github.com/chockenberry/Provisioning,401.00 KB
594,JZNavigationExtension,1537,236,1537,27,23/06/2015,26/12/2018,2.41 MB,JZNavigationExtension integrates some convenient features for UINavigationController and easy to use.,Objective-C,https://github.com/JazysYu/JZNavigationExtension,2.41 MB
595,ColorArt,1535,123,1535,5,11/12/2012,05/03/2024,1.07 MB,iTunes 11-style color matching code,Objective-C,https://github.com/panicinc/ColorArt,1.07 MB
596,XToDo,1534,176,1534,27,14/12/2013,16/06/2016,729.00 KB,"Xcode plugin to collect and list the `TODO`,`FIXME`,`???`,`!!!!`",Objective-C,https://github.com/trawor/XToDo,729.00 KB
597,objc-TimesSquare,1531,233,1531,43,06/12/2012,27/01/2022,905.00 KB,TimesSquare is an Objective-C calendar view for your apps.,Objective-C,https://github.com/puls/objc-TimesSquare,905.00 KB
598,FlutterToast,1530,435,1530,99,08/04/2018,10/08/2026,16.69 MB,Toast Plugin for Flutter,Objective-C,https://github.com/ponnamkarthik/FlutterToast,16.69 MB
599,MAObjCRuntime,1530,187,1530,13,14/09/2010,02/09/2021,348.00 KB,ObjC wrapper for ObjC runtime API,Objective-C,https://github.com/mikeash/MAObjCRuntime,348.00 KB
600,Chat-Messaging-App-Light-and-Dark-Theme,1529,480,1529,7,01/03/2021,10/08/2024,146.96 MB,,Objective-C,https://github.com/abuanwar072/Chat-Messaging-App-Light-and-Dark-Theme,146.96 MB
601,CollectionViewClassifyMenu,1529,359,1529,7,19/03/2015,30/05/2019,16.47 MB,CollectionView做的两级菜单，可以折叠第二级菜单,Objective-C,https://github.com/ChenYilong/CollectionViewClassifyMenu,16.47 MB
602,RKDropdownAlert,1527,135,1527,10,17/07/2014,16/04/2017,335.00 KB,iOS / Objective C: an extremely simple UIAlertView alternative,Objective-C,https://github.com/cwRichardKim/RKDropdownAlert,335.00 KB
603,darksword-kexploit,1526,588,1526,15,23/03/2026,27/03/2026,6.00 KB,iOS <=26.0.1 DarkSword Kernel Exploit reimplemented in Objective-C,Objective-C,https://github.com/opa334/darksword-kexploit,6.00 KB
604,react-native-auto-updater,1521,137,1521,22,08/01/2016,02/03/2018,6.29 MB,A library to manage dynamic updates to React Native apps. Available as an NPM Package for iOS and Android.,Objective-C,https://github.com/redbooth/react-native-auto-updater,6.29 MB
605,WXSTransition,1519,258,1519,19,06/06/2016,25/07/2018,41.95 MB,🍎 界面转场动画集,Objective-C,https://github.com/alanwangmodify/WXSTransition,41.95 MB
606,Dash-Plugin-for-Xcode,1518,186,1518,2,18/09/2012,23/10/2025,101.00 KB,Plugin for Xcode to integrate the Dash documentation viewer app,Objective-C,https://github.com/omz/Dash-Plugin-for-Xcode,101.00 KB
607,baker,1517,368,1517,172,07/07/2010,18/11/2013,25.61 MB,The HTML5 ebook framework to publish interactive books & magazines on iPad & iPhone using simply open web standards ,Objective-C,https://github.com/Simbul/baker,25.61 MB
608,DownloadButton,1517,182,1517,15,01/06/2015,02/12/2020,664.00 KB,Customizable App Store style download button,Objective-C,https://github.com/PavelKatunin/DownloadButton,664.00 KB
609,MYBlurIntroductionView,1516,194,1516,18,17/10/2013,30/10/2017,9.87 MB,A super-charged version of MYIntroductionView for building custom app introductions and tutorials.,Objective-C,https://github.com/MatthewYork/MYBlurIntroductionView,9.87 MB
610,uidevice-extension,1513,452,1513,23,05/04/2009,11/08/2021,2.35 MB,Add functionality to UIDevice to distinguish between platforms like iPod touch 1G and 2G and iPhone,Objective-C,https://github.com/erica/uidevice-extension,2.35 MB
611,iOS-Slide-Menu,1511,344,1511,95,25/04/2013,01/03/2019,2.64 MB,"iOS Slide Menu with ability to add both left and right menu, and built in gesture recognizer. Similar to Path and Facebook",Objective-C,https://github.com/aryaxt/iOS-Slide-Menu,2.64 MB
612,MGSplitViewController,1506,380,1506,65,31/07/2010,13/12/2016,474.00 KB,"A flexible, advanced split-view controller for iPad developers.",Objective-C,https://github.com/mattgemmell/MGSplitViewController,474.00 KB
613,MTHawkeye,1504,181,1504,8,05/03/2019,17/11/2023,20.50 MB,"Profiling / Debugging assist tools for iOS. (Memory Leak, OOM, ANR, Hard Stalling, Network, OpenGL, Time Profile ...)",Objective-C,https://github.com/meitu/MTHawkeye,20.50 MB
614,PPRows,1504,161,1504,5,04/03/2017,20/10/2021,7.21 MB,It Can Calculate how many lines of code you write on Mac ; 在Mac上计算你写了多少行代码,Objective-C,https://github.com/jkpang/PPRows,7.21 MB
615,ASCIImage,1502,67,1502,9,16/03/2015,05/05/2015,292.00 KB,Create UIImage / NSImage instances with NSString and ASCII art,Objective-C,https://github.com/cparnot/ASCIImage,292.00 KB
616,hera,1500,313,1500,36,16/11/2017,07/12/2022,13.27 MB,A framework for running WeChat applet. （小程序 SDK，小程序转 H5，小程序转安卓、iOS 原生应用、小程序渲染引擎）,Objective-C,https://github.com/weidian-inc/hera,13.27 MB
617,OHAttributedLabel,1499,339,1499,22,15/01/2011,13/12/2014,3.81 MB,UILabel that supports NSAttributedString,Objective-C,https://github.com/AliSoftware/OHAttributedLabel,3.81 MB
618,DZNPhotoPickerController,1496,253,1496,34,04/10/2013,09/07/2020,34.28 MB,"A photo search/picker for iOS using popular image providers like 500px, Flickr, Instagram, Giphy, Google & Bing Images",Objective-C,https://github.com/dzenbot/DZNPhotoPickerController,34.28 MB
619,MotionBlur,1494,91,1494,1,21/07/2014,04/04/2015,973.00 KB,MotionBlur allows you to add motion blur effect to iOS animations.,Objective-C,https://github.com/fastred/MotionBlur,973.00 KB
620,FLKAutoLayout,1482,114,1482,10,26/03/2013,13/01/2021,106.00 KB,UIView category which makes it easy to create layout constraints in code,Objective-C,https://github.com/floriankugler/FLKAutoLayout,106.00 KB
621,CBZSplashView,1476,116,1476,13,22/07/2014,01/02/2017,1.86 MB,Twitter style Splash Screen View. Grows to reveal the Initial view behind,Objective-C,https://github.com/callumboddy/CBZSplashView,1.86 MB
622,RACollectionViewReorderableTripletLayout,1474,189,1474,11,31/05/2014,07/07/2015,10.73 MB,The custom collectionView layout that can perform reordering of cells by dragging it.,Objective-C,https://github.com/ra1028/RACollectionViewReorderableTripletLayout,10.73 MB
623,iosMath,1473,261,1473,26,11/05/2016,21/08/2026,37.30 MB,Beautiful math equation rendering on iOS and MacOS,Objective-C,https://github.com/kostub/iosMath,37.30 MB
624,Sol,1472,374,1472,1,04/10/2013,06/08/2024,28.72 MB,:sunny: Sol° beautifully displays weather information so you can plan your day accordingly. Check the weather in your current location or any city around the world. Implemented in Objective-C.,Objective-C,https://github.com/comyar/Sol,28.72 MB
625,TLChat,1471,559,1471,26,25/01/2016,29/01/2020,35.03 MB,高仿微信,Objective-C,https://github.com/tbl00c/TLChat,35.03 MB
626,TOWebViewController,1469,204,1469,4,06/05/2013,16/09/2019,1.69 MB,A view controller class for iOS that allows users to view web pages directly within an app.,Objective-C,https://github.com/TimOliver/TOWebViewController,1.69 MB
627,Strongbox,1466,126,1466,230,16/07/2016,17/07/2026,201.54 MB,A KeePass/Password Safe Client for iOS and OS X,Objective-C,https://github.com/strongbox-password-safe/Strongbox,201.54 MB
628,FancyTabBar,1465,132,1465,3,03/09/2014,14/10/2017,73.00 KB,An expandable and customisable tabbar for iOS,Objective-C,https://github.com/marvelapp/FancyTabBar,73.00 KB
629,Lookin,1462,257,1462,25,02/04/2022,28/03/2024,23.33 MB,Free macOS app for iOS view debugging.,Objective-C,https://github.com/hughkli/Lookin,23.33 MB
630,FeSpinner,1459,267,1459,3,20/11/2013,16/03/2020,1.06 MB,Rocket Loader Collection for iOS app,Objective-C,https://github.com/NghiaTranUIT/FeSpinner,1.06 MB
631,BCGenieEffect,1452,195,1452,6,25/12/2012,24/09/2017,306.00 KB,An OSX style genie effect inside your iOS app.,Objective-C,https://github.com/Ciechan/BCGenieEffect,306.00 KB
632,Underscore.m,1452,99,1452,13,29/04/2012,11/11/2017,410.00 KB,A DSL for Data Manipulation,Objective-C,https://github.com/robb/Underscore.m,410.00 KB
633,RTLabel,1449,370,1449,47,02/05/2011,19/09/2017,928.00 KB,simple rich text display for iOS using html-like markups,Objective-C,https://github.com/honcheng/RTLabel,928.00 KB
634,A-GUIDE-TO-iOS-ANIMATION,1446,346,1446,8,24/09/2015,29/12/2016,24.04 MB,The source code of my new eBook —— A GUIDE TO IOS ANIMATION. Just click the next link to buy it,Objective-C,https://github.com/KittenYang/A-GUIDE-TO-iOS-ANIMATION,24.04 MB
635,weibo_ios_sdk,1441,566,1441,119,25/11/2013,21/08/2026,194.29 MB,新浪微博 IOS SDK,Objective-C,https://github.com/sinaweibosdk/weibo_ios_sdk,194.29 MB
636,BGFMDB,1440,322,1440,82,28/09/2016,21/07/2023,9.31 MB,"BGFMDB让数据的增删改查分别只需要一行代码即可,就是这么简单任性，本库几乎支持存储ios所有基本的自带数据类型.",Objective-C,https://github.com/huangzhibiao/BGFMDB,9.31 MB
637,AppDevKit,1437,153,1437,0,02/06/2016,13/12/2024,3.60 MB,AppDevKit is an iOS development library that provides developers with useful features to fulfill their everyday iOS app development needs.,Objective-C,https://github.com/yahoo/AppDevKit,3.60 MB
638,GRMustache,1436,188,1436,13,01/11/2010,14/07/2022,59.91 MB,Flexible and production-ready Mustache templates for MacOS Cocoa and iOS,Objective-C,https://github.com/groue/GRMustache,59.91 MB
639,UIView-AutoLayout,1435,195,1435,1,17/08/2013,23/06/2014,2.27 MB,"Deprecated in favor of PureLayout, which includes OS X support:",Objective-C,https://github.com/smileyborg/UIView-AutoLayout,2.27 MB
640,SubEthaEdit,1433,115,1433,93,25/10/2018,09/11/2025,143.09 MB,General purpose plain text editor for macOS. Widely known for its live collaboration feature.,Objective-C,https://github.com/subethaedit/SubEthaEdit,143.09 MB
641,Concorde,1430,145,1430,9,10/03/2015,08/02/2022,16.37 MB,Download and decode progressive JPEGs on iOS.,Objective-C,https://github.com/contentful-labs/Concorde,16.37 MB
642,ZYCornerRadius,1427,228,1427,15,04/03/2016,21/11/2018,547.00 KB,"一句代码，圆角风雨无阻。A Category to make cornerRadius for UIImageView have no Offscreen-Rendered, be more efficiency.     ",Objective-C,https://github.com/liuzhiyi1992/ZYCornerRadius,547.00 KB
643,Keychain-Dumper,1426,306,1426,19,27/02/2011,15/08/2024,1.83 MB,A tool to check which keychain items are available to an attacker once an iOS device has been jailbroken,Objective-C,https://github.com/ptoomey3/Keychain-Dumper,1.83 MB
644,LiveReload,1424,162,1424,102,17/05/2011,27/10/2016,81.12 MB,LiveReload.app for Mac and Windows. See “develop” branch for the latest Windows release and LiveReload 3 progress. (NOTE: renamed from LiveReload2.),Objective-C,https://github.com/livereload/LiveReload,81.12 MB
645,leaves,1424,324,1424,8,20/04/2010,24/11/2017,3.78 MB,A page-turning interface for iOS apps,Objective-C,https://github.com/brow/leaves,3.78 MB
646,Hummer,1420,186,1420,45,10/11/2020,20/04/2026,143.30 MB,一套移动端高性能高可用的动态化跨端开发框架,Objective-C,https://github.com/didi/Hummer,143.30 MB
647,JHBlog,1412,348,1412,7,25/07/2018,29/07/2021,55.21 MB,iOS开发：我的初级到中级的晋级之路,Objective-C,https://github.com/SunshineBrother/JHBlog,55.21 MB
648,react-native-tableview,1407,179,1407,28,18/08/2015,24/01/2022,3.85 MB,Native iOS UITableView for React Native with JSON support and more,Objective-C,https://github.com/aksonov/react-native-tableview,3.85 MB
649,crypto-bar-mac,1406,127,1406,0,22/06/2026,16/09/2026,18.13 MB,"macOS crypto menu bar app that bring real time cryptocurrency prices using the CoinGecko API. Supports Bitcoin, Ethereum, and many other coins",Objective-C,https://github.com/erdwin90/crypto-bar-mac,18.13 MB
650,NetworkEye,1399,234,1399,19,05/11/2015,24/08/2020,2.40 MB,"a iOS network debug library, monitor HTTP requests",Objective-C,https://github.com/coderyi/NetworkEye,2.40 MB
651,BlockAlertsAnd-ActionSheets,1399,263,1399,17,20/01/2012,18/04/2019,1.33 MB,Beautifully done UIAlertView and UIActionSheet replacements inspired by TweetBot,Objective-C,https://github.com/gpambrozio/BlockAlertsAnd-ActionSheets,1.33 MB
652,JVFloatingDrawer,1399,154,1399,17,11/01/2015,13/10/2017,6.59 MB,An easy to use floating drawer view controller.,Objective-C,https://github.com/JVillella/JVFloatingDrawer,6.59 MB
653,iHasApp,1394,172,1394,9,26/06/2012,09/09/2022,2.16 MB,The iHasApp iOS Framework allows you to detect installed apps on a user's device.,Objective-C,https://github.com/danielamitay/iHasApp,2.16 MB
654,UzysAnimatedGifPullToRefresh,1394,147,1394,3,28/04/2014,07/07/2016,1.12 MB,Add PullToRefresh using animated GIF to any scrollView with just simple code,Objective-C,https://github.com/uzysjung/UzysAnimatedGifPullToRefresh,1.12 MB
655,TableTool,1387,108,1387,72,21/07/2015,15/04/2020,7.24 MB,A simple CSV editor for the Mac,Objective-C,https://github.com/jakob/TableTool,7.24 MB
656,PSCollectionView,1385,319,1385,25,30/03/2012,12/04/2016,251.00 KB,A simple open source implementation of a Pinterest Pinboard for iOS,Objective-C,https://github.com/ptshih/PSCollectionView,251.00 KB
657,BAFluidView,1383,109,1383,7,11/12/2014,11/04/2020,10.41 MB,UIView that simulates a 2D view of a fluid in motion,Objective-C,https://github.com/antiguab/BAFluidView,10.41 MB
658,NirZhihuDaily2.0,1383,290,1383,6,24/10/2015,22/12/2015,34.88 MB,Swift精仿知乎日报iOS端,Objective-C,https://github.com/zpz1237/NirZhihuDaily2.0,34.88 MB
659,WeDemo,1383,360,1383,23,08/12/2016,12/07/2019,4.67 MB,WeDemo为微信团队开源项目，用于帮助微信开发者完成微信登录、微信分享等功能的接入和开发。开发者可参考源代码完成开发，也可以直接将代码应用到自己的App开发中，安全、便捷地在App中实现微信分享、微信登录功能。,Objective-C,https://github.com/Tencent/WeDemo,4.67 MB
660,GAutomator,1380,377,1380,63,02/12/2016,18/06/2023,285.13 MB, Automation for mobile games,Objective-C,https://github.com/Tencent/GAutomator,285.13 MB
661,iOS-Hierarchy-Viewer,1378,145,1378,9,16/06/2012,07/09/2018,2.42 MB,iOS Hierarchy viewer - View and Coredata debugging made easy,Objective-C,https://github.com/damian-kolakowski/iOS-Hierarchy-Viewer,2.42 MB
662,TBPlayer,1377,245,1377,29,31/01/2016,03/01/2023,1.74 MB,视频边下边播播，把播放器播放过的数据流缓存到本地，支持拖动。采用avplayer,Objective-C,https://github.com/suifengqjn/TBPlayer,1.74 MB
663,QBPopupMenu,1372,221,1372,16,01/02/2013,07/02/2016,948.00 KB,Customizable popup menu for iOS.,Objective-C,https://github.com/nek023/QBPopupMenu,948.00 KB
664,react-native-webview-bridge,1371,473,1371,129,09/06/2015,26/05/2024,934.00 KB,React Native Webview with Javascript Bridge ,Objective-C,https://github.com/alinz/react-native-webview-bridge,934.00 KB
665,APAddressBook,1371,186,1371,36,09/01/2014,07/11/2017,355.00 KB,Easy access to iOS address book,Objective-C,https://github.com/Alterplay/APAddressBook,355.00 KB
666,Unused,1368,174,1368,9,25/05/2012,19/06/2018,2.53 MB,A Mac app for checking Xcode projects for unused resources,Objective-C,https://github.com/jeffhodnett/Unused,2.53 MB
667,SimulatorRemoteNotifications,1366,118,1366,8,14/02/2013,07/07/2021,1.36 MB,Library to send mock remote notifications to the iOS simulator,Objective-C,https://github.com/acoomans/SimulatorRemoteNotifications,1.36 MB
668,NSDate-Extensions,1366,279,1366,3,04/02/2010,20/09/2022,350.00 KB,Practical real-world dates,Objective-C,https://github.com/erica/NSDate-Extensions,350.00 KB
669,CCHMapClusterController,1362,150,1362,20,22/11/2013,04/09/2018,3.40 MB,High-performance map clustering with MapKit for iOS and OS X. Integrate with 4 lines of code.,Objective-C,https://github.com/choefele/CCHMapClusterController,3.40 MB
670,iOSPlot,1362,248,1362,26,23/04/2011,16/02/2016,1.06 MB,Chart library for iOS,Objective-C,https://github.com/honcheng/iOSPlot,1.06 MB
671,TYPagerController,1361,227,1361,56,18/05/2016,23/03/2021,4.32 MB,"page scroll view and controller,simple,high custom,and have many tabBar styles,,support Objective-C and swift",Objective-C,https://github.com/12207480/TYPagerController,4.32 MB
672,BugshotKit,1352,126,1352,8,20/01/2014,03/08/2021,343.00 KB,"iOS in-app bug reporting for developers and testers, with annotated screenshots and the console log.",Objective-C,https://github.com/marcoarment/BugshotKit,343.00 KB
673,webviewscreensaver,1351,151,1351,4,18/08/2010,15/11/2025,199.00 KB,Mac OS X Screen Saver powered by a Web View,Objective-C,https://github.com/liquidx/webviewscreensaver,199.00 KB
674,apprtc-ios,1350,409,1350,117,07/03/2015,03/12/2019,60.17 MB,A native iOS video chat app based on WebRTC,Objective-C,https://github.com/ISBX/apprtc-ios,60.17 MB
675,GKPhotoBrowser,1350,229,1350,7,16/11/2017,26/09/2025,79.90 MB,iOS仿微信、今日头条等图片浏览器,Objective-C,https://github.com/QuintGao/GKPhotoBrowser,79.90 MB
676,ios-image-filters,1343,214,1343,6,19/06/2011,15/11/2012,414.00 KB,photoshop-style filter interface for UIImage class on iOS to make instagram-style images,Objective-C,https://github.com/esilverberg/ios-image-filters,414.00 KB
677,ParallaxTableViewHeader,1341,168,1341,13,01/11/2014,19/08/2019,841.00 KB,Parallax scrolling effect on UITableView header view when a tableView is scrolled,Objective-C,https://github.com/Vinodh-G/ParallaxTableViewHeader,841.00 KB
678,easy-move-resize,1340,97,1340,37,20/11/2013,11/05/2026,1.37 MB,"Adds ""modifier key + mouse drag"" move and resize to OSX",Objective-C,https://github.com/dmarcotte/easy-move-resize,1.37 MB
679,RGCardViewLayout,1338,158,1338,11,24/01/2015,20/03/2016,1.71 MB,"This is a layout that clones the interaction of going through city ""cards"" in the City Guide App. (this app is #3 for the top iOS app animations on the raywenderlich",Objective-C,https://github.com/terminatorover/RGCardViewLayout,1.71 MB
680,restore-symbol,1338,372,1338,19,22/08/2016,21/08/2020,274.00 KB,A reverse engineering tool to restore stripped symbol table for iOS app.,Objective-C,https://github.com/tobefuturer/restore-symbol,274.00 KB
681,NHBalancedFlowLayout,1337,101,1337,15,07/11/2013,27/02/2016,9.11 MB,UICollectionViewLayout subclass for displaying items of different sizes in a grid without wasting any visual space. Inspired by: http://www.crispymtn.com/stories/the-algorithm-for-a-perfectly-balanced-photo-gallery,Objective-C,https://github.com/njdehoog/NHBalancedFlowLayout,9.11 MB
682,WBWebViewConsole,1323,122,1323,7,13/02/2015,08/08/2017,880.00 KB,In-App debug console for your UIWebView & WKWebView,Objective-C,https://github.com/Naituw/WBWebViewConsole,880.00 KB
683,Design-Pattern-For-iOS,1322,415,1322,5,09/08/2015,08/06/2017,71.03 MB,IOS设计模式探索(大话设计模式),Objective-C,https://github.com/huang303513/Design-Pattern-For-iOS,71.03 MB
684,JTGestureBasedTableViewDemo,1321,199,1321,13,15/02/2012,26/11/2019,716.00 KB,(demo) Recreating the buttonless interaction pattern found in Clear for iPhone app,Objective-C,https://github.com/jamztang/JTGestureBasedTableViewDemo,716.00 KB
685,CodePilot,1319,202,1319,7,13/01/2014,26/08/2020,1.32 MB,Code Pilot is an Xcode plugin which lets you woosh through your code and save a lot (and we mean a *lot*) of your time.,Objective-C,https://github.com/macoscope/CodePilot,1.32 MB
686,SVSegmentedControl,1319,188,1319,23,26/05/2011,13/06/2013,603.00 KB,A UISwitch-like segmented control for your iOS app.,Objective-C,https://github.com/samvermette/SVSegmentedControl,603.00 KB
687,TransitionKit,1319,127,1319,13,17/03/2013,16/08/2017,650.00 KB,An Objective-C library for elegantly implementing state machines. ,Objective-C,https://github.com/blakewatters/TransitionKit,650.00 KB
688,EGOCache,1317,286,1317,24,19/10/2009,25/06/2019,59.00 KB,Fast Caching for Objective-C (iPhone & Mac Compatible),Objective-C,https://github.com/enormego/EGOCache,59.00 KB
689,route-me,1317,686,1317,100,24/10/2010,14/10/2012,2.24 MB,Open source map library for iOS,Objective-C,https://github.com/route-me/route-me,2.24 MB
690,iOS7-day-by-day,1315,353,1315,4,18/09/2013,24/03/2016,18.68 MB,Repo containing the sample projects associated with the iOS7 Day-by-Day blog series,Objective-C,https://github.com/ScottLogic/iOS7-day-by-day,18.68 MB
691,KYAnimatedPageControl,1311,182,1311,15,08/06/2015,06/07/2016,809.00 KB,A custom UIPageControl with multiple animations ,Objective-C,https://github.com/KittenYang/KYAnimatedPageControl,809.00 KB
692,LEEAlert,1309,204,1309,48,30/03/2016,21/08/2025,10.23 MB,优雅的可自定义 Alert ActionSheet,Objective-C,https://github.com/lixiang1994/LEEAlert,10.23 MB
693,ZYChat,1307,382,1307,3,10/07/2015,05/12/2017,198.27 MB,"聊天UI框架，针对高速高频刷新最近会话和对话页面做了优化处理,支持单聊，群聊,优化支持更多消息类型:文本表情混排,多图发送，Gif动画，短视频，语音，音乐分享，网页分享，鲜花特效。ZYChat-EaseMob是基于环信IM3.x版本的项目运用,附:ZYChat纯UI框架:",Objective-C,https://github.com/zyprosoft/ZYChat,198.27 MB
694,Cool-iOS-Camera,1304,154,1304,10,20/01/2015,21/05/2018,2.70 MB,A fully customisable and modern camera implementation for iOS made with AVFoundation.,Objective-C,https://github.com/GabrielAlva/Cool-iOS-Camera,2.70 MB
695,iOSSystemSoundsLibrary,1304,114,1304,11,12/10/2013,15/01/2019,249.00 KB,List of all system sounds used in iOS,Objective-C,https://github.com/TUNER88/iOSSystemSoundsLibrary,249.00 KB
696,TYAlertController,1303,239,1303,19,27/10/2015,13/06/2022,1.08 MB,"Powerful, Easy to use alert view or popup view on controller and window, support blur effects,custom view and animation,for objective-c,support iphone, ipad",Objective-C,https://github.com/12207480/TYAlertController,1.08 MB
697,react-native-fabric,1302,225,1302,64,20/01/2016,07/12/2022,38.90 MB,"A React Native library for Fabric, Crashlytics and Answers",Objective-C,https://github.com/corymsmith/react-native-fabric,38.90 MB
698,UICollectionViewLeftAlignedLayout,1300,186,1300,19,21/04/2014,20/01/2023,790.00 KB,A layout for UICollectionView that aligns the cells to the left.,Objective-C,https://github.com/mokagio/UICollectionViewLeftAlignedLayout,790.00 KB
699,SDVersion,1300,209,1300,18,09/09/2014,28/12/2025,435.00 KB,:iphone: Lightweight Cocoa library for detecting the running device's model and screen size.,Objective-C,https://github.com/sebyddd/SDVersion,435.00 KB
700,macSVG,1292,84,1292,22,17/10/2016,17/07/2022,9.21 MB,macSVG - An open-source macOS app for designing HTML5 SVG (Scalable Vector Graphics) art and animation with a WebKit web view ➤➤➤,Objective-C,https://github.com/dsward2/macSVG,9.21 MB
701,Interpreter,1290,107,1290,1,14/10/2013,14/05/2015,3.72 MB,Node.js Interpreter for iOS 7,Objective-C,https://github.com/node-app/Interpreter,3.72 MB
702,LineDrawing,1289,206,1289,7,23/04/2012,19/07/2022,1.62 MB,Beatiful and fast smooth line drawing algorithm for iOS - as seen in Foldify.,Objective-C,https://github.com/krzysztofzablocki/LineDrawing,1.62 MB
703,react-native-video-processing,1287,321,1287,136,13/11/2016,21/01/2026,64.11 MB,Native Video editing/trimming/compressing  :movie_camera: library for React-Native,Objective-C,https://github.com/shahen94/react-native-video-processing,64.11 MB
704,optool,1287,248,1287,13,05/08/2014,06/09/2019,97.00 KB,Command Line Tool for interacting with MachO binaries on OSX/iOS,Objective-C,https://github.com/alexzielenski/optool,97.00 KB
705,ObjectiveRecord,1284,186,1284,29,06/05/2012,27/08/2018,3.18 MB,ActiveRecord-like API for CoreData,Objective-C,https://github.com/supermarin/ObjectiveRecord,3.18 MB
706,UberSignature,1282,173,1282,16,13/05/2017,16/09/2020,223.00 KB,Provides an iOS view controller allowing a user to draw their signature with their finger in a realistic style.,Objective-C,https://github.com/uber/UberSignature,223.00 KB
707,macmediakeyforwarder,1280,105,1280,23,05/10/2017,01/08/2022,1.43 MB,Media Key Forwarder for iTunes and Spotify,Objective-C,https://github.com/milgra/macmediakeyforwarder,1.43 MB
708,JSBadgeView,1278,208,1278,8,25/07/2012,12/09/2020,112.00 KB,Customizable UIKit badge view like the one on applications in the iOS springboard.,Objective-C,https://github.com/JaviSoto/JSBadgeView,112.00 KB
709,Play-With-Sort-OC,1277,244,1277,1,23/07/2017,03/12/2018,262.00 KB,基础排序   冒泡排序   插入排序   快速排序  双路快速排序   三路快速排序  堆排序,Objective-C,https://github.com/MisterBooo/Play-With-Sort-OC,262.00 KB
710,CWLateralSlide,1277,201,1277,65,11/07/2017,29/09/2022,15.98 MB,One line of code to integrate 0 coupling side drawer！一行代码集成0耦合侧滑抽屉！ ,Objective-C,https://github.com/ChavezChen/CWLateralSlide,15.98 MB
711,DBDebugToolkit,1276,117,1276,16,19/11/2016,31/05/2024,218.40 MB,Set of easy to use debugging tools for iOS developers & QA engineers.,Objective-C,https://github.com/dbukowski/DBDebugToolkit,218.40 MB
712,blueutil,1276,63,1276,36,29/01/2011,13/09/2026,140.00 KB,"CLI for bluetooth on OSX: power, discoverable state, list, inquire devices, connect, info, …",Objective-C,https://github.com/toy/blueutil,140.00 KB
713,RxWebViewController,1274,202,1274,17,23/10/2015,04/01/2020,7.29 MB,实现类似微信的 webView 导航效果，包括进度条，左滑返回上个网页或者直接关闭，就像 UINavigationController,Objective-C,https://github.com/Roxasora/RxWebViewController,7.29 MB
714,RNGridMenu,1274,187,1274,23,11/06/2013,20/08/2013,1.30 MB,"A grid menu with elastic layout, depth of field, and realistic animation.",Objective-C,https://github.com/rnystrom/RNGridMenu,1.30 MB
715,CHCSVParser,1273,249,1273,30,01/08/2010,08/07/2024,21.49 MB,A proper CSV parser for Objective-C,Objective-C,https://github.com/davedelong/CHCSVParser,21.49 MB
716,Dai-Hentai,1266,154,1266,21,03/10/2014,05/12/2024,108.52 MB,一個普通的看漫畫 App,Objective-C,https://github.com/DaidoujiChen/Dai-Hentai,108.52 MB
717,MMMarkdown,1264,164,1264,11,16/03/2012,24/10/2020,1.97 MB,An Objective-C framework for converting Markdown to HTML.,Objective-C,https://github.com/mdiep/MMMarkdown,1.97 MB
718,MXSegmentedPager,1264,250,1264,1,25/02/2015,13/06/2022,39.13 MB,Segmented pager view with Parallax header,Objective-C,https://github.com/maxep/MXSegmentedPager,39.13 MB
719,FRDLivelyButton,1263,127,1263,5,26/02/2014,13/09/2016,1.68 MB,,Objective-C,https://github.com/sebastienwindal/FRDLivelyButton,1.68 MB
720,YLProgressBar,1260,181,1260,13,05/02/2012,08/01/2019,4.55 MB,UIProgressView replacement with an highly and fully customizable animated progress bar in pure Core Graphics,Objective-C,https://github.com/yannickl/YLProgressBar,4.55 MB
721,HCSStarRatingView,1260,193,1260,21,10/02/2015,03/04/2023,1.74 MB,Simple star rating view for iOS written in Objective-C,Objective-C,https://github.com/hsousa/HCSStarRatingView,1.74 MB
722,V2RayXS,1258,102,1258,28,04/03/2022,19/07/2026,32.12 MB,GUI for xray-core on macOS,Objective-C,https://github.com/tzmax/V2RayXS,32.12 MB
723,AGGeometryKit-POP,1257,117,1257,0,13/05/2014,21/01/2019,10.60 MB,Bridging AGGeometryKit with POP for amazing dynamics and animations.,Objective-C,https://github.com/agens-no/AGGeometryKit-POP,10.60 MB
724,detect.location,1256,74,1256,0,23/09/2017,23/06/2020,11.99 MB,An easy way to access the user's iOS location data without actually having access,Objective-C,https://github.com/KrauseFx/detect.location,11.99 MB
725,AGGeometryKit,1256,127,1256,8,20/02/2013,25/10/2018,6.12 MB,"Quadrilaterals on CALayer, CGGeometry-functions, UIView/CALayer properties and other invaluable tools.",Objective-C,https://github.com/agens-no/AGGeometryKit,6.12 MB
726,HandyAutoLayout,1256,245,1256,5,28/08/2014,28/04/2018,36.00 KB,"handy categories for generate NSLayoutConstraint programmatically, and layout your Frame easy",Objective-C,https://github.com/casatwy/HandyAutoLayout,36.00 KB
727,RTNetworking,1255,295,1255,2,23/03/2015,01/03/2018,2.42 MB,The networking layer for iOS App.,Objective-C,https://github.com/casatwy/RTNetworking,2.42 MB
728,iOS_Tips,1253,327,1253,14,18/09/2019,28/08/2022,69.99 MB,iOS的一些示例，持续更新中：1、AVFoundation 高仿微信相机拍摄和编辑 2、AVFoundation 人脸检测、实时滤镜、音视频编解码、GPUImage框架的使用等音视频相关内容    3、OpenGLES    4、LeetCode算法练习   5、iOS Crash防护和APM监控    6、WKWebView相关的内容  等........,Objective-C,https://github.com/wsl2ls/iOS_Tips,69.99 MB
729,DBCamera,1252,256,1252,54,31/01/2014,03/10/2020,823.00 KB,DBCamera is a simple custom camera with AVFoundation,Objective-C,https://github.com/danielebogo/DBCamera,823.00 KB
730,YUCIHighPassSkinSmoothing,1251,195,1251,6,20/01/2016,14/01/2021,2.57 MB,An implementation of High Pass Skin Smoothing using Apple's Core Image Framework,Objective-C,https://github.com/YuAo/YUCIHighPassSkinSmoothing,2.57 MB
731,AMSmoothAlert,1249,152,1249,15,24/04/2014,10/02/2016,15.49 MB,Cool AlertView,Objective-C,https://github.com/mtonio91/AMSmoothAlert,15.49 MB
732,PhotoTweaks,1248,162,1248,14,28/11/2014,25/05/2026,967.00 KB,"Drag, Rotate, Scale and Crop",Objective-C,https://github.com/itouch2/PhotoTweaks,967.00 KB
733,libpd,1248,290,1248,33,13/11/2011,20/09/2026,8.26 MB,Pure Data embeddable audio synthesis library,Objective-C,https://github.com/libpd/libpd,8.26 MB
734,Bohr,1248,75,1248,13,05/06/2015,24/08/2020,8.89 MB,Settings screen composing framework,Objective-C,https://github.com/davdroman/Bohr,8.89 MB
735,scifihifi-iphone,1247,348,1247,9,22/10/2008,14/07/2023,28.00 KB,Open source iPhone code,Objective-C,https://github.com/ldandersen/scifihifi-iphone,28.00 KB
736,SPTPersistentCache,1245,75,1245,20,18/02/2016,15/07/2026,3.80 MB,"Everyone tries to implement a cache at some point in their iOS app’s lifecycle, and this is ours.",Objective-C,https://github.com/spotify/SPTPersistentCache,3.80 MB
737,iCloudDocumentSync,1237,179,1237,42,29/12/2012,24/08/2021,12.46 MB,"Integrate iCloud into iOS document projects with one-line code methods. Sync, upload, manage, and remove documents from iCloud quickly and easily. Helps to make iCloud ""just work"" for developers too.",Objective-C,https://github.com/nenosinc/iCloudDocumentSync,12.46 MB
738,spaces-renamer,1237,43,1237,15,17/10/2017,30/06/2025,86.28 MB,💻 Ability to rename desktop spaces on macOS 10.10+,Objective-C,https://github.com/dado3212/spaces-renamer,86.28 MB
739,BCMeshTransformView,1236,121,1236,17,14/05/2014,14/05/2017,937.00 KB,Mesh transforms for UIView,Objective-C,https://github.com/Ciechan/BCMeshTransformView,937.00 KB
740,MSRotationTabBar,1236,23,1236,0,27/03/2020,27/12/2020,144.00 KB,UITabBar Rotation Animation Demo,Objective-C,https://github.com/sureJiang/MSRotationTabBar,144.00 KB
741,iOSSF,1236,358,1236,10,19/12/2012,26/08/2015,1.13 MB,SegmentFault官方App,Objective-C,https://github.com/gaosboy/iOSSF,1.13 MB
742,MJParallaxCollectionView,1234,106,1234,4,01/04/2014,27/12/2015,87.27 MB,This is a parallax for the cells inside UICollectionView. It gives us an effect just like scrolling the images in Whatsapp or scrolling through the Weather app for iOS,Objective-C,https://github.com/mayuur/MJParallaxCollectionView,87.27 MB
743,CocoaMarkdown,1234,160,1234,9,13/01/2015,13/12/2019,1.11 MB,Markdown parsing and rendering for iOS and OS X,Objective-C,https://github.com/indragiek/CocoaMarkdown,1.11 MB
744,PHPHub-iOS,1233,316,1233,3,21/09/2015,15/11/2018,7.37 MB,PHPHub for iOS is the universal iPhone and iPad application for PHPHub,Objective-C,https://github.com/Aufree/PHPHub-iOS,7.37 MB
745,react-native-facebook-login,1232,322,1232,129,27/03/2015,06/11/2019,62.98 MB,React Native component wrapping the native Facebook SDK login button and manager,Objective-C,https://github.com/magus/react-native-facebook-login,62.98 MB
746,UIDevice-with-UniqueIdentifier-for-iOS-5,1229,223,1229,11,20/08/2011,18/07/2013,152.00 KB,"Brings back the unique identifier support under iOS 5, it uses the device's mac address in combination with the bundle identifier to generate a new hashed unique identifier.",Objective-C,https://github.com/gekitz/UIDevice-with-UniqueIdentifier-for-iOS-5,152.00 KB
747,SlowQuitApps,1228,59,1228,23,13/06/2014,28/12/2020,1.39 MB,Add a global delay to Command-Q to stop accidental app quits.,Objective-C,https://github.com/dteoh/SlowQuitApps,1.39 MB
748,UIImage-PDF,1226,152,1226,21,16/10/2011,31/03/2023,2.14 MB,Simple UIImage PDF renderer category for iOS scalable assets,Objective-C,https://github.com/mindbrix/UIImage-PDF,2.14 MB
749,SimFinger,1226,130,1226,17,16/05/2009,19/11/2014,10.09 MB,Screencasting for iPhone,Objective-C,https://github.com/lorenbrichter/SimFinger,10.09 MB
750,google-toolbox-for-mac,1226,280,1226,7,21/04/2015,21/09/2026,4.54 MB,Google Toolbox for Mac,Objective-C,https://github.com/google/google-toolbox-for-mac,4.54 MB
751,UISS,1220,81,1220,21,07/10/2011,05/07/2017,2.31 MB,UIAppearance Stylesheets,Objective-C,https://github.com/robertwijas/UISS,2.31 MB
752,ios-chat,1220,531,1220,19,23/01/2019,01/10/2026,1.67 GB,即时通讯，聊天，野火IM iOS客户端,Objective-C,https://github.com/wildfirechat/ios-chat,1.67 GB
753,WEPopover,1220,317,1220,15,06/11/2010,25/09/2020,233.00 KB,"Generic popover implementation for iOS with same API as the UIPopoverController for the iPad, but configurable with custom background and available for iPhone as well.",Objective-C,https://github.com/werner77/WEPopover,233.00 KB
754,FastPdfKit,1220,321,1220,67,27/10/2010,03/02/2019,765.58 MB,A Static Library to be embedded on iOS applications to display pdf documents derived from Fast PDF,Objective-C,https://github.com/mobfarm/FastPdfKit,765.58 MB
755,Lin,1219,96,1219,9,11/03/2013,30/03/2016,1.41 MB, Xcode plugin that provides auto-completion for NSLocalizedString.,Objective-C,https://github.com/nek023/Lin,1.41 MB
756,IGLDropDownMenu,1218,155,1218,7,30/08/2014,07/09/2020,3.60 MB,An iOS drop down menu with pretty animation and easy to customize.,Objective-C,https://github.com/bestwnh/IGLDropDownMenu,3.60 MB
757,cordova-plugin-wechat,1217,500,1217,74,09/06/2013,18/01/2024,45.00 MB,"A cordova plugin, a JS version of Wechat SDK",Objective-C,https://github.com/xu-li/cordova-plugin-wechat,45.00 MB
758,KVNProgress,1217,196,1217,69,24/05/2014,21/12/2022,9.94 MB,KVNProgress is a fully customizable progress HUD that can be full screen or not.,Objective-C,https://github.com/AssistoLab/KVNProgress,9.94 MB
759,HWPanModal,1217,202,1217,14,05/05/2019,01/04/2026,17.30 MB,"HWPanModal presents controller from bottom and drag to dismiss, high customize. iOS13 default modalPresentationStyle. 任意形式的底部弹框动画；头条、知乎、抖音弹出评论效果；地图浮层，iOS13 present默认模态效果。",Objective-C,https://github.com/HeathWang/HWPanModal,17.30 MB
760,HybridPageKit,1216,190,1216,9,10/03/2018,03/02/2023,38.92 MB,A high-performance、high-extensibility、easy integration framework for Hybrid content page. Support most content page types of News App.  ,Objective-C,https://github.com/dequan1331/HybridPageKit,38.92 MB
761,ZipZap,1215,198,1215,32,27/10/2012,01/10/2021,1.22 MB,"zip file I/O library for iOS, macOS and tvOS",Objective-C,https://github.com/pixelglow/ZipZap,1.22 MB
762,Briefs,1214,82,1214,3,13/07/2009,22/05/2012,2.55 MB,Framework for iPhone wireframes,Objective-C,https://github.com/capttaco/Briefs,2.55 MB
763,LLWeChat,1213,313,1213,22,18/11/2016,15/12/2016,143.84 MB,实现IM基本功能，并且在细节、完成度、bugfree上媲美任何主流IM应用,Objective-C,https://github.com/gyjzh/LLWeChat,143.84 MB
764,Reader,1213,327,1213,39,30/05/2016,09/10/2022,16.79 MB,iOS基于CoreText实现的电子书阅读器，支持txt，epub格式,Objective-C,https://github.com/GGGHub/Reader,16.79 MB
765,PrettyKit,1211,149,1211,19,11/04/2012,29/11/2012,1011.00 KB,"PrettyKit for iOS is a small set of new widgets and UIKit subclasses that gives you a deeper UIKit customization. You will be able to change their background color, add gradients, shadows, etc. ",Objective-C,https://github.com/vicpenap/PrettyKit,1011.00 KB
766,Kal,1208,338,1208,60,19/12/2009,01/09/2015,625.00 KB,A calendar component for the iPhone (the UI is designed to match MobileCal),Objective-C,https://github.com/klazuka/Kal,625.00 KB
767,LKDBHelper-SQLite-ORM,1206,284,1206,2,15/04/2013,06/05/2026,6.41 MB,"全自动的插入,查询,更新,删除， an automatic database operation  thread-safe and not afraid of recursive deadlock",Objective-C,https://github.com/li6185377/LKDBHelper-SQLite-ORM,6.41 MB
768,WeChat,1203,261,1203,23,04/09/2017,16/04/2021,28.63 MB,🔥 iOS 利用MVVM + RAC + ViewModel-Based Navigation来搭建微信(WeChat 7.0.0+)的整体基本架构，以及实现微信朋友圈、通讯录、下拉小程序、搜索等主要功能，代码规范惊为天人、注释详解令人发指、细节处理精益求精、核心功能配备文档、接近98%还原度的原生App视觉体验，代码不多，注释多。（持续更新，敬请期待，欢迎Star和Fork…）,Objective-C,https://github.com/CoderMikeHe/WeChat,28.63 MB
769,KafkaRefresh,1202,143,1202,1,05/01/2018,11/08/2025,1.20 MB,"Animated, customizable, and flexible pull-to-refresh framework for faster and easier iOS development. ",Objective-C,https://github.com/BeatsKitano/KafkaRefresh,1.20 MB
770,AFViewShaker,1202,162,1202,0,05/12/2013,18/11/2017,280.00 KB,,Objective-C,https://github.com/ArtFeel/AFViewShaker,280.00 KB
771,Frank,1201,230,1201,55,20/07/2010,08/07/2014,67.88 MB,Automated acceptance tests for native iOS apps,Objective-C,https://github.com/moredip/Frank,67.88 MB
772,LLSimpleCamera,1200,192,1200,64,18/11/2014,15/12/2017,455.00 KB,"A simple, customizable camera control - video recorder for iOS.",Objective-C,https://github.com/omergul/LLSimpleCamera,455.00 KB
773,TGLStackedViewController,1199,115,1199,13,23/04/2014,27/09/2019,905.00 KB,A stacked view layout with gesture-based reordering using a UICollectionView -- inspired by Passbook and Reminders apps.,Objective-C,https://github.com/gleue/TGLStackedViewController,905.00 KB
774,qlImageSize,1199,65,1199,1,01/02/2012,04/05/2026,28.69 MB,"QuickLook and Spotlight plugins to display the dimensions, size and DPI of an image in the title bar instead of the filename. Also preview some unsupported formats like WebP & bpg.",Objective-C,https://github.com/Nyx0uf/qlImageSize,28.69 MB
775,XCActionBar,1198,36,1198,9,13/03/2015,03/07/2017,4.43 MB,"""Alfred for Xcode"" plugin",Objective-C,https://github.com/pdcgomes/XCActionBar,4.43 MB
776,MLPAutoCompleteTextField,1197,218,1197,53,07/02/2013,14/11/2019,6.57 MB,UITextfield subclass with autocomplete menu. For iOS.,Objective-C,https://github.com/EddyBorja/MLPAutoCompleteTextField,6.57 MB
777,Mango,1195,218,1195,14,01/03/2018,19/06/2025,1.39 MB,MangoFix is a DSL which syntax is very similar to Objective-C，MangoFix is also an iOS  App hotfix SDK. You can use MangoFix method replace any Objective-C or Swift method.,Objective-C,https://github.com/YPLiang19/Mango,1.39 MB
778,calloutview,1193,184,1193,26,22/08/2012,14/06/2021,832.00 KB,A lightweight callout view class for iOS mimicking UICalloutView.,Objective-C,https://github.com/nfarina/calloutview,832.00 KB
779,SDSegmentedControl,1191,180,1191,22,26/09/2012,08/09/2015,3.99 MB,A drop-in remplacement for UISegmentedControl that mimic iOS 6 AppStore tab controls,Objective-C,https://github.com/rs/SDSegmentedControl,3.99 MB
780,SXWaveAnimate,1188,245,1188,12,17/05/2015,17/08/2017,3.28 MB,Achieve beautiful wavewater animate.,Objective-C,https://github.com/dsxNiubility/SXWaveAnimate,3.28 MB
781,ClusterPrePermissions,1187,103,1187,11,08/04/2014,26/09/2017,88.00 KB,"Cluster's reusable pre-permissions utility that lets developers ask the users on their own dialog for photos or contacts access, before making the system-based request. This is based on the Medium post by Cluster describing the different ways to ask for iOS permissions (https://medium.com/p/96fa4eb54f2c).",Objective-C,https://github.com/rsattar/ClusterPrePermissions,88.00 KB
782,MacGap2,1186,84,1186,47,21/05/2014,23/08/2022,217.00 KB,MacGap 2,Objective-C,https://github.com/MacGapProject/MacGap2,217.00 KB
783,TEAChart,1186,133,1186,0,11/11/2013,17/11/2017,139.00 KB,"Simple and intuitive iOS chart library. Contribution graph, clock chart, and bar chart.",Objective-C,https://github.com/xhacker/TEAChart,139.00 KB
784,DB5,1185,87,1185,9,25/06/2013,14/07/2018,36.00 KB,,Objective-C,https://github.com/brentsimmons/DB5,36.00 KB
785,BBUncrustifyPlugin-Xcode,1184,149,1184,6,16/03/2013,12/08/2019,10.83 MB,Xcode plugin to format source code using ClangFormat or Uncrustify,Objective-C,https://github.com/benoitsan/BBUncrustifyPlugin-Xcode,10.83 MB
786,MacForge,1184,48,1184,34,07/07/2018,04/07/2023,117.53 MB,"📦 Plugin, App, and Theme store which includes plugin injection for macOS",Objective-C,https://github.com/MacEnhance/MacForge,117.53 MB
787,WHC_DataModelFactory,1181,218,1181,10,04/05/2015,22/04/2021,5.33 MB,"Mac上iOS开发辅助工具，快速把json/xml数据转换生成对应模型类属性，省去麻烦手动创建，提高开发效率。Mac iOS development aid, quickly put the json/XML data transformation generates the corresponding model class attribute, save trouble created manually, improve the development efficiency.",Objective-C,https://github.com/netyouli/WHC_DataModelFactory,5.33 MB
788,YYStock,1181,295,1181,1,17/10/2016,10/09/2020,938.00 KB,"iOS YYStock-v2.0：timeline chart, long press, pinch, full-screen，K线图...",Objective-C,https://github.com/WillkYang/YYStock,938.00 KB
789,BMLongPressDragCellCollectionView,1181,159,1181,2,04/07/2016,25/05/2021,55.18 MB,"🎉 🎉 🎉 🎉 🎉  让你轻松实现类似支付宝的拖拽重排功能, 支持各种自定义操作。",Objective-C,https://github.com/liangdahong/BMLongPressDragCellCollectionView,55.18 MB
790,ADTransitionController,1179,180,1179,14,16/07/2013,21/06/2018,727.00 KB,UINavigationController with custom transitions,Objective-C,https://github.com/applidium/ADTransitionController,727.00 KB
791,MongoHub-Mac,1177,310,1177,60,29/04/2010,23/06/2015,11.75 MB,MongoHub mac native version.,Objective-C,https://github.com/bububa/MongoHub-Mac,11.75 MB
792,DFImageManager,1173,97,1173,0,31/10/2014,16/11/2019,2.67 MB,"Image loading, processing, caching and preheating",Objective-C,https://github.com/kean/DFImageManager,2.67 MB
793,v002-Camera-Live,1173,105,1173,83,02/11/2012,18/07/2024,209.00 KB,Live Syphon Camera,Objective-C,https://github.com/v002/v002-Camera-Live,209.00 KB
794,LoveFreshBeen,1173,351,1173,4,03/02/2016,05/04/2016,22.07 MB,爱鲜蜂By Swift2.0,Objective-C,https://github.com/ZhongTaoTian/LoveFreshBeen,22.07 MB
795,AFOAuth2Manager,1170,334,1170,29,06/12/2011,06/06/2022,9.47 MB,AFNetworking Extension for OAuth 2 Authentication,Objective-C,https://github.com/AFNetworking/AFOAuth2Manager,9.47 MB
796,JTRevealSidebarDemo,1168,246,1168,18,11/10/2011,20/06/2014,1.62 MB,(demo) A carefully implemented iOS objective-c library to mimic the sidebar layout of the new Facebook app and Path 2.0 app.,Objective-C,https://github.com/jamztang/JTRevealSidebarDemo,1.62 MB
797,HAPaperViewController,1168,161,1168,8,04/02/2014,29/04/2016,13.01 MB,😵 [Deprecated] UICollectionView with layout transitions inspired by Facebook Paper App,Objective-C,https://github.com/hebertialmeida/HAPaperViewController,13.01 MB
798,PHFComposeBarView,1168,201,1168,3,07/05/2013,11/02/2021,450.00 KB,Compose bar from iOS 7 Messages.app,Objective-C,https://github.com/fphilipe/PHFComposeBarView,450.00 KB
799,objective-git,1168,290,1168,37,01/03/2011,17/09/2023,59.85 MB,Objective-C bindings to libgit2,Objective-C,https://github.com/libgit2/objective-git,59.85 MB
800,AnimojiStudio,1166,88,1166,11,12/11/2017,03/08/2020,19.21 MB,"Make cute emoji videos with unlimited duration and share anywhere (iPhone X, XS and XS Max only!)",Objective-C,https://github.com/insidegui/AnimojiStudio,19.21 MB
801,react-native-health,1164,287,1164,157,21/09/2020,27/04/2026,3.80 MB,A React Native package to interact with Apple HealthKit,Objective-C,https://github.com/agencyenterprise/react-native-health,3.80 MB
802,react-native-audio,1161,530,1161,103,15/04/2015,16/07/2020,727.00 KB,Audio recorder library for React Native,Objective-C,https://github.com/Okelm/react-native-audio,727.00 KB
803,MFSideMenu,1160,284,1160,64,19/03/2012,17/04/2017,1.57 MB,Facebook-like side menu for iOS,Objective-C,https://github.com/mikefrederick/MFSideMenu,1.57 MB
804,Objective-C-RSA,1156,278,1156,39,03/02/2015,25/06/2021,43.00 KB,Doing RSA encryption and decryption with Objective-C on iOS,Objective-C,https://github.com/ideawu/Objective-C-RSA,43.00 KB
805,ZLCollectionView,1156,169,1156,15,23/06/2017,09/05/2023,15.49 MB,为应对类似淘宝首页，京东首页，国美首页等复杂布局而写的Collectionview。基于UICollectionView实现，目前支持标签布局，列布局，百分比布局，定位布局，填充式布局，瀑布流布局等。支持纵向布局和横向布局，可以根据不同的section设置不同的布局，支持拖动cell，头部悬浮，设置section背景色和自定义section背景view，向自定义背景view传递自定义方法。功能强大，超过Android的recyclerview，实现了电影选座等高难度的布局。,Objective-C,https://github.com/czl0325/ZLCollectionView,15.49 MB
806,LDNetDiagnoService_IOS,1151,269,1151,26,15/09/2015,29/08/2018,404.00 KB,IOS平台利用ping和traceroute的原理，对指定域名（通常为后台API的提供域名）进行网络诊断，并收集诊断日志。,Objective-C,https://github.com/Lede-Inc/LDNetDiagnoService_IOS,404.00 KB
807,AHKActionSheet,1148,122,1148,6,14/04/2014,13/09/2016,1.13 MB,An alternative to the UIActionSheet inspired by the Spotify app.,Objective-C,https://github.com/fastred/AHKActionSheet,1.13 MB
808,QMUIDemo_iOS,1146,270,1146,20,21/12/2016,21/09/2024,52.59 MB,Sample Code for QMUI iOS,Objective-C,https://github.com/QMUI/QMUIDemo_iOS,52.59 MB
809,TBCF,1146,324,1146,4,17/04/2017,30/11/2017,92.37 MB,Tracking Benchmark for Correlation Filters,Objective-C,https://github.com/Escheee/TBCF,92.37 MB
810,superdb,1144,79,1144,7,03/12/2012,06/11/2018,7.11 MB,"The Super Debugger, a realtime wireless debugger for iOS",Objective-C,https://github.com/Shopify/superdb,7.11 MB
811,TwitterCover,1144,148,1144,10,07/01/2014,11/01/2016,4.07 MB,"TwitterCover is a parallax top view with real time blur effect to any UIScrollView, inspired by Twitter for iOS.",Objective-C,https://github.com/cyndibaby905/TwitterCover,4.07 MB
812,What-s-New,1143,67,1143,0,17/05/2014,11/03/2018,7.10 MB,Easily present the latest changes and features to your users on app updates.,Objective-C,https://github.com/mdznr/What-s-New,7.10 MB
813,SpriteKitWatchFace,1143,197,1143,17,10/10/2018,28/12/2019,254.00 KB,SpriteKit-based faux analog watch face example for watchOS,Objective-C,https://github.com/steventroughtonsmith/SpriteKitWatchFace,254.00 KB
814,GBDeviceInfo,1143,196,1143,1,10/04/2012,16/09/2026,311.00 KB,"Detects the hardware, software and display of the current iOS or Mac OS X device at runtime.",Objective-C,https://github.com/lmirosevic/GBDeviceInfo,311.00 KB
815,react-native-google-analytics-bridge,1142,243,1142,0,28/11/2015,15/03/2019,45.80 MB,React Native bridge to the Google Analytics libraries on both iOS and Android.,Objective-C,https://github.com/idehub/react-native-google-analytics-bridge,45.80 MB
816,Amphetamine-Enhancer,1141,53,1141,43,30/01/2020,06/07/2020,6.25 MB,"Add new abilities to the macOS keep-awake utility, Amphetamine.",Objective-C,https://github.com/x74353/Amphetamine-Enhancer,6.25 MB
817,CoconutKit,1140,108,1140,10,12/08/2011,25/01/2021,25.86 MB,"CoconutKit is a productivity framework for iOS, crafted with love and focusing on ease of use",Objective-C,https://github.com/defagos/CoconutKit,25.86 MB
818,react-native-icons,1139,137,1139,1,30/03/2015,01/10/2018,850.00 KB,Quick and easy icons in React Native,Objective-C,https://github.com/corymsmith/react-native-icons,850.00 KB
819,SimpleAuth,1138,128,1138,52,06/11/2013,24/04/2018,1.75 MB,Simple social authentication for iOS.,Objective-C,https://github.com/calebd/SimpleAuth,1.75 MB
820,AppPolice,1135,86,1135,34,28/11/2013,06/09/2023,11.36 MB,MacOS app for quickly limiting CPU usage by running applications,Objective-C,https://github.com/AppPolice/AppPolice,11.36 MB
821,RMDateSelectionViewController,1135,164,1135,5,26/10/2013,30/10/2022,1.97 MB,This is an iOS control for selecting a date using UIDatePicker in an UIAlertController like manner,Objective-C,https://github.com/CooperRS/RMDateSelectionViewController,1.97 MB
822,CocoaSecurity,1132,187,1132,6,14/05/2012,04/01/2020,522.00 KB,"Encrypt/Decrypt: AES. Hash: MD5, SHA(SHA1, SHA224, SHA256, SHA384, SHA512). Encode/Decode: Base64, Hex.",Objective-C,https://github.com/kelp404/CocoaSecurity,522.00 KB
823,XMLDictionary,1131,229,1131,30,14/07/2011,11/05/2024,56.00 KB,[DEPRECATED],Objective-C,https://github.com/nicklockwood/XMLDictionary,56.00 KB
824,nib2objc,1130,124,1130,0,13/03/2009,24/04/2012,2.31 MB,"Set of tools and utilities (command line, GUI, Mac Service) to transform NIB files for the iPhone into Objective-C code files",Objective-C,https://github.com/akosma/nib2objc,2.31 MB
825,MasterPassword,1129,234,1129,3,05/01/2012,03/06/2022,426.79 MB,Project moved to https://gitlab.com/spectre.app,Objective-C,https://github.com/Lyndir/MasterPassword,426.79 MB
826,AYVibrantButton,1128,67,1128,10,25/07/2014,09/10/2016,1017.00 KB,A stylish button with iOS 8 vibrancy effect,Objective-C,https://github.com/a1anyip/AYVibrantButton,1017.00 KB
827,SVPulsingAnnotationView,1127,114,1127,14,04/03/2013,07/11/2024,118.00 KB,A customizable MKUserLocationView replica for your iOS app.,Objective-C,https://github.com/TransitApp/SVPulsingAnnotationView,118.00 KB
828,MGTwitterEngine,1125,160,1125,69,15/03/2010,04/09/2010,939.00 KB,Objective-C Twitter integration library for Mac OS X and iPhone. Official repository.,Objective-C,https://github.com/mattgemmell/MGTwitterEngine,939.00 KB
829,MailTrackerBlocker,1124,26,1124,10,04/07/2020,12/09/2026,2.30 MB,"Email tracker, read receipt and spy pixel blocker plugin for macOS Mail (10.11-13.x)",Objective-C,https://github.com/apparition47/MailTrackerBlocker,2.30 MB
830,BigShow1949,1124,329,1124,10,05/05/2016,23/05/2021,40.40 MB,iOS教学/各类知识点总结:运行时/贝塞尔曲线/水纹/粒子发射器/核心动画/渐变色/网络请求/按钮/标签/视图布局/视图效果/文字视图/表情键盘/旋转动画/2048/网易/微信/猿题库/阿里巴巴/设计模式/数据持久化/多次点击按钮/微信注册按钮/展开按钮/跑马灯/闪烁文字/球形滚动标签/自动布局标签/快播动态标签/水平滚动布局/瀑布流布局/浏览卡/半圆布局/滑动标题/抽卡效果/百度视图切换/领英动画/折卡效果/卡牌拖动翻页/滚动悬浮视图/侧滑形变效果/评分条/打印机特效/Masonry/生命周期/响应者链条/引导页/通知中心/抖动密码框/余额宝数字跳动/UIDynamic/碰撞行为/捕捉行为/推动行为/附着行为/动力元素行为/GCD/KVC&KVO/多继承/消息转发/二维码/MVC/MVP/MVVM/Router/Viper,Objective-C,https://github.com/BigShow1949/BigShow1949,40.40 MB
831,YNPageViewController,1123,215,1123,27,26/06/2018,21/05/2021,594.00 KB,特斯拉组件、QQ联系人布局、多页面嵌套滚动、悬停效果、美团、淘宝、京东、微博、腾讯新闻、网易新闻、今日头条等标题滚动视图,Objective-C,https://github.com/yongyuandouneng/YNPageViewController,594.00 KB
832,spacecommander,1121,171,1121,14,01/06/2015,26/08/2025,6.56 MB,Commit fully-formatted Objective-C as a team without even trying.,Objective-C,https://github.com/square/spacecommander,6.56 MB
833,iOSBlog,1119,184,1119,28,13/04/2016,14/09/2021,4.64 MB, 微博@iOS程序犭袁 的blog,Objective-C,https://github.com/ChenYilong/iOSBlog,4.64 MB
834,MMTweenAnimation,1119,133,1119,2,05/04/2015,14/12/2015,712.00 KB,"A extension of POP(from facebook) custom animation. Inspired by tweaner(https://code.google.com/p/tweaner), MMTweanerAnimation provide 10 types of custom animation while using POP.",Objective-C,https://github.com/adad184/MMTweenAnimation,712.00 KB
835,Rebel,1118,112,1118,12,29/07/2012,10/12/2015,857.00 KB,Cocoa framework for improving AppKit,Objective-C,https://github.com/github/Rebel,857.00 KB
836,Bit-Slicer,1118,91,1118,25,01/09/2013,03/08/2026,161.85 MB,Universal game trainer for macOS,Objective-C,https://github.com/zorgiepoo/Bit-Slicer,161.85 MB
837,Player_iOS,1118,220,1118,0,12/09/2018,11/05/2026,91.71 MB,Super player for iOS...,Objective-C,https://github.com/LiteAVSDK/Player_iOS,91.71 MB
838,PropertyMapper,1117,80,1117,3,24/07/2013,06/01/2021,1.28 MB,Property mapping for Objective-C iOS apps.,Objective-C,https://github.com/krzysztofzablocki/PropertyMapper,1.28 MB
839,2048,1115,492,1115,9,29/03/2014,11/04/2023,714.00 KB,"The iOS version of 2048, made using SpriteKit",Objective-C,https://github.com/danqing/2048,714.00 KB
840,RPFloatingPlaceholders,1113,119,1113,0,21/10/2013,04/01/2020,91.00 KB,UITextField and UITextView subclasses with placeholders that change into floating labels when the fields are populated with text.,Objective-C,https://github.com/iwasrobbed/RPFloatingPlaceholders,91.00 KB
841,newsyc,1112,276,1112,18,05/04/2011,29/09/2016,6.12 MB,An iPhone Hacker News client.,Objective-C,https://github.com/grp/newsyc,6.12 MB
842,dyci-main,1112,119,1112,19,31/10/2012,13/03/2017,2.75 MB,Dynamic Code Injection Tool for Objective-C,Objective-C,https://github.com/DyCI/dyci-main,2.75 MB
843,SVGAPlayer-iOS,1109,351,1109,30,30/03/2017,06/02/2023,2.88 MB,"Similar to Lottie. Render After Effects / Animate CC (Flash) animations natively on Android and iOS, Web.  使用 SVGAPlayer 在 Android、iOS、Web中播放 After Effects / Animate CC (Flash) 动画。",Objective-C,https://github.com/svga/SVGAPlayer-iOS,2.88 MB
844,ASProgressPopUpView,1105,156,1105,10,16/04/2014,17/04/2017,1.34 MB,A progress view showing percentage complete in a popup view ,Objective-C,https://github.com/alskipp/ASProgressPopUpView,1.34 MB
845,PGDatePicker,1097,205,1097,56,08/08/2017,12/04/2023,5.71 MB,日期选择器，支持年、年月、年月日、年月日时、年月日时分、年月日时分秒、月日、月日时、月日时分、月日时分秒、时、时分、时分秒、分秒、月日周 时分等,Objective-C,https://github.com/xiaozhuxiong121/PGDatePicker,5.71 MB
846,Screentendo,1097,66,1097,1,05/04/2015,26/05/2015,6.71 MB,Turn your screen into a playable level of Mario,Objective-C,https://github.com/AaronRandall/Screentendo,6.71 MB
847,SCSiriWaveformView,1096,119,1096,1,13/04/2014,19/04/2023,72.00 KB,UIView subclass that reproduces the waveform effect seen in Siri on iOS 7.,Objective-C,https://github.com/stefanceriu/SCSiriWaveformView,72.00 KB
848,Simple-Comic,1094,230,1094,60,20/06/2009,28/03/2023,21.76 MB,OS X comic viewer,Objective-C,https://github.com/arauchfuss/Simple-Comic,21.76 MB
849,ZJScrollPageView,1094,191,1094,49,07/05/2016,03/01/2020,919.00 KB,"网易新闻, 腾讯视频, 头条 等首页的滑块视图联动的效果OC版的简单方便的集成,  滑块 segmentVIew, scrollViewController(Providing an easy way to reach the effect that ""the segment scrolls with the content"")",Objective-C,https://github.com/jasnig/ZJScrollPageView,919.00 KB
850,E-HentaiViewer,1093,100,1093,18,02/01/2017,01/04/2021,4.62 MB,一个E-Hentai的iOS端阅读器,Objective-C,https://github.com/kayanouriko/E-HentaiViewer,4.62 MB
851,Overcoat,1093,104,1093,25,17/05/2013,20/10/2016,1.40 MB,The perfect accessory for Mantle and AFNetworking.,Objective-C,https://github.com/Overcoat/Overcoat,1.40 MB
852,WXTabBarController,1088,207,1088,16,21/11/2015,19/07/2018,13.69 MB,在系统 UITabBarController 的基础上实现安卓版微信 TabBar 的滑动切换功能,Objective-C,https://github.com/leichunfeng/WXTabBarController,13.69 MB
853,BluetoothSerial,1085,665,1085,86,07/05/2013,18/04/2024,9.51 MB,Cordova (PhoneGap) Plugin for Serial Communication over Bluetooth,Objective-C,https://github.com/don/BluetoothSerial,9.51 MB
854,f.lux,1082,183,1082,12,11/11/2015,05/12/2018,144.00 KB,flux for iOS,Objective-C,https://github.com/jefferyleo/f.lux,144.00 KB
855,HGPageScrollView,1081,166,1081,7,12/03/2011,07/06/2013,4.63 MB,UIScrollView for iPhone with horizontal paging like mobile Safari tabs,Objective-C,https://github.com/100grams/HGPageScrollView,4.63 MB
856,react-native-audio-toolkit,1080,370,1080,152,27/06/2016,07/02/2024,920.00 KB,Cross-platform audio library for React Native,Objective-C,https://github.com/react-native-audio-toolkit/react-native-audio-toolkit,920.00 KB
857,iOS_ICE_AND_FIRE,1080,285,1080,8,26/01/2016,17/02/2018,11.89 MB,iOS冰与火之歌,Objective-C,https://github.com/zhengmin1989/iOS_ICE_AND_FIRE,11.89 MB
858,SDPhotoBrowser,1078,249,1078,55,19/02/2015,03/01/2020,394.00 KB, A image browser which is easy for using.,Objective-C,https://github.com/gsdios/SDPhotoBrowser,394.00 KB
859,iPhoneTracker,1077,189,1077,25,16/04/2011,12/07/2017,644.00 KB,,Objective-C,https://github.com/petewarden/iPhoneTracker,644.00 KB
860,PEPhotoCropEditor,1076,353,1076,53,21/05/2013,10/10/2022,61.40 MB,Image cropping library for iOS.,Objective-C,https://github.com/kishikawakatsumi/PEPhotoCropEditor,61.40 MB
861,MTBBarcodeScanner,1074,198,1074,3,09/02/2014,01/10/2020,4.31 MB,"A lightweight, easy-to-use barcode scanning library for iOS 8+",Objective-C,https://github.com/mikebuss/MTBBarcodeScanner,4.31 MB
862,Replace-iOS,1073,121,1073,3,04/06/2015,19/12/2015,9.60 MB,Simply Implement Zee Young's animation,Objective-C,https://github.com/MartinRGB/Replace-iOS,9.60 MB
863,WMZDialog,1072,184,1072,8,09/07/2019,08/06/2023,14.35 MB,"功能最多样式最多的弹窗，支持普通/底部/日期/地区/日历/选择/编辑/分享/菜单/自定义弹窗等,支持多种动画,链式编程调用(Pop-up windows with the most functions and styles, support normal/bottom/date/region/calendar/select/edit/share/menu/custom pop-up windows, etc., support multiple animations, chain programming calls)",Objective-C,https://github.com/wwmz/WMZDialog,14.35 MB
864,AnimatedGIFImageSerialization,1072,99,1072,0,25/03/2014,06/07/2019,547.00 KB,"Complete Animated GIF Support for iOS, with Functions, NSJSONSerialization-style Class, and (Optional) UIImage Swizzling",Objective-C,https://github.com/mattt/AnimatedGIFImageSerialization,547.00 KB
865,UIView-FDCollapsibleConstraints,1071,160,1071,13,14/04/2015,04/04/2016,1.97 MB,"Builds to collapse a view and its relevant layout constraints, simulating a ""Flow Layout"" mode",Objective-C,https://github.com/forkingdog/UIView-FDCollapsibleConstraints,1.97 MB
866,LSTPopView,1070,103,1070,21,05/03/2020,14/10/2024,11.38 MB,LSTPopView iOS万能弹窗 (QQ群:1045568246 微信:a_LSTKit),Objective-C,https://github.com/LoSenTrad/LSTPopView,11.38 MB
867,mixpanel-iphone,1069,567,1069,16,14/07/2010,21/07/2026,42.11 MB,Official iOS (Objective-C) Tracking Library for Mixpanel Analytics,Objective-C,https://github.com/mixpanel/mixpanel-iphone,42.11 MB
868,AutoCoding,1061,132,1061,18,08/02/2012,26/10/2017,98.00 KB,AutoCoding is a category on NSObject that provides automatic support for NSCoding and NSCopying to every object.,Objective-C,https://github.com/nicklockwood/AutoCoding,98.00 KB
869,UIImageView_FaceAwareFill,1060,72,1060,3,11/01/2014,19/06/2025,2.81 MB,This category applies Aspect Fill content mode to an image and if faces are detected it centers them instead of centering the image just by its geometrical center.,Objective-C,https://github.com/Julioacarrettoni/UIImageView_FaceAwareFill,2.81 MB
870,WeChat_tweak,1060,174,1060,19,14/05/2019,31/05/2026,61.08 MB,iOS版功能最全的微信插件，支持最新版微信，具备自动抢红包，屏蔽消息和群消息，过滤特定的群聊，防止撤回消息，伪定位 (朋友圈和附近的人)，修改微信运动步数和实时取景做聊天页的背景等功能。,Objective-C,https://github.com/itenfay/WeChat_tweak,61.08 MB
871,INAppStoreWindow,1060,154,1060,33,23/02/2011,23/04/2016,2.08 MB,NSWindow subclass with a highly customizable title bar and traffic lights,Objective-C,https://github.com/indragiek/INAppStoreWindow,2.08 MB
872,CocoaAsyncSocket_Demo,1059,281,1059,23,20/04/2017,16/01/2019,36.51 MB,"基于AsyncSocket搭建即时通讯体系 . 包含TCP连接 , 消息发送 , 消息接收 , 心跳处理 ,断网重连 , 消息超时 , 消息分发 , 数据库结构设计 , 消息丢失等 . 以及UI设计, 文本表情消息/语音消息/图片消息/视频消息/文件消息/撤回消息/提示语消息的实现思路讲解",Objective-C,https://github.com/coderMyy/CocoaAsyncSocket_Demo,36.51 MB
873,BuildSettingExtractor,1058,52,1058,25,31/01/2015,29/09/2026,2.94 MB,Extracts the build settings of an Xcode project into xcconfig build configuration files.,Objective-C,https://github.com/dempseyatgithub/BuildSettingExtractor,2.94 MB
874,LGAlertView,1058,209,1058,26,23/06/2015,20/09/2026,1.78 MB,"Customizable implementation of UIAlertViewController, UIAlertView and UIActionSheet. All in one. You can customize every detail. Make AlertView of your dream! :)",Objective-C,https://github.com/LGLibs/LGAlertView,1.78 MB
875,googleads-mobile-ios-examples,1057,811,1057,57,04/12/2013,30/09/2026,3.78 MB,googleads-mobile-ios,Objective-C,https://github.com/googleads/googleads-mobile-ios-examples,3.78 MB
876,SOMotionDetector,1054,145,1054,11,07/03/2014,31/08/2024,653.00 KB,"Simple library to detect motion type (walking, running, automotive) and count users steps. This library will make motion detection much more easily.",Objective-C,https://github.com/matghazaryan/SOMotionDetector,653.00 KB
877,MMAppSwitcher,1052,40,1052,2,16/01/2014,06/02/2015,228.00 KB,Replace iOS7 app switcher view with your own customized card view.,Objective-C,https://github.com/vpdn/MMAppSwitcher,228.00 KB
878,AnimationEngine,1051,75,1051,0,19/09/2014,22/11/2015,98.00 KB,Easily build advanced custom animations on iOS.,Objective-C,https://github.com/intuit/AnimationEngine,98.00 KB
879,DZNWebViewController,1051,175,1051,21,25/05/2012,18/06/2020,2.03 MB,A simple web browser for iPhone & iPad with similar features than Safari's,Objective-C,https://github.com/dzenbot/DZNWebViewController,2.03 MB
880,UIScrollView-InfiniteScroll,1051,149,1051,17,05/09/2013,25/09/2022,6.05 MB,UIScrollView ∞ scroll category,Objective-C,https://github.com/pronebird/UIScrollView-InfiniteScroll,6.05 MB
881,MPlayerX,1050,262,1050,12,07/01/2011,14/12/2022,288.06 MB,media player on Mac OS X,Objective-C,https://github.com/niltsh/MPlayerX,288.06 MB
882,AFDownloadRequestOperation,1049,182,1049,23,16/07/2012,25/04/2020,366.00 KB,A progressive download operation for AFNetworking.,Objective-C,https://github.com/steipete/AFDownloadRequestOperation,366.00 KB
883,MHDevelopExample_Objective_C,1048,177,1048,12,07/02/2017,31/12/2020,22.86 MB,🔥🔥🔥  iOS开发技术要点汇总，核心功能配备文档。表情键盘布局、大文件分片上传、基于MVC的基类设计、MVVM+RAC实践、微信朋友圈实现方案等。,Objective-C,https://github.com/CoderMikeHe/MHDevelopExample_Objective_C,22.86 MB
884,KSHObjcUML,1045,102,1045,3,18/02/2015,09/04/2016,2.42 MB,KSHObjcUML can show oriented graph of dependencies between Objective-C and Swift classes in your project,Objective-C,https://github.com/kimsungwhee/KSHObjcUML,2.42 MB
885,MachOView,1045,206,1045,7,14/11/2018,24/09/2019,2.61 MB,分析Macho必备工具,Objective-C,https://github.com/fangshufeng/MachOView,2.61 MB
886,Learning-AV-Foundation,1043,363,1043,12,21/03/2014,13/10/2018,78.95 MB,Sample code for Bob McCune's Learning AV Foundation book.,Objective-C,https://github.com/tapharmonic/Learning-AV-Foundation,78.95 MB
887,Polychromatic,1043,62,1043,7,31/03/2014,24/06/2016,651.00 KB,Semantic highlighting for Xcode.,Objective-C,https://github.com/kolinkrewinkel/Polychromatic,651.00 KB
888,FTPopOverMenu,1038,171,1038,16,06/04/2016,10/11/2023,3.40 MB,"FTPopOverMenu is a pop over menu for iOS which is maybe the easiest one to use. Supports both portrait and landscape. It can show from any UIView, any UIBarButtonItem and any CGRect.",Objective-C,https://github.com/liufengting/FTPopOverMenu,3.40 MB
889,HTAutocompleteTextField,1035,101,1035,10,27/12/2012,11/03/2019,2.14 MB,,Objective-C,https://github.com/hoteltonight/HTAutocompleteTextField,2.14 MB
890,echo,1034,119,1034,12,02/01/2020,27/09/2021,2.93 MB,Echo是一款桌面端调试工具，旨在提高客户端的研发调试效率,Objective-C,https://github.com/didi/echo,2.93 MB
891,PPSSignatureView,1034,231,1034,22,06/11/2012,14/09/2017,451.00 KB,iOS Signature Capture Demo,Objective-C,https://github.com/jharwig/PPSSignatureView,451.00 KB
892,RMStepsController,1033,112,1033,11,15/11/2013,25/09/2017,424.00 KB,This is an iOS control for guiding users through a process step-by-step,Objective-C,https://github.com/CooperRS/RMStepsController,424.00 KB
893,StickyCollectionView,1031,122,1031,0,21/09/2015,04/02/2016,452.00 KB,UICollectionView layout for presenting of the overlapping cells.,Objective-C,https://github.com/matbeich/StickyCollectionView,452.00 KB
894,SCXcodeMiniMap,1013,85,1013,9,28/04/2013,19/02/2021,307.00 KB,Sublime Text like Minimap for Xcode,Objective-C,https://github.com/stefanceriu/SCXcodeMiniMap,307.00 KB
895,UAProgressView,1012,146,1012,9,25/05/2014,29/12/2021,2.24 MB,"UAProgressView is a simple and lightweight, yet powerful animated circular progress view",Objective-C,https://github.com/UrbanApps/UAProgressView,2.24 MB
896,CocosBuilder,1011,578,1011,174,15/03/2012,25/01/2017,79.78 MB,"CocosBuilder, the visual editor for cocos2d",Objective-C,https://github.com/cocos2d/CocosBuilder,79.78 MB
897,MGSpotyViewController,1010,100,1010,3,26/06/2014,14/03/2016,23.28 MB,Beautiful viewController with a tableView and amazing effects like a viewController in the Spotify app.,Objective-C,https://github.com/matteogobbi/MGSpotyViewController,23.28 MB
898,SBSAnimoji,1009,102,1009,9,06/11/2017,06/05/2022,8.71 MB,🐵 Animoji app using Apples AvatarKit,Objective-C,https://github.com/simonbs/SBSAnimoji,8.71 MB
899,Popup,1009,202,1009,6,05/07/2011,19/03/2015,260.00 KB,Cocoa project with Popup window appearing from the status bar,Objective-C,https://github.com/cocoabits/Popup,260.00 KB
900,JNWSpringAnimation,1008,64,1008,0,03/06/2013,31/05/2017,77.00 KB,Spring physics for Core Animation.,Objective-C,https://github.com/jwilling/JNWSpringAnimation,77.00 KB
901,CRBoxInputView,1007,134,1007,21,03/01/2019,13/03/2023,3.80 MB,Verify code input view. Support security type for password.短信验证码输入框，支持密文模式,Objective-C,https://github.com/CRAnimation/CRBoxInputView,3.80 MB
902,PopoverView,1005,204,1005,15,29/08/2012,15/06/2016,803.00 KB,A simple UIView popover control for iPhone/iPad written in CoreGraphics.,Objective-C,https://github.com/runway20/PopoverView,803.00 KB
903,cordova-plugin-firebase,1001,1546,1001,250,13/06/2016,09/07/2024,251.85 MB,Cordova plugin for Google Firebase,Objective-C,https://github.com/arnesson/cordova-plugin-firebase,251.85 MB
904,vftool,1001,73,1001,21,25/11/2020,27/04/2024,15.00 KB,A simple macOS Virtualisation.framework wrapper,Objective-C,https://github.com/evansm7/vftool,15.00 KB
905,react-native-turbo-image,1001,145,1001,7,22/07/2023,06/09/2026,49.53 MB,Fast image loading for React Native,Objective-C,https://github.com/duguyihou/react-native-turbo-image,49.53 MB
906,Stinger,1001,129,1001,8,05/12/2017,26/04/2024,1.63 MB,"Stinger is a high-efficiency library with great compatibility, for aop in Objective-C,  using libffi instead of Objective-C message forwarding. It is 20+ times faster than the Aspects, from message-sending to Aspect-oriented code ends.",Objective-C,https://github.com/eleme/Stinger,1.63 MB
907,react-native-keyboard-manager,1001,61,1001,1,21/06/2017,26/09/2026,1.50 MB,(DEPRECATED) ⚛ Library to prevent issues of keyboard sliding up and cover inputs on React-Native iOS projects.,Objective-C,https://github.com/douglasjunior/react-native-keyboard-manager,1.50 MB
908,SLPagingView,1000,82,1000,21,24/11/2014,02/04/2015,2.08 MB,Navigation bar system allowing to do a Tinder like or Twitter like,Objective-C,https://github.com/StefanLage/SLPagingView,2.08 MB
909,MBCircularProgressBar,999,178,999,53,19/07/2015,07/05/2024,1.33 MB,"A circular, animatable & highly customizable progress bar from the Interface Builder (Objective-C)",Objective-C,https://github.com/MatiBot/MBCircularProgressBar,1.33 MB
910,NYSegmentedControl,999,121,999,19,23/03/2014,31/10/2017,4.51 MB,"Animated, customizable replacement for UISegmentedControl",Objective-C,https://github.com/nealyoung/NYSegmentedControl,4.51 MB
911,JHUD,997,152,997,1,12/07/2016,03/07/2018,2.66 MB,A full screen of the HUD when loading the data (Objective-C).,Objective-C,https://github.com/Jinxiansen/JHUD,2.66 MB
912,MMLayershots,996,59,996,9,18/05/2014,30/07/2024,163.00 KB,Layershots converts your iOS screenshot into a layered photoshop (PSD) file.,Objective-C,https://github.com/vpdn/MMLayershots,163.00 KB
913,libs-base,996,305,996,30,09/08/2014,01/10/2026,39.16 MB,"The GNUstep Base Library is a library of general-purpose, non-graphical Objective C objects.",Objective-C,https://github.com/gnustep/libs-base,39.16 MB
914,PayPal-iOS-SDK,995,369,995,0,19/02/2013,15/01/2019,766.38 MB,Accept credit cards and PayPal in your iOS app,Objective-C,https://github.com/paypal/PayPal-iOS-SDK,766.38 MB
915,GZIP,993,169,993,6,04/06/2012,26/06/2024,96.00 KB,A simple NSData category for gzipping/unzipping data in iOS and Mac OS,Objective-C,https://github.com/nicklockwood/GZIP,96.00 KB
916,BSBacktraceLogger,993,213,993,12,26/08/2016,30/03/2022,47.00 KB,记录线程的调用栈,Objective-C,https://github.com/bestswifter/BSBacktraceLogger,47.00 KB
917,mySIMBL,992,59,992,4,18/01/2016,31/03/2021,20.92 MB,:package: Plugin manager for macOS,Objective-C,https://github.com/w0lfschild/mySIMBL,20.92 MB
918,EFCircularSlider,992,152,992,21,04/12/2013,18/04/2017,450.00 KB,An extensible circular slider for iOS applications,Objective-C,https://github.com/eliotfowler/EFCircularSlider,450.00 KB
919,STTwitter,989,157,989,24,28/09/2012,26/12/2022,6.49 MB,"A stable, mature and comprehensive Objective-C library for Twitter REST API 1.1",Objective-C,https://github.com/nst/STTwitter,6.49 MB
920,GYBootingProtection,988,147,988,5,18/05/2016,30/07/2016,507.00 KB,A tool for detecting and repairting continuous launch crash of iOS App,Objective-C,https://github.com/liuslevis/GYBootingProtection,507.00 KB
921,VIMediaCache,987,191,987,46,17/05/2016,21/05/2024,148.00 KB,Cache media file while play media using AVPlayer,Objective-C,https://github.com/vitoziv/VIMediaCache,148.00 KB
922,FFCircularProgressView,987,108,987,7,16/07/2013,25/01/2018,1.48 MB,FFCircularProgressView - An iOS 7-inspired blue circular progress view,Objective-C,https://github.com/fabianofrancesconi/FFCircularProgressView,1.48 MB
923,OCMockito,987,119,987,8,25/11/2011,19/06/2026,5.52 MB,"Mockito for Objective-C: creation, verification and stubbing of mock objects",Objective-C,https://github.com/jonreid/OCMockito,5.52 MB
924,KYCuteView,985,190,985,5,26/02/2015,23/07/2016,5.93 MB,Drag like a gooey bubble.,Objective-C,https://github.com/KittenYang/KYCuteView,5.93 MB
925,octave,985,60,985,0,29/01/2013,06/11/2014,569.00 KB,"Octave: A free library of UI sounds, handmade for iOS",Objective-C,https://github.com/scopegate/octave,569.00 KB
926,LetsMove,982,139,982,14,18/09/2009,26/06/2022,215.00 KB,A sample that shows how to move a running Mac application to the /Applications directory,Objective-C,https://github.com/potionfactory/LetsMove,215.00 KB
927,JPImageresizerView,980,166,980,13,21/12/2017,20/04/2026,119.98 MB,一个专门裁剪图片、GIF、视频的轮子😋 简单易用、功能丰富☕️（高自由度的参数设定、支持旋转和镜像翻转、蒙版、压缩等），能满足绝大部分裁剪的需求。,Objective-C,https://github.com/Rogue24/JPImageresizerView,119.98 MB
928,GoldHouse-for-iOS,979,170,979,1,27/02/2018,15/09/2020,93.00 KB,iOS APM,Objective-C,https://github.com/BiBoyang/GoldHouse-for-iOS,93.00 KB
929,teaBASE,978,190,978,5,07/10/2024,16/06/2025,825.00 KB,Developer Cockpit,Objective-C,https://github.com/teaxyz/teaBASE,825.00 KB
930,InstagramKit,977,261,977,30,13/07/2013,12/06/2020,1.64 MB,The unofficial Instagram iOS SDK,Objective-C,https://github.com/shyambhat/InstagramKit,1.64 MB
931,cordova-plugin-camera,976,1557,976,72,22/06/2013,20/08/2026,2.19 MB,Apache Cordova Plugin camera,Objective-C,https://github.com/apache/cordova-plugin-camera,2.19 MB
932,MMPlaceHolder,976,134,976,2,11/08/2014,20/10/2015,2.94 MB,A drop in solution to show UIView's size. Only one line code to use it.,Objective-C,https://github.com/adad184/MMPlaceHolder,2.94 MB
933,ECMobile_iOS,974,519,974,7,11/11/2013,18/04/2017,46.83 MB,基于ECShop的手机商城客户端,Objective-C,https://github.com/GeekZooStudio/ECMobile_iOS,46.83 MB
934,XMNetworking,973,158,973,31,12/12/2016,17/04/2023,3.22 MB,A lightweight but powerful network library with simplified and expressive syntax based on AFNetworking.,Objective-C,https://github.com/kangzubin/XMNetworking,3.22 MB
935,yololib,973,280,973,10,12/06/2014,29/04/2016,117.00 KB,dylib injector for mach-o binaries,Objective-C,https://github.com/KJCracks/yololib,117.00 KB
936,Sonora,971,124,971,57,17/04/2012,13/05/2015,4.08 MB,"A minimal, beautifully designed music player for OS X.",Objective-C,https://github.com/sonoramac/Sonora,4.08 MB
937,iOS10-Runtime-Headers,971,240,971,3,02/07/2013,18/07/2022,181.83 MB,iOS 10 Runtime Headers,Objective-C,https://github.com/JaviSoto/iOS10-Runtime-Headers,181.83 MB
938,MZFormSheetPresentationController,962,145,962,26,18/06/2015,18/01/2021,3.42 MB,"MZFormSheetPresentationController provides an alternative to the native iOS UIModalPresentationFormSheet, adding support for iPhone and additional opportunities to setup UIPresentationController size and feel form sheet.",Objective-C,https://github.com/m1entus/MZFormSheetPresentationController,3.42 MB
939,react-native-signature-capture,961,506,961,197,09/07/2015,17/07/2024,1.60 MB,A simple modular component for react native (iOS) to capture a signature as an image,Objective-C,https://github.com/RepairShopr/react-native-signature-capture,1.60 MB
940,Lin-Xcode5,961,69,961,24,22/09/2013,15/04/2015,4.20 MB,A Localization Manager for Xcode 5,Objective-C,https://github.com/nek023/Lin-Xcode5,4.20 MB
941,LxGridView,961,129,961,1,30/06/2015,09/05/2017,9.70 MB,Imitation iOS system desktop icon arrangement and interaction by UICollectionView!,Objective-C,https://github.com/DeveloperLx/LxGridView,9.70 MB
942,COSTouchVisualizer,958,68,958,9,22/03/2014,09/06/2023,2.69 MB,"Visualize touches, gestures and long presses on your iPhone or iPad",Objective-C,https://github.com/asafkorem/COSTouchVisualizer,2.69 MB
943,MMNumberKeyboard,956,114,956,4,10/12/2015,26/08/2024,1.97 MB,"A simple keyboard to use with numbers and, optionally, a decimal point.",Objective-C,https://github.com/matmartinez/MMNumberKeyboard,1.97 MB
944,marzipanify,956,49,956,5,16/06/2018,07/07/2020,31.00 KB,"Convert an iOS Simulator app bundle to an iOSMac (Marzipan) one (Unsupported & undocumented, WIP)",Objective-C,https://github.com/steventroughtonsmith/marzipanify,31.00 KB
945,CoreLock,956,244,956,18,28/04/2015,12/03/2017,658.00 KB,高仿支付宝解锁,Objective-C,https://github.com/CharlinFeng/CoreLock,658.00 KB
946,TTRangeSlider,954,198,954,26,31/03/2015,19/09/2021,541.00 KB,"A slider, similar in style to UISlider, but which allows you to pick a minimum and maximum range.",Objective-C,https://github.com/TomThorpe/TTRangeSlider,541.00 KB
947,VENTouchLock,953,109,953,16,29/09/2014,29/01/2019,3.40 MB,A Touch ID and Passcode framework used in the Venmo app.,Objective-C,https://github.com/venmo/VENTouchLock,3.40 MB
948,MSWeakTimer,953,107,953,12,11/02/2013,13/09/2024,52.00 KB,Thread-safe NSTimer alternative that doesn't retain the target and supports being used with GCD queues.,Objective-C,https://github.com/mindsnacks/MSWeakTimer,52.00 KB
949,chartee,952,266,952,8,14/07/2011,24/12/2015,3.66 MB,candlestick chart for ios,Objective-C,https://github.com/zhiyu/chartee,3.66 MB
950,MJPopupViewController,951,213,951,51,24/06/2012,16/06/2020,329.00 KB,A UIViewController Category to display a ViewController as a popup with different transition effects.,Objective-C,https://github.com/martinjuhasz/MJPopupViewController,329.00 KB
951,GVUserDefaults,947,91,947,8,18/12/2012,20/04/2017,96.00 KB,NSUserDefaults access via properties.,Objective-C,https://github.com/getsling/GVUserDefaults,96.00 KB
952,octo-ios,950,128,950,7,29/05/2026,22/09/2026,60.23 MB,OCTO iOS Client — Open-source enterprise IM,Objective-C,https://github.com/Mininglamp-OSS/octo-ios,60.23 MB
953,QQPlugin-macOS,949,261,949,25,29/03/2018,02/06/2019,3.04 MB,,Objective-C,https://github.com/TKkk-iOSer/QQPlugin-macOS,3.04 MB
954,ios-realtimeblur,948,104,948,10,03/07/2013,26/06/2014,617.00 KB,Multipurpose real-time blur view for iOS6+ ,Objective-C,https://github.com/alexdrone/ios-realtimeblur,617.00 KB
955,URBMediaFocusViewController,948,76,948,7,08/11/2013,29/01/2018,14.67 MB,An easy-to-use view controller that animates thumbnail previews of your media to their full size versions with physics similar to Tweetbot 3.,Objective-C,https://github.com/u10int/URBMediaFocusViewController,14.67 MB
956,BBBadgeBarButtonItem,948,152,948,10,07/02/2014,11/06/2016,449.00 KB,A BarButtonItem with a badge on top.,Objective-C,https://github.com/TanguyAladenise/BBBadgeBarButtonItem,449.00 KB
957,GraphKit,946,87,946,14,04/02/2014,21/01/2017,591.00 KB,A lightweight library of animated graphs for iOS.,Objective-C,https://github.com/michalkonturek/GraphKit,591.00 KB
958,TBActionSheet,944,92,944,5,19/12/2015,14/09/2022,45.42 MB,A Custom&Powerful Action Sheet For iOS. 一个 ActionSheet 满足所有样式！超高自由度的可定制！,Objective-C,https://github.com/yulingtianxia/TBActionSheet,45.42 MB
959,POP-MCAnimate,940,102,940,8,30/04/2014,08/04/2017,360.00 KB,Concise syntax for the Pop animation framework.,Objective-C,https://github.com/matthewcheok/POP-MCAnimate,360.00 KB
960,MDRadialProgress,940,158,940,8,03/04/2013,18/01/2018,572.00 KB,A custom UIView useful to represent progress in discrete steps.,Objective-C,https://github.com/mdinacci/MDRadialProgress,572.00 KB
961,KSYLive_iOS,939,266,939,86,21/12/2015,18/04/2020,1.23 GB,金山云直播SDK [ iOS推流+播放 ]融合版 支持美颜滤镜(Beauty Filter)、美声(Beauty Voice)、软硬编(Software/Hardware Encoder) 、网络自适应(Network Auto Adapt)、混音(Audio Mixer)、混响(Reverb)、画中画(PIP),Objective-C,https://github.com/ksvc/KSYLive_iOS,1.23 GB
962,DLRadioButton,937,209,937,45,05/10/2014,25/03/2024,1.45 MB,Radio Button for iOS,Objective-C,https://github.com/DavydLiu/DLRadioButton,1.45 MB
963,OBShapedButton,936,143,936,1,17/10/2009,03/05/2021,226.00 KB,A UIButton subclass that works with for non-rectangular button shapes.,Objective-C,https://github.com/ole/OBShapedButton,226.00 KB
964,SECoreTextView,936,136,936,25,21/04/2013,30/09/2020,16.79 MB,SECoreTextView is multi style text view.,Objective-C,https://github.com/kishikawakatsumi/SECoreTextView,16.79 MB
965,react-native-sensors,935,228,935,49,29/12/2016,01/10/2026,2.80 MB,A developer friendly approach for sensors in React Native,Objective-C,https://github.com/react-native-sensors/react-native-sensors,2.80 MB
966,ClipMenu,933,145,933,36,22/03/2014,02/08/2020,967.00 KB,A clipboard manager for Mac OS X,Objective-C,https://github.com/naotaka/ClipMenu,967.00 KB
967,NSGIF,929,182,929,10,29/08/2015,20/05/2022,932.00 KB,🔮 iOS Library for converting videos to animated GIFs.,Objective-C,https://github.com/NSRare/NSGIF,932.00 KB
968,iOSMixProject,929,253,929,8,09/02/2018,12/07/2019,49.00 KB,To  mix your project if you want it won't be like others,Objective-C,https://github.com/JourneyYoung/iOSMixProject,49.00 KB
969,NJKScrollFullScreen,928,88,928,10,04/01/2014,05/12/2019,7.34 MB,Scroll to full screen like Facebook app,Objective-C,https://github.com/ninjinkun/NJKScrollFullScreen,7.34 MB
970,ParseUI-iOS,928,276,928,51,20/10/2014,15/01/2021,642.00 KB,A collection of a handy user interface components to be used with the Parse iOS SDK.,Objective-C,https://github.com/parse-community/ParseUI-iOS,642.00 KB
971,yubiswitch,927,72,927,11,20/09/2013,17/09/2026,3.25 MB,OSX status bar application to enable/disable Yubikey Nano,Objective-C,https://github.com/pallotron/yubiswitch,3.25 MB
972,RNCachingURLProtocol,927,194,927,13,08/05/2012,23/11/2020,44.00 KB,Simple offline caching for UIWebView and other NSURLConnection clients,Objective-C,https://github.com/rnapier/RNCachingURLProtocol,44.00 KB
973,UIBarButtonItem-Badge,926,165,926,23,06/05/2014,02/02/2018,136.00 KB,UIBarButtonItem+Badge,Objective-C,https://github.com/mikeMTOL/UIBarButtonItem-Badge,136.00 KB
974,WSCoachMarksView,924,105,924,23,02/04/2013,26/07/2016,121.00 KB,iOS drop-in class for interactive coach marks with cutouts to spotlight the app's existing UI.,Objective-C,https://github.com/workshirt/WSCoachMarksView,121.00 KB
975,SKBounceAnimation,922,107,922,4,17/08/2012,13/12/2014,259.00 KB,"A CAKeyframeAnimation subclass that lets you quickly and easily set a number of bounces, and start and end values, and creates an animation for you.",Objective-C,https://github.com/khanlou/SKBounceAnimation,259.00 KB
976,chat-sdk-ios,920,274,920,52,20/12/2016,03/12/2025,228.10 MB,Chat SDK iOS - Open Source Mobile Messenger,Objective-C,https://github.com/chat-sdk/chat-sdk-ios,228.10 MB
977,KisMac2,917,203,917,34,24/09/2012,28/08/2018,9.79 MB,"KisMAC is a free, open source wireless stumbling and security tool for Mac OS X.",Objective-C,https://github.com/IGRSoft/KisMac2,9.79 MB
978,KLNoteViewController,917,138,917,2,01/01/2013,12/02/2016,1.58 MB,A view controller that organizes multiple navigation controllers in a stack inspired by Evernote 5.0 app ,Objective-C,https://github.com/KieranLafferty/KLNoteViewController,1.58 MB
979,TCBlobDownload,916,181,916,15,18/04/2013,24/03/2016,1.45 MB,Concurrent large files downloads for iOS,Objective-C,https://github.com/thibaultcha/TCBlobDownload,1.45 MB
980,symboliclinker,916,50,916,10,09/02/2009,12/11/2020,318.00 KB,A contextual menu plugin & service for macOS that allows users to make symbolic links in the Finder,Objective-C,https://github.com/nickzman/symboliclinker,318.00 KB
981,ios-ssl-kill-switch,916,135,916,4,02/07/2012,10/08/2021,1.10 MB,Blackbox tool to disable SSL certificate validation - including certificate pinning - within iOS Apps,Objective-C,https://github.com/iSECPartners/ios-ssl-kill-switch,1.10 MB
982,Wonderful,914,204,914,19,26/10/2015,22/08/2019,5.57 MB,"Include wonderfulcolor api, marquee, colorLabel, Gradient, Separate ...",Objective-C,https://github.com/dsxNiubility/Wonderful,5.57 MB
983,iOSOpenDev,912,282,912,0,08/02/2012,15/04/2024,2.13 MB,iOSOpenDev,Objective-C,https://github.com/kokoabim/iOSOpenDev,2.13 MB
984,iOS-Flip-Transform,911,151,911,14,09/01/2012,18/04/2017,622.00 KB,Core Animation framework for navigating data by flipping,Objective-C,https://github.com/Dillion/iOS-Flip-Transform,622.00 KB
985,gitx,911,95,911,81,07/12/2016,01/10/2026,26.58 MB,"The best fork of the best lightweight, visual git client for macOS.",Objective-C,https://github.com/gitx/gitx,26.58 MB
986,BlurryModalSegue,911,70,911,5,21/11/2013,11/02/2016,1.58 MB,A custom modal segue providing a blurred overlay effect.,Objective-C,https://github.com/Citrrus/BlurryModalSegue,1.58 MB
987,iOS-SDKs,911,261,911,0,22/08/2019,17/09/2026,586.01 MB,iOS 9 - iOS 27 SDK including symbols for private frameworks.,Objective-C,https://github.com/xybp888/iOS-SDKs,586.01 MB
988,quark-shell-mac,910,39,910,13,01/04/2014,15/04/2020,3.22 MB,Quark Shell for Mac helps web developers to create native-like Mac menubar app using HTML and JavaScript without writing any native code.,Objective-C,https://github.com/HackPlan/quark-shell-mac,3.22 MB
989,MSParallaxDemo,909,7,909,0,29/05/2020,28/12/2020,2.11 MB,MSParallaxDemo,Objective-C,https://github.com/tempAccountA/MSParallaxDemo,2.11 MB
990,JS_OC,909,480,909,4,10/11/2015,18/12/2018,567.00 KB,JS与原生OC互相调用的Demo,Objective-C,https://github.com/0xhellohaley/JS_OC,567.00 KB
991,UIScrollSlidingPages,907,140,907,12,27/03/2013,03/08/2017,4.33 MB,"Allows you to add multiple view controllers and have them scroll horizontally, with a header scroller that stays in sync with the content and shows next, current and previous items. A zoom out effect appears as you scroll between pages. Similar in style to the Groupon app.",Objective-C,https://github.com/TomThorpe/UIScrollSlidingPages,4.33 MB
992,iphone-3.0-cookbook-,907,295,907,3,14/04/2009,16/07/2019,52.90 MB,Sample Code,Objective-C,https://github.com/erica/iphone-3.0-cookbook-,52.90 MB
993,FCFileManager,905,134,905,0,29/01/2014,22/04/2026,123.00 KB,:iphone: :open_file_folder:  iOS file manager on top of NSFileManager for simplifying files management.,Objective-C,https://github.com/fabiocaccamo/FCFileManager,123.00 KB
994,CRGradientNavigationBar,904,111,904,11,20/10/2013,09/02/2016,363.00 KB,Custom UINavigationBar subclass which allows gradient coloured navigation bar on iOS 7.,Objective-C,https://github.com/christianroman/CRGradientNavigationBar,363.00 KB
995,WMDragView,903,162,903,4,19/12/2016,20/12/2024,19.07 MB,WMDragView致力于让任意View都可以自由悬浮拖曳（可拖动，悬浮按钮），类似于iOS的AssistiveTouch效果，微信浮窗。,Objective-C,https://github.com/zhengwenming/WMDragView,19.07 MB
996,MTMigration,903,48,903,11,08/02/2013,20/02/2018,68.00 KB,Manages blocks of code that only need to run once on version updates in iOS apps.,Objective-C,https://github.com/mysterioustrousers/MTMigration,68.00 KB
997,RSSwizzle,901,126,901,12,07/09/2013,10/09/2019,278.00 KB,Safe Method Swizzling.,Objective-C,https://github.com/rabovik/RSSwizzle,278.00 KB
998,AsyncImageView,900,181,900,44,24/07/2011,26/10/2017,2.02 MB,[DEPRECATED],Objective-C,https://github.com/nicklockwood/AsyncImageView,2.02 MB
999,MLPNeuralNet,898,208,898,1,25/09/2013,30/09/2016,484.00 KB,Fast multilayer perceptron neural network library for iOS and Mac OS X,Objective-C,https://github.com/nikolaypavlov/MLPNeuralNet,484.00 KB
1000,iOS-Rich-Text-Editor,893,150,893,34,06/05/2013,13/07/2016,1.78 MB,A Rich Text Editor for iOS,Objective-C,https://github.com/aryaxt/iOS-Rich-Text-Editor,1.78 MB
