Ranking,Project Name,Stars,Forks,Watchers,Open Issues,Created At,Last Commit,Size,Description,Language,Repo URL,Size
1,cloc,23567,1123,23567,26,07/09/2015,20/09/2026,5.85 MB,"cloc counts blank lines, comment lines, and physical lines of source code in many programming languages.",Perl,https://github.com/AlDanial/cloc,5.85 MB
2,FlameGraph,19781,2109,19781,173,16/12/2011,20/10/2024,1.87 MB,Stack trace visualizer,Perl,https://github.com/brendangregg/FlameGraph,1.87 MB
3,diff-so-fancy,18101,350,18101,1,04/02/2016,28/09/2026,817.00 KB,Make your diffs human readable for improved code quality and faster defect detection. :tada:,Perl,https://github.com/so-fancy/diff-so-fancy,817.00 KB
4,nikto,10753,1463,10753,1,24/11/2012,01/10/2026,6.58 MB,Nikto web server scanner,Perl,https://github.com/sullo/nikto,6.58 MB
5,MySQLTuner-perl,9481,1285,9481,7,29/05/2009,22/09/2026,35.98 MB,MySQLTuner is a script written in Perl that will assist you with your MySQL configuration and make recommendations for increased performance and stability.,Perl,https://github.com/major/MySQLTuner-perl,35.98 MB
6,gitolite,8595,1006,8595,6,24/08/2009,29/09/2026,3.12 MB,"Hosting git repositories -- Gitolite allows you to setup git hosting on a central server, with very fine-grained access control and many (many!) more powerful features.",Perl,https://github.com/sitaramc/gitolite,3.12 MB
7,book,7456,32,7456,1,06/06/2026,08/09/2026,308.00 KB,"The canonical reference for Astrid: kernel, capsules, host ABI, IPC, and the security model.",Perl,https://github.com/astrid-runtime/book,308.00 KB
8,exiftool,5115,490,5115,46,09/05/2018,27/05/2026,58.52 MB,ExifTool meta information reader/writer,Perl,https://github.com/exiftool/exiftool,58.52 MB
9,git-it-electron,4889,1216,4889,139,08/05/2015,10/04/2024,78.53 MB,":computer: :mortar_board: Git-it is a (Mac, Win, Linux) Desktop App for Learning Git and GitHub",Perl,https://github.com/jlord/git-it-electron,78.53 MB
10,Expose,4437,257,4437,23,28/08/2015,16/03/2022,409.00 KB,A simple static site generator for photoessays,Perl,https://github.com/Jack000/Expose,409.00 KB
11,sicp-pdf,4407,553,4407,21,21/06/2011,27/06/2024,36.21 MB,SICP PDF with Texinfo and LaTeX source,Perl,https://github.com/sarabander/sicp-pdf,36.21 MB
12,EQGRP,4203,2074,4203,18,08/04/2017,24/05/2017,150.60 MB,Decrypted content of eqgrp-auction-file.tar.xz,Perl,https://github.com/x0rz/EQGRP,150.60 MB
13,pgbadger,4067,378,4067,22,11/04/2012,29/09/2026,14.08 MB,A fast PostgreSQL Log Analyzer,Perl,https://github.com/darold/pgbadger,14.08 MB
14,a-shell,3950,215,3950,639,10/07/2019,23/09/2026,124.67 MB,"A terminal for iOS, with multiple windows",Perl,https://github.com/holzschu/a-shell,124.67 MB
15,sanoid,3868,348,3868,160,17/11/2014,05/06/2026,1.12 MB,These are policy-driven snapshot management and replication tools which use OpenZFS for underlying next-gen storage. (Btrfs support plans are shelved unless and until btrfs becomes reliable.),Perl,https://github.com/jimsalterjrs/sanoid,1.12 MB
16,rsnapshot,3686,271,3686,58,24/04/2012,13/08/2026,2.22 MB,"a tool for backing up your data using rsync (if you want to get help, use https://lists.sourceforge.net/lists/listinfo/rsnapshot-discuss)",Perl,https://github.com/rsnapshot/rsnapshot,2.22 MB
17,ddclient,3557,401,3557,142,14/08/2012,22/06/2026,2.56 MB,ddclient updates dynamic DNS entries for accounts on a wide range of dynamic DNS services.,Perl,https://github.com/ddclient/ddclient,2.56 MB
18,.dotfiles,3470,312,3470,36,15/06/2021,24/04/2024,18.89 MB,,Perl,https://github.com/ThePrimeagen/.dotfiles,18.89 MB
19,openfortivpn,3427,379,3427,140,26/01/2015,28/09/2026,1.39 MB,Client for PPP+TLS VPN tunnel services,Perl,https://github.com/adrienverge/openfortivpn,1.39 MB
20,trurl,3355,117,3355,5,31/03/2023,01/10/2026,541.00 KB,a command line tool for URL parsing and manipulation.,Perl,https://github.com/curl/trurl,541.00 KB
21,rcm,3265,139,3265,33,07/06/2013,23/05/2025,2.07 MB,rc file (dotfile) management,Perl,https://github.com/thoughtbot/rcm,2.07 MB
22,sherloq,3217,315,3217,25,24/06/2017,16/07/2026,196.78 MB,An open-source digital image forensic toolset,Perl,https://github.com/GuidoBartoli/sherloq,196.78 MB
23,sqitch,3169,215,3169,82,27/01/2012,26/09/2026,13.60 MB,Sensible database change management,Perl,https://github.com/sqitchers/sqitch,13.60 MB
24,LANraragi,3121,227,3121,86,31/07/2014,10/09/2026,91.14 MB,Web application for archival and reading of manga/doujinshi. Lightweight and Docker-ready for NAS/servers.,Perl,https://github.com/Difegue/LANraragi,91.14 MB
25,nginx-tutorials,2869,431,2869,5,01/12/2011,05/03/2021,586.00 KB,Nginx Tutorials,Perl,https://github.com/openresty/nginx-tutorials,586.00 KB
26,mojo,2749,590,2749,110,21/10/2008,30/09/2026,29.51 MB,:sparkles: Mojolicious - Perl real-time web framework,Perl,https://github.com/mojolicious/mojo,29.51 MB
27,postgresqltuner,2702,192,2702,13,15/12/2016,08/01/2024,152.00 KB,"Simple script to analyse your PostgreSQL database configuration, and give tuning advice",Perl,https://github.com/jfcoz/postgresqltuner,152.00 KB
28,Th3inspector,2666,512,2666,13,17/02/2018,21/04/2025,342.00 KB,Th3Inspector 🕵️ Best Tool For Information Gathering 🔎,Perl,https://github.com/Moham3dRiahi/Th3inspector,342.00 KB
29,get_iplayer,2547,248,2547,0,11/03/2011,04/05/2025,5.60 MB,A utility for downloading TV and radio programmes from BBC iPlayer and BBC Sounds,Perl,https://github.com/get-iplayer/get_iplayer,5.60 MB
30,owasp-modsecurity-crs,2491,725,2491,44,02/08/2012,16/06/2020,3.43 MB,OWASP ModSecurity Core Rule Set (CRS) Project (Official Repository),Perl,https://github.com/SpiderLabs/owasp-modsecurity-crs,3.43 MB
31,nipe,2396,342,2396,14,07/09/2015,13/09/2026,407.00 KB,An engine to make Tor network your default gateway,Perl,https://github.com/htrgouvea/nipe,407.00 KB
32,ABTestingGateway,2348,758,2348,75,19/07/2015,14/10/2018,12.73 MB,,Perl,https://github.com/CNSRE/ABTestingGateway,12.73 MB
33,perl5,2331,645,2331,2357,13/02/2013,01/10/2026,370.14 MB,🐪 The Perl programming language,Perl,https://github.com/Perl/perl5,370.14 MB
34,everything-curl,2266,338,2266,10,24/09/2015,01/10/2026,9.93 MB,"The book documenting the curl project, the curl tool, libcurl and more. Simply put: everything curl.",Perl,https://github.com/curl/everything-curl,9.93 MB
35,the-bastion,2194,134,2194,43,14/10/2020,29/09/2026,6.51 MB,"Authentication, authorization, traceability and auditability for SSH accesses.",Perl,https://github.com/ovh/the-bastion,6.51 MB
36,btrbk,2160,142,2160,279,10/02/2015,19/07/2026,2.30 MB,Tool for creating snapshots and remote backups of btrfs subvolumes,Perl,https://github.com/digint/btrbk,2.30 MB
37,munin,2141,484,2141,216,31/05/2012,30/09/2026,19.78 MB,Main repository for munin master / node / plugins,Perl,https://github.com/munin-monitoring/munin,19.78 MB
38,afterglow-theme,2086,135,2086,47,09/04/2014,11/07/2023,8.56 MB,[DEPRECATED] A minimal dark Theme for Sublime Text 2 and 3,Perl,https://github.com/YabataDesign/afterglow-theme,8.56 MB
39,slipstream,1985,214,1985,5,31/10/2020,14/01/2023,3.79 MB,"NAT Slipstreaming allows an attacker to remotely access any TCP/UDP services bound to a victim machine, bypassing the victim’s NAT/firewall, just by anyone on the victim's network visiting a website",Perl,https://github.com/samyk/slipstream,3.79 MB
40,linux-exploit-suggester-2,1972,298,1972,0,25/07/2016,28/01/2023,32.00 KB,Next-Generation Linux Kernel Exploit Suggester,Perl,https://github.com/jondonas/linux-exploit-suggester-2,32.00 KB
41,SmokePing,1967,214,1967,6,05/10/2011,10/08/2026,2.68 MB,The Active Monitoring System,Perl,https://github.com/oetiker/SmokePing,2.68 MB
42,ua-parser,1961,481,1961,0,15/09/2010,26/12/2016,4.93 MB,A multi-language port of Browserscope's user agent parser.,Perl,https://github.com/tobie/ua-parser,4.93 MB
43,ModSecurity-nginx,1855,312,1855,74,23/06/2015,26/09/2026,1.34 MB,ModSecurity v3 Nginx Connector,Perl,https://github.com/owasp-modsecurity/ModSecurity-nginx,1.34 MB
44,duckduckgo,1814,238,1814,0,18/01/2011,14/10/2022,1.06 MB,DuckDuckGo Instant Answer Infrastructure,Perl,https://github.com/duckduckgo/duckduckgo,1.06 MB
45,Linux_Exploit_Suggester,1813,399,1813,4,26/08/2013,19/05/2014,238.00 KB,Linux Exploit Suggester; based on operating system release number ,Perl,https://github.com/InteliSecureLabs/Linux_Exploit_Suggester,238.00 KB
46,dvcs-ripper,1788,317,1788,11,23/10/2012,19/07/2024,48.00 KB,Rip web accessible (distributed) version control systems: SVN/GIT/HG...,Perl,https://github.com/kost/dvcs-ripper,48.00 KB
47,slimserver,1785,377,1785,119,08/05/2012,23/09/2026,891.96 MB,Server for Squeezebox and compatible players. This server is also called Lyrion Music Server.,Perl,https://github.com/LMS-Community/slimserver,891.96 MB
48,XAttacker,1767,469,1767,31,07/11/2017,08/10/2023,214.00 KB,X Attacker Tool ☣ Website Vulnerability Scanner & Auto Exploiter,Perl,https://github.com/Moham3dRiahi/XAttacker,214.00 KB
49,Mojo-Webqq,1705,315,1705,13,28/05/2015,10/04/2019,5.46 MB,【重要通知：WebQQ将在2019年1月1日停止服务，此项目目前已停止维护，感谢大家四年来的一路陪伴】使用Perl语言（不会没关系）编写的smartqq/webqq客户端框架（非GUI），可通过插件提供基于HTTP协议的api接口供其他语言或系统调用,Perl,https://github.com/hexsum/Mojo-Webqq,5.46 MB
50,packetfence,1694,329,1694,844,01/03/2012,01/10/2026,395.95 MB,"PacketFence is a fully supported, trusted, Free and Open Source network access control (NAC) solution. Boasting an impressive feature set including a captive-portal for registration and remediation, centralized wired and wireless management, powerful BYOD management options, 802.1X support, layer-2 isolation of problematic devices; PacketFence can be used to effectively secure networks small to very large heterogeneous networks.",Perl,https://github.com/inverse-inc/packetfence,395.95 MB
51,ggplot2-book,1687,714,1687,71,19/05/2008,12/03/2025,50.24 MB,ggplot2: elegant graphics for data analysis,Perl,https://github.com/hadley/ggplot2-book,50.24 MB
52,openresty-systemtap-toolkit,1667,349,1667,28,30/08/2012,14/03/2023,345.00 KB,"Real-time analysis and diagnostics tools for OpenResty (including NGINX, LuaJIT, ngx_lua, and more) based on SystemTap",Perl,https://github.com/openresty/openresty-systemtap-toolkit,345.00 KB
53,vRain,1665,191,1665,10,18/02/2025,14/06/2026,431.47 MB,中文古籍刻本風格直排電子書製作工具 Chinese Ancient eBooks Generator,Perl,https://github.com/shanleiguang/vRain,431.47 MB
54,backuppc,1626,204,1626,53,28/03/2013,31/05/2026,5.64 MB,"BackupPC is a high-performance, enterprise-grade system for backing up to a server's disk.",Perl,https://github.com/backuppc/backuppc,5.64 MB
55,ATSCAN,1589,352,1589,7,04/10/2015,10/08/2024,3.50 MB,Advanced dork Search & Mass Exploit Scanner,Perl,https://github.com/AlisamTechnology/ATSCAN,3.50 MB
56,percona-toolkit,1555,379,1555,24,07/05/2013,01/10/2026,112.38 MB,Percona Toolkit: a collection of advanced open source command-line tools.,Perl,https://github.com/percona/percona-toolkit,112.38 MB
57,openkore,1526,1222,1526,121,28/02/2016,09/08/2026,281.35 MB,A free/open source client and automation tool for Ragnarok Online,Perl,https://github.com/OpenKore/openkore,281.35 MB
58,mha4mysql-manager,1510,503,1510,73,23/07/2011,14/08/2020,377.00 KB,"Development tree of Master High Availability Manager and tools for MySQL (MHA), Manager part",Perl,https://github.com/yoshinorim/mha4mysql-manager,377.00 KB
59,ack2,1464,138,1464,9,29/01/2011,19/03/2019,2.46 MB,**ack 2 is no longer being maintained.  ack 3 is the latest version.**,Perl,https://github.com/beyondgrep/ack2,2.46 MB
60,fwknop,1463,256,1463,126,13/06/2011,01/06/2026,15.19 MB,Single Packet Authorization > Port Knocking,Perl,https://github.com/mrash/fwknop,15.19 MB
61,enum4linux,1422,250,1422,4,31/07/2015,12/06/2026,132.00 KB,enum4Linux is a Linux alternative to enum.exe for enumerating data from Windows and Samba hosts,Perl,https://github.com/CiscoCXSecurity/enum4linux,132.00 KB
62,checkinpanel,1399,328,1399,36,22/08/2021,11/08/2023,1.41 MB,一个主要运行在 𝐞𝐥𝐞𝐜𝐕𝟐𝐏 或 𝐪𝐢𝐧𝐠𝐥𝐨𝐧𝐠 等定时面板，同时支持系统运行环境的签到项目（环境：𝑷𝒚𝒕𝒉𝒐𝒏 3.8+ / 𝑵𝒐𝒅𝒆.𝒋𝒔 10+ / 𝑩𝒂𝒔𝒉 4+ / 𝑶𝒑𝒆𝒏𝑱𝑫𝑲8 / 𝑷𝒆𝒓𝒍5）,Perl,https://github.com/OreosLab/checkinpanel,1.41 MB
63,swaks,1344,95,1344,47,16/02/2017,05/03/2024,3.18 MB,Swaks - Swiss Army Knife for SMTP,Perl,https://github.com/jetmore/swaks,3.18 MB
64,evilgrade,1328,273,1328,11,22/04/2013,01/09/2021,7.88 MB,Evilgrade is a modular framework that allows the user to take advantage of poor upgrade implementations by injecting fake updates.,Perl,https://github.com/infobyte/evilgrade,7.88 MB
65,lua-resty-waf,1323,305,1323,38,04/11/2014,31/01/2024,1.41 MB,High-performance WAF built on the OpenResty stack,Perl,https://github.com/p0pr0ck5/lua-resty-waf,1.41 MB
66,youtube-viewer,1316,92,1316,47,12/02/2011,15/06/2026,3.35 MB,Lightweight YouTube client for Linux,Perl,https://github.com/trizen/youtube-viewer,3.35 MB
67,LaTeXML,1316,155,1316,354,22/10/2013,20/09/2026,64.30 MB,LaTeXML: a TeX and LaTeX to XML/HTML/ePub/MathML translator.,Perl,https://github.com/brucemiller/LaTeXML,64.30 MB
68,asbru-cm,1302,157,1302,108,23/08/2017,04/08/2026,8.79 MB,Ásbrú Connection Manager is a user interface that helps organizing remote terminal sessions and automating repetitive tasks.,Perl,https://github.com/asbru-cm/asbru-cm,8.79 MB
69,pixload,1301,253,1301,8,15/09/2019,30/11/2023,118.00 KB,Image Payload Creating/Injecting tools,Perl,https://github.com/sighook/pixload,118.00 KB
70,inxi,1282,90,1282,15,20/08/2015,12/01/2024,9.56 MB,"inxi is a full featured CLI system information tool. It is available in most Linux distribution repositories, and does its best to support the BSDs. ",Perl,https://github.com/smxi/inxi,9.56 MB
71,asciiquarium,1273,110,1273,20,14/12/2011,25/08/2023,108.00 KB,Enjoy the mysteries of the sea from the safety of your own terminal!,Perl,https://github.com/cmatsuoka/asciiquarium,108.00 KB
72,Betty,1259,1738,1259,30,08/07/2016,01/12/2023,588.00 KB,Holberton-style C code checker written in Perl,Perl,https://github.com/alx-tools/Betty,588.00 KB
73,speedread,1259,105,1259,13,02/03/2014,11/06/2024,565.00 KB,A simple terminal-based open source Spritz-alike (per-word RSVP aligned on optimal reading points),Perl,https://github.com/pasky/speedread,565.00 KB
74,Mojo-Weixin,1251,253,1251,19,14/01/2016,19/09/2023,2.01 MB,使用Perl语言（不会没关系）编写的个人账号微信/weixin/wechat客户端框架（非GUI），可通过插件提供基于HTTP协议的api接口供其他语言或系统调用,Perl,https://github.com/hexsum/Mojo-Weixin,2.01 MB
75,ora2pg,1237,379,1237,96,12/03/2012,28/09/2026,13.89 MB,"Ora2Pg is a free tool used to migrate an Oracle database to a PostgreSQL compatible schema. It connects your Oracle database, scan it automatically and extracts its structure or data, it then generates SQL scripts that you can load into PostgreSQL.",Perl,https://github.com/darold/ora2pg,13.89 MB
76,Monitorix,1211,169,1211,44,22/10/2012,23/06/2026,4.78 MB,"Monitorix is a free, open source, lightweight system monitoring tool.",Perl,https://github.com/mikaku/Monitorix,4.78 MB
77,rainbarf,1207,65,1207,2,30/01/2013,15/08/2026,178.00 KB,"it's like Rainmeter, but for CLI!",Perl,https://github.com/creaktive/rainbarf,178.00 KB
78,thinkpad-ec,1200,128,1200,108,23/04/2016,11/05/2025,849.00 KB,Infrastructure for examining and patching Thinkpad embedded controller firmware,Perl,https://github.com/hamishcoleman/thinkpad-ec,849.00 KB
79,rt,1163,298,1163,82,07/07/2009,01/10/2026,205.36 MB,"Request Tracker, an enterprise-grade issue tracking system",Perl,https://github.com/bestpractical/rt,205.36 MB
80,halflife-list,1159,102,1159,0,10/06/2021,28/09/2026,181.41 MB,ABP/ublock 广告过滤规则（每周一早上 8 点更新）,Perl,https://github.com/sbwml/halflife-list,181.41 MB
81,lm-sensors,1156,303,1156,267,20/12/2011,06/05/2026,20.24 MB,lm-sensors repository,Perl,https://github.com/lm-sensors/lm-sensors,20.24 MB
82,stow,1139,56,1139,44,09/11/2011,03/12/2025,1.23 MB,GNU Stow - mirror of savannah git repository occasionally with more bleeding-edge branches,Perl,https://github.com/aspiers/stow,1.23 MB
83,Golang-Regex-Tutorial,1137,136,1137,1,08/09/2012,01/02/2023,107.00 KB,Golang - Regular Expression Tutorial,Perl,https://github.com/StefanSchroeder/Golang-Regex-Tutorial,107.00 KB
84,git-cal,1124,62,1124,18,22/09/2013,01/02/2017,518.00 KB,github like contributions calendar on terminal,Perl,https://github.com/k4rthik/git-cal,518.00 KB
85,lcov,1115,268,1115,11,27/05/2014,29/09/2026,3.89 MB,LCOV,Perl,https://github.com/linux-test-project/lcov,3.89 MB
86,dotdotpwn,1113,185,1113,3,10/02/2012,28/09/2022,88.00 KB,DotDotPwn - The Directory Traversal Fuzzer,Perl,https://github.com/wireghoul/dotdotpwn,88.00 KB
87,sortphotos,1106,316,1106,60,06/03/2013,06/03/2026,2.52 MB,SortPhotos is a Python script that organizes photos and videos into folders using date/time information,Perl,https://github.com/andrewning/sortphotos,2.52 MB
88,musicbrainz-server,1095,340,1095,92,01/06/2010,01/10/2026,324.50 MB,"Server for the MusicBrainz project (website, API, database tools)",Perl,https://github.com/metabrainz/musicbrainz-server,324.50 MB
89,AirChat,1088,149,1088,18,23/04/2014,09/12/2021,919.00 KB,Free Communications For Everyone.,Perl,https://github.com/arboliva/AirChat,919.00 KB
90,MultiMarkdown,1071,508,1071,4,20/06/2009,12/08/2023,1.93 MB,This project is now deprecated.  Please use MultiMarkdown-7 instead!,Perl,https://github.com/fletcher/MultiMarkdown,1.93 MB
91,nodebrew,1068,66,1068,17,15/11/2011,19/03/2022,222.00 KB,Node.js version manager,Perl,https://github.com/hokaccha/nodebrew,222.00 KB
92,broadcom-bt-firmware,1066,146,1066,15,28/07/2016,29/07/2026,1.11 MB,Repository for various Broadcom Bluetooth firmware,Perl,https://github.com/winterheart/broadcom-bt-firmware,1.11 MB
93,contrib,1047,664,1047,58,12/07/2011,24/09/2026,15.00 MB,"Contributed stuff for munin (plugins, tools, etc...)",Perl,https://github.com/munin-monitoring/contrib,15.00 MB
94,vanilla,1038,215,1038,3,12/08/2015,09/01/2019,1.86 MB,An OpenResty Lua MVC Web Framework,Perl,https://github.com/idevz/vanilla,1.86 MB
95,xcode_shell,1032,389,1032,1,24/09/2012,07/09/2019,61.00 KB,shell script that used to auto-build xcode project,Perl,https://github.com/webfrogs/xcode_shell,61.00 KB
96,sysadmin-util,1004,113,1004,0,14/04/2013,30/03/2020,112.00 KB,Tools for Linux/Unix sysadmins.,Perl,https://github.com/skx/sysadmin-util,112.00 KB
97,defects4j,999,381,999,57,17/04/2015,07/04/2026,146.70 MB,A Database of Real Faults and an Experimental Infrastructure to Enable Controlled Experiments in Software Engineering Research,Perl,https://github.com/rjust/defects4j,146.70 MB
98,prokka,994,236,994,244,26/03/2014,06/01/2026,408.24 MB,:zap: :aquarius: Rapid prokaryotic genome annotation,Perl,https://github.com/tseemann/prokka,408.24 MB
99,rtpengine,992,457,992,113,27/03/2014,24/09/2026,40.25 MB,The Sipwise media proxy for Kamailio,Perl,https://github.com/sipwise/rtpengine,40.25 MB
100,clusterssh,989,75,989,29,11/08/2009,28/04/2026,2.09 MB,Cluster SSH - Cluster Admin Via SSH,Perl,https://github.com/duncs/clusterssh,2.09 MB
101,zeroclickinfo-goodies,985,1722,985,0,06/08/2011,14/10/2022,22.14 MB,DuckDuckGo Instant Answers based on Perl & JavaScript,Perl,https://github.com/duckduckgo/zeroclickinfo-goodies,22.14 MB
102,authentic-theme,963,166,963,2,22/09/2014,30/09/2026,488.92 MB,Official theme for the best server management panel of the 21st Century,Perl,https://github.com/webmin/authentic-theme,488.92 MB
103,altium2kicad,954,161,954,77,06/10/2014,23/06/2026,9.40 MB,Altium to KiCad converter for PCB and schematics,Perl,https://github.com/thesourcerer8/altium2kicad,9.40 MB
104,vmware-scripts,953,504,953,54,22/11/2013,29/09/2026,1.90 MB,Various scripts for VMware based solutions,Perl,https://github.com/lamw/vmware-scripts,1.90 MB
105,gdown.pl,946,187,946,5,22/09/2014,12/05/2023,38.00 KB,Google Drive direct download of big files,Perl,https://github.com/circulosmeos/gdown.pl,38.00 KB
106,dejavu-fonts,942,130,942,68,17/05/2015,15/05/2024,332.67 MB,,Perl,https://github.com/dejavu-fonts/dejavu-fonts,332.67 MB
107,st,936,67,936,12,02/09/2013,17/03/2026,74.00 KB,simple statistics from the command line,Perl,https://github.com/nferraz/st,74.00 KB
108,gitprep,935,120,935,10,23/11/2012,06/07/2026,5.59 MB,Portable GitHub system into your own server,Perl,https://github.com/yuki-kimoto/gitprep,5.59 MB
109,hw-probe,928,79,928,80,29/11/2015,14/08/2026,2.25 MB,"Probe for hardware, check operability and find drivers",Perl,https://github.com/linuxhw/hw-probe,2.25 MB
110,netdisco,923,106,923,57,04/01/2017,01/10/2026,14.25 MB,A web-based network management tool.,Perl,https://github.com/netdisco/netdisco,14.25 MB
111,trinityrnaseq,903,317,903,313,07/08/2014,23/04/2026,276.80 MB,Trinity RNA-Seq de novo transcriptome assembly,Perl,https://github.com/trinityrnaseq/trinityrnaseq,276.80 MB
112,bugzilla,863,320,863,23,12/03/2014,06/09/2026,73.63 MB,Official repository for the Bugzilla bug tracking system. Report bugs to https://bugzilla.mozilla.org/enter_bug.cgi?product=Bugzilla&format=__default__ . Main website:,Perl,https://github.com/bugzilla/bugzilla,73.63 MB
113,XcodeCoverage,853,302,853,1,29/11/2012,14/10/2022,539.00 KB,Code coverage for Xcode projects (Objective-C only),Perl,https://github.com/jonreid/XcodeCoverage,539.00 KB
114,ack3,828,76,828,154,03/03/2017,06/09/2026,3.27 MB,ack is a grep-like search tool optimized for source code.,Perl,https://github.com/beyondgrep/ack3,3.27 MB
115,trizen,822,42,822,56,17/02/2011,11/08/2025,878.00 KB,Lightweight AUR Package Manager,Perl,https://github.com/trizen/trizen,878.00 KB
116,PadBuster,814,228,814,8,11/04/2011,13/07/2024,18.00 KB,Automated script for performing Padding Oracle attacks,Perl,https://github.com/strozfriedberg/PadBuster,18.00 KB
117,dotphiles,813,371,813,4,21/06/2012,07/05/2023,4.46 MB,A community driven framework of dotfiles.,Perl,https://github.com/dotphiles/dotphiles,4.46 MB
118,innotop,802,122,802,27,17/10/2014,22/05/2026,2.11 MB,A realtime terminal-based top-like monitor for MySQL,Perl,https://github.com/innotop/innotop,2.11 MB
119,git-deploy,802,59,802,20,07/11/2011,24/06/2017,738.00 KB,Tool to manage using git as a deployment management tool,Perl,https://github.com/git-deploy/git-deploy,738.00 KB
120,IoTSeeker,801,236,801,4,31/10/2016,13/02/2025,15.00 KB,Created by Jin Qian via the GitHub Connector,Perl,https://github.com/rapid7/IoTSeeker,15.00 KB
121,bucardo,801,109,801,53,08/05/2009,31/05/2025,9.31 MB,Bucardo multimaster and master/slave Postgres replication,Perl,https://github.com/bucardo/bucardo,9.31 MB
122,ack1,795,94,795,0,01/03/2009,30/08/2013,2.42 MB,"This repository is for ack 1.x, which is **no longer being maintained**.  DO NOT SUBMIT ISSUES HERE.  ack 2.0 has a new GitHub project at",Perl,https://github.com/beyondgrep/ack1,2.42 MB
123,cpanminus,783,210,783,147,19/02/2010,17/03/2026,5.60 MB,"cpanminus - get, unpack, build and install modules from CPAN ",Perl,https://github.com/miyagawa/cpanminus,5.60 MB
124,zsh-autoenv,767,29,767,8,08/09/2013,21/06/2024,181.00 KB,Autoenv for zsh,Perl,https://github.com/Tarrasch/zsh-autoenv,181.00 KB
125,urxvt-perls,748,108,748,7,02/08/2010,19/07/2020,97.00 KB,Perl extensions for the rxvt-unicode terminal emulator,Perl,https://github.com/xyb3rt/urxvt-perls,97.00 KB
126,feedgnuplot,741,38,741,4,20/12/2009,28/01/2026,1.43 MB,"Tool to plot realtime and stored data from the commandline, using gnuplot.",Perl,https://github.com/dkogan/feedgnuplot,1.43 MB
127,Rex,737,216,737,215,05/11/2010,27/06/2026,9.06 MB,"Rex, the friendly automation framework",Perl,https://github.com/RexOps/Rex,9.06 MB
128,App-perlbrew,736,232,736,198,27/02/2010,13/09/2026,4.28 MB,Manage perl installations in your $HOME,Perl,https://github.com/gugod/App-perlbrew,4.28 MB
129,opencv-haar-classifier-training,734,459,734,10,12/07/2013,06/01/2020,38.00 KB,Learn how to train your own OpenCV Haar classifier,Perl,https://github.com/mrnugget/opencv-haar-classifier-training,38.00 KB
130,cdhit,732,131,732,117,04/05/2015,11/10/2022,3.16 MB,Automatically exported from code.google.com/p/cdhit,Perl,https://github.com/weizhongli/cdhit,3.16 MB
131,Dancer,724,203,724,89,18/07/2009,28/09/2026,6.74 MB,The easiest way to write web applications with Perl (Perl web micro-framework),Perl,https://github.com/PerlDancer/Dancer,6.74 MB
132,ctf-tools,722,411,722,4,13/10/2015,05/02/2021,215.80 MB,tổng hợp tool ctf,Perl,https://github.com/truongkma/ctf-tools,215.80 MB
133,RegRipper3.0,721,156,721,10,27/05/2020,27/05/2026,5.66 MB,RegRipper3.0,Perl,https://github.com/keydet89/RegRipper3.0,5.66 MB
134,stapxx,711,202,711,21,09/08/2013,09/05/2022,327.00 KB,Simple macro language extentions to systemtap,Perl,https://github.com/openresty/stapxx,327.00 KB
135,awesome-perl,710,104,710,5,13/07/2014,07/08/2024,159.00 KB,A curated list of awesome Perl frameworks and libraries. Come on Pull Requests!,Perl,https://github.com/hachiojipm/awesome-perl,159.00 KB
136,dotfiles,710,87,710,0,02/12/2009,11/08/2026,23.51 MB,":floppy_disk:  Ian's dotfiles, utils, and Zsh/Vim/tmux configs",Perl,https://github.com/statico/dotfiles,23.51 MB
137,dnsenum,707,146,707,17,10/01/2014,08/10/2019,204.00 KB,dnsenum is a perl script that enumerates DNS information,Perl,https://github.com/fwaeytens/dnsenum,204.00 KB
138,abi-compliance-checker,704,87,704,75,08/03/2012,06/06/2024,2.03 MB,A tool for checking backward API/ABI compatibility of a C/C++ library,Perl,https://github.com/lvc/abi-compliance-checker,2.03 MB
139,openxpki,699,128,699,75,02/09/2011,26/09/2026,111.60 MB,OpenXPKI Code,Perl,https://github.com/openxpki/openxpki,111.60 MB
140,vyatta-wireguard,697,37,697,45,19/04/2017,04/05/2020,10.16 MB,,Perl,https://github.com/Lochnair/vyatta-wireguard,10.16 MB
141,Graph-Easy,695,43,695,7,22/10/2010,22/10/2010,588.00 KB,"Convert or render graphs (as ASCII, HTML, SVG or via Graphviz)",Perl,https://github.com/ironcamel/Graph-Easy,588.00 KB
142,mlf,689,244,689,3,13/01/2014,13/12/2015,5.32 MB,大数据机器学习框架,Perl,https://github.com/huichen/mlf,5.32 MB
143,ipcalc,685,135,685,20,10/06/2017,22/03/2024,70.00 KB,,Perl,https://github.com/kjokjo/ipcalc,70.00 KB
144,engintron,676,164,676,12,16/04/2014,20/09/2026,1.11 MB,"Engintron for cPanel/WHM is the easiest way to integrate Nginx on your cPanel/WHM server. Engintron will improve the performance & web serving capacity of your server, while reducing CPU/RAM load at the same time, by installing & configuring the popular Nginx webserver to act as a reverse caching proxy in front of Apache.",Perl,https://github.com/engintron/engintron,1.11 MB
145,znapzend,669,140,669,11,22/09/2013,07/07/2026,4.35 MB,zfs backup with remote capabilities and mbuffer integration.,Perl,https://github.com/oetiker/znapzend,4.35 MB
146,vYinn,658,51,658,1,19/06/2025,18/06/2026,48.80 MB,中文古籍印章製作工具 Chinese Ancient Seals Design Tool ,Perl,https://github.com/shanleiguang/vYinn,48.80 MB
147,ravada,652,188,652,109,21/04/2016,29/09/2026,37.44 MB,Remote Virtual Desktops Manager,Perl,https://github.com/UPC/ravada,37.44 MB
148,shutter,645,54,645,314,11/06/2020,27/08/2026,110.70 MB,Screenshot tool for Linux,Perl,https://github.com/shutter-project/shutter,110.70 MB
149,tilde.club,644,42,644,2,02/10/2014,13/02/2026,133.00 KB,Code and documentation for setting up and managing a tilde.club server,Perl,https://github.com/tildeclub/tilde.club,133.00 KB
150,ngx_http_substitutions_filter_module,628,213,628,27,19/04/2012,24/01/2022,291.00 KB,a filter module which can do both regular expression and fixed string substitutions for nginx,Perl,https://github.com/yaoweibin/ngx_http_substitutions_filter_module,291.00 KB
151,samytools,621,98,621,1,17/12/2014,21/09/2026,5.64 MB,"Simple tools to make reverse engineering and console cowboying easier, primarily by data translation and manipulation + file handle piping. Mostly *nix tools with an emphasis on macOS.",Perl,https://github.com/samyk/samytools,5.64 MB
152,fixmystreet,620,284,620,267,25/01/2010,01/10/2026,232.06 MB,This is mySociety's popular map-based reporting platform: easy to install in new countries and regions,Perl,https://github.com/mysociety/fixmystreet,232.06 MB
153,zentyal,619,151,619,136,13/11/2012,13/08/2026,452.96 MB,Linux Small Business Server,Perl,https://github.com/zentyal/zentyal,452.96 MB
154,mathgen,617,73,617,8,15/06/2012,25/03/2020,58.00 KB,Generate random nonsense math papers,Perl,https://github.com/neldredge/mathgen,58.00 KB
155,repo-info,607,358,607,5,21/07/2016,01/10/2026,21.81 GB,Extended information (especially license and layer details) about the published Official Images,Perl,https://github.com/docker-library/repo-info,21.81 GB
156,Academic-Writing-Check,605,61,605,3,16/12/2010,10/12/2018,675.00 KB,"check for passive words, weasel words, duplicate words, typographical errors and words strunk & white don't like",Perl,https://github.com/devd/Academic-Writing-Check,675.00 KB
157,Dancer2,604,286,604,93,30/09/2011,30/09/2026,6.92 MB,Perl Dancer Next Generation (rewrite of Perl Dancer),Perl,https://github.com/PerlDancer/Dancer2,6.92 MB
158,check_postgres,602,172,602,103,08/05/2009,02/01/2025,2.43 MB,Nagios check_postgres plugin for checking status of PostgreSQL databases,Perl,https://github.com/bucardo/check_postgres,2.43 MB
159,httpry,600,88,600,4,17/10/2011,21/04/2018,1.54 MB,HTTP logging and information retrieval tool,Perl,https://github.com/jbittel/httpry,1.54 MB
160,Znuny,599,122,599,118,06/01/2021,30/09/2026,1.15 GB,"Znuny is a free, open-source, and versatile web-based ticketing system for Customer Service, Help Desk, IT Service Management, and more. It is built for transparency and long-term sustainability and is highly tailorable to your organization's needs.",Perl,https://github.com/znuny/Znuny,1.15 GB
161,ocpi,595,228,595,146,04/11/2014,07/09/2026,21.11 MB,"The Open Charge Point Interface (OCPI) allows for a scalable, automated roaming setup between Charge Point Operators and e-Mobility Service Providers. It supports authorisation, charge point information exchange (incl transaction events), charge detail record exchange and finally, the exchange of smart-charging commands between parties.",Perl,https://github.com/ocpi/ocpi,21.11 MB
162,snippy,594,123,594,221,15/05/2014,12/12/2025,127.45 MB,:scissors: :zap: Rapid haploid variant calling and core genome alignment,Perl,https://github.com/tseemann/snippy,127.45 MB
163,pg_stat_monitor,590,73,590,6,19/11/2019,23/09/2026,4.09 MB,Query Performance Monitoring Tool for PostgreSQL,Perl,https://github.com/percona/pg_stat_monitor,4.09 MB
164,Koha,590,304,590,0,20/09/2012,01/10/2026,5.91 GB,"Koha is a free software integrated library system (ILS). Koha is distributed under the GNU GPL version 3 or later. ***Note: this is a synced mirror of the official Koha repo. Note: This project uses its own bug tracker, see https://bugs.koha-community.org/ to report a bug or submit a patch.",Perl,https://github.com/Koha-Community/Koha,5.91 GB
165,ensembl-vep,575,188,575,68,05/04/2016,01/10/2026,78.03 MB,The Ensembl Variant Effect Predictor predicts the functional effects of genomic variants,Perl,https://github.com/Ensembl/ensembl-vep,78.03 MB
166,LedgerSMB,570,170,570,160,05/04/2014,01/10/2026,274.83 MB,Double-entry accounting & ERP for the web,Perl,https://github.com/ledgersmb/LedgerSMB,274.83 MB
167,Focus-Points,562,55,562,10,19/12/2016,20/08/2026,214.29 MB,Plugin for Lightroom to show which focus point was active in the camera when a photo was taken,Perl,https://github.com/FocusPointsLrC/Focus-Points,214.29 MB
168,wordlist,553,99,553,76,30/07/2014,07/07/2026,29.88 MB,English Speller Database (ESDB),Perl,https://github.com/en-wl/wordlist,29.88 MB
169,qwerty-fr,549,40,549,24,04/06/2019,17/05/2026,882.00 KB,Qwerty keyboard layout with French accents,Perl,https://github.com/qwerty-fr/qwerty-fr,882.00 KB
170,makeEspArduino,545,132,545,0,06/02/2016,31/08/2026,248.00 KB,A makefile for ESP8266 and ESP32 Arduino projects,Perl,https://github.com/plerup/makeEspArduino,248.00 KB
171,zonemaster,539,78,539,148,28/08/2013,01/10/2026,10.55 MB,The Zonemaster Project,Perl,https://github.com/zonemaster/zonemaster,10.55 MB
172,lua-resty-jwt,538,183,538,37,28/11/2014,03/01/2024,142.00 KB,JWT For The Great Openresty,Perl,https://github.com/SkyLothar/lua-resty-jwt,142.00 KB
173,mt-aws-glacier,537,53,537,33,25/08/2012,10/03/2017,7.69 MB,Perl Multithreaded Multipart sync to Amazon Glacier,Perl,https://github.com/vsespb/mt-aws-glacier,7.69 MB
174,dots,536,150,536,3,18/05/2016,01/10/2020,8.74 MB,dotfiles for my local setup,Perl,https://github.com/jaagr/dots,8.74 MB
175,sqlserver2pgsql,535,119,535,15,12/08/2013,10/10/2023,754.00 KB,"Migration tool to convert a Microsoft SQL Server Database into a PostgreSQL database, as automatically as possible",Perl,https://github.com/dalibo/sqlserver2pgsql,754.00 KB
176,chordpro,530,78,530,89,22/08/2016,25/09/2026,54.98 MB,Reference implementation of the ChordPro standard for musical lead sheets.,Perl,https://github.com/ChordPro/chordpro,54.98 MB
177,needrestart,524,92,524,45,28/03/2013,29/09/2026,1.11 MB,Restart daemons after library updates.,Perl,https://github.com/liske/needrestart,1.11 MB
178,ls--,514,46,514,14,17/10/2010,08/06/2024,107.00 KB,ls on steroids,Perl,https://github.com/trapd00r/ls--,107.00 KB
179,abricate,514,104,514,28,17/07/2014,17/07/2026,19.88 MB,:mag_right: :pill: Mass screening of contigs for antimicrobial and virulence genes,Perl,https://github.com/tseemann/abricate,19.88 MB
180,pipe-viewer,512,25,512,44,30/10/2020,24/09/2026,1.51 MB,"A lightweight YouTube client for Linux, without requiring an API key.",Perl,https://github.com/trizen/pipe-viewer,1.51 MB
181,scripts.irssi.org,507,240,507,44,30/05/2014,09/09/2026,5.84 MB,Script Repository for Irssi,Perl,https://github.com/irssi/scripts.irssi.org,5.84 MB
182,quran.com-images,506,146,506,27,14/05/2009,21/02/2026,67.27 MB,images using fonts from King Fahed Complex / qurancomplex.org,Perl,https://github.com/quran/quran.com-images,67.27 MB
183,XposedTools,501,255,501,13,06/04/2015,04/08/2020,3.03 MB,These tools can be used to compile and package the Xposed framework.,Perl,https://github.com/rovo89/XposedTools,3.03 MB
184,glpi-agent,496,120,496,22,17/12/2019,01/10/2026,47.46 MB,GLPI Agent,Perl,https://github.com/glpi-project/glpi-agent,47.46 MB
185,carton,496,96,496,103,11/06/2011,28/06/2023,637.00 KB,Bundler or pip freeze for Perl,Perl,https://github.com/perl-carton/carton,637.00 KB
186,noembed,496,91,496,57,03/05/2011,13/09/2026,1.93 MB,oEmbed gateway service with additional non-oEmbed sources,Perl,https://github.com/leedo/noembed,1.93 MB
187,Plack,494,208,494,107,07/09/2009,05/05/2026,5.34 MB,PSGI toolkit and server adapters,Perl,https://github.com/plack/Plack,5.34 MB
188,mod0BurpUploadScanner,493,144,493,75,20/04/2018,25/12/2023,9.03 MB,HTTP file upload scanner for Burp Proxy,Perl,https://github.com/modzero/mod0BurpUploadScanner,9.03 MB
189,timeout,486,69,486,9,04/05/2011,06/11/2020,43.00 KB,A script to measure and limit CPU time and memory consumption of black-box processes in Linux,Perl,https://github.com/pshved/timeout,43.00 KB
190,awesome-lists,483,49,483,3,29/06/2023,07/09/2026,65.00 KB,The awesome list of all the awesome lists,Perl,https://github.com/szabgab/awesome-lists,65.00 KB
191,DejaVuSansCode,482,11,482,10,08/08/2016,06/05/2019,328.35 MB,Monospaced font with programming ligatures based on DejaVu Sans Mono,Perl,https://github.com/SSNikolaevich/DejaVuSansCode,328.35 MB
192,metacpan-web,476,240,476,195,18/04/2011,30/09/2026,16.15 MB,Web interface for MetaCPAN,Perl,https://github.com/metacpan/metacpan-web,16.15 MB
193,dot_debian,471,66,471,0,20/01/2015,30/01/2020,1.13 MB,Config files for linux (debian based),Perl,https://github.com/electro7/dot_debian,1.13 MB
194,EDTA,470,94,470,29,23/05/2019,10/09/2026,235.35 MB,Extensive de-novo TE Annotator ,Perl,https://github.com/oushujun/EDTA,235.35 MB
195,cli,469,35,469,0,24/10/2013,05/07/2018,451.00 KB,This is the DEPRECATED Linode CLI. Use https://github.com/linode/linode-cli,Perl,https://github.com/linode/cli,451.00 KB
196,BRAKER,468,91,468,103,21/08/2018,17/06/2026,123.71 MB,BRAKER is a pipeline for fully automated prediction of protein coding gene structures with GeneMark-ES/ET/EP/ETP and AUGUSTUS in novel eukaryotic genomes,Perl,https://github.com/Gaius-Augustus/BRAKER,123.71 MB
197,apt-mirror,463,239,463,90,20/12/2012,09/07/2024,150.00 KB,Official apt-mirror source.,Perl,https://github.com/apt-mirror/apt-mirror,150.00 KB
198,test-nginx,455,112,455,44,08/12/2009,24/08/2026,1.68 MB,Data-driven test scaffold for Nginx C module and OpenResty Lua library development,Perl,https://github.com/openresty/test-nginx,1.68 MB
199,tpacpi-bat,454,42,454,1,17/12/2012,17/01/2024,91.00 KB,ThinkPad ACPI Battery Util,Perl,https://github.com/teleshoes/tpacpi-bat,91.00 KB
200,1-billion-word-language-modeling-benchmark,450,99,450,4,18/03/2015,12/04/2016,1.45 MB,Formerly known as code.google.com/p/1-billion-word-language-modeling-benchmark,Perl,https://github.com/ciprian-chelba/1-billion-word-language-modeling-benchmark,1.45 MB
201,address-formatting,449,91,449,5,10/09/2014,03/09/2026,841.00 KB,templates to format geographic addresses,Perl,https://github.com/OpenCageData/address-formatting,841.00 KB
202,7z2hashcat,447,49,447,5,27/04/2015,20/09/2026,178.00 KB,"extract information from password-protected .7z archives (and .sfx files) such that you can crack these ""hashes"" with hashcat",Perl,https://github.com/philsmd/7z2hashcat,178.00 KB
203,xSwipe,447,52,447,28,30/09/2012,09/09/2019,75.00 KB,"Multitouch gestures with synaptics driver on X11, Linux",Perl,https://github.com/iberianpig/xSwipe,75.00 KB
204,jFeed,443,166,443,22,05/10/2010,27/11/2017,378.00 KB,jQuery RSS/ATOM feed parser plugin,Perl,https://github.com/jfhovinne/jFeed,378.00 KB
205,thruk,442,161,442,98,09/11/2009,30/09/2026,100.22 MB,"Thruk is a multibackend monitoring webinterface for Naemon, Nagios, Icinga and Shinken using the Livestatus API.",Perl,https://github.com/sni/thruk,100.22 MB
206,nlptutorial,441,152,441,0,31/05/2014,29/10/2015,55.93 MB,A Tutorial about Programming for Natural Language Processing,Perl,https://github.com/neubig/nlptutorial,55.93 MB
207,aws,440,130,440,2,20/03/2009,29/08/2026,477.00 KB,"Easy command line access to Amazon EC2, S3, SQS, ELB, and SDB",Perl,https://github.com/timkay/aws,477.00 KB
208,pulledpork,440,131,440,42,23/04/2015,07/07/2021,704.00 KB,Pulled Pork for Snort and Suricata rule management (from Google code),Perl,https://github.com/shirkdog/pulledpork,704.00 KB
209,urxvt-font-size,438,44,438,11,20/03/2012,09/08/2021,32.00 KB,Change the urxvt font size on the fly,Perl,https://github.com/janlarres/urxvt-font-size,32.00 KB
210,rtsp-server,436,113,436,15,26/07/2010,16/12/2019,48.00 KB,Lightweight RTSP/RTP streaming media server,Perl,https://github.com/revmischa/rtsp-server,48.00 KB
211,AWStats,435,136,435,138,14/08/2015,10/11/2025,20.65 MB,AWStats Log Analyzer project (official sources),Perl,https://github.com/eldy/AWStats,20.65 MB
212,ec2-consistent-snapshot,435,103,435,0,05/02/2012,18/06/2020,290.00 KB,[SUNSET] Initiate consistent EBS snapshots in Amazon EC2,Perl,https://github.com/alestic/ec2-consistent-snapshot,290.00 KB
213,clamtk,435,53,435,24,20/03/2015,30/03/2024,555.00 KB,"An easy to use, light-weight, on-demand virus scanner for Linux systems",Perl,https://github.com/dave-theunsub/clamtk,555.00 KB
214,metasploit-vulnerability-emulator,435,110,435,1,02/02/2017,04/10/2023,98.00 KB,Created by Jin Qian via the GitHub Connector,Perl,https://github.com/rapid7/metasploit-vulnerability-emulator,98.00 KB
215,movabletype,434,112,434,93,29/12/2010,01/10/2026,171.49 MB,Movable Type,Perl,https://github.com/movabletype/movabletype,171.49 MB
216,plexWatch,431,55,431,44,27/06/2013,10/12/2021,107.83 MB,Notify and Log watched content on a Plex Media Server,Perl,https://github.com/ljunkie/plexWatch,107.83 MB
217,psad,428,77,428,29,14/06/2011,11/06/2023,6.23 MB,psad: Intrusion Detection and Log Analysis with iptables,Perl,https://github.com/mrash/psad,6.23 MB
218,eflame,428,85,428,6,09/09/2013,13/12/2023,37.00 KB,Flame Graph profiler for Erlang,Perl,https://github.com/proger/eflame,37.00 KB
219,mp4fixer,426,68,426,14,12/10/2017,16/11/2022,62.00 KB,Recover damaged/unfinished mp4 files with h264 video,Perl,https://github.com/bookkojot/mp4fixer,62.00 KB
220,lua-resty-mlcache,422,84,422,10,22/04/2017,09/02/2024,442.00 KB,Layered caching library for OpenResty,Perl,https://github.com/thibaultcha/lua-resty-mlcache,442.00 KB
221,wakeonlan,422,39,422,11,11/11/2011,12/08/2026,70.00 KB,Perl script for waking up computers via Wake-On-LAN magic packets,Perl,https://github.com/jpoliv/wakeonlan,70.00 KB
222,kobo-ja-dict-enhance,422,2,422,1,07/08/2015,28/04/2020,5.37 MB,Enhance built-in Japanese dictionaries from Kobo with English definitions,Perl,https://github.com/norbusan/kobo-ja-dict-enhance,5.37 MB
223,zmeventnotification,422,115,422,1,07/10/2015,18/05/2026,20.04 MB,Machine Learning powered Secure Websocket & MQTT based ZoneMinder event notification server ,Perl,https://github.com/ZoneMinder/zmeventnotification,20.04 MB
224,vcf2maf,421,219,421,10,22/11/2013,25/05/2026,16.21 MB,"Convert a VCF into a MAF, where each variant is annotated to only one of all possible gene isoforms",Perl,https://github.com/mskcc/vcf2maf,16.21 MB
225,Perlito,419,40,419,10,02/12/2009,07/08/2025,55.85 MB,"""Perlito"" Perl programming language compiler",Perl,https://github.com/fglock/Perlito,55.85 MB
226,xmltv,418,108,418,31,30/11/2017,22/06/2026,8.42 MB,"Utilities to obtain, generate, and post-process TV listings data in XMLTV format",Perl,https://github.com/XMLTV/xmltv,8.42 MB
227,rank-amateur-cowsay,418,81,418,0,25/06/2016,20/11/2022,44.00 KB,Fork me if you want to maintain cowsay.,Perl,https://github.com/tnalpgge/rank-amateur-cowsay,44.00 KB
228,fai,415,112,415,6,23/10/2011,25/09/2026,14.24 MB,"non-interactive system to install, customize and manage Linux systems",Perl,https://github.com/faiproject/fai,14.24 MB
229,debian-graph,414,3,414,0,19/10/2017,30/07/2018,2.38 MB,Representing Debian UDD in a graph database,Perl,https://github.com/norbusan/debian-graph,2.38 MB
230,supermicro-ipmi-key,412,86,412,0,22/08/2018,22/08/2018,0.00 KB,Generate keys for supermicro IPMI,Perl,https://github.com/bwachter/supermicro-ipmi-key,0.00 KB
231,jfontmaps,412,1,412,2,10/03/2015,02/10/2015,834.00 KB,dvipdfmx map files and support programs for Japanese font setup,Perl,https://github.com/norbusan/jfontmaps,834.00 KB
232,mha4mysql-node,408,203,408,14,23/07/2011,12/03/2020,99.00 KB,"Development tree of Master High Availability Manager and tools for MySQL (MHA), Node (MySQL Server) part",Perl,https://github.com/yoshinorim/mha4mysql-node,99.00 KB
233,google-cloud-compute-machine-types,406,19,406,7,04/03/2022,21/09/2026,6.26 MB,☁️  Choose the optimal Google Compute Engine machine type or instance in the many Google Cloud Platform regions,Perl,https://github.com/Cyclenerd/google-cloud-compute-machine-types,6.26 MB
234,ProxSpace,406,89,406,4,07/10/2016,26/05/2026,1.27 GB,Proxmark III develoment environment for Windows,Perl,https://github.com/Gator96100/ProxSpace,1.27 GB
235,texlive-rewrite,404,0,404,0,05/01/2015,11/04/2016,181.00 KB,Rewrite of some core scripts in TeX Live from shell to perl,Perl,https://github.com/norbusan/texlive-rewrite,181.00 KB
236,OCSInventory-Server,404,150,404,21,01/06/2015,25/08/2026,53.00 MB, Communication server of OCS Inventory,Perl,https://github.com/OCSInventory-NG/OCSInventory-Server,53.00 MB
237,apache2buddy,404,67,404,4,17/03/2016,03/05/2025,1.14 MB,apache2buddy,Perl,https://github.com/richardforth/apache2buddy,1.14 MB
238,tlptexlive-root,402,0,402,0,10/03/2015,06/10/2015,145.20 MB,packaging stuff for tlptexlive,Perl,https://github.com/norbusan/tlptexlive-root,145.20 MB
239,xcat-core,399,179,399,236,09/12/2014,01/10/2026,209.61 MB,Code repo for xCAT core packages,Perl,https://github.com/xcat2/xcat-core,209.61 MB
240,qqwry.dat,394,91,394,2,03/06/2016,19/09/2024,172.58 MB,纯真IP地址数据库镜像，mirror of qqwry.dat,Perl,https://github.com/wisdomfusion/qqwry.dat,172.58 MB
241,O-Saft,388,86,388,12,20/12/2012,27/07/2026,60.35 MB,O-Saft  - OWASP SSL advanced forensic tool,Perl,https://github.com/OWASP/O-Saft,60.35 MB
242,resty-redis-cluster,386,142,386,32,25/08/2017,04/08/2023,134.00 KB,Openresty lua client for redis cluster.,Perl,https://github.com/steve0511/resty-redis-cluster,134.00 KB
243,japi-compliance-checker,380,55,380,30,13/04/2012,22/01/2024,482.00 KB,A tool for checking backward API/ABI compatibility of a Java library,Perl,https://github.com/lvc/japi-compliance-checker,482.00 KB
244,Roary,380,192,380,192,18/04/2013,03/11/2025,18.12 MB,Rapid large-scale prokaryote pan genome analysis,Perl,https://github.com/sanger-pathogens/Roary,18.12 MB
245,Crypt-LE,377,65,377,27,27/03/2016,01/06/2024,378.00 KB,"Crypt::LE - Let's Encrypt / Buypass / ZeroSSL and other ACME-servers client and library in Perl for obtaining free SSL certificates (inc. generating RSA/ECC keys and CSRs). HTTP/DNS verification is supported out of the box, EAB (External Account Binding) supported, easily extended with plugins, easily dockerized.",Perl,https://github.com/do-know/Crypt-LE,378.00 KB
246,autodl-irssi,375,72,375,23,29/10/2012,11/05/2021,1.78 MB,A community-driven fork of autodl-irssi,Perl,https://github.com/autodl-community/autodl-irssi,1.78 MB
247,csf-firewall,375,73,375,37,06/06/2024,27/09/2026,70.78 MB,ConfigServer Security & Firewall (CSF) - Robust linux iptables/nftables firewall & free ipset blocklist service.,Perl,https://github.com/Aetherinox/csf-firewall,70.78 MB
248,openQA,373,222,373,110,16/06/2014,01/10/2026,101.49 MB,"openQA web-frontend, scheduler and tools.",Perl,https://github.com/os-autoinst/openQA,101.49 MB
249,nmt-tips,369,75,369,2,28/07/2016,16/11/2016,438.00 KB,A tutorial about neural machine translation including tips on building practical systems,Perl,https://github.com/neubig/nmt-tips,438.00 KB
250,atomiadns,368,104,368,19,03/02/2012,05/09/2024,48.68 MB,Atomia DNS,Perl,https://github.com/atomia/atomiadns,48.68 MB
251,ferm,366,49,366,22,06/08/2015,11/08/2022,1.67 MB,ferm is a frontend for iptables,Perl,https://github.com/MaxKellermann/ferm,1.67 MB
252,Perl-Dist-Strawberry,364,56,364,50,21/08/2014,18/09/2026,3.79 MB,Tooling to build and package releases for Perl on Windows.,Perl,https://github.com/StrawberryPerl/Perl-Dist-Strawberry,3.79 MB
253,twitrssme,361,57,361,40,17/01/2014,25/05/2022,5.59 MB,TwitRSS.me: Tool to make Twittter timelines and searches into RSS feeds,Perl,https://github.com/ciderpunx/twitrssme,5.59 MB
254,aws-cdk-guide,360,230,360,10,13/12/2018,22/09/2026,8.06 MB,User guide for the AWS Cloud Development Kit (CDK).,Perl,https://github.com/awsdocs/aws-cdk-guide,8.06 MB
255,gfortran-for-macOS,359,54,359,1,26/10/2018,03/09/2026,9.00 KB,GNU Fortran (and GCC) compilers for macOS,Perl,https://github.com/fxcoudert/gfortran-for-macOS,9.00 KB
256,pgcompacttable,359,52,359,26,25/04/2014,15/10/2023,101.00 KB,,Perl,https://github.com/dataegret/pgcompacttable,101.00 KB
257,pg_sample,355,52,355,19,27/06/2010,23/11/2025,187.00 KB,"PostgreSQL utility for creating a small, sample database from a larger one",Perl,https://github.com/mla/pg_sample,187.00 KB
258,PQCrypto-VPN,350,82,350,0,31/01/2018,06/04/2023,5.93 MB,Post-quantum Cryptography VPN,Perl,https://github.com/microsoft/PQCrypto-VPN,5.93 MB
259,PAF,350,55,350,18,03/02/2016,13/06/2024,2.45 MB,"PostgreSQL Automatic Failover: High-Availibility for Postgres, based on Pacemaker and Corosync.",Perl,https://github.com/ClusterLabs/PAF,2.45 MB
260,lua-resty-cookie,350,161,350,24,27/10/2013,06/09/2023,24.00 KB,Lua library for HTTP cookie manipulations for OpenResty/ngx_lua,Perl,https://github.com/cloudflare/lua-resty-cookie,24.00 KB
261,SARS-CoV-2_Sequencing,349,86,349,0,18/03/2020,12/04/2023,905.31 MB,A collection of sequencing protocols and bioinformatic resources for SARS-CoV-2 sequencing.,Perl,https://github.com/CDCgov/SARS-CoV-2_Sequencing,905.31 MB
262,pgcluu,348,46,348,4,15/11/2013,28/02/2026,12.35 MB,PostgreSQL Cluster performances monitoring and auditing tool,Perl,https://github.com/darold/pgcluu,12.35 MB
263,Fix-OneDrive-Zip,346,28,346,0,30/05/2020,03/07/2026,170.00 KB,Fix OneDrive Zip files >4Gig,Perl,https://github.com/pmqs/Fix-OneDrive-Zip,170.00 KB
264,spamassassin,344,88,344,5,20/05/2009,01/10/2026,86.15 MB,Read-only mirror of Apache SpamAssassin.,Perl,https://github.com/apache/spamassassin,86.15 MB
265,vuln-regex-detector,343,28,343,24,23/03/2018,07/01/2022,241.00 KB,"Detect vulnerable regexes in your project. REDOS, catastrophic backtracking.",Perl,https://github.com/davisjam/vuln-regex-detector,241.00 KB
266,callGraph,340,32,340,6,15/04/2021,20/11/2024,616.00 KB,A multi-language tool which parses source code for function definitions and calls,Perl,https://github.com/koknat/callGraph,616.00 KB
267,oysttyer,338,40,338,38,22/01/2014,02/02/2023,595.00 KB,An interactive console text-based command-line Twitter client written in Perl,Perl,https://github.com/oysttyer/oysttyer,595.00 KB
268,otobo,336,87,336,239,30/01/2020,01/10/2026,526.60 MB,"OTOBO is one of the most flexible web-based ticketing systems used for Customer Service, Help Desk, IT Service Management. https://otobo.io/",Perl,https://github.com/RotherOSS/otobo,526.60 MB
269,centreon-plugins,335,307,335,157,24/10/2014,01/10/2026,57.62 MB,Collection of standard plugins to discover and gather cloud-to-edge metrics and status across your whole IT infrastructure. ,Perl,https://github.com/centreon/centreon-plugins,57.62 MB
270,khcoder,335,98,335,10,03/05/2018,22/08/2026,32.49 MB,KH Coder: for Quantitative Content Analysis or Text Mining,Perl,https://github.com/ko-ichi-h/khcoder,32.49 MB
271,longview,333,46,333,32,07/08/2013,15/06/2026,146.00 KB,Linode Longview Agent,Perl,https://github.com/linode/longview,146.00 KB
272,check-spelling,333,36,333,16,16/02/2020,30/09/2026,3.38 MB,Spelling checker action to check spelling in repositories / pull requests / commits,Perl,https://github.com/check-spelling/check-spelling,3.38 MB
273,browsersploit,331,119,331,0,25/06/2016,19/04/2017,1.95 MB,"BrowserExploit is an advanced browser exploit pack for doing internal and external pentesting, helping gaining access to internal computers.",Perl,https://github.com/julienbedard/browsersploit,1.95 MB
274,HeatMap,330,58,330,3,19/05/2013,06/10/2021,430.00 KB,Heat map generation tools,Perl,https://github.com/brendangregg/HeatMap,430.00 KB
275,spread0r,330,45,330,17,01/03/2014,29/03/2015,430.00 KB,"spread0r is a txt reader, which makes your reading twice as fast as usual",Perl,https://github.com/xypiie/spread0r,430.00 KB
276,ggautoblocker,329,51,329,3,04/11/2014,09/05/2017,555.00 KB,Good Game Auto Blocker,Perl,https://github.com/randileeharper/ggautoblocker,555.00 KB
277,programming-openresty,327,31,327,2,12/01/2016,11/09/2020,151.00 KB,Programming OpenResty Book,Perl,https://github.com/openresty/programming-openresty,151.00 KB
278,vbscan,325,116,325,2,09/06/2015,16/06/2019,100.00 KB,OWASP VBScan is a Black Box vBulletin Vulnerability Scanner,Perl,https://github.com/OWASP/vbscan,100.00 KB
279,bioperl-live,322,181,322,64,12/05/2010,26/06/2026,133.05 MB,Core BioPerl 1.x code,Perl,https://github.com/bioperl/bioperl-live,133.05 MB
280,zoneminder.machine.learning,318,141,318,15,05/05/2017,12/04/2024,3.26 MB,Zoneminder Docker,Perl,https://github.com/dlandon/zoneminder.machine.learning,3.26 MB
281,sympa,316,146,316,241,19/01/2017,14/08/2026,226.24 MB,"Sympa, Mailing List Management Software",Perl,https://github.com/sympa-community/sympa,226.24 MB
282,barrnap,315,47,315,22,03/08/2013,12/04/2026,67.86 MB,:microscope: :leo: Microbial RNA annotation,Perl,https://github.com/tseemann/barrnap,67.86 MB
283,RepeatMasker,314,51,314,25,17/04/2017,01/10/2026,118.29 MB,RepeatMasker is a program that screens DNA sequences for interspersed repeats and low complexity DNA sequences.,Perl,https://github.com/Dfam-consortium/RepeatMasker,118.29 MB
284,metacpan-api,313,198,313,115,30/10/2010,21/09/2026,6.62 MB,"A free, open API for everything you want to know about CPAN",Perl,https://github.com/metacpan/metacpan-api,6.62 MB
285,latex2html,312,45,312,20,27/06/2016,23/08/2026,3.45 MB,Converts LaTeX documents to HTML,Perl,https://github.com/latex2html/latex2html,3.45 MB
286,SuperSlicer_to_Orca_scripts,312,23,312,18,30/07/2023,10/03/2024,143.00 KB,Script(s) to convert SuperSlicer data for use in Orca Slicer,Perl,https://github.com/theophile/SuperSlicer_to_Orca_scripts,143.00 KB
287,fetch-master-6000,311,28,311,0,02/04/2021,10/08/2023,2.04 MB,Simple Dilbert themed system info-fetching tool,Perl,https://github.com/anhsirk0/fetch-master-6000,2.04 MB
288,TransDecoder,311,63,311,37,25/01/2015,22/03/2026,18.81 MB,TransDecoder source,Perl,https://github.com/TransDecoder/TransDecoder,18.81 MB
289,RecordStream,307,31,307,7,24/09/2010,28/05/2026,29.88 MB,commandline tools for slicing and dicing JSON records.,Perl,https://github.com/benbernard/RecordStream,29.88 MB
290,fierce-domain-scanner,304,91,304,0,07/05/2013,18/07/2019,18.00 KB,Fierce.pl Domain Scanner,Perl,https://github.com/davidpepper/fierce-domain-scanner,18.00 KB
291,mlst,304,60,304,36,03/05/2014,17/06/2026,220.33 MB,:id: Scan contig files against PubMLST typing schemes,Perl,https://github.com/tseemann/mlst,220.33 MB
292,DEPRECATED-bc,302,368,302,9,14/07/2013,26/07/2016,74.44 MB,DEPRECATED: This repository is now frozen - please see individual lesson repositories.,Perl,https://github.com/swcarpentry/DEPRECATED-bc,74.44 MB
293,mrtg,302,70,302,14,08/02/2016,30/06/2026,3.38 MB,MRTG - Multi Router Traffic Grapher,Perl,https://github.com/oetiker/mrtg,3.38 MB
294,LANraragi_cn,299,17,299,4,03/10/2020,07/02/2023,14.36 MB,"This repo is a fork of Difegue / LANraragi , those things i've done was to translate this repo into chinese ,and fix chrome browser js problem.",Perl,https://github.com/uparrows/LANraragi_cn,14.36 MB
295,Starman,296,81,296,58,12/01/2010,27/04/2026,301.00 KB,Starman is a high-performance preforking Perl PSGI web server,Perl,https://github.com/miyagawa/Starman,301.00 KB
296,pgdsat,295,19,295,4,08/04/2024,12/08/2026,455.00 KB,PostgreSQL Database Security Assessment Tool,Perl,https://github.com/HexaCluster/pgdsat,455.00 KB
297,thinkpad-bios-software-flashing-guide,295,28,295,3,05/11/2019,15/02/2021,502.00 KB,flashing coreboot on thinkpads without external programmer,Perl,https://github.com/gch1p/thinkpad-bios-software-flashing-guide,502.00 KB
298,hexchat-addons,288,98,288,0,31/07/2012,02/05/2023,28.56 MB,Plugins and scripts made for HexChat,Perl,https://github.com/hexchat/hexchat-addons,28.56 MB
299,lingua-sinica-perlyuyan,286,27,286,1,30/10/2009,10/01/2015,146.00 KB,Perl in Classical Chinese in Perl,Perl,https://github.com/audreyt/lingua-sinica-perlyuyan,146.00 KB
300,eep,283,72,283,3,22/03/2010,13/02/2026,1.29 MB,Erlang Enhancement Proposals,Perl,https://github.com/erlang/eep,1.29 MB
301,GrowingBugRepository,282,189,282,10,21/01/2021,01/04/2025,5.45 GB,A bug repository that keeps growing,Perl,https://github.com/liuhuigmail/GrowingBugRepository,5.45 GB
302,hsxkpasswd,280,45,280,18,09/05/2014,21/09/2024,35.57 MB,A Perl module and terminal command for generating secure memorable passwords inspired by the fabulous XKCD web comic and Steve Gibson's Password Hay Stacks. This is the library that powers www.xkpasswd.net,Perl,https://github.com/bbusschots/hsxkpasswd,35.57 MB
303,codeviz,279,69,279,0,23/07/2015,17/06/2019,2.43 MB,CodeViz: A CallGraph Visualiser,Perl,https://github.com/petersenna/codeviz,2.43 MB
304,rperl,279,33,279,30,04/01/2013,12/01/2021,76.26 MB,RPerl Compiler,Perl,https://github.com/wbraswell/rperl,76.26 MB
305,icons,279,63,279,30,26/06/2016,20/01/2024,15.40 MB,Source files for the custom icon-font used by the File-Icons package.,Perl,https://github.com/file-icons/icons,15.40 MB
306,xv6-book,278,67,278,21,09/09/2016,06/08/2026,3.49 MB,Commentary for xv6-public,Perl,https://github.com/mit-pdos/xv6-book,3.49 MB
307,fink,276,76,276,62,29/09/2011,26/09/2026,12.10 MB,The fink package manager,Perl,https://github.com/fink/fink,12.10 MB
308,yandex-music-download,275,35,275,7,27/02/2014,27/06/2026,3.33 MB,Yandex Music Downloader,Perl,https://github.com/kaimi-io/yandex-music-download,3.33 MB
309,defcon-vm,273,56,273,0,06/08/2016,06/09/2016,13.80 MB,Files from my DEFCON CTF VM.,Perl,https://github.com/fuzyll/defcon-vm,13.80 MB
310,github-keygen,272,26,272,25,11/05/2011,27/07/2026,862.00 KB,Easy creation and upgrade of secure SSH configuration for your GitHub account(s),Perl,https://github.com/dolmen/github-keygen,862.00 KB
311,yaml-test-suite,272,100,272,55,08/12/2016,25/12/2025,4.45 MB,"Comprehensive, language independent Test Suite for YAML",Perl,https://github.com/yaml/yaml-test-suite,4.45 MB
312,h2c,271,23,271,5,28/08/2017,27/06/2022,54.00 KB,"headers 2 curl. Provided a set of HTTP request headers, output the curl command line for generating that set. Try the converter online at",Perl,https://github.com/curl/h2c,54.00 KB
313,clatd,270,25,270,2,10/03/2014,11/04/2026,111.00 KB,A 464XLAT CLAT implementation for Linux,Perl,https://github.com/toreanderson/clatd,111.00 KB
314,archive,269,131,269,1,01/01/2015,25/06/2021,2.22 MB,Deprecated tools from HackMySQL.com,Perl,https://github.com/hackmysql/archive,2.22 MB
315,resty-cli,269,59,269,11,25/11/2014,16/09/2026,229.00 KB,Fancy command-line utilities for OpenResty,Perl,https://github.com/openresty/resty-cli,229.00 KB
316,catalyst-runtime,269,101,269,37,29/12/2008,08/02/2025,13.59 MB,The Elegant MVC Web Application Framework,Perl,https://github.com/perl-catalyst/catalyst-runtime,13.59 MB
317,shovill,268,49,268,21,05/09/2016,11/06/2026,12.18 MB,⚡♠️ Assemble bacterial isolate genomes from Illumina paired-end reads,Perl,https://github.com/tseemann/shovill,12.18 MB
318,fusioninventory-agent,268,124,268,65,08/04/2010,09/08/2023,33.72 MB,FusionInventory Agent,Perl,https://github.com/fusioninventory/fusioninventory-agent,33.72 MB
319,openresty-devel-utils,268,113,268,1,09/08/2011,15/05/2026,354.00 KB,Utilities for nginx module development,Perl,https://github.com/openresty/openresty-devel-utils,354.00 KB
320,realtimeconfigquickscan,268,25,268,0,12/11/2012,07/12/2021,49.00 KB,Linux configuration checker for systems to be used for real-time audio,Perl,https://github.com/raboof/realtimeconfigquickscan,49.00 KB
321,dotfiles,267,62,267,0,08/10/2010,20/09/2026,6.83 MB,My dotfiles. My Precious.,Perl,https://github.com/tangledhelix/dotfiles,6.83 MB
322,qemu-server,265,70,265,2,09/12/2012,24/09/2026,5.34 MB,Proxmox VE's Virtual Machine Manager,Perl,https://github.com/proxmox/qemu-server,5.34 MB
323,rdp-sec-check,264,45,264,6,29/05/2015,29/03/2024,19.00 KB,rdp-sec-check is a Perl script to enumerate security settings of an RDP Service (AKA Terminal Services),Perl,https://github.com/CiscoCXSecurity/rdp-sec-check,19.00 KB
324,js-in-ten-minutes,264,16,264,1,08/05/2010,20/03/2013,2.46 MB,JavaScript in Ten (arbitrarily long) Minutes,Perl,https://github.com/spencertipping/js-in-ten-minutes,2.46 MB
325,payphone,263,13,263,0,06/04/2013,10/04/2023,211.00 KB,notes and code for my payphone project,Perl,https://github.com/jcs/payphone,211.00 KB
326,Perl-LanguageServer,261,54,261,56,03/05/2019,11/01/2025,1.79 MB,Language Server for Perl,Perl,https://github.com/richterger/Perl-LanguageServer,1.79 MB
327,cowsay,261,29,261,21,01/08/2016,24/12/2025,338.00 KB,apjanke's fork of the classic cowsay project,Perl,https://github.com/cowsay-org/cowsay,338.00 KB
328,rla-es,260,54,260,18,21/07/2014,19/09/2026,7.85 MB,Recursos lingüísticos abiertos del español,Perl,https://github.com/sbosio/rla-es,7.85 MB
329,pkgdiff,258,53,258,30,26/01/2012,11/01/2025,6.73 MB,A tool for visualizing changes in Linux software packages,Perl,https://github.com/lvc/pkgdiff,6.73 MB
330,collectd-web,257,73,257,3,11/04/2009,10/08/2026,1.71 MB,"Modern, customizable web frontend for Collectd. Visualize system metrics through a responsive dashboard, deploy in minutes with the standalone Python server, or plug into Apache/Nginx. A drop-in replacement for Collectd's bundled UI.",Perl,https://github.com/httpdss/collectd-web,1.71 MB
331,infinitude,256,53,256,2,04/02/2013,13/09/2026,2.78 MB,Open control of Carrier/Bryant thermostats,Perl,https://github.com/nebulous/infinitude,2.78 MB
332,ntppool,256,151,256,59,12/07/2008,27/09/2026,5.30 MB,NTP Pool Project,Perl,https://github.com/abh/ntppool,5.30 MB
333,bobby-tables,256,83,256,28,17/09/2009,20/05/2026,530.00 KB,"bobby-tables.com, the site for preventing SQL injections",Perl,https://github.com/petdance/bobby-tables,530.00 KB
334,STAR-Fusion,255,86,255,159,13/04/2015,18/04/2026,196.68 MB,STAR-Fusion codebase,Perl,https://github.com/STAR-Fusion/STAR-Fusion,196.68 MB
335,phptop,254,8,254,0,01/07/2013,04/11/2025,112.00 KB,"PHP basic ressource profiler (CPU/memory), safe and useful for production sites",Perl,https://github.com/bearstech/phptop,112.00 KB
336,asterisk-speech-recog,253,130,253,8,28/12/2011,17/02/2018,390.00 KB,Speech recognition script for Asterisk that uses google's speech engine.,Perl,https://github.com/zaf/asterisk-speech-recog,390.00 KB
337,uroman,252,25,252,16,27/06/2018,26/07/2024,5.06 MB,Universal Romanizer that can convert any unicode script to roman (latin) script,Perl,https://github.com/isi-nlp/uroman,5.06 MB
338,ACLPUB,252,308,252,14,03/03/2019,04/06/2026,12.32 MB,The official tool for creating proceedings for conferences of the Association for Computational Linguistics (ACL).,Perl,https://github.com/acl-org/ACLPUB,12.32 MB
339,lua-resty-iputils,252,87,252,7,15/11/2014,03/05/2022,22.00 KB,Utility functions for working with IP addresses in Openresty,Perl,https://github.com/hamishforbes/lua-resty-iputils,22.00 KB
340,sendemail,249,78,249,32,12/09/2010,25/04/2024,608.00 KB,"lightweight, command line SMTP email client",Perl,https://github.com/mogaal/sendemail,608.00 KB
341,zm-build,247,106,247,14,22/03/2017,04/09/2026,14.66 MB,"zm-build for Zimbra Collaboration Suite, FOSS Edition",Perl,https://github.com/Zimbra/zm-build,14.66 MB
342,zbx-smartctl,247,126,247,49,30/12/2015,06/11/2023,249.00 KB,Templates and scripts for monitoring disks health with Zabbix and smartmontools,Perl,https://github.com/v-zhuravlev/zbx-smartctl,249.00 KB
343,nginx_ajp_module,246,61,246,24,26/05/2010,20/02/2024,422.00 KB,support AJP protocol proxy with Nginx,Perl,https://github.com/yaoweibin/nginx_ajp_module,422.00 KB
344,RepeatModeler,245,28,245,23,05/04/2017,21/09/2026,1.99 MB,De-Novo Repeat Discovery Tool,Perl,https://github.com/Dfam-consortium/RepeatModeler,1.99 MB
345,dmarcts-report-parser,244,68,244,16,01/03/2016,19/08/2023,196.00 KB,"A Perl based tool to parse DMARC reports from an IMAP mailbox or from the filesystem, and insert the information into a database. ( Formerly known as imap-dmarcts )",Perl,https://github.com/techsneeze/dmarcts-report-parser,196.00 KB
346,logos,243,40,243,22,28/01/2018,29/06/2026,521.00 KB,Preprocessor that simplifies Objective-C hooking.,Perl,https://github.com/theos/logos,521.00 KB
347,emails,242,4,242,0,11/01/2024,30/08/2026,127.00 KB,emails I received,Perl,https://github.com/bagder/emails,127.00 KB
348,mib2zabbix,242,84,242,18,01/06/2016,15/07/2022,24.00 KB,SNMP Template generator for Zabbix,Perl,https://github.com/zabbix-tools/mib2zabbix,24.00 KB
349,get-flash-videos,241,65,241,25,03/04/2010,29/11/2020,1.19 MB,"Download or play videos from various Flash-based video hosting sites, without having to use the Flash player.",Perl,https://github.com/monsieurvideo/get-flash-videos,1.19 MB
350,misterhouse,240,126,240,45,30/10/2012,16/05/2026,27.85 MB,"Perl open source home automation program. It's fun, it's free, and it's entirely geeky.",Perl,https://github.com/hollie/misterhouse,27.85 MB
351,minion,239,61,239,26,27/03/2014,11/07/2026,5.83 MB,:octopus: Perl high performance job queue,Perl,https://github.com/mojolicious/minion,5.83 MB
352,nix-serve,238,42,238,18,04/07/2013,24/11/2025,81.00 KB,A standalone Nix binary cache server,Perl,https://github.com/edolstra/nix-serve,81.00 KB
353,lancache,236,42,236,0,09/10/2015,30/05/2019,20.00 KB,Dynamically Cache Game Installs at LAN’s using Nginx,Perl,https://github.com/multiplay/lancache,20.00 KB
354,pcsc-tools,236,65,236,2,10/04/2015,26/09/2026,2.31 MB,Some tools to be used with smart cards and PC/SC,Perl,https://github.com/LudovicRousseau/pcsc-tools,2.31 MB
355,Netdot,234,62,234,68,09/05/2011,11/02/2022,33.15 MB,Network Documentation Tool,Perl,https://github.com/cvicente/Netdot,33.15 MB
356,git-foresta,234,9,234,7,04/05/2017,15/05/2017,438.00 KB,git-foresta: Text-based git log graph viewer,Perl,https://github.com/takaaki-kasai/git-foresta,438.00 KB
357,Gekko-BacktestTool,233,80,233,36,25/02/2018,14/03/2020,2.66 MB,"Batch backtest, import and strategy params optimalization for Gekko Trading Bot. With one command you will run any number of backtests.",Perl,https://github.com/xFFFFF/Gekko-BacktestTool,2.66 MB
358,NGenomeSyn,232,22,232,5,31/03/2022,01/10/2026,20.17 MB,Any Way to Show  Multi genomic Synteny ,Perl,https://github.com/hewm2008/NGenomeSyn,20.17 MB
359,METABOLIC,232,56,232,130,28/08/2019,24/03/2026,190.81 MB,A scalable high-throughput metabolic and biogeochemical functional trait profiler,Perl,https://github.com/AnantharamanLab/METABOLIC,190.81 MB
360,CLIO,231,12,231,0,18/01/2026,29/09/2026,25.74 MB,An AI-assisted coding agent that runs in your terminal and supports many providers and models.,Perl,https://github.com/SyntheticAutonomicMind/CLIO,25.74 MB
361,FLEXLoader,230,39,230,1,09/08/2014,23/03/2021,4.10 MB,A jailbreak iOS device tweak which can load FLEX dynamiclly,Perl,https://github.com/XueshiQiao/FLEXLoader,4.10 MB
362,massive-octo-spice,230,58,230,0,06/01/2014,16/01/2018,1.90 MB,DEPRECATED - USE v3 (bearded-avenger),Perl,https://github.com/csirtgadgets/massive-octo-spice,1.90 MB
363,gas-preprocessor,230,294,230,16,01/10/2009,10/04/2013,240.00 KB,Perl script that implements a subset of the GNU as preprocessor that Apple's as doesn't,Perl,https://github.com/yuvi/gas-preprocessor,240.00 KB
364,GrowthForecast,230,41,230,3,18/11/2011,24/07/2023,5.66 MB,Lightning Fast Graphing/Visualization,Perl,https://github.com/kazeburo/GrowthForecast,5.66 MB
365,LDBlockShow,229,44,229,10,24/02/2020,05/07/2025,25.81 MB,LDBlockShow: a fast and convenient tool for visualizing linkage disequilibrium and haplotype blocks based on VCF files,Perl,https://github.com/BGI-shenzhen/LDBlockShow,25.81 MB
366,serge,229,48,229,29,11/06/2014,13/06/2024,1.62 MB,Continuous localization platform,Perl,https://github.com/serge-community/serge,1.62 MB
367,mtk-tools,227,178,227,2,31/07/2012,15/08/2018,824.00 KB,"Unpack / repack MT65xx/MT83xx boot.img, recovery.img or logo.bin",Perl,https://github.com/bgcngm/mtk-tools,824.00 KB
368,vidir,227,11,227,7,22/10/2011,08/06/2024,19.00 KB,edit directory in $EDITOR (better than vim . with netrw),Perl,https://github.com/trapd00r/vidir,19.00 KB
369,Hacksby,226,43,226,6,20/01/2013,26/01/2013,375.00 KB,Description and unofficial implementation of Furby's audio protocol,Perl,https://github.com/iafan/Hacksby,375.00 KB
370,clerk,225,9,225,5,22/07/2014,04/06/2025,1.32 MB,"clerk - mpd client, based on rofi/fzf",Perl,https://github.com/carnager/clerk,1.32 MB
371,network-testing,225,11,225,2,10/05/2017,01/08/2022,134.00 KB,"This is a small collection of GPLv3-licensed tools to assist an intrepid researcher in testing the performance of networks, wired or wireless.",Perl,https://github.com/jimsalterjrs/network-testing,134.00 KB
372,PerlPowerTools,225,55,225,15,12/09/2014,30/09/2026,7.17 MB,Perl Power Tools,Perl,https://github.com/briandfoy/PerlPowerTools,7.17 MB
373,perl-friday,224,10,224,0,29/11/2019,17/02/2022,4.00 KB,Perl code that is syntactically correct only on Fridays,Perl,https://github.com/jwilk-archive/perl-friday,4.00 KB
374,310,223,341,223,1,09/06/2016,01/10/2026,37.09 MB,Main course webpage for CPSC 310.,Perl,https://github.com/ubccpsc/310,37.09 MB
375,filebuster,223,46,223,2,06/10/2015,25/02/2023,945.00 KB,An extremely fast and flexible web fuzzer,Perl,https://github.com/henshin/filebuster,945.00 KB
376,towncrier,222,18,222,9,15/04/2014,13/10/2022,343.00 KB,A status dashboard,Perl,https://github.com/fastmail/towncrier,343.00 KB
377,asterisk-googletts,222,126,222,5,28/11/2011,17/02/2024,166.00 KB,Asterisk AGI script that uses Google's translate text to speech service.,Perl,https://github.com/zaf/asterisk-googletts,166.00 KB
378,google-cloud-pricing-cost-calculator,221,43,221,47,09/02/2022,01/10/2026,36.17 MB,"💸 Calculate estimated monthly costs of Google Cloud Platform products and resources via YAML files and CLI program (Linux, macOS, Windows)",Perl,https://github.com/Cyclenerd/google-cloud-pricing-cost-calculator,36.17 MB
379,perlweeklychallenge-club,220,352,220,5,30/03/2019,01/10/2026,159.22 MB,"Knowledge base for The Weekly Challenge club members using Perl, Raku, Ada, APL, Awk, Bash, BASIC, Bc, Befunge-93, Bourne Shell, BQN, Brainfuck, C3, C, CESIL, C++, C#, Clojure, COBOL, Coconut, Crystal, D, Dart, Dc, Elm, Emacs Lisp, Erlang, Excel VBA, Fennel, Fish, Forth, Fortran, Gembase, GNAT, Go, Haskell, Haxe, HTML, Idris, IO, J, Janet, Java, JavaScript, Julia, Kotlin, Lisp, Lua, M4, Miranda, Modula 3, MMIX, Mumps, Myrddin, Nim, Nix, Node.js, Nuweb, OCaml, Odin, Ook, Pascal, PHP, Python, Postscript, Prolog, R, Ring, Ruby, Rust, Scala, Scheme, Sed, Smalltalk, SQL, Swift, Tcl, TypeScript, Visual BASIC, WebAssembly, Wolfram, XSLT and Zig.",Perl,https://github.com/manwar/perlweeklychallenge-club,159.22 MB
380,tools,220,53,220,5,16/05/2014,01/10/2026,43.56 MB,Various utilities for processing the data.,Perl,https://github.com/UniversalDependencies/tools,43.56 MB
381,LTR_retriever,220,43,220,6,18/05/2017,30/06/2026,52.80 MB,LTR_retriever is a highly accurate and sensitive program for identification of LTR retrotransposons; The LTR Assembly Index (LAI) is also included in this package.,Perl,https://github.com/oushujun/LTR_retriever,52.80 MB
382,amusewiki,219,30,219,19,01/03/2014,30/09/2026,43.77 MB,Text::Amuse-based publishing platform,Perl,https://github.com/melmothx/amusewiki,43.77 MB
383,GAAS,219,48,219,7,09/03/2016,27/02/2026,30.03 MB,Genome Assembly and Annotation Service code,Perl,https://github.com/NBISweden/GAAS,30.03 MB
384,exobrain,218,25,218,38,22/06/2013,04/01/2017,350.00 KB,Automate your life with Exobrain,Perl,https://github.com/pjf/exobrain,350.00 KB
385,nginx-openid-connect,218,95,218,25,16/03/2018,18/06/2026,182.00 KB,Reference implementation of OpenID Connect integration for NGINX Plus,Perl,https://github.com/nginxinc/nginx-openid-connect,182.00 KB
386,hack_autosar,217,69,217,0,18/05/2021,29/06/2022,161.00 KB,"learning autosar documents, aha, very hard!",Perl,https://github.com/GreyZhang/hack_autosar,161.00 KB
387,git-autofixup,217,10,217,0,25/05/2017,02/03/2026,324.00 KB,create fixup commits for topic branches,Perl,https://github.com/torbiak/git-autofixup,324.00 KB
388,pacmanager,217,51,217,63,03/03/2011,14/08/2023,1.80 MB,"Perl/GTK Gnome SSH GUI on steroids. Configure SSH/Telnet connections: users, passwords, EXPECT regular expressions, macros, ...",Perl,https://github.com/perseo22/pacmanager,1.80 MB
389,lstu,217,32,217,1,21/09/2013,02/09/2025,2.90 MB,Lightweight URL shortener. Read-only mirror of https://framagit.org/fiat-tux/hat-softwares/lstu,Perl,https://github.com/ldidry/lstu,2.90 MB
390,urxvt-resize-font,216,37,216,3,06/11/2012,27/07/2020,21.00 KB,URxvt Perl extension for resizing the font,Perl,https://github.com/simmel/urxvt-resize-font,21.00 KB
391,dreamwidth,216,182,216,392,08/05/2012,01/10/2026,103.45 MB,Dreamwidth's open source repository,Perl,https://github.com/dreamwidth/dreamwidth,103.45 MB
392,ColoredConsole,215,11,215,4,17/08/2019,01/01/2020,1.03 MB,Reenabling colors in Xcode's console,Perl,https://github.com/jjrscott/ColoredConsole,1.03 MB
393,md2inao,215,32,215,18,01/03/2013,07/03/2023,922.00 KB,Convert markdown to inao-format for WEB+DB PRESS,Perl,https://github.com/naoya/md2inao,922.00 KB
394,HostDB,214,31,214,4,30/10/2013,25/04/2022,3.43 MB,HostDB: a new tool to help manage data center inventory and write applications around it. ,Perl,https://github.com/Flipkart/HostDB,3.43 MB
395,vMass,214,49,214,0,25/08/2022,05/06/2023,79.00 KB,vMass Bot :hook: Vulnerability Scanner & Auto Exploiter Tool Written in Perl.,Perl,https://github.com/aziz0x48/vMass,79.00 KB
396,github-growler,213,10,213,4,14/03/2009,31/10/2011,1.04 MB,Growl github updates,Perl,https://github.com/miyagawa/github-growler,1.04 MB
397,difff,213,14,213,1,21/10/2012,17/04/2026,212.00 KB,Webベースのテキスト比較ツール difff《ﾃﾞｭﾌﾌ》,Perl,https://github.com/meso-cacase/difff,212.00 KB
398,elsa,213,49,213,31,09/09/2014,22/12/2018,1.00 MB,Enterprise Log Search and Archive,Perl,https://github.com/mcholste/elsa,1.00 MB
399,void-bspwm-dotfiles,212,15,212,7,16/11/2017,03/05/2023,9.10 MB,My personal backup of my dotfiles (Void Linux).,Perl,https://github.com/addy-dclxvi/void-bspwm-dotfiles,9.10 MB
400,johnny-deps,212,7,212,3,19/07/2013,15/12/2020,79.00 KB,Barebones dependency manager for Go.,Perl,https://github.com/VividCortex/johnny-deps,79.00 KB
401,velocity-painting,211,32,211,4,06/02/2017,15/04/2017,4.35 MB,#VelocityPainting: patterning 3D prints by modulating the print speed,Perl,https://github.com/MarkWheadon/velocity-painting,4.35 MB
402,dotfiles,211,186,211,0,30/08/2010,08/08/2020,1.19 MB,Dotfiles,Perl,https://github.com/justone/dotfiles,1.19 MB
403,Introducing-Regular-Expressions,211,130,211,4,25/10/2011,21/08/2012,141.00 KB,Example code and target text files for the O'Reilly book Introducing Regular Expressions,Perl,https://github.com/michaeljamesfitzgerald/Introducing-Regular-Expressions,141.00 KB
404,libwww-perl,211,129,211,120,19/01/2009,01/10/2026,7.24 MB,"The libwww-perl collection is a set of Perl modules that provides a simple, consistent application programming interface to the World-Wide Web. The main focus of the library is providing classes and functions allowing to write WWW clients. It also contains modules that are of more general use and even classes to help implement simple HTTP servers.",Perl,https://github.com/libwww-perl/libwww-perl,7.24 MB
405,lua-resty-jit-uuid,209,39,209,0,23/03/2016,10/01/2020,89.00 KB,Fast and dependency-free UUID library for LuaJIT/ngx_lua,Perl,https://github.com/thibaultcha/lua-resty-jit-uuid,89.00 KB
406,dockerana,208,24,208,19,08/06/2014,21/06/2015,2.61 MB,Docker Monitoring with support for Grafana and Graphite,Perl,https://github.com/dockerana/dockerana,2.61 MB
407,shocco,207,37,207,16,10/03/2010,21/02/2018,63.00 KB,"shocco is  a quick-and-dirty, literate-programming-style documentation generator for / in POSIX shell",Perl,https://github.com/rtomayko/shocco,63.00 KB
408,Perl-Critic,206,108,206,401,22/07/2013,25/08/2026,19.62 MB,"The leading static analyzer for Perl.  Configurable, extensible, powerful.",Perl,https://github.com/Perl-Critic/Perl-Critic,19.62 MB
409,abi-dumper,205,38,205,30,24/05/2013,11/01/2025,710.00 KB,Dump ABI of an ELF object containing DWARF debug info,Perl,https://github.com/lvc/abi-dumper,710.00 KB
410,gmusicbrowser,204,46,204,121,27/08/2009,14/08/2024,7.93 MB,jukebox for large collections of music,Perl,https://github.com/squentin/gmusicbrowser,7.93 MB
411,dklab_realsync,204,41,204,20,22/10/2011,18/11/2021,5.47 MB,dkLab RealSync: replicate developer's files over SSH in realtime,Perl,https://github.com/dimikot/dklab_realsync,5.47 MB
412,PASApipeline,204,62,204,99,10/02/2015,12/02/2025,28.71 MB,PASA software,Perl,https://github.com/PASApipeline/PASApipeline,28.71 MB
413,abi-tracker,204,11,204,14,08/09/2015,04/10/2021,256.00 KB,A tool to visualize ABI changes timeline of a C/C++ software library,Perl,https://github.com/lvc/abi-tracker,256.00 KB
414,VarDict,204,65,204,44,15/07/2014,05/01/2024,1.46 MB,VarDict,Perl,https://github.com/AstraZeneca-NGS/VarDict,1.46 MB
415,v5,203,68,203,56,23/04/2016,14/09/2026,30.44 MB,MailScanner v5,Perl,https://github.com/MailScanner/v5,30.44 MB
416,Spotty-Plugin,203,36,203,14,04/04/2019,17/09/2026,311.37 MB,A Spotify plugin for the Lyrion Music Server (fka. Logitech Media Server) and Squeezebox compatible players,Perl,https://github.com/michaelherger/Spotty-Plugin,311.37 MB
417,LISA,202,27,202,6,05/07/2018,15/05/2019,2.39 MB,Linguistically-Informed Self-Attention implemented in TensorFlow,Perl,https://github.com/strubell/LISA,2.39 MB
418,dj_voice_organize,202,15,202,7,06/08/2018,26/08/2018,424.00 KB,同人音声资料库系统,Perl,https://github.com/bandiaozimu/dj_voice_organize,424.00 KB
419,loftee,202,56,202,58,01/04/2014,20/06/2023,1.63 MB,,Perl,https://github.com/konradjk/loftee,1.63 MB
420,asemica,202,16,202,1,28/01/2011,24/08/2020,92.00 KB,An asemic Markov-chained cipher,Perl,https://github.com/linenoise/asemica,92.00 KB
421,NOVOPlasty,201,72,201,80,07/12/2015,04/02/2024,22.58 MB,NOVOPlasty - The organelle assembler and heteroplasmy caller,Perl,https://github.com/ndierckx/NOVOPlasty,22.58 MB
422,p5-ssl-tools,201,74,201,3,19/12/2011,11/05/2022,59.00 KB,various standalone perl scripts,Perl,https://github.com/noxxi/p5-ssl-tools,59.00 KB
423,Elymas,200,14,200,0,14/01/2013,11/06/2025,850.00 KB,A programming language I can like. Unholy and full of magic.,Perl,https://github.com/Drahflow/Elymas,850.00 KB
424,mongo-perl-driver,199,99,199,5,05/03/2009,15/07/2021,10.37 MB,Perl driver for the MongoDB,Perl,https://github.com/mongodb-labs/mongo-perl-driver,10.37 MB
425,donna,199,39,199,5,12/10/2024,04/01/2025,830.00 KB,OpenAI x PearVC hackathon (built in 6 hours),Perl,https://github.com/raviriley/donna,830.00 KB
426,Exploits,199,106,199,1,13/10/2017,17/04/2020,41.21 MB,Containing Self Made Perl Reproducers / PoC Codes,Perl,https://github.com/gottburgm/Exploits,41.21 MB
427,email-outlook-message-perl,198,32,198,10,01/02/2009,02/09/2026,395.00 KB,Email::Outlook::Message Perl module for reading Outlook .msg files,Perl,https://github.com/mvz/email-outlook-message-perl,395.00 KB
428,AS-Stats,198,67,198,25,29/04/2013,24/04/2025,5.19 MB,A simple tool to generate per-AS traffic graphs from NetFlow/sFlow records,Perl,https://github.com/manuelkasper/AS-Stats,5.19 MB
429,Catmandu,197,35,197,32,01/07/2010,07/07/2025,54.55 MB,Catmandu - a data processing toolkit ,Perl,https://github.com/LibreCat/Catmandu,54.55 MB
430,Magento-mysql,197,80,197,0,13/11/2012,11/08/2026,97.00 KB,Magento default mysql settings,Perl,https://github.com/magenx/Magento-mysql,97.00 KB
431,smtp-cli,197,35,197,15,19/10/2011,23/08/2020,113.00 KB,The ultimate command line SMTP client,Perl,https://github.com/mludvig/smtp-cli,113.00 KB
432,OshiUpload,196,26,196,16,11/05/2019,02/04/2025,328.00 KB,Ephemeral file sharing engine,Perl,https://github.com/somenonymous/OshiUpload,328.00 KB
433,alfred2-layout,195,15,195,3,24/09/2013,16/03/2019,677.00 KB,Alfred 2 Layout workflow,Perl,https://github.com/untoldwind/alfred2-layout,677.00 KB
434,pastemon,195,50,195,0,17/01/2012,31/10/2012,183.00 KB,pastebin.com Content Monitoring Tool,Perl,https://github.com/xme/pastemon,183.00 KB
435,Praeda,194,36,194,1,16/08/2012,03/08/2024,140.00 KB,,Perl,https://github.com/percx/Praeda,140.00 KB
436,nagios-plugins-rabbitmq,194,102,194,24,07/01/2011,04/01/2024,235.00 KB,A set of nagios checks for RabbitMQ using the management interface,Perl,https://github.com/nagios-plugins-rabbitmq/nagios-plugins-rabbitmq,235.00 KB
437,openssh-ldap-publickey,193,41,193,5,31/07/2012,14/08/2020,49.00 KB,Wrapper for OpenSSH to store public keys inside the OpenLDAP entry.,Perl,https://github.com/AndriiGrytsenko/openssh-ldap-publickey,49.00 KB
438,non-planar-layer-fdm,193,42,193,3,21/07/2016,30/07/2016,4.61 MB,,Perl,https://github.com/makertum/non-planar-layer-fdm,4.61 MB
439,hls-fetch,192,47,192,10,12/09/2012,11/05/2017,242.00 KB,Download and decrypt videos served by the HTTP Live Streaming (HLS) protocol.,Perl,https://github.com/osklil/hls-fetch,242.00 KB
440,obmenu-generator,192,15,192,8,16/12/2013,28/08/2025,232.00 KB,A fast menu generator for the Openbox Window Manager.,Perl,https://github.com/trizen/obmenu-generator,232.00 KB
441,mashtree,191,27,191,18,12/05/2016,24/10/2023,51.44 MB,:deciduous_tree: Create a tree using Mash distances,Perl,https://github.com/lskatz/mashtree,51.44 MB
442,files2rouge,191,51,191,7,09/01/2017,08/07/2021,211.00 KB,Calculating ROUGE score between two files (line-by-line),Perl,https://github.com/pltrdy/files2rouge,211.00 KB
443,its-pointless.github.io,190,33,190,27,13/03/2017,08/08/2021,43.95 GB,For info see https://github.com/its-pointless/gcc_termux,Perl,https://github.com/its-pointless/its-pointless.github.io,43.95 GB
444,NicTool,190,62,190,5,29/04/2011,31/08/2026,3.39 MB,NicTool: a DNS management solution,Perl,https://github.com/NicTool/NicTool,3.39 MB
445,hoover,189,59,189,6,12/01/2012,31/08/2022,173.00 KB,Wireless Probe Requests Sniffer,Perl,https://github.com/xme/hoover,173.00 KB
446,Dist-Zilla,189,150,189,47,14/11/2008,26/09/2026,3.72 MB,scary tools for building CPAN distributions,Perl,https://github.com/rjbs/Dist-Zilla,3.72 MB
447,check_pgactivity,188,51,188,29,02/09/2014,01/10/2026,2.89 MB,Nagios remote agent,Perl,https://github.com/OPMDG/check_pgactivity,2.89 MB
448,coreference-resolution,187,58,187,17,04/05/2018,11/01/2021,84.95 MB,"Efficient and clean PyTorch reimplementation of ""End-to-end Neural Coreference Resolution"" (Lee et al., EMNLP 2017). ",Perl,https://github.com/shayneobrien/coreference-resolution,84.95 MB
449,jpegrescan,187,23,187,0,30/05/2012,27/03/2019,28.00 KB,JPEGrescan: losslessly shrink any JPEG file - YOU PROBABLY SHOULD USE MozJPEG https://github.com/mozilla/mozjpeg,Perl,https://github.com/kud/jpegrescan,28.00 KB
450,Git-Mediawiki,187,28,187,59,26/08/2011,27/01/2026,292.00 KB,Gate between Git and Mediawiki,Perl,https://github.com/Git-Mediawiki/Git-Mediawiki,292.00 KB
451,djdt-flamegraph,187,14,187,4,07/10/2015,04/06/2020,415.00 KB,Flamegraphs for Django Debug Toolbar,Perl,https://github.com/blopker/djdt-flamegraph,415.00 KB
452,plagger,187,40,187,8,09/03/2009,02/06/2015,3.67 MB,Pluggable RSS/Atom aggregator,Perl,https://github.com/miyagawa/plagger,3.67 MB
453,travelynx,186,32,186,118,03/09/2018,28/09/2026,5.89 MB,Traewelling-inspired journey logger with realtime data,Perl,https://github.com/derf/travelynx,5.89 MB
454,WeBaCoo,186,42,186,1,29/11/2011,11/03/2012,1.04 MB,Web Backdoor Cookie Script-Kit,Perl,https://github.com/anestisb/WeBaCoo,1.04 MB
455,sec,185,16,185,0,22/07/2015,12/02/2026,606.00 KB,Simple Event Correlator releases,Perl,https://github.com/simple-evcorr/sec,606.00 KB
456,mysql-sandbox,184,58,184,0,22/08/2015,09/04/2021,687.00 KB,Quick and painless install of one or more MySQL servers in the same host.,Perl,https://github.com/datacharmer/mysql-sandbox,687.00 KB
457,rakudobrew,183,41,183,11,09/07/2013,22/06/2020,245.00 KB,Perl 6 installation manager,Perl,https://github.com/tadzik/rakudobrew,245.00 KB
458,dada-mail,183,43,183,169,11/12/2008,28/07/2025,32.81 MB,"Self-Hosted, Full Featured, Email Mailing List Manager. Announcement + Discussion Lists, Web-based Installer, Installs with minimal dependencies, sendmail/SMTP/Amazon SES supported",Perl,https://github.com/justingit/dada-mail,32.81 MB
459,Vimana,182,26,182,8,16/07/2009,31/08/2015,886.00 KB,"Vimana is an easy to use system for searching , installing, and downloading vim script.  Vimana provides a command-line interface such like aptitude programe on Debian linux, for you to search , download , install , upgrade scripts from http://www.vim.org (vimonline site).",Perl,https://github.com/c9s/Vimana,886.00 KB
460,pgtoolkit,181,17,181,8,03/10/2013,28/04/2016,1.20 MB,Tools for PostgreSQL maintenance,Perl,https://github.com/grayhemp/pgtoolkit,1.20 MB
461,letsencrypt-cpanel,181,58,181,40,13/01/2016,30/01/2018,195.00 KB, cPanel/WHM plugin for Let's Encrypt client,Perl,https://github.com/Prajithp/letsencrypt-cpanel,195.00 KB
462,ZFS-TimeMachine,181,16,181,2,31/01/2012,15/07/2026,75.00 KB,TimeMachine style backup for ZFS,Perl,https://github.com/jollyjinx/ZFS-TimeMachine,75.00 KB
463,wagon,181,18,181,1,13/01/2015,19/04/2023,818.55 MB,免安裝可攜的 Laravel 開發環境,Perl,https://github.com/laravel-dojo/wagon,818.55 MB
464,dategrep,181,12,181,0,20/03/2014,17/03/2026,1.78 MB,print lines matching a time range,Perl,https://github.com/mdom/dategrep,1.78 MB
465,ALLHiC,180,36,180,86,13/11/2018,20/10/2024,22.93 MB,ALLHiC: phasing and scaffolding polyploid genomes based on Hi-C data,Perl,https://github.com/tangerzhang/ALLHiC,22.93 MB
466,omnipitr,179,33,179,3,13/05/2011,25/06/2019,778.00 KB,Advanced WAL File Management Tools for PostgreSQL,Perl,https://github.com/omniti-labs/omnipitr,778.00 KB
467,cpm,179,37,179,42,16/06/2015,16/08/2026,10.29 MB,fast CPAN client,Perl,https://github.com/skaji/cpm,10.29 MB
468,Roboo,179,34,179,2,14/02/2011,14/10/2012,1.03 MB,Roboo - HTTP Robot Mitigator,Perl,https://github.com/yuri-gushin/Roboo,1.03 MB
469,YNABLinuxInstall,178,22,178,13,29/04/2013,26/12/2021,36.00 KB,Install script for YNAB 4 on Linux,Perl,https://github.com/WolverineFan/YNABLinuxInstall,36.00 KB
470,textwrangler-bbedit-solarized,178,37,178,5,16/04/2011,15/10/2022,13.00 KB,solarized color scheme for BBEdit and TextWrangler,Perl,https://github.com/rcarmo/textwrangler-bbedit-solarized,13.00 KB
471,os-autoinst,178,213,178,52,22/12/2011,01/10/2026,47.99 MB,OS-level test automation,Perl,https://github.com/os-autoinst/os-autoinst,47.99 MB
472,whohas,178,15,178,0,01/12/2011,14/07/2022,558.00 KB,Cross-platform software search,Perl,https://github.com/whohas/whohas,558.00 KB
473,reolink-camera,178,15,178,2,20/01/2020,11/02/2024,302.00 KB,Reolink RLC-410-5MP IP camera reverse engineered technical details,Perl,https://github.com/hn/reolink-camera,302.00 KB
474,parsyncfp,177,19,177,31,28/03/2017,01/03/2022,106.00 KB,follow-on to parsync (parallel rsync) with better startup perf,Perl,https://github.com/hjmangalam/parsyncfp,106.00 KB
475,smarter-encryption,177,43,177,19,27/09/2019,24/11/2025,40.00 KB,,Perl,https://github.com/duckduckgo/smarter-encryption,40.00 KB
476,Gekko-Datasets,176,44,176,11,04/04/2018,31/05/2018,48.00 KB,Gekko Trading Bot dataset dumps. Ready to use and download history files in SQLite format.,Perl,https://github.com/xFFFFF/Gekko-Datasets,48.00 KB
477,FreeRDP-Manuals,176,992,176,16,17/02/2013,22/01/2024,13.17 MB,FreeRDP Manuals,Perl,https://github.com/awakecoding/FreeRDP-Manuals,13.17 MB
478,caterwaul,176,10,176,1,24/09/2010,30/12/2021,28.78 MB,A Javascript-to-Javascript compiler,Perl,https://github.com/spencertipping/caterwaul,28.78 MB
479,linux-sysadmin-course,175,95,175,3,25/06/2013,05/09/2021,6.87 MB,Linux System Administration 101,Perl,https://github.com/hackman/linux-sysadmin-course,6.87 MB
480,aws-sdk-perl,175,95,175,158,27/09/2013,22/04/2024,72.96 MB,A community AWS SDK for Perl Programmers,Perl,https://github.com/pplu/aws-sdk-perl,72.96 MB
481,smtp-user-enum,175,40,175,3,29/05/2015,20/04/2022,216.00 KB,"Username guessing tool primarily for use against the default Solaris SMTP service. Can use either EXPN, VRFY or RCPT TO.",Perl,https://github.com/pentestmonkey/smtp-user-enum,216.00 KB
482,Selenium-Remote-Driver,174,86,174,19,22/02/2010,06/10/2025,35.57 MB,Perl Bindings to the Selenium Webdriver server,Perl,https://github.com/teodesian/Selenium-Remote-Driver,35.57 MB
483,vnlog,174,7,174,0,23/12/2017,22/08/2026,973.00 KB,Process labelled tabular ASCII data using normal UNIX tools,Perl,https://github.com/dkogan/vnlog,973.00 KB
484,Moose,173,107,173,11,04/07/2010,01/10/2026,21.08 MB,Official repository for Moose,Perl,https://github.com/moose/Moose,21.08 MB
485,whatsapp_discover,173,91,173,4,15/03/2014,01/04/2016,21.00 KB,"""Whatsapp Discover"" is a tool for getting phone numbers of devices using Whatsapp by real time sniffing from an interface (disabled in this first version) or from a list of pcap files, which can be processed in batch",Perl,https://github.com/deepakdaswani/whatsapp_discover,21.00 KB
486,figlet-fonts,173,18,173,0,13/01/2011,12/06/2012,7.15 MB,A collection of fonts for FIGlet,Perl,https://github.com/cmatsuoka/figlet-fonts,7.15 MB
487,lua-resty-hmac,172,96,172,2,17/07/2014,31/05/2023,35.00 KB,HMAC functions for ngx_lua and LuaJIT,Perl,https://github.com/jkeys089/lua-resty-hmac,35.00 KB
488,frozen-bubble,172,40,172,32,02/09/2009,05/07/2024,56.13 MB,Making frozen bubble cross platform,Perl,https://github.com/kthakore/frozen-bubble,56.13 MB
489,VEP_plugins,172,124,172,8,21/11/2011,22/09/2026,3.13 MB,Plugins for the Ensembl Variant Effect Predictor (VEP),Perl,https://github.com/Ensembl/VEP_plugins,3.13 MB
490,bmo,172,207,172,17,12/03/2014,25/09/2026,66.24 MB,bugzilla.mozilla.org source - report issues here: https://bugzilla.mozilla.org/enter_bug.cgi?product=bugzilla.mozilla.org,Perl,https://github.com/mozilla/bmo,66.24 MB
491,GeoTag,171,17,171,9,12/05/2011,01/09/2026,385.71 MB,Image geo location editing for macOS.  Instructions and a .dmg of the current version are on the application home page.,Perl,https://github.com/marchyman/GeoTag,385.71 MB
492,lua-resty-redis-ratelimit,170,40,170,2,18/09/2014,01/06/2026,103.00 KB,Limit the request processing rate between multiple NGINX instances backed by Redis,Perl,https://github.com/timebug/lua-resty-redis-ratelimit,103.00 KB
493,postgrey,170,50,170,20,17/02/2013,26/06/2024,1023.00 KB,Postfix Greylisting Policy-Daemon,Perl,https://github.com/schweikert/postgrey,1023.00 KB
494,autodoc,170,26,170,3,27/05/2013,21/09/2020,141.00 KB,PostgreSQL Autodoc - dumps a Postgres schema in several useful documentary forms,Perl,https://github.com/cbbrowne/autodoc,141.00 KB
495,qqwry2mmdb,170,17,170,1,20/05/2020,01/10/2024,42.32 MB,为 Wireshark 能使用纯真网络 IP 数据库(QQwry)而提供的格式转换工具,Perl,https://github.com/leolovenet/qqwry2mmdb,42.32 MB
496,iOSMessageExport,169,59,169,24,03/01/2014,14/04/2022,26.00 KB,,Perl,https://github.com/chelseybadau/iOSMessageExport,26.00 KB
497,SMBCrunch,169,20,169,1,25/03/2016,07/03/2018,31.00 KB,3 tools that work together to simplify reconaissance of Windows File Shares,Perl,https://github.com/Raikia/SMBCrunch,31.00 KB
498,xchataqua,168,46,168,125,11/07/2011,07/04/2026,116.37 MB,"An IRC client, OS X native front-end for XChat ( http://itunes.apple.com/app/id447521961 )",Perl,https://github.com/xchataqua/xchataqua,116.37 MB
499,iso-country-flags-svg-collection,168,92,168,12,03/06/2014,26/01/2018,10.40 MB,,Perl,https://github.com/joielechong/iso-country-flags-svg-collection,10.40 MB
500,ipxe-buildweb,167,57,167,18,02/04/2013,16/11/2022,150.00 KB,iPXE Prebuilt binary web interface,Perl,https://github.com/xbgmsharp/ipxe-buildweb,150.00 KB
501,ReconCobra---Complete-Automated-Pentest-Framework-For-Information-Gathering,167,40,167,6,24/12/2019,12/05/2020,318.00 KB,"ReconCobra Reconcobra is Foot printing software for Ultimate Information Gathering Kali, Parrot OS, Black Arch, Termux, Android Led TV  Interface Software have 82 Options with full automation with powerful information gathering capability  Brief Introduction ReconCobra is useful in Banks, Private Organisations and Ethical hacker personnel for legal auditing. It serves as a defense method to find as much as information possible for gaining unauthorised access and intrusion. With the emergence of more advanced technology, cybercriminals have also found more ways to get into the system of many organizations. ReconCobra software can audit, firewall behaviour, if it is leaking backend machines/server and replying pings, it can find internal and external networks where many software’s like erp, mail firewalls are installed, exposing servers so it do Footprinting, Scanning & Enumeration as much as possible of target, to discover and collect most possible informations like username, web technologies, files, endpoint, api and much more.",Perl,https://github.com/nerodtm/ReconCobra---Complete-Automated-Pentest-Framework-For-Information-Gathering,318.00 KB
502,wp-tools,167,26,167,0,10/02/2016,20/12/2022,200.00 KB,Tools to backup and upgrade WordPress installations,Perl,https://github.com/bluehost/wp-tools,200.00 KB
503,UnlinkMKV,166,7,166,10,29/06/2012,31/05/2023,375.71 MB,Merges ordered chapters / segmented MKVs back into a single file.,Perl,https://github.com/gnoling/UnlinkMKV,375.71 MB
504,jailing,166,8,166,2,13/05/2015,04/09/2026,27.00 KB,super-easy chroot jail builder/runner for Linux,Perl,https://github.com/kazuho/jailing,27.00 KB
505,Mega-Bot,165,72,165,0,05/01/2019,04/07/2020,15.45 MB,[NEW] : Mega Bot ☣ Scanner & Auto Exploiter,Perl,https://github.com/Aron-Tn/Mega-Bot,15.45 MB
506,keepass4web,165,19,165,13,21/03/2016,27/10/2023,1.69 MB,[deprecated] KeePass databases served on the web,Perl,https://github.com/lixmal/keepass4web,1.69 MB
507,Amon,164,41,164,13,13/12/2009,28/02/2026,4.85 MB,yet another web application framework,Perl,https://github.com/tokuhirom/Amon,4.85 MB
508,webwork2,164,167,164,101,28/12/2011,22/09/2026,86.27 MB,Course management front end for WeBWorK,Perl,https://github.com/openwebwork/webwork2,86.27 MB
509,Octopussy,164,28,164,112,18/11/2013,08/10/2020,10.08 MB,Octopussy - Open Source Log Management Solution,Perl,https://github.com/Octopussy-Project/Octopussy,10.08 MB
510,Marpa--R2,164,25,164,3,22/10/2011,03/08/2026,40.75 MB,Parse any language you can describe in BNF,Perl,https://github.com/jeffreykegler/Marpa--R2,40.75 MB
511,Pester,164,17,164,10,24/05/2009,08/08/2021,12.29 MB,"Simple, disposable alarms and timers for macOS.",Perl,https://github.com/nriley/Pester,12.29 MB
512,bti,164,31,164,14,25/06/2008,22/11/2021,319.00 KB,bash twitter ididocy,Perl,https://github.com/gregkh/bti,319.00 KB
513,redis-traffic-stats,163,30,163,2,24/02/2014,23/08/2017,37.00 KB,"Redis query analyzer for counting, traffic stats by command",Perl,https://github.com/hirose31/redis-traffic-stats,37.00 KB
514,manservant,163,5,163,3,03/05/2012,18/02/2023,195.00 KB,Browse man pages in style with your personal manservant.,Perl,https://github.com/jimeh/manservant,195.00 KB
515,Corinna,163,19,163,12,20/03/2020,13/07/2024,408.00 KB,Corinna - Bring Modern OO to the Core of Perl,Perl,https://github.com/Perl-Apollo/Corinna,408.00 KB
516,docker-images,163,64,163,7,04/02/2015,01/06/2023,4.43 MB,Dreamcat4's Docker Images (Trusted Builds),Perl,https://github.com/dreamcat4/docker-images,4.43 MB
517,colorgcc,163,45,163,13,23/11/2009,13/11/2018,27.00 KB,colorgcc is a perl script to colorize gcc output. I'm collecting random patches and changes,Perl,https://github.com/colorgcc/colorgcc,27.00 KB
518,pythonrouge,162,33,162,5,09/11/2015,25/05/2020,358.00 KB,Python wrapper for evaluating summarization quality by ROUGE package,Perl,https://github.com/tagucci/pythonrouge,358.00 KB
519,rsu-client,161,21,161,20,14/10/2012,19/03/2020,77.93 MB,A git repository for the RuneScape Linux/Unix Client Project,Perl,https://github.com/rsu-client/rsu-client,77.93 MB
520,kill-close-wait-connections,161,57,161,3,14/11/2014,06/12/2019,13.00 KB,Kills all TCP CLOSE_WAIT connections,Perl,https://github.com/rghose/kill-close-wait-connections,13.00 KB
521,ParsCit,161,46,161,3,25/07/2010,06/05/2020,318.29 MB,An open-source CRF Reference String Parsing Package,Perl,https://github.com/knmnyn/ParsCit,318.29 MB
522,spotify-connect-resources,160,19,160,3,07/03/2015,21/07/2019,243.66 MB,"A repository to hold any data/stuff related to reversing the Spotify Connect protocol. Mostly just data dumps at the moment, but if you have something to add to it, be it an implementation, information or just another data dump, make a PR and I will add it asap.",Perl,https://github.com/librespot-org/spotify-connect-resources,243.66 MB
523,mirdeep2,160,54,160,3,13/04/2017,11/12/2025,7.62 MB,Discovering known and novel miRNAs from small RNA sequencing data,Perl,https://github.com/rajewsky-lab/mirdeep2,7.62 MB
524,proxmox-truenas,159,7,159,5,12/05/2025,09/09/2026,1.47 MB,TrueNAS over iSCSI for Proxmox VE,Perl,https://github.com/boomshankerx/proxmox-truenas,1.47 MB
525,Gitalist,158,32,158,3,25/08/2009,27/06/2014,2.26 MB,A modern git web viewer,Perl,https://github.com/broquaint/Gitalist,2.26 MB
526,munin-mysql,158,47,158,18,16/02/2009,23/05/2018,295.00 KB,Improved MySQL Graphs for Munin,Perl,https://github.com/kjellm/munin-mysql,295.00 KB
527,perl5i,157,38,157,117,23/04/2009,05/06/2018,1.44 MB,A single module to fix as much of Perl 5 as possible in one go,Perl,https://github.com/evalEmpire/perl5i,1.44 MB
528,Template2,157,98,157,84,20/12/2011,11/09/2026,11.00 MB,Perl Template Toolkit v2,Perl,https://github.com/cpan-authors/Template2,11.00 MB
529,PortableHexo,156,25,156,4,20/03/2016,12/02/2022,92.42 MB,A Portable version of Hexo,Perl,https://github.com/BitMOE/PortableHexo,92.42 MB
530,cowfiles,156,31,156,1,09/01/2013,06/07/2023,57.00 KB,ASCII cowfiles for cowsay,Perl,https://github.com/bkendzior/cowfiles,57.00 KB
531,flac2mp3,156,30,156,20,10/01/2013,28/01/2021,430.00 KB,flac2mp3 is a tool to convert audio files from flac to mp3 format including the copying of tags.,Perl,https://github.com/robinbowes/flac2mp3,430.00 KB
532,py-rouge,156,25,156,7,23/08/2018,10/07/2019,1.17 MB,"Full Python implementation of the ROUGE metric, producing same results as in the official perl implementation.",Perl,https://github.com/diegoantognini/py-rouge,1.17 MB
533,SuperPicky,156,32,156,2,14/12/2023,28/09/2026,398.66 MB,Ai Powered Bird Photography Culling Tools,Perl,https://github.com/jamesphotography/SuperPicky,398.66 MB
534,cocos2d-x-3rd-party-libs-src,155,180,155,28,03/04/2014,12/01/2021,516.00 KB,Dependencies of cocos2d-x.,Perl,https://github.com/cocos2d/cocos2d-x-3rd-party-libs-src,516.00 KB
535,Colormake,155,23,155,10,18/02/2012,21/02/2017,27.00 KB,A simple wrapper around make to colorize the output.,Perl,https://github.com/pagekite/Colormake,27.00 KB
536,asciidoc-cheatsheet,155,55,155,1,22/04/2015,16/11/2018,63.00 KB,Asciidoc cheatsheet for GitHub,Perl,https://github.com/powerman/asciidoc-cheatsheet,63.00 KB
537,check_nwc_health,154,95,154,135,19/10/2010,01/10/2026,10.29 MB,"nwc = network component. This plugin checks lots of aspects of routers, switches, wlan controllers, firewalls,.....",Perl,https://github.com/lausser/check_nwc_health,10.29 MB
538,sec-tools,154,31,154,0,06/03/2015,14/07/2017,35.00 KB,Docker images for infosec tools,Perl,https://github.com/infoslack/sec-tools,35.00 KB
539,verilog-perl,153,40,153,5,03/03/2020,23/01/2024,1.84 MB,"Verilog parser, preprocessor, and related tools for the Verilog-Perl package",Perl,https://github.com/veripool/verilog-perl,1.84 MB
540,usermin,153,57,153,18,08/07/2009,01/10/2026,4.72 MB,Usermin source code,Perl,https://github.com/webmin/usermin,4.72 MB
541,Waldo,152,10,152,4,26/05/2011,28/06/2011,5.34 MB,"A generic port of TextMate's Find-In-Project, with associated MacVim plugin",Perl,https://github.com/jtaby/Waldo,5.34 MB
542,po4a,152,85,152,59,29/06/2015,17/08/2026,51.82 MB,Maintain the translations of your documentation with ease  (PO for anything),Perl,https://github.com/mquinson/po4a,51.82 MB
543,learning_vcf_file,152,42,152,0,05/06/2015,04/08/2025,43.72 MB,Learning the Variant Call Format,Perl,https://github.com/davetang/learning_vcf_file,43.72 MB
544,kiwi-legacy,152,75,152,0,13/07/2011,04/10/2022,459.20 MB,KIWI - Appliance Builder (legacy please read deprecation notice),Perl,https://github.com/OSInside/kiwi-legacy,459.20 MB
545,zlb,151,33,151,40,05/07/2016,02/01/2025,8.65 MB,ZEVENET is now RELIANOID,Perl,https://github.com/zevenet/zlb,8.65 MB
546,newsroom,151,25,151,0,27/04/2018,08/08/2023,597.00 KB,Tools for downloading and analyzing summaries and evaluating summarization systems. https://summari.es/,Perl,https://github.com/lil-lab/newsroom,597.00 KB
547,irssi-scripts,151,23,151,19,07/01/2010,17/07/2021,1.63 MB,Repo to store some personal irssi scripts,Perl,https://github.com/shabble/irssi-scripts,1.63 MB
548,finance-quote,151,117,151,2,16/09/2008,16/09/2026,2.96 MB,Finance::Quote module for Perl,Perl,https://github.com/finance-quote/finance-quote,2.96 MB
549,mytop,151,41,151,18,21/03/2009,07/03/2024,29.00 KB,"a ""top"" clone for MySQL",Perl,https://github.com/jzawodn/mytop,29.00 KB
550,dse-typewriter-font,150,5,150,2,20/02/2020,30/08/2025,6.37 MB,A monospace coding font inspired by pre-war typewriters.,Perl,https://github.com/dse/dse-typewriter-font,6.37 MB
551,gmetric,149,47,149,6,10/08/2010,18/10/2018,194.00 KB,Repository of user-contributed gmetric scripts,Perl,https://github.com/ganglia/gmetric,194.00 KB
552,ensembl-rest,149,61,149,11,13/12/2013,16/06/2026,19.71 MB,Language agnostic RESTful data access to Ensembl data over HTTP,Perl,https://github.com/Ensembl/ensembl-rest,19.71 MB
553,test-more,149,98,149,101,30/01/2009,01/10/2026,13.11 MB,"Test2, Test::More, Test::Simple and Test::Builder Perl modules for writing tests",Perl,https://github.com/Test-More/test-more,13.11 MB
554,cloudforecast,149,22,149,5,18/05/2010,29/03/2021,597.00 KB,the server metrics gathering,Perl,https://github.com/kazeburo/cloudforecast,597.00 KB
555,GALBA,149,7,149,14,27/10/2022,13/04/2026,10.28 MB,GALBA is a pipeline for fully automated prediction of protein coding gene structures with AUGUSTUS in novel eukaryotic genomes for the scenario where high quality proteins from one or several closely related species are available.,Perl,https://github.com/Gaius-Augustus/GALBA,10.28 MB
556,DBIx-Class,149,157,149,65,08/10/2010,16/01/2025,21.49 MB,GitHub side of the DBIx::Class ( DBIC ) repository,Perl,https://github.com/Perl5/DBIx-Class,21.49 MB
557,pause,149,58,149,103,14/03/2009,26/04/2026,4.34 MB,Perl authors upload server,Perl,https://github.com/andk/pause,4.34 MB
558,RNAseqDB,148,41,148,7,22/03/2016,14/05/2018,1.36 GB,,Perl,https://github.com/mskcc/RNAseqDB,1.36 GB
559,rtir,148,27,148,1,07/07/2009,25/09/2026,9.05 MB,,Perl,https://github.com/bestpractical/rtir,9.05 MB
560,link-checker,148,42,148,28,23/06/2015,01/10/2025,498.00 KB,Check links and anchors in Web pages or full Web sites.,Perl,https://github.com/w3c/link-checker,498.00 KB
561,dropbox-api-command,148,14,148,12,23/02/2011,20/11/2019,115.00 KB,command line interface to access Dropbox API,Perl,https://github.com/s-aska/dropbox-api-command,115.00 KB
562,smokeping-3.x,148,19,148,1,26/08/2013,14/12/2016,381.00 KB,"reengineered SmokePing, using Extopus as its frontend",Perl,https://github.com/oetiker/smokeping-3.x,381.00 KB
563,any2fasta,148,18,148,8,09/10/2018,30/12/2025,8.47 MB,Convert various sequence formats to FASTA,Perl,https://github.com/tseemann/any2fasta,8.47 MB
564,incubator-pagespeed-cpanel,147,44,147,40,13/03/2013,21/04/2023,43.00 KB,mod_pagespeed module for CPanel WHM,Perl,https://github.com/apache/incubator-pagespeed-cpanel,43.00 KB
565,irssi-smartfilter,147,8,147,5,02/01/2014,17/07/2016,28.00 KB,Irssi smart filter to selectively hide JOIN/QUIT in busy channels,Perl,https://github.com/lifeforms/irssi-smartfilter,28.00 KB
566,Tools,146,30,146,1,22/10/2014,29/02/2024,9.01 MB,"Tools from WFA 4/e, timeline tools, etc.",Perl,https://github.com/keydet89/Tools,9.01 MB
567,theos-ref,146,21,146,1,28/02/2013,06/09/2018,283.00 KB,Theos Docs! (because there never was a chapter 2),Perl,https://github.com/theiostream/theos-ref,283.00 KB
568,irclogger,146,15,146,6,19/07/2008,12/01/2012,1.11 MB,Sinatra based irclogger.com,Perl,https://github.com/cschneid/irclogger,1.11 MB
569,obs-build,146,209,146,189,19/10/2011,24/09/2026,6.53 MB,"OBS build script, can be used with OBS or stand alone",Perl,https://github.com/openSUSE/obs-build,6.53 MB
570,nullarbor,145,38,145,67,08/01/2015,09/12/2025,11.60 MB,":floppy_disk: :page_with_curl: ""Reads to report"" for public health and clinical microbiology",Perl,https://github.com/tseemann/nullarbor,11.60 MB
571,authentication_milter,145,27,145,24,24/07/2015,01/10/2026,2.42 MB,Email Authentication by SPF/DKIM/DMARC etc.,Perl,https://github.com/fastmail/authentication_milter,2.42 MB
572,ecosystem,144,145,144,26,27/08/2010,23/09/2026,1.74 MB,Raku ecosystem – modules and more,Perl,https://github.com/Raku/ecosystem,1.74 MB
573,cperl,144,17,144,119,03/09/2015,29/07/2022,324.72 MB,"A perl5 with classes, types, compilable, company friendly, security",Perl,https://github.com/perl11/cperl,324.72 MB
574,unreal-directory,144,19,144,1,07/06/2016,07/08/2021,73.00 KB,Directory of useful Unreal Engine 4 resources,Perl,https://github.com/cindustries/unreal-directory,73.00 KB
575,pentest-tools,144,57,144,1,03/04/2015,14/05/2018,286.00 KB,Penetration testing scripts,Perl,https://github.com/reider-roque/pentest-tools,286.00 KB
576,ngx_mongo,144,29,144,3,10/01/2012,27/01/2018,41.00 KB,Non-blocking upstream module for Nginx to connect to MongoDB,Perl,https://github.com/vision5/ngx_mongo,41.00 KB
577,nagios-plugin-check_raid,144,83,144,40,25/05/2012,27/06/2024,1.71 MB,Nagios/Icinga/Sensu plugin to check current server's RAID status ⛺,Perl,https://github.com/glensc/nagios-plugin-check_raid,1.71 MB
578,freeradius-oauth2-perl,143,47,143,13,26/01/2015,11/07/2026,171.00 KB,FreeRADIUS OAuth2 (OpenID Connect) using rlm_perl,Perl,https://github.com/jimdigriz/freeradius-oauth2-perl,171.00 KB
579,biopieces,143,21,143,5,01/10/2015,02/08/2018,757.00 KB,Biopieces is a bioinformatic framework of tools easily used and easily created.,Perl,https://github.com/maasha/biopieces,757.00 KB
580,gitbuilder,143,40,143,2,22/08/2008,01/06/2021,159.00 KB,"Auto-builds and tests all the branches of your git projects, showing pass/fail results on a web page/RSS feed.  Isolates failures to the first commit that caused the problem.",Perl,https://github.com/apenwarr/gitbuilder,159.00 KB
581,qpsmtpd,143,71,143,4,08/02/2009,01/10/2026,3.69 MB,qpsmtpd is a flexible smtpd daemon written in Perl,Perl,https://github.com/smtpd/qpsmtpd,3.69 MB
582,Carmel,142,18,142,30,14/01/2015,05/04/2024,2.60 MB,CPAN Artifact Repository Manager,Perl,https://github.com/miyagawa/Carmel,2.60 MB
583,es-utils,142,26,142,1,17/07/2012,01/08/2026,1.91 MB,ElasticSearch Utilities,Perl,https://github.com/reyjrar/es-utils,1.91 MB
584,perl-scripts,142,40,142,0,04/04/2014,28/09/2026,4.26 MB,A nice collection of day-to-day Perl scripts.,Perl,https://github.com/trizen/perl-scripts,4.26 MB
585,Uniscan,141,66,141,5,24/11/2011,03/09/2021,322.00 KB,Uniscan web vulnerability scanner,Perl,https://github.com/poerschke/Uniscan,322.00 KB
586,git-util,141,8,141,4,10/08/2011,26/02/2026,123.00 KB,Miscellaneous git scripts and utilities,Perl,https://github.com/mjdominus/git-util,123.00 KB
587,terra-mystica,141,37,141,17,05/03/2013,03/08/2021,1.32 MB,Online Terra Mystica,Perl,https://github.com/jsnell/terra-mystica,1.32 MB
588,chef_cookbooks_deprecated,140,28,140,0,29/06/2011,21/12/2012,479.00 KB,"Opinionated chef recipes for Ubuntu/Debian. Manage nginx, unicorn, UNIX user accounts, postgresql, and more!",Perl,https://github.com/jsierles/chef_cookbooks_deprecated,479.00 KB
589,MojoExample,140,25,140,3,07/02/2012,02/08/2014,1.04 MB,"Mojolicious example with DBIx::Class schema load, deploy, fixtures, and tests.",Perl,https://github.com/tempire/MojoExample,1.04 MB
590,hsphfpd-prototype,139,16,139,3,01/12/2019,29/11/2022,354.00 KB,Prototype of Bluetooth HSP/HFP daemon,Perl,https://github.com/pali/hsphfpd-prototype,354.00 KB
591,p5-mop-redux,139,36,139,34,26/06/2013,01/02/2018,1.78 MB,A(nother) MOP for Perl 5,Perl,https://github.com/stevan/p5-mop-redux,1.78 MB
592,mbtget,138,49,138,1,10/03/2013,26/04/2024,23.00 KB,A simple Modbus/TCP client write in pure Perl.,Perl,https://github.com/sourceperl/mbtget,23.00 KB
593,nginx-tests,137,129,137,61,24/09/2015,30/09/2026,4.30 MB,Test suite for nginx.,Perl,https://github.com/nginx/nginx-tests,4.30 MB
594,irssi-docs,137,6,137,8,06/01/2011,14/01/2015,11.90 MB,In-depth documentation of the Irssi IRC Client,Perl,https://github.com/shabble/irssi-docs,11.90 MB
595,torch,137,10,137,0,25/08/2015,20/11/2017,151.00 KB,Generate CPU FlameGraphs based on DWARF Debug Info,Perl,https://github.com/mrhooray/torch,151.00 KB
596,rename,136,14,136,4,15/03/2010,02/08/2020,37.00 KB,Rename multiple files,Perl,https://github.com/ap/rename,37.00 KB
597,df-structures,136,87,136,54,01/01/2012,29/09/2026,41.47 MB,Dwarf Fortress data structure descriptions,Perl,https://github.com/DFHack/df-structures,41.47 MB
598,dragonflye,136,13,136,11,20/07/2021,22/01/2025,246.00 KB,:dragon: :fly: Assemble bacterial isolate genomes from Nanopore reads,Perl,https://github.com/rpetit3/dragonflye,246.00 KB
599,pytorch-kaldi-neural-speaker-embeddings,136,34,136,5,08/11/2019,27/01/2020,9.58 MB,A light weight neural speaker embeddings extraction based on Kaldi and PyTorch.,Perl,https://github.com/jefflai108/pytorch-kaldi-neural-speaker-embeddings,9.58 MB
600,librenms-agent,136,214,136,64,18/05/2015,01/10/2026,820.00 KB,LibreNMS Agent & Scripts,Perl,https://github.com/librenms/librenms-agent,820.00 KB
601,tailscale-wakeonlan,135,4,135,2,19/11/2024,27/11/2024,96.00 KB,Wake your LAN devices from any device on your tailnet,Perl,https://github.com/andygrundman/tailscale-wakeonlan,96.00 KB
602,CityGenerator,135,28,135,42,18/02/2012,08/05/2017,3.95 MB,CityGenerator is a tool for generating a setting for Fantasy Roleplaying games.,Perl,https://github.com/CityGenerator/CityGenerator,3.95 MB
603,LibLime-Koha,135,52,135,4,25/04/2011,24/05/2016,131.17 MB,"LibLime Koha is the most mature of the open source ILS applications. Based on the ground-breaking 3.0 platform (derived from the original Koha offering of 1999), LibLime Koha is a completely web-based open source ILS, with library staff, systems librarians, and library users all accessing LibLime Koha through a web browser. Relying on the MySQL relational database, all LibLime Koha data is readily accessible.",Perl,https://github.com/liblime/LibLime-Koha,131.17 MB
604,VASP-script,135,63,135,5,14/05/2015,21/02/2019,344.00 KB,,Perl,https://github.com/MabinogiX/VASP-script,344.00 KB
605,twirssi,135,26,135,16,08/01/2009,30/06/2019,376.00 KB,An irssi script allowing the use of Twitter from within the IRC client.,Perl,https://github.com/zigdon/twirssi,376.00 KB
606,pytorch-pcnn,135,40,135,3,14/10/2018,23/03/2019,12.43 MB,supervised relation extraction for PCNN (Zeng 2014) in pytorch 关系抽取,Perl,https://github.com/ShomyLiu/pytorch-pcnn,12.43 MB
607,try-pollen,134,12,134,0,03/09/2015,23/05/2025,4.46 MB,📔🌼 An example website/book created with Pollen.,Perl,https://github.com/otherjoel/try-pollen,4.46 MB
608,nginx_syslog_patch,134,34,134,5,06/09/2010,02/05/2014,346.00 KB,add the full syslog feature to Nginx,Perl,https://github.com/yaoweibin/nginx_syslog_patch,346.00 KB
609,dotfiles,133,20,133,1,16/12/2010,15/05/2019,687.00 KB,My command line life.,Perl,https://github.com/sorin-ionescu/dotfiles,687.00 KB
610,collectd-graphite,133,14,133,7,14/04/2011,24/09/2012,174.00 KB,collectd plugin for sending data to graphite,Perl,https://github.com/joemiller/collectd-graphite,174.00 KB
611,squidanalyzer,132,38,132,3,06/04/2012,02/01/2025,1.46 MB,"Squid Analyzer parses Squid proxy access log and reports general statistics about hits, bytes, users, networks, top URLs, and top second level domains. Statistic reports are oriented toward user and bandwidth control.",Perl,https://github.com/darold/squidanalyzer,1.46 MB
612,mysqldiff,132,54,132,17,13/07/2009,18/04/2024,210.00 KB,tool and CPAN suite backend for comparing MySQL database schemas,Perl,https://github.com/aspiers/mysqldiff,210.00 KB
613,p5-mop-original,131,17,131,0,03/07/2011,01/07/2013,12.73 MB,A MOP for Perl 5,Perl,https://github.com/stevan/p5-mop-original,12.73 MB
614,clike,131,8,131,2,07/09/2014,28/04/2021,542.00 KB,A simple C-like language compiler with an extensible syntax and typed macros support,Perl,https://github.com/combinatorylogic/clike,542.00 KB
615,dfwfw,130,21,130,3,26/11/2015,13/01/2019,110.00 KB,Docker Firewall Framework,Perl,https://github.com/irsl/dfwfw,110.00 KB
616,moedict-data-csld,130,27,130,3,16/10/2013,08/11/2023,214.95 MB,中華大辭典,Perl,https://github.com/g0v/moedict-data-csld,214.95 MB
617,unbound-block-hosts,130,24,130,2,09/11/2011,16/05/2018,190.00 KB,a script to convert Dan Pollock's ad blocking hosts file into Unbound local-data.,Perl,https://github.com/gbxyz/unbound-block-hosts,190.00 KB
618,git-store-meta,130,21,130,14,19/04/2015,16/06/2025,111.00 KB,Simple file metadata storing and applying for git.,Perl,https://github.com/danny0838/git-store-meta,111.00 KB
619,lua-resty-consul,130,36,130,1,01/07/2014,18/08/2021,56.00 KB,Library to interface with the consul HTTP API from ngx_lua,Perl,https://github.com/hamishforbes/lua-resty-consul,56.00 KB
620,langs-performance,129,32,129,0,04/02/2016,18/05/2021,115.00 KB,C++ vs. Python vs. Perl vs. PHP vs. Java vs. NodeJS vs. Go vs. Ruby vs. Rust vs. Swift vs. D performance benchmark,Perl,https://github.com/famzah/langs-performance,115.00 KB
621,opendlp,129,62,129,0,15/05/2014,15/05/2014,292.00 KB,,Perl,https://github.com/ezarko/opendlp,292.00 KB
622,EVidenceModeler,129,24,129,78,03/07/2015,22/09/2026,7.98 MB,source code for EVM,Perl,https://github.com/EVidenceModeler/EVidenceModeler,7.98 MB
623,get_homologues,129,26,129,1,26/11/2015,13/02/2026,82.37 MB,GET_HOMOLOGUES: a versatile software package for pan-genome analysis,Perl,https://github.com/eead-csic-compbio/get_homologues,82.37 MB
624,language-evaluation,129,17,129,3,03/01/2019,25/03/2021,34.70 MB,:clipboard: Collection of evaluation code for natural language generation.,Perl,https://github.com/bckim92/language-evaluation,34.70 MB
625,media-control,128,3,128,5,18/06/2025,03/09/2026,193.00 KB,Control and observe media playback from the command line ,Perl,https://github.com/ungive/media-control,193.00 KB
626,catt,128,16,128,5,12/08/2013,25/12/2017,1.02 MB,Certification Authority Trust Tracker,Perl,https://github.com/kirei/catt,1.02 MB
627,vpn-arsenal,128,37,128,0,17/06/2017,18/06/2017,382.00 KB,VPN pentest tools and scripts,Perl,https://github.com/0x90/vpn-arsenal,382.00 KB
628,tumblelog,127,7,127,0,30/03/2019,15/08/2026,21.13 MB,A static tumblelog generator available as both a Perl and Python version,Perl,https://github.com/john-bokma/tumblelog,21.13 MB
629,node-ldapauth,127,139,127,21,13/12/2011,24/09/2020,57.00 KB,**UNMAINTAINED.** Simple node.js module to authenticate against an LDAP server,Perl,https://github.com/trentm/node-ldapauth,57.00 KB
630,russian-road-sign-font,127,7,127,1,25/01/2013,18/06/2023,2.13 MB,Font which used for road signs in USSR and Russia,Perl,https://github.com/shoorick/russian-road-sign-font,2.13 MB
631,mojomojo,127,45,127,51,25/07/2008,18/01/2022,9.16 MB,A Catalyst & DBIx::Class powered Wiki. ,Perl,https://github.com/mojomojo/mojomojo,9.16 MB
632,dfm,126,17,126,15,09/09/2012,21/11/2018,156.00 KB,dotfiles manager,Perl,https://github.com/justone/dfm,156.00 KB
633,DAVOSET,126,67,126,1,27/10/2014,19/12/2018,92.00 KB,DDoS attacks via other sites execution tool (DAVOSET) - it is command line tool for conducting DDoS attacks on the sites via Abuse of Functionality and XML External Entities vulnerabilities at other sites.,Perl,https://github.com/MustLive/DAVOSET,92.00 KB
634,sidef,126,2,126,5,30/03/2013,28/09/2026,18.09 MB,"Sidef is a modern, expressive programming language that combines the elegance of Ruby, the versatility of Raku, and the mathematical power of a built-in computer algebra system.",Perl,https://github.com/trizen/sidef,18.09 MB
635,zabbix-notify,126,33,126,15,04/04/2016,08/12/2020,96.00 KB,Notify alarms from Zabbix to Slack Hipchat and PagerDuty,Perl,https://github.com/v-zhuravlev/zabbix-notify,96.00 KB
636,fateserver,125,66,125,0,13/11/2013,12/11/2025,85.00 KB,Mirror of git://git.ffmpeg.org/fateserver,Perl,https://github.com/FFmpeg/fateserver,85.00 KB
637,Autobench,125,24,125,5,31/03/2012,08/02/2017,233.00 KB,,Perl,https://github.com/menavaur/Autobench,233.00 KB
638,findimagedupes,125,8,125,11,26/01/2019,12/06/2024,267.00 KB,Finds visually similar or duplicate images,Perl,https://github.com/jhnc/findimagedupes,267.00 KB
639,Cloudflare-Tools,124,36,124,6,25/06/2010,10/03/2023,349.00 KB,Tools which enable you to get the full benefit of using the Cloudflare service.,Perl,https://github.com/cloudflarearchive/Cloudflare-Tools,349.00 KB
640,pg_stat_ch,124,5,124,10,25/01/2026,25/09/2026,2.82 MB,,Perl,https://github.com/ClickHouse/pg_stat_ch,2.82 MB
641,altsql-shell,123,17,123,26,30/04/2012,24/05/2017,5.29 MB,"An easily extensible DBI shell, perfect for a drop-in replacement to mysql-client",Perl,https://github.com/ewaters/altsql-shell,5.29 MB
642,p5-Text-Xslate,123,47,123,34,16/04/2010,02/09/2025,6.55 MB,Scalable template engine for Perl5,Perl,https://github.com/xslate/p5-Text-Xslate,6.55 MB
643,itunes_backup2hashcat,123,42,123,0,25/01/2017,04/02/2017,14.00 KB,Extract the information needed from the Manifest.plist files to convert it to hashes compatible with hashcat,Perl,https://github.com/philsmd/itunes_backup2hashcat,14.00 KB
644,font-charis,123,7,123,6,08/10/2014,01/10/2026,61.49 MB,Fonts for languages and writing systems that use the Latin and Cyrillic scripts,Perl,https://github.com/silnrsi/font-charis,61.49 MB
645,font-awesome-balsamiq,123,14,123,1,11/10/2013,13/11/2015,4.51 MB,"Font Awesome icons as .png, ready for use with Balsamiq",Perl,https://github.com/dennispaagman/font-awesome-balsamiq,4.51 MB
646,dtk,123,10,123,0,08/08/2013,20/02/2020,175.00 KB,"DTK (data toolkit) is a suite of tools for parsing, analyzing, and graphing logs and other datasets.",Perl,https://github.com/synacor/dtk,175.00 KB
647,zfsmanager,122,25,122,27,13/01/2014,19/07/2023,252.00 KB,ZFS administration tool for Webmin,Perl,https://github.com/jonmatifa/zfsmanager,252.00 KB
648,scRNASeqPipeline,122,60,122,1,07/07/2016,17/08/2018,164.00 KB,,Perl,https://github.com/tallulandrews/scRNASeqPipeline,164.00 KB
649,panpop,122,11,122,2,26/04/2022,26/10/2025,63.55 MB,Application of pan-genome for population,Perl,https://github.com/starskyzheng/panpop,63.55 MB
650,libraop,122,48,122,11,05/08/2016,26/09/2026,384.85 MB,RAOP player and library (AirPlay),Perl,https://github.com/philippe44/libraop,384.85 MB
651,vadr,122,27,122,9,10/08/2015,30/09/2026,43.71 MB,Viral Annotation DefineR: classification and annotation of viral sequences based on RefSeq annotation,Perl,https://github.com/NLM-DIR/vadr,43.71 MB
652,elm-upgrade,122,12,122,24,01/11/2016,07/12/2022,275.00 KB,Upgrade Elm projects,Perl,https://github.com/avh4/elm-upgrade,275.00 KB
653,vroom-pm,122,25,122,11,27/02/2009,09/07/2023,124.00 KB,Vim Based Slideshow Presentations,Perl,https://github.com/ingydotnet/vroom-pm,124.00 KB
654,github-taiwan,122,128,122,2,08/10/2010,09/01/2022,221.00 KB,Taiwan Developers on Github,Perl,https://github.com/c9s/github-taiwan,221.00 KB
655,perl-language-server,122,14,122,18,08/05/2019,14/07/2026,2.38 MB,,Perl,https://github.com/FractalBoy/perl-language-server,2.38 MB
656,monospace-font-list,121,10,121,2,01/03/2019,10/09/2026,106.88 MB,"Work to build a list of monospace/typewriter/coding/fixed-width fonts, with completeness as the goal.",Perl,https://github.com/dse/monospace-font-list,106.88 MB
657,gitzone,121,20,121,3,10/07/2013,30/10/2019,69.00 KB,git-based zone management tool for static and dynamic domains,Perl,https://github.com/dyne/gitzone,69.00 KB
658,ecantorix,121,15,121,8,16/10/2012,28/08/2025,104.00 KB,Singing synthesis frontend for espeak,Perl,https://github.com/divVerent/ecantorix,104.00 KB
659,davtest,121,38,121,3,03/05/2015,07/03/2023,31.00 KB,davtest (improved)- Exploits WebDAV folders,Perl,https://github.com/cldrn/davtest,31.00 KB
660,kivitendo-erp,121,64,121,98,23/01/2013,01/10/2026,111.50 MB,Web-based ERP system for the German market,Perl,https://github.com/kivitendo/kivitendo-erp,111.50 MB
661,check_vmware_esx,121,64,121,17,07/08/2013,12/07/2023,1.18 MB,chech_vmware_esx  Fork of check_vmware_api.pl,Perl,https://github.com/BaldMansMojo/check_vmware_esx,1.18 MB
662,roffit,121,51,121,4,04/06/2010,16/10/2025,80.00 KB,converts nroff man pages to HTML,Perl,https://github.com/bagder/roffit,80.00 KB
663,blade-shadow-beta,121,19,121,8,10/07/2018,10/11/2021,119.88 MB,Various documentation and tools for Shadow on Linux maintained by community,Perl,https://github.com/NicolasGuilloux/blade-shadow-beta,119.88 MB
664,Work_flow_of_population_genetics,121,34,121,0,03/02/2019,16/01/2026,478.00 KB,整理常用的群体遗传学分析流程和脚本,Perl,https://github.com/shangshanzhizhe/Work_flow_of_population_genetics,478.00 KB
665,xkcd-Bucket,121,31,121,47,21/05/2009,09/07/2024,961.00 KB,Bucket is the channel bot for #xkcd,Perl,https://github.com/zigdon/xkcd-Bucket,961.00 KB
666,remedie,120,13,120,115,07/01/2009,04/10/2016,3.44 MB,perl based pluggable media center application,Perl,https://github.com/miyagawa/remedie,3.44 MB
667,ssh-chain,120,7,120,0,17/03/2011,15/03/2020,12.00 KB,,Perl,https://github.com/ryancdotorg/ssh-chain,12.00 KB
668,form-input-nginx-module,119,36,119,3,14/04/2010,27/10/2017,181.00 KB,"This is a nginx module that reads HTTP POST and PUT request body encoded     in ""application/x-www-form-urlencoded"", and parse the arguments in     request body into nginx variables.",Perl,https://github.com/calio/form-input-nginx-module,181.00 KB
669,ios_backup_extractor,119,7,119,8,06/11/2023,30/06/2026,2.97 MB,"iOS backup media extraction tool (photos, videos)",Perl,https://github.com/joz-k/ios_backup_extractor,2.97 MB
670,SNPGenie,119,37,119,32,24/05/2015,21/08/2023,897.00 KB,"Program for estimating πN/πS, dN/dS, and other diversity measures from next-generation sequencing data",Perl,https://github.com/chasewnelson/SNPGenie,897.00 KB
671,simple-google-tts,118,28,118,3,23/08/2014,06/11/2016,35.00 KB,Use Google text-to-speech on your Linux desktop,Perl,https://github.com/glutanimate/simple-google-tts,35.00 KB
672,get_iplayer,118,15,118,1,10/03/2010,21/05/2010,608.00 KB,A utility for grabbing tv and radio from BBC iPlayer. Phil Lewis has stopped developed it so I've forked it.,Perl,https://github.com/jjl/get_iplayer,608.00 KB
673,MITObim,118,34,118,37,09/10/2012,29/12/2020,7.89 MB,MITObim - mitochondrial baiting and iterative mapping,Perl,https://github.com/chrishah/MITObim,7.89 MB
674,distro,118,40,118,0,17/08/2014,03/08/2026,129.94 MB,"START HERE!  This is the Foswiki project ""Distribution"".  It is a monolith repository with the core + default extensions.",Perl,https://github.com/foswiki/distro,129.94 MB
675,spellbook,118,28,118,9,11/07/2016,01/10/2026,71.52 MB,Framework for rapid development of offensive security tools,Perl,https://github.com/htrgouvea/spellbook,71.52 MB
676,aoc2019-intcode,118,3,118,0,30/11/2020,30/11/2020,16.00 KB,Intcode compiler and samples from Advent of Code 2019,Perl,https://github.com/topaz/aoc2019-intcode,16.00 KB
677,fpdns,117,26,117,6,23/02/2011,19/09/2024,910.00 KB,Net::DNS::Fingerprint,Perl,https://github.com/kirei/fpdns,910.00 KB
678,plerd,117,22,117,11,28/12/2014,25/07/2026,581.00 KB,Ultralight Dropbox-friendly Markdown-based blogging.,Perl,https://github.com/jmacdotorg/plerd,581.00 KB
679,m2elf,117,16,117,0,25/08/2014,21/11/2017,40.00 KB,Converts Machine Code to x86 (32-bit) Linux executable (auto-wrapping with ELF headers),Perl,https://github.com/XlogicX/m2elf,40.00 KB
680,btrfs-list,117,6,117,2,16/09/2015,29/12/2024,136.00 KB,"Get a nice tree-style view of your btrfs subvolumes/snapshots, including their size, a la 'zfs list'",Perl,https://github.com/speed47/btrfs-list,136.00 KB
681,Flickr-StatsD,117,18,117,0,31/08/2010,27/06/2014,135.00 KB,Mirror of code.flickr.com: Flickr-StatsD,Perl,https://github.com/iamcal/Flickr-StatsD,135.00 KB
682,perltidy,117,24,117,15,07/04/2018,24/09/2026,17.99 MB,"Perl::Tidy, a source code formatter for Perl",Perl,https://github.com/perltidy/perltidy,17.99 MB
683,lua-resty-upstream,116,26,116,3,01/11/2013,19/12/2019,229.00 KB,Upstream connection load balancing and failover module for Openresty,Perl,https://github.com/hamishforbes/lua-resty-upstream,229.00 KB
684,mailnesia.com,116,23,116,12,19/11/2014,30/03/2026,619.00 KB,Anonymous Email in Seconds,Perl,https://github.com/Gilwyad/mailnesia.com,619.00 KB
685,...,116,21,116,15,08/11/2010,05/06/2018,474.00 KB,Dot Dot Dot,Perl,https://github.com/ingydotnet/...,474.00 KB
686,pgtreats,115,46,115,3,23/03/2012,01/02/2019,676.00 KB,Tasty treats for PostgreSQL,Perl,https://github.com/omniti-labs/pgtreats,676.00 KB
687,elkdat,115,13,115,2,14/12/2016,23/10/2021,164.00 KB,ELKDAT: easy linux kernel development and test tool,Perl,https://github.com/satoru-takeuchi/elkdat,164.00 KB
688,dbseer,115,26,115,6,05/01/2013,29/09/2026,90.11 MB,DBSeer,Perl,https://github.com/barzan/dbseer,90.11 MB
689,learning_bam_file,115,22,115,0,15/04/2016,04/08/2025,119.16 MB,Learning the Sequence Alignment/Map format,Perl,https://github.com/davetang/learning_bam_file,119.16 MB
690,netdisco-mibs,115,104,115,22,04/01/2017,28/09/2026,165.22 MB,Collection of SNMP MIB files included in Netdisco,Perl,https://github.com/netdisco/netdisco-mibs,165.22 MB
691,schnellnode-pve-ha-manager,115,0,115,0,31/10/2016,31/10/2016,398.00 KB,,Perl,https://github.com/iosifpeterfi/schnellnode-pve-ha-manager,398.00 KB
692,ETagCN,115,7,115,7,21/03/2023,09/06/2026,2.52 MB,基于Difegue编写的E-Hentai插件进行改良，结合EhTagTranslation项目提供的数据库转换来自E-Hentai上的英文标签为中文标签。,Perl,https://github.com/zhy201810576/ETagCN,2.52 MB
693,perl-net-github,114,59,114,7,07/03/2009,03/10/2022,725.00 KB,Perl interface to GitHub,Perl,https://github.com/fayland/perl-net-github,725.00 KB
694,WL-NagiosPlugins,114,74,114,33,17/01/2014,09/04/2024,759.00 KB,Clone of naglio-plugins repository for those using old name,Perl,https://github.com/willixix/WL-NagiosPlugins,759.00 KB
695,geojs,114,11,114,11,30/09/2017,20/07/2026,377.00 KB,Geo-location lookup API,Perl,https://github.com/jloh/geojs,377.00 KB
696,log4perl,114,64,114,30,18/04/2009,14/08/2026,5.01 MB,Log4j Implementation For Perl,Perl,https://github.com/mschilli/log4perl,5.01 MB
697,sshbatch,114,28,114,3,20/04/2009,03/01/2022,581.00 KB,SSH::Batch for cluster operations,Perl,https://github.com/agentzh/sshbatch,581.00 KB
698,duckduckgo-locales,114,171,114,60,26/11/2018,01/10/2026,1.19 GB,Translation files for duckduckgo.com,Perl,https://github.com/duckduckgo/duckduckgo-locales,1.19 GB
699,xcodemake,113,7,113,1,18/10/2024,20/04/2026,131.00 KB,"Faster xcodebuilds using ""make""",Perl,https://github.com/johnno1962/xcodemake,131.00 KB
700,Instacurate,113,27,113,19,30/12/2012,04/12/2014,5.02 MB,"Turn your Twitter timeline into a personalised news site, in an instant. Fetches links from your timeline and displays them in a discovery friendly design.",Perl,https://github.com/davidbauer/Instacurate,5.02 MB
701,git-diff-blame,113,23,113,8,09/01/2014,02/02/2022,7.00 KB,🕵  Display a diff alongside blame info like author and commit,Perl,https://github.com/dmnd/git-diff-blame,7.00 KB
702,CSCvon8,112,15,112,1,27/03/2019,07/05/2020,7.31 MB,A crazy small 8-bit CPU built with only seventeen 7400-series chips.,Perl,https://github.com/DoctorWkt/CSCvon8,7.31 MB
703,MetaMaps,112,21,112,27,19/06/2018,10/10/2023,778.00 KB,Long-read metagenomic analysis,Perl,https://github.com/DiltheyLab/MetaMaps,778.00 KB
704,pydata2014nyc,111,91,111,0,20/11/2014,26/08/2015,20.65 MB,"Materials for my pandas tutorial at PyData 2014, NYC",Perl,https://github.com/gjreda/pydata2014nyc,20.65 MB
705,community,111,44,111,2,16/04/2014,24/07/2024,699.00 KB,Qualys community open source scripts.  Please note these are provided as-is and are not supported.,Perl,https://github.com/Qualys/community,699.00 KB
706,aprs-deviceid,111,40,111,19,23/10/2013,17/09/2026,689.00 KB,"APRS device identification data: tocalls.txt + mic-e-types.txt current primary allocations (YAML, JSON, XML)",Perl,https://github.com/aprsorg/aprs-deviceid,689.00 KB
707,design-patterns,111,26,111,1,21/09/2013,11/10/2025,2.35 MB,design patterns impelemented in serveral programming languages,Perl,https://github.com/oxnz/design-patterns,2.35 MB
708,straw-viewer,111,7,111,5,14/02/2020,21/06/2021,673.00 KB,**DEPRECATED** Use https://github.com/trizen/pipe-viewer instead.,Perl,https://github.com/trizen/straw-viewer,673.00 KB
709,bricolage,111,52,111,10,23/04/2009,27/02/2026,13.54 MB,Content management and publishing system,Perl,https://github.com/bricoleurs/bricolage,13.54 MB
710,nfu,110,1,110,1,04/10/2013,02/10/2020,479.00 KB,Numeric Fu for the command line,Perl,https://github.com/spencertipping/nfu,479.00 KB
711,redis-sharding,110,18,110,0,23/12/2010,01/12/2016,41.00 KB,"Redis Sharding is a multiplexed proxy-server, designed to work with the database divided to several servers.
It's a temporary substitution of Redis Cluster that is under development. ",Perl,https://github.com/kni/redis-sharding,41.00 KB
712,nginx-munin,110,17,110,4,08/09/2010,26/01/2018,465.00 KB,A set of plugins for monitoring nginx with Munin,Perl,https://github.com/perusio/nginx-munin,465.00 KB
713,Padre,109,44,109,25,07/09/2014,20/06/2026,20.75 MB,Offical repository of the core Padre code,Perl,https://github.com/PadreIDE/Padre,20.75 MB
714,perl-redis,109,62,109,38,30/01/2011,18/06/2024,966.00 KB,Perl binding for Redis database,Perl,https://github.com/PerlRedis/perl-redis,966.00 KB
715,RegRipper4.0,109,22,109,2,22/08/2023,10/12/2025,2.52 MB,RegRipper4.0,Perl,https://github.com/keydet89/RegRipper4.0,2.52 MB
716,gtk-android-builder,109,9,109,12,13/10/2024,18/09/2026,276.00 KB,Pixiewood - Build GTK applications for Android,Perl,https://github.com/sp1ritCS/gtk-android-builder,276.00 KB
717,ADMS,109,33,109,28,12/04/2014,28/11/2022,1.76 MB,ADMS is a code generator for some of Verilog-A,Perl,https://github.com/Qucs/ADMS,1.76 MB
718,Antidoto,109,23,109,2,02/05/2014,16/01/2022,121.00 KB,Linux antimalware and antirootkit tool,Perl,https://github.com/FastVPSEestiOu/Antidoto,121.00 KB
719,warewulf3,109,43,109,35,04/11/2016,15/04/2024,85.10 MB,Warewulf is a scalable systems management suite originally developed to manage large high-performance Linux clusters.,Perl,https://github.com/warewulf/warewulf3,85.10 MB
720,myq_gadgets,108,27,108,0,26/03/2011,28/01/2015,394.00 KB,myq_gadgets is deprecated by myq-tools!,Perl,https://github.com/jayjanssen/myq_gadgets,394.00 KB
721,cisco_prov,108,57,108,0,17/09/2014,23/03/2017,136.43 MB,Cisco SCCP and SIP provisioning configuration examples and firmare,Perl,https://github.com/staskobzar/cisco_prov,136.43 MB
722,php5-fpm-munin-plugins,108,42,108,6,26/06/2010,14/01/2019,32.00 KB,A set of Munin plugins for PHP5-FPM,Perl,https://github.com/tjstein/php5-fpm-munin-plugins,32.00 KB
723,ballast,108,26,108,0,01/02/2016,11/05/2024,1.93 MB,Lightweight SSH load balancer supporting user-specific selection policies,Perl,https://github.com/pkolano/ballast,1.93 MB
724,geocraft,108,25,108,19,12/06/2015,26/06/2024,4.20 MB,,Perl,https://github.com/cgutteridge/geocraft,4.20 MB
725,webmin-docker,108,15,108,4,03/07/2023,18/12/2025,65.00 KB,Docker module for Webmin,Perl,https://github.com/dave-lang/webmin-docker,65.00 KB
726,ec2-expire-snapshots,108,34,108,11,09/11/2012,19/12/2020,70.00 KB,Delete expired EBS snapshots in Amazon EC2.  Install on Ubuntu with: sudo add-apt-repository -y ppa:alestic && sudo apt-get update && sudo apt-get install -y ec2-expire-snapshots,Perl,https://github.com/alestic/ec2-expire-snapshots,70.00 KB
727,Furl,107,45,107,23,16/10/2010,29/09/2025,999.00 KB,pretty fast http client library for perl5,Perl,https://github.com/tokuhirom/Furl,999.00 KB
728,Mothbox,107,30,107,14,29/11/2023,30/09/2026,2.41 GB,"Developing an open source,low cost automated system for Moth-Lighting photography ",Perl,https://github.com/Digital-Naturalism-Laboratories/Mothbox,2.41 GB
729,FingerPrint,107,39,107,0,29/10/2014,15/11/2016,280.00 KB,web应用指纹识别,Perl,https://github.com/tanjiti/FingerPrint,280.00 KB
730,specifications,107,13,107,7,12/10/2010,14/09/2015,592.00 KB,SPORE specifications,Perl,https://github.com/SPORE/specifications,592.00 KB
731,ngx_upstream_jdomain,107,32,107,12,13/08/2019,13/10/2025,218.00 KB,An asynchronous domain name resolution module for nginx upstream.,Perl,https://github.com/nicholaschiasson/ngx_upstream_jdomain,218.00 KB
732,fhem-mirror,107,117,107,44,25/12/2011,01/10/2026,364.04 MB,Branch 'master' is an unofficial read-only-mirror of  https://svn.fhem.de/fhem/trunk which is updated once a day. (branch sf_old a mirror of the old repo: svn://svn.code.sf.net/p/fhem/code/trunk),Perl,https://github.com/mhop/fhem-mirror,364.04 MB
733,TETools,107,16,107,2,30/10/2019,11/06/2026,317.00 KB,Dfam Transposable Element Tools Docker container.,Perl,https://github.com/Dfam-consortium/TETools,317.00 KB
734,ldraw2stl,107,20,107,1,19/08/2017,22/03/2025,24.00 KB,Convert LEGO LDraw files into STL,Perl,https://github.com/kristov/ldraw2stl,24.00 KB
735,UnixAgent,106,87,106,16,02/06/2015,17/06/2026,30.08 MB,This is the OCS unified agent for Unix operating systems,Perl,https://github.com/OCSInventory-NG/UnixAgent,30.08 MB
736,SPOT-RNA,106,33,106,15,04/06/2019,23/05/2025,6.96 MB,RNA Secondary Structure Prediction using an Ensemble of Two-dimensional Deep Neural Networks and Transfer Learning.,Perl,https://github.com/jaswindersingh2/SPOT-RNA,6.96 MB
737,node-cgi,106,30,106,4,15/02/2011,22/04/2021,394.00 KB,An http/stack/connect layer to invoke and serve CGI executables.,Perl,https://github.com/TooTallNate/node-cgi,394.00 KB
738,sslmate,106,9,106,9,24/10/2014,01/02/2026,876.00 KB,The SSLMate Client - Buy and Manage SSL Certs from the Command Line,Perl,https://github.com/SSLMate/sslmate,876.00 KB
739,MolProbity,106,40,106,23,21/01/2015,22/09/2026,123.54 MB,Protein and nucleic acid validation service,Perl,https://github.com/rlabduke/MolProbity,123.54 MB
740,excel-writer-xlsx,105,48,105,14,28/08/2010,04/08/2026,19.30 MB,Perl module to create Excel XLSX files. ,Perl,https://github.com/jmcnamara/excel-writer-xlsx,19.30 MB
741,CRISPRCasFinder,105,29,105,34,17/05/2018,11/07/2023,9.81 MB,A Perl script allowing to identify CRISPR arrays and associated Cas proteins from DNA sequences,Perl,https://github.com/dcouvin/CRISPRCasFinder,9.81 MB
742,scihub_ck,105,14,105,3,30/01/2018,20/02/2023,40.84 MB,A tiny tool for checking the working domain of sci-hub,Perl,https://github.com/Wadauk/scihub_ck,40.84 MB
743,pdl,105,49,105,17,18/01/2012,15/09/2026,41.99 MB,Scientific computing with Perl,Perl,https://github.com/PDLPorters/pdl,41.99 MB
744,Dictionary-Development-Kit,105,22,105,0,05/03/2014,10/10/2017,163.00 KB,Mirror of Apple's Dictionary Development Kit,Perl,https://github.com/SebastianSzturo/Dictionary-Development-Kit,163.00 KB
745,advanced-google-maps-alfred-workflow,105,7,105,10,12/07/2015,27/07/2021,708.00 KB,Advanced Google Maps and Apple Maps Workflow for Alfred,Perl,https://github.com/stuartcryan/advanced-google-maps-alfred-workflow,708.00 KB
746,simuG,105,13,105,4,04/12/2018,18/06/2025,5.33 MB,simuG: a general-purpose genome simulator,Perl,https://github.com/yjx1217/simuG,5.33 MB
747,Pizza-Party-0.1.b,105,7,105,2,02/08/2012,22/06/2014,124.00 KB,Order pizza over the commandline (circa 2004),Perl,https://github.com/coryarcangel/Pizza-Party-0.1.b,124.00 KB
748,nagios-plugins,105,100,105,6,20/09/2011,22/03/2023,44.00 KB,Collection of some handy Nagios plugins,Perl,https://github.com/justintime/nagios-plugins,44.00 KB
749,pogo,104,28,104,12,01/09/2010,31/08/2012,5.96 MB,Pogo is an agent-based system for running interruptive commands safely on thousands of machines in parallel,Perl,https://github.com/ytoolshed/pogo,5.96 MB
750,ioprof,104,30,104,2,21/07/2014,18/05/2023,113.00 KB,The Linux I/O profiler (ioprof) is a tool that provides significant insight into I/O workloads while remaining easy to use.,Perl,https://github.com/intel/ioprof,113.00 KB
751,xsr,103,19,103,39,01/07/2017,30/01/2025,158.00 KB,X Steps Recorder,Perl,https://github.com/nonnymoose/xsr,158.00 KB
752,udp-proto-scanner,103,23,103,1,31/07/2015,06/06/2024,21.00 KB,udp-proto-scanner is a Perl script which discovers UDP services by sending triggers to a list of hosts,Perl,https://github.com/CiscoCXSecurity/udp-proto-scanner,21.00 KB
753,squeezebox-googlemusic,103,23,103,53,19/07/2013,28/07/2017,3.62 MB,Squeezebox (Logitech Media Server) Plugin for Google Play Music,Perl,https://github.com/hechtus/squeezebox-googlemusic,3.62 MB
754,dotfiles,103,7,103,0,09/05/2010,01/01/2024,1.17 MB,🛠👾 Config files for various things,Perl,https://github.com/jdavis/dotfiles,1.17 MB
755,db-fakedisplay,102,12,102,17,13/07/2011,13/09/2026,2.85 MB,App/Infoscreen for Railway Departures in Germany,Perl,https://github.com/derf/db-fakedisplay,2.85 MB
756,timelapse-deflicker,102,17,102,5,19/10/2014,14/10/2025,36.00 KB,Simple script to deflicker images taken for timelapses,Perl,https://github.com/cyberang3l/timelapse-deflicker,36.00 KB
757,MDWamp,102,42,102,12,20/09/2012,23/02/2018,651.00 KB,MDWamp is a client side objective-C implementation of the WebSocket subprotocol WAMP.,Perl,https://github.com/mogui/MDWamp,651.00 KB
758,VirSorter,102,31,102,34,23/09/2014,03/10/2020,260.00 KB,"Source code of the VirSorter tool, also available as an App on CyVerse/iVirus (https://de.iplantcollaborative.org/de/)",Perl,https://github.com/simroux/VirSorter,260.00 KB
759,actions-setup-perl,102,9,102,18,31/08/2019,01/10/2026,53.03 MB,Setup Perl environment Action,Perl,https://github.com/shogo82148/actions-setup-perl,53.03 MB
760,web-scraper,102,31,102,9,11/01/2009,26/04/2017,312.00 KB,Perl web scraping toolkit,Perl,https://github.com/miyagawa/web-scraper,312.00 KB
761,Smackbook-Yosemite,102,6,102,0,05/11/2014,05/11/2014,239.00 KB,Updated Smackbook script for OS X Yosemite,Perl,https://github.com/dabockster/Smackbook-Yosemite,239.00 KB
762,shm,102,47,102,19,19/02/2018,01/10/2026,2.49 MB,Universal Billing with external actions,Perl,https://github.com/danuk/shm,2.49 MB
763,home-infra,102,6,102,1,05/10/2020,02/10/2026,15.27 MB,My home Kubernetes cluster,Perl,https://github.com/vaskozl/home-infra,15.27 MB
764,PIRATE,102,34,102,6,22/06/2017,08/07/2022,5.87 MB,A toolbox for pangenome analysis and threshold evaluation.,Perl,https://github.com/SionBayliss/PIRATE,5.87 MB
765,bio_scripts,102,65,102,0,17/10/2013,12/02/2019,9.79 MB,"Practical, reusable scripts for bioinformatics",Perl,https://github.com/shenwei356/bio_scripts,9.79 MB
766,libskylark,101,20,101,15,27/05/2014,26/02/2018,90.28 MB,Sketching-based Distributed Matrix Computations for Machine Learning,Perl,https://github.com/xdata-skylark/libskylark,90.28 MB
767,ubnt-bcast-relay,101,25,101,0,12/03/2016,23/07/2022,722.00 KB,"UDP Packet Broadcast Relay, integrated with EdgeOS CLI",Perl,https://github.com/britannic/ubnt-bcast-relay,722.00 KB
768,ZabbixDBA,101,56,101,1,29/06/2015,27/04/2020,63.00 KB,"Zabbix Database Monitoring Service (Oracle, Pg, MySQL, MS SQL, DB2, etc.)",Perl,https://github.com/netrusov/ZabbixDBA,63.00 KB
769,DevOps-Perl-tools,101,42,101,2,30/12/2012,03/02/2026,2.22 MB,"25+ DevOps CLI Tools - Anonymizer, SQL ReCaser (MySQL, PostgreSQL, AWS Redshift, Snowflake, Apache Drill, Hive, Impala, Cassandra CQL, Microsoft SQL Server, Oracle, Couchbase N1QL, Dockerfiles), Hadoop HDFS & Hive tools, Solr/SolrCloud CLI, Nginx stats & HTTP(S) URL watchers for load-balanced web farms, Linux tools etc.",Perl,https://github.com/HariSekhon/DevOps-Perl-tools,2.22 MB
770,merge-this,101,11,101,7,24/02/2012,17/01/2017,33.00 KB,Revision control stress tests,Perl,https://github.com/mndrix/merge-this,33.00 KB
771,PixelMplus,101,2,101,0,22/02/2022,22/02/2022,2.24 MB,TrueType outline fonts like 8-bit bitmap fonts,Perl,https://github.com/itouhiro/PixelMplus,2.24 MB
772,little_plack_book,101,7,101,2,06/06/2011,28/07/2013,108.00 KB,Using Plack and PSGI in Modern Perl Web Applications,Perl,https://github.com/chromatic/little_plack_book,108.00 KB
773,lua-resty-redis-cluster,101,68,101,15,16/01/2016,17/06/2020,50.00 KB,a openresty redis cluster client,Perl,https://github.com/cuiweixie/lua-resty-redis-cluster,50.00 KB
774,hotoloti,101,41,101,0,24/11/2014,21/04/2017,72.00 KB,"documentation, scripts, tools related to Zena Forensics (http://blog.digital-forensics.it)",Perl,https://github.com/RealityNet/hotoloti,72.00 KB
775,ModSecurity-apache,101,53,101,34,04/10/2015,14/09/2021,242.00 KB,ModSecurity v3 Apache Connector,Perl,https://github.com/owasp-modsecurity/ModSecurity-apache,242.00 KB
776,stats,100,15,100,0,05/03/2020,21/09/2026,1.45 MB,Scripts for generating project statistics and for plotting them as graphs.,Perl,https://github.com/curl/stats,1.45 MB
777,ember-cli-tailwind,100,32,100,36,29/01/2018,30/06/2021,4.28 MB,Adds Tailwind CSS to your app or addon,Perl,https://github.com/embermap/ember-cli-tailwind,4.28 MB
778,Data-Printer,100,62,100,36,20/01/2011,31/07/2024,6.95 MB,colored pretty-print of Perl data structures and objects,Perl,https://github.com/garu/Data-Printer,6.95 MB
779,adHocGenerate,100,20,100,2,31/07/2011,31/07/2011,1.52 MB,Wireless ad hoc distribution of iOS applications,Perl,https://github.com/gknops/adHocGenerate,1.52 MB
780,Chess-Inspector,100,3,100,0,07/02/2014,07/06/2022,2.18 MB,"Visualize move, protection and threat status",Perl,https://github.com/ology/Chess-Inspector,2.18 MB
781,pocketio,100,23,100,11,12/05/2011,19/10/2017,620.00 KB,SocketIO PSGI App,Perl,https://github.com/vti/pocketio,620.00 KB
782,23andme2vcf,100,29,100,7,13/08/2012,27/08/2019,29.78 MB,"convert your 23andme raw file to VCF | DEPRECATED, please see https://github.com/plantimals/2vcf",Perl,https://github.com/arrogantrobot/23andme2vcf,29.78 MB
783,p5-Devel-IPerl,100,15,100,40,14/06/2014,26/01/2023,466.00 KB,:microscope::books: Perl5 language kernel for Jupyter <http://jupyter.org/>,Perl,https://github.com/EntropyOrg/p5-Devel-IPerl,466.00 KB
784,IPTV-Analyzer,99,53,99,22,09/05/2011,29/03/2020,430.00 KB,"Fast MPEG2 Transport Stream Analyzer, based on Netfilter kernel module",Perl,https://github.com/netoptimizer/IPTV-Analyzer,430.00 KB
785,go-for-perl-hackers,99,15,99,1,02/08/2017,12/06/2025,133.00 KB,Go Cheat Sheet for Perl Hackers,Perl,https://github.com/oalders/go-for-perl-hackers,133.00 KB
786,sail_align,99,14,99,2,22/08/2013,05/04/2022,70.96 MB,"SailAlign is an open-source software toolkit for robust long speech-text alignment implementing an adaptive, iterative speech recognition and text alignment scheme that allows for the processing of very long (and possibly noisy) audio and is robust to transcription errors. It is mainly written as a perl library but its functionality also depends on freely available software, namely HTK, srilm and sclite.",Perl,https://github.com/nassosoassos/sail_align,70.96 MB
787,clusterflow,99,25,99,11,16/05/2014,09/04/2023,6.67 MB,A pipelining tool to automate and standardise bioinformatics analyses on cluster environments.,Perl,https://github.com/ewels/clusterflow,6.67 MB
788,GodAuth,98,9,98,1,20/08/2010,15/04/2016,5.00 KB,Authentication layer for web app tools,Perl,https://github.com/exflickr/GodAuth,5.00 KB
789,mojo-pg,98,44,98,5,03/10/2014,12/05/2026,694.00 KB,Mojolicious :heart: PostgreSQL,Perl,https://github.com/mojolicious/mojo-pg,694.00 KB
790,Mojolicious-Boilerplate,98,28,98,1,19/02/2012,27/01/2015,16.01 MB,The Web in an **Awesome** Box,Perl,https://github.com/tudorconstantin/Mojolicious-Boilerplate,16.01 MB
791,ddd,98,17,98,0,09/01/2012,19/01/2012,1.57 MB,Domain Driven Design (Eric Evans's Patterns),Perl,https://github.com/WardCunningham/ddd,1.57 MB
792,Devel--Cover,97,93,97,80,10/04/2010,25/09/2026,7.65 MB,Code coverage metrics for Perl,Perl,https://github.com/pjcj/Devel--Cover,7.65 MB
793,dbi,97,62,97,56,04/04/2013,30/09/2026,8.05 MB,DBI - The Perl 5 Database Interface,Perl,https://github.com/perl5-dbi/dbi,8.05 MB
794,Markdown.codaplugin,97,8,97,3,07/04/2011,21/02/2023,137.00 KB,A Markdown plugin for Coda.,Perl,https://github.com/Ibmurai/Markdown.codaplugin,137.00 KB
795,JupiterPlot,97,11,97,5,24/02/2017,23/11/2024,81.23 MB,A Circos-based tool to visualize genome assembly consistency or synteny between assemblies.,Perl,https://github.com/JustinChu/JupiterPlot,81.23 MB
796,MultiMarkdown-CMS,97,17,97,0,31/01/2010,22/02/2018,267.00 KB,Package to assist with publishing a web site using MMD and a few perl scripts,Perl,https://github.com/fletcher/MultiMarkdown-CMS,267.00 KB
797,refarch-privatecloud,96,135,96,3,09/06/2017,19/11/2020,34.33 MB,This project provides guidance on how to deploy IBM Private Cloud,Perl,https://github.com/ibm-cloud-architecture/refarch-privatecloud,34.33 MB
798,civs,96,32,96,23,02/05/2014,21/08/2026,2.16 MB,Condorcet Internet Voting System,Perl,https://github.com/andrewcmyers/civs,2.16 MB
799,FFI-Platypus,96,23,96,12,16/04/2014,25/09/2026,3.28 MB,Write Perl bindings to non-Perl libraries with FFI.  No XS required.,Perl,https://github.com/PerlFFI/FFI-Platypus,3.28 MB
800,CRAQ,96,10,96,20,30/03/2022,03/12/2025,209.18 MB,Identification of errors in draft genome assemblies with single-base pair resolution for quality assessment and improvement,Perl,https://github.com/JiaoLaboratory/CRAQ,209.18 MB
801,FEELnc,96,28,96,9,30/01/2015,23/07/2025,39.55 MB,FEELnc : FlExible Extraction of LncRNA,Perl,https://github.com/tderrien/FEELnc,39.55 MB
802,segmentation-kit,96,23,96,4,25/09/2015,22/04/2020,2.95 MB,Speech Segmentation Toolkit using Julius,Perl,https://github.com/julius-speech/segmentation-kit,2.95 MB
803,CVE-2021-22204-exiftool,96,27,96,3,11/05/2021,20/05/2021,53.00 KB,Python exploit for the CVE-2021-22204 vulnerability in Exiftool,Perl,https://github.com/convisolabs/CVE-2021-22204-exiftool,53.00 KB
804,kaztools,96,9,96,0,01/01/2010,14/05/2015,250.00 KB,shellscripts and utilities for myself,Perl,https://github.com/kazuho/kaztools,250.00 KB
805,apachebuddy.pl,96,57,96,17,13/10/2011,14/07/2017,28.00 KB,"Not written by me, no longer maintained by me : Apachebuddy.pl",Perl,https://github.com/gustavmaskowitz/apachebuddy.pl,28.00 KB
806,dockerfile-wizard,96,515,96,9,26/09/2017,19/04/2021,588.00 KB,Use CircleCI to build custom Docker images with combinations of common languages/dependencies,Perl,https://github.com/CircleCI-Archived/dockerfile-wizard,588.00 KB
807,myrepos,95,13,95,4,10/11/2014,15/04/2018,444.00 KB,,Perl,https://github.com/RichiH/myrepos,444.00 KB
808,assemblage,95,37,95,0,18/04/2011,08/09/2016,138.00 KB,"Tools for working with second gen assemblies, fasta sequences, etc",Perl,https://github.com/sujaikumar/assemblage,138.00 KB
809,Perl-Lint,95,12,95,23,01/05/2014,29/09/2016,789.00 KB,Yet Another Perl Source Code Linter,Perl,https://github.com/moznion/Perl-Lint,789.00 KB
810,vast-tools,95,29,95,8,18/06/2014,29/04/2026,69.28 MB,A toolset for profiling alternative splicing events in RNA-Seq data.,Perl,https://github.com/vastgroup/vast-tools,69.28 MB
811,ledger2beancount,95,15,95,23,17/03/2018,14/06/2026,1.16 MB,Ledger to Beancount text-based converter,Perl,https://github.com/beancount/ledger2beancount,1.16 MB
812,Minilla,95,63,95,35,19/03/2013,17/12/2025,1.62 MB,Authorizing tool for CPAN modules,Perl,https://github.com/tokuhirom/Minilla,1.62 MB
813,pgshark,95,11,95,2,20/02/2011,29/01/2021,485.00 KB,Messing with PostgreSQL network traffic to make some usefull things,Perl,https://github.com/dalibo/pgshark,485.00 KB
814,TuyOTA,95,12,95,6,15/01/2019,26/01/2019,418.00 KB,Flashing Tuya devices with Tasmota firmware.,Perl,https://github.com/SynAckFin/TuyOTA,418.00 KB
815,kali-windows-binaries,94,34,94,0,20/01/2016,04/01/2021,3.97 MB,Windows binaries from Kali Linux : http://git.kali.org/gitweb/?p=packages/windows-binaries.git;a=summary,Perl,https://github.com/interference-security/kali-windows-binaries,3.97 MB
816,eris,94,4,94,7,05/10/2018,09/02/2022,127.00 KB,Serve your /nix/store directory over the internet :sparkles:,Perl,https://github.com/thoughtpolice/eris,127.00 KB
817,sieve-connect,94,6,94,2,22/04/2013,26/01/2022,199.00 KB,A client for the MANAGESIEVE Protocol,Perl,https://github.com/philpennock/sieve-connect,199.00 KB
818,p5-app-dubioushttp,94,22,94,1,06/06/2013,18/09/2023,430.00 KB,use ambiguous HTTP to circumvent security systems,Perl,https://github.com/noxxi/p5-app-dubioushttp,430.00 KB
819,git-what-branch,93,13,93,0,21/09/2010,30/12/2011,841.00 KB,"Discover what branch a commit is on, or how it got to a named branch",Perl,https://github.com/SethRobertson/git-what-branch,841.00 KB
820,india-religion-politics,92,33,92,0,31/01/2016,22/09/2026,1.22 GB,Data on religion and politics in India,Perl,https://github.com/raphael-susewind/india-religion-politics,1.22 GB
821,albituzka,92,18,92,1,19/02/2022,19/08/2025,122.77 MB,Reverzní inženýrství Albi Kouzelného čtení,Perl,https://github.com/jindroush/albituzka,122.77 MB
822,eJPT,92,30,92,0,07/05/2020,27/05/2020,38.00 KB,Some knowledge learnt during the eJPT studying.,Perl,https://github.com/d3m0n4l3x/eJPT,38.00 KB
823,perl-systemtap-toolkit,92,12,92,2,31/05/2013,01/02/2020,12.00 KB,Real-time analyzing and diagnosing tools for perl 5 based on SystemTap,Perl,https://github.com/agentzh/perl-systemtap-toolkit,12.00 KB
824,biosql,92,32,92,21,29/07/2010,18/02/2019,3.70 MB,,Perl,https://github.com/biosql/biosql,3.70 MB
825,os-autoinst-distri-opensuse,91,305,91,175,11/03/2014,01/10/2026,441.49 MB,os-autoinst test cases for openSUSE,Perl,https://github.com/os-autoinst/os-autoinst-distri-opensuse,441.49 MB
826,mbase,91,5,91,1,05/09/2014,27/12/2019,607.00 KB,Metaprogramming framework for .net,Perl,https://github.com/combinatorylogic/mbase,607.00 KB
827,pve-common,91,36,91,4,09/12/2012,22/09/2026,1.99 MB,Proxmox Project's Common Perl Code,Perl,https://github.com/proxmox/pve-common,1.99 MB
828,circos,91,31,91,4,13/10/2010,29/10/2018,40.03 MB,Circos is a software package for visualizing data and information. It visualizes data in a circular layout — this makes Circos ideal for exploring relationships between objects or positions.,Perl,https://github.com/vigsterkr/circos,40.03 MB
829,ansible-playbook,91,75,91,12,18/09/2014,01/06/2026,739.00 KB,An Ansible playbook for automated deployment of full-stack Plone servers.,Perl,https://github.com/plone/ansible-playbook,739.00 KB
830,jenkins-cli,91,13,91,3,19/05/2012,20/11/2015,74.00 KB,Simple Jenkins Command Line Interface,Perl,https://github.com/Netflix-Skunkworks/jenkins-cli,74.00 KB
831,tsvm,91,31,91,2,09/07/2014,05/02/2015,66.42 MB,experiments testing transductive svm for my blog posts,Perl,https://github.com/CalculatedContent/tsvm,66.42 MB
832,irssi-libnotify,91,20,91,3,13/03/2015,12/11/2019,34.00 KB,Automatically exported from code.google.com/p/irssi-libnotify,Perl,https://github.com/stickster/irssi-libnotify,34.00 KB
833,cpanpm,90,73,90,72,10/12/2008,12/09/2026,14.17 MB,CPAN.pm,Perl,https://github.com/andk/cpanpm,14.17 MB
834,Template-Mustache,90,21,90,1,31/03/2010,31/01/2024,355.00 KB,"Drawing Mustaches on Perl, for fun and profit",Perl,https://github.com/yanick/Template-Mustache,355.00 KB
835,zap2xml,90,70,90,6,19/07/2017,20/09/2026,54.00 KB,Docker container for zap2xml,Perl,https://github.com/shuaiscott/zap2xml,54.00 KB
836,ru4sphinx,90,40,90,1,04/02/2011,06/06/2016,155.51 MB,Creating Russian voice model for cmu-sphinx,Perl,https://github.com/zamiron/ru4sphinx,155.51 MB
837,phyloFlash,90,27,90,51,17/02/2015,27/10/2023,17.70 MB,phyloFlash - A pipeline to rapidly reconstruct the SSU rRNAs and explore phylogenetic composition of an illumina (meta)genomic dataset.,Perl,https://github.com/HRGV/phyloFlash,17.70 MB
838,yaml-grammar,90,20,90,8,29/12/2019,26/11/2024,2.29 MB,,Perl,https://github.com/yaml/yaml-grammar,2.29 MB
839,Events-Ripper,90,10,90,0,27/06/2022,09/02/2025,2.85 MB,"Project based on RegRipper, to extract add'l value/pivot points from TLN events file",Perl,https://github.com/keydet89/Events-Ripper,2.85 MB
840,ViewBS,90,28,90,0,07/07/2016,23/05/2026,7.97 MB,ViewBS - a powerful toolkit for visualization of high-throughput bisulfite sequencing data,Perl,https://github.com/xie186/ViewBS,7.97 MB
841,livejournal,90,25,90,0,03/05/2015,14/04/2022,130.79 MB,LiveJournal Server Source Code (stale history from before it went closed-source),Perl,https://github.com/apparentlymart/livejournal,130.79 MB
842,CAN-RE-Tool,90,9,90,0,24/04/2012,30/03/2021,1.64 MB,A reverse engineering tool for systems based on CAN bus communications,Perl,https://github.com/openvehicles/CAN-RE-Tool,1.64 MB
843,html-formhandler,90,74,90,33,12/01/2009,11/09/2026,5.41 MB,a Perl Moose HTML form handler,Perl,https://github.com/gshank/html-formhandler,5.41 MB
844,harmony,90,31,90,40,02/12/2017,18/09/2026,63.55 MB,next generation bugzilla,Perl,https://github.com/bugzilla/harmony,63.55 MB
845,goodreads-toolbox,90,7,90,16,16/05/2018,29/01/2023,2.13 MB,"9 tools for Goodreads.com, for finding people based on the books they’ve read, finding books popular among the people you follow, following new book reviews, etc",Perl,https://github.com/andre-st/goodreads-toolbox,2.13 MB
846,oddmuse,89,14,89,6,23/02/2015,25/07/2025,9.31 MB,A simple wiki engine written in Perl. No database required.,Perl,https://github.com/kensanata/oddmuse,9.31 MB
847,bluesniff,89,14,89,2,01/08/2015,01/08/2015,140.00 KB,Bluesniff,Perl,https://github.com/0x646e78/bluesniff,140.00 KB
848,FazScan,89,33,89,4,23/03/2019,16/06/2019,2.00 MB,| FazScan is a Perl program to do some vulnerability scanning and pentesting |,Perl,https://github.com/mfazrinizar/FazScan,2.00 MB
849,rdpieces,89,11,89,1,16/05/2020,29/08/2023,17.90 MB,The home of the BriMor Labs rdpieces Perl script that tries to rebuild parsed RDP Bitmap Cache images,Perl,https://github.com/brimorlabs/rdpieces,17.90 MB
850,DJabberd,89,35,89,14,24/05/2010,26/12/2020,1.63 MB,The main DJabberd source,Perl,https://github.com/djabberd/DJabberd,1.63 MB
851,elasticsearch-perl,89,60,89,6,22/06/2013,30/01/2025,2.97 MB,Official Perl low-level client for Elasticsearch.,Perl,https://github.com/elastic/elasticsearch-perl,2.97 MB
852,docor,89,10,89,1,05/09/2013,12/05/2015,287.00 KB,a smart and tiny README maker using default manifest package.json,Perl,https://github.com/guo-yu/docor,287.00 KB
853,spamassassin-dqs,89,20,89,12,02/07/2019,25/09/2026,185.00 KB,Spamhaus code for the Spamassassin plugin. See https://docs.spamhaustech.com/40-real-world-usage/SpamAssassin/000-intro.html,Perl,https://github.com/spamhaus/spamassassin-dqs,185.00 KB
854,ifcmerge,88,8,88,6,28/05/2022,07/04/2026,6.52 MB,A three-way-merge tool for IFC files,Perl,https://github.com/brunopostle/ifcmerge,6.52 MB
855,Ubic,88,28,88,27,28/04/2010,25/07/2023,1.46 MB,Polymorphic service manager.,Perl,https://github.com/berekuk/Ubic,1.46 MB
856,Apachetop,88,5,88,0,21/05/2010,08/05/2019,87.00 KB,"Apachetop is a console-based tool for monitoring the threads and overall performance of a set of Apache web servers, using the server-status information pages in Apache.",Perl,https://github.com/JeremyJones/Apachetop,87.00 KB
857,wengan,88,14,88,11,04/03/2019,10/04/2024,144.00 KB,An accurate and ultra-fast hybrid genome assembler,Perl,https://github.com/adigenova/wengan,144.00 KB
858,demeter,88,37,88,29,03/03/2011,03/06/2025,80.59 MB,Process and analyze X-ray Absorption Spectroscopy data using Feff and either Larch or Ifeffit.,Perl,https://github.com/bruceravel/demeter,80.59 MB
859,pcap2squid,88,7,88,0,06/01/2022,12/04/2023,761.00 KB,Recieve raw network trafic dump in pcap-format and parse it to squid-proxy log. Then generate report for lightsquid and shows it in Web UI,Perl,https://github.com/aleksandr-oliferuk/pcap2squid,761.00 KB
860,http-redirector,88,8,88,44,07/02/2012,27/04/2016,451.00 KB,Debian mirrors HTTP redirector,Perl,https://github.com/rgeissert/http-redirector,451.00 KB
861,aws-map,88,12,88,6,09/10/2017,05/08/2019,133.00 KB,Make a network graph of an AWS region,Perl,https://github.com/pplu/aws-map,133.00 KB
862,UD_Russian-SynTagRus,88,8,88,16,29/04/2016,06/05/2026,695.93 MB,Russian data from the SynTagRus corpus.,Perl,https://github.com/UniversalDependencies/UD_Russian-SynTagRus,695.93 MB
863,geta,88,29,88,34,05/01/2018,30/09/2026,19.21 MB,,Perl,https://github.com/chenlianfu/geta,19.21 MB
864,perldotcom,88,95,88,48,09/10/2017,01/10/2026,273.44 MB,The source code for Perl.com website ,Perl,https://github.com/perladvent/perldotcom,273.44 MB
865,poe,88,26,88,5,05/09/2009,13/10/2022,10.38 MB,POE is a portable perl multitasking and networking framework for any event loop.,Perl,https://github.com/rcaputo/poe,10.38 MB
866,P5-App-Asciio,87,9,87,52,21/10/2011,30/03/2026,106.21 MB,Plain ASCII diagram,Perl,https://github.com/nkh/P5-App-Asciio,106.21 MB
867,Parsing-RepeatMasker-Outputs,87,31,87,1,28/04/2014,25/05/2021,154.00 KB,Few scripts facilitating the extraction of info from Repeat Masker .out files ,Perl,https://github.com/4ureliek/Parsing-RepeatMasker-Outputs,154.00 KB
868,NewsUP,87,11,87,2,25/04/2013,20/08/2020,232.65 MB,Fully feature high performance binary usenet uploader/poster,Perl,https://github.com/demanuel/NewsUP,232.65 MB
869,markdown2impress,87,14,87,0,14/02/2012,23/01/2014,168.00 KB,markdown2impress is script to convert markdown into presentation using impress.js.,Perl,https://github.com/yoshiki/markdown2impress,168.00 KB
870,vcxproj2cmake,87,30,87,9,16/05/2011,22/06/2016,17.00 KB,Convert Visual studio 2010 project(vcxproj) to CMakeFile.txt,Perl,https://github.com/ainvyu/vcxproj2cmake,17.00 KB
871,p5-Teng,87,39,87,13,06/01/2011,06/03/2024,866.00 KB,simple DBI wrapper/ORMapper,Perl,https://github.com/nekokak/p5-Teng,866.00 KB
872,moedict-data-twblg,87,31,87,22,29/03/2013,02/05/2023,28.05 MB,臺灣閩南語常用詞辭典 資料檔,Perl,https://github.com/g0v/moedict-data-twblg,28.05 MB
873,ni,87,8,87,6,22/02/2015,09/03/2026,19.55 MB,"Say ""ni"" to data of any size",Perl,https://github.com/spencertipping/ni,19.55 MB
874,opsboy,87,11,87,2,27/03/2012,16/05/2026,1.58 MB,A rule-based sysadmin tool that helps setting up complex environment for blank machines,Perl,https://github.com/openresty/opsboy,1.58 MB
875,mbzdb,86,32,86,33,15/06/2010,05/08/2017,294.00 KB,🎵 Port of the MusicBrainz database to run on other RDBMSs with replication (previously named MB_MySQL.),Perl,https://github.com/elliotchance/mbzdb,294.00 KB
876,stf,86,8,86,5,28/11/2011,21/10/2014,2.24 MB,STF - Distributed Object Storage (Perl/MySQL/(Q4M|TheSchwartz|Resque|Redis)/Memcached),Perl,https://github.com/stf-storage/stf,2.24 MB
877,Spotify-tools,86,8,86,0,30/12/2012,24/04/2026,526.00 KB,"Spotify Tools - Playlists Backups, Spotify CLI, URI translator, duplication detection / removal, API search queries, API automation etc.",Perl,https://github.com/HariSekhon/Spotify-tools,526.00 KB
878,kodi-playercorefactory,86,69,86,0,12/09/2015,18/07/2019,1.05 MB,kodi playercorefactory.xml players to play and record videos and bash scripts,Perl,https://github.com/NapoleonWils0n/kodi-playercorefactory,1.05 MB
879,myawr,86,61,86,0,22/05/2013,22/08/2013,174.00 KB,awr of MySQL,Perl,https://github.com/noodba/myawr,174.00 KB
880,ilbot,86,25,86,14,25/11/2009,04/06/2018,932.00 KB,IRC logging bot and web frontend,Perl,https://github.com/moritz/ilbot,932.00 KB
881,riakfuse,86,4,86,0,13/05/2010,16/06/2010,144.00 KB,Filesystem backed by riak,Perl,https://github.com/crucially/riakfuse,144.00 KB
882,logbot,86,43,86,0,06/07/2012,10/01/2020,895.00 KB,IRC logging bot,Perl,https://github.com/globau/logbot,895.00 KB
883,Learning-Perl-Sample-Files,86,26,86,0,11/07/2011,19/02/2022,3.89 MB,Extra files for use with Learning Perl,Perl,https://github.com/briandfoy/Learning-Perl-Sample-Files,3.89 MB
884,docker-proxify,86,15,86,3,24/05/2014,01/10/2018,24.00 KB,Allows building and running docker container images from behind a corporate proxy,Perl,https://github.com/wtsi-hgi/docker-proxify,24.00 KB
885,api-sanity-checker,85,11,85,20,02/10/2012,26/12/2019,594.00 KB,An automatic generator of basic unit tests for a C/C++ library,Perl,https://github.com/lvc/api-sanity-checker,594.00 KB
886,unbrick_8960,85,57,85,0,27/09/2014,17/12/2017,26.46 MB,[DEPRECATED] A tool for unbricking MSM8960 devices in QDLOAD/SDBOOT mode,Perl,https://github.com/jareddantis/unbrick_8960,26.46 MB
887,ensembl,85,77,85,2,17/12/2013,15/09/2026,60.35 MB,The Ensembl Core Perl API and SQL schema,Perl,https://github.com/Ensembl/ensembl,60.35 MB
888,bootylicious,85,12,85,1,29/07/2009,04/05/2017,997.00 KB,LIghtweight blog engine on Mojo steroids!,Perl,https://github.com/vti/bootylicious,997.00 KB
889,Statocles,85,34,85,116,29/04/2014,23/08/2026,4.44 MB,Static website CMS,Perl,https://github.com/preaction/Statocles,4.44 MB
890,mapping_pipeline,85,26,85,12,29/11/2017,22/05/2024,2.00 MB,Mapping pipeline for data generated using Arima-HiC,Perl,https://github.com/ArimaGenomics/mapping_pipeline,2.00 MB
891,project,84,36,84,18,22/11/2013,22/02/2022,905.00 KB,Overall project configuration and documentation,Perl,https://github.com/Open-TEE/project,905.00 KB
892,snmp,84,34,84,1,01/06/2015,12/02/2024,9.00 KB,SNMP data gather scripts,Perl,https://github.com/dheiland-r7/snmp,9.00 KB
893,lynis-report-converter,84,22,84,2,02/06/2016,30/03/2025,243.00 KB,"Manageable report from lynis text output, in various formats.",Perl,https://github.com/d4t4king/lynis-report-converter,243.00 KB
894,serf-hosts,84,8,84,0,28/10/2013,14/08/2014,296.00 KB,,Perl,https://github.com/kentaro/serf-hosts,296.00 KB
895,nas_fan_control,84,32,84,2,13/01/2017,11/07/2026,293.00 KB,collection of scripts to control fan speed on NAS boxes,Perl,https://github.com/khorton/nas_fan_control,293.00 KB
896,Perl-Build,84,37,84,1,12/01/2013,17/05/2023,4.01 MB,,Perl,https://github.com/tokuhirom/Perl-Build,4.01 MB
897,ZANSIN,84,9,84,2,07/12/2023,14/09/2026,23.27 MB,,Perl,https://github.com/ZANSIN-sec/ZANSIN,23.27 MB
898,mirna,83,45,83,4,14/08/2015,18/01/2022,76.55 MB,microRNA profiling pipeline,Perl,https://github.com/bcgsc/mirna,76.55 MB
899,cinnamon,83,33,83,6,22/02/2012,23/08/2015,614.00 KB,a simple deploy tool,Perl,https://github.com/kentaro/cinnamon,614.00 KB
900,inphared,83,10,83,5,14/01/2021,16/04/2025,5.50 MB,"Providing up-to-date phage genome databases, metrics and useful input files for a number of bioinformatic pipelines.",Perl,https://github.com/RyanCook94/inphared,5.50 MB
901,Act,83,62,83,33,07/07/2011,01/10/2026,2.81 MB,A Conference Toolkit (Git conversion of the Subversion repository),Perl,https://github.com/book/Act,2.81 MB
902,chip,83,7,83,0,25/03/2011,29/10/2014,399.00 KB,"A log file multiplexer and monitor. Tail multiple remote or local log files, set actions, and more. A friend to every developer and system admin. Alpha.",Perl,https://github.com/katzgrau/chip,399.00 KB
903,unipicker,83,15,83,7,25/08/2015,02/01/2024,1.88 MB,Search unicode characters in console and copy to clipboard,Perl,https://github.com/jeremija/unipicker,1.88 MB
904,p5-sisimai,83,26,83,6,15/08/2014,30/09/2026,12.33 MB,Mail Analyzing Interface for email bounce: A Perl module to parse RFC5322 bounce mails and generating structured data as JSON from parsed results. Formerly known as bounceHammer 4: an error mail analyzer.,Perl,https://github.com/sisimai/p5-sisimai,12.33 MB
905,SDL,83,30,83,103,01/08/2009,12/04/2026,29.18 MB,Rehashing the old perl SDL binding on cpan.org,Perl,https://github.com/PerlGameDev/SDL,29.18 MB
906,memcache-top,83,28,83,0,28/11/2012,20/11/2017,10.00 KB,"""top"" for memcache - watch the traffic and other stats in real-time.  Yoikes. Forked from Nicholas Tang's Google Code project.",Perl,https://github.com/eculver/memcache-top,10.00 KB
907,PhyloSift,82,19,82,104,29/10/2010,17/02/2016,168.40 MB,Phylogenetic and taxonomic analysis for genomes and metagenomes,Perl,https://github.com/gjospin/PhyloSift,168.40 MB
908,cpanfile,82,24,82,17,12/11/2011,25/03/2020,179.00 KB,Yet another way to declare CPAN dependencies ,Perl,https://github.com/miyagawa/cpanfile,179.00 KB
909,Embedded-C,82,11,82,0,12/11/2023,30/10/2025,489.00 KB,"Embedded-C provides tutorials and examples for C programming tailored for microcontrollers, focusing on essential concepts and memory management.",Perl,https://github.com/aKaReZa75/Embedded-C,489.00 KB
910,utils,82,9,82,0,02/04/2010,26/12/2025,8.29 MB,Small useful utilities for everyday work,Perl,https://github.com/trapd00r/utils,8.29 MB
911,colorize,82,8,82,0,04/01/2010,20/12/2024,403.00 KB,Log colorizer perl script,Perl,https://github.com/raszi/colorize,403.00 KB
912,sytest,82,63,82,89,28/08/2014,29/09/2026,4.16 MB,Black-box integration testing for Matrix homeservers,Perl,https://github.com/matrix-org/sytest,4.16 MB
913,nginx-lua-stuff,82,14,82,1,12/06/2013,05/05/2014,7.85 MB,some libs for NginX-Lua integration,Perl,https://github.com/mindreframer/nginx-lua-stuff,7.85 MB
914,Net-Twitter,82,37,82,5,28/01/2009,30/07/2023,1.17 MB,A Perl interface to the Twitter APIs,Perl,https://github.com/semifor/Net-Twitter,1.17 MB
915,hard-dj,82,15,82,3,15/06/2012,22/10/2018,1.72 MB,arduino based DJ MIDI cotroller using Harddisks as jog wheels,Perl,https://github.com/robelix/hard-dj,1.72 MB
916,relocatable-perl,82,13,82,1,05/07/2014,16/07/2026,401.00 KB,"self-contained, portable perl binaries",Perl,https://github.com/skaji/relocatable-perl,401.00 KB
917,biodiverse,82,19,82,62,27/03/2015,29/09/2026,469.88 MB,A tool for the spatial analysis of diversity,Perl,https://github.com/shawnlaffan/biodiverse,469.88 MB
918,cal-open-library,82,48,82,3,30/06/2017,20/01/2020,489.00 KB,C/AL Open Library is a repository for .NET Interop wrappers that will be included into Dynamics 365 for Financials and usable from Extensions V2,Perl,https://github.com/microsoft/cal-open-library,489.00 KB
919,iOSEmoji,82,14,82,0,02/02/2012,25/06/2014,17.95 MB,information about unicode6 emoji used in iOS5,Perl,https://github.com/punchdrunker/iOSEmoji,17.95 MB
920,sql-translator,81,90,81,72,02/02/2011,27/09/2026,7.91 MB,SQL::Translator (SQLFairy),Perl,https://github.com/dbsrgits/sql-translator,7.91 MB
921,SVanalyzer,81,13,81,7,13/06/2017,23/02/2026,2.76 MB,Tools for the analysis of structural variation in genomes,Perl,https://github.com/nhansen/SVanalyzer,2.76 MB
922,catfasta2phyml,80,23,80,0,20/12/2012,30/09/2024,71.00 KB,"Concatenates FASTA formatted files to one ""phyml"" (PHYLIP) formatted file",Perl,https://github.com/nylander/catfasta2phyml,71.00 KB
923,perlsecret,80,21,80,6,14/03/2012,09/01/2026,160.00 KB,The perl secret operators,Perl,https://github.com/book/perlsecret,160.00 KB
924,sendmailanalyzer,80,14,80,3,12/03/2012,13/09/2026,1.30 MB,Sendmail log Analyzer is a tool to monitor sendmail usage and generate HTML and graph reports. It reports all you ever wanted to know about email trafic on your network. You can also use it in ISP environment with per domain and per mailbox report.,Perl,https://github.com/darold/sendmailanalyzer,1.30 MB
925,curso-tdd,80,123,80,9,21/10/2019,12/03/2022,10.25 MB,Curso de desarrollo para asegurar la calidad del software,Perl,https://github.com/JJ/curso-tdd,10.25 MB
926,prolog_puzzles,80,4,80,0,11/03/2013,15/10/2020,357.00 KB,Prolog puzzles for fun and profit (mostly fun),Perl,https://github.com/maebert/prolog_puzzles,357.00 KB
927,design-center,80,65,80,44,22/12/2011,17/02/2023,8.21 MB,CFEngine community-contributed content,Perl,https://github.com/cfengine/design-center,8.21 MB
928,ack-tutorial,80,7,80,1,12/04/2011,12/06/2011,108.00 KB,,Perl,https://github.com/djanowski/ack-tutorial,108.00 KB
929,GUIDeFATE,80,6,80,5,08/02/2018,22/06/2022,49.59 MB,GUI Design From A Text Editor,Perl,https://github.com/saiftynet/GUIDeFATE,49.59 MB
930,multi-metagenome,80,43,80,17,06/09/2012,14/06/2016,78.75 MB,Scripts and tutorials on how to assemble individual microbial genomes from metagenomes,Perl,https://github.com/MadsAlbertsen/multi-metagenome,78.75 MB
931,task-kensho,80,19,80,22,11/01/2009,03/07/2021,525.00 KB,A Glimpse at an Enlightned Perl Distribution,Perl,https://github.com/EnlightenedPerlOrganisation/task-kensho,525.00 KB
932,manubulon-snmp,80,68,80,21,26/09/2012,13/03/2024,596.00 KB,Set of Icinga/Nagios plugins to check hosts and hardware with the SNMP protocol.,Perl,https://github.com/SteScho/manubulon-snmp,596.00 KB
933,PPCs,80,28,80,15,04/06/2021,26/08/2026,725.00 KB,This repository is for Proposed Perl Changes - proposals to change the Perl language.,Perl,https://github.com/Perl/PPCs,725.00 KB
934,postfwd,80,14,80,11,16/10/2014,30/07/2020,947.00 KB,Postfwd - http://www.postfwd.org,Perl,https://github.com/postfwd/postfwd,947.00 KB
935,xdev68k,80,8,80,7,16/02/2022,06/12/2025,35.10 MB,Cross development environment for the SHARP X68K.,Perl,https://github.com/yosshin4004/xdev68k,35.10 MB
936,MacFolket,80,4,80,2,15/05/2012,21/04/2026,415.00 KB,A Swedish <-> English Dictionary || svensk <-> engelsk ordbok for Mac OS X,Perl,https://github.com/hashier/MacFolket,415.00 KB
937,coraza-nginx,79,12,79,5,16/02/2022,01/10/2026,875.00 KB,Coraza NGINX Experimental Connector,Perl,https://github.com/corazawaf/coraza-nginx,875.00 KB
938,orthomcl-pipeline,79,36,79,9,01/04/2014,31/07/2020,89.00 KB,Automates running of OrthoMCL software from http://orthomcl.org/common/downloads/software/v2.0/,Perl,https://github.com/apetkau/orthomcl-pipeline,89.00 KB
939,perlweb,79,103,79,2,11/06/2011,12/09/2026,12.94 MB,Various perl.org websites,Perl,https://github.com/perlorg/perlweb,12.94 MB
940,afterglow,79,13,79,3,14/04/2013,01/10/2015,223.00 KB,graph visualization tool,Perl,https://github.com/zrlram/afterglow,223.00 KB
941,App-TimeTracker,79,21,79,3,03/11/2009,23/09/2021,762.00 KB,distributed timetracking from the commandline,Perl,https://github.com/domm/App-TimeTracker,762.00 KB
942,check_smart,79,22,79,7,08/07/2013,18/08/2026,144.00 KB,"Monitoring Plugin to check hard drives, solid state drives and NVMe drives using SMART",Perl,https://github.com/Napsty/check_smart,144.00 KB
943,T450-Hackintosh,79,19,79,0,03/10/2015,16/07/2016,10.12 MB,T450-Hackintosh,Perl,https://github.com/shmilee/T450-Hackintosh,10.12 MB
944,EDGE,79,33,79,5,28/01/2014,01/06/2026,186.63 MB,EDGE is a highly adaptable bioinformatics platform that allows laboratories to quickly analyze and interpret genomic sequence data. ,Perl,https://github.com/LANL-Bioinformatics/EDGE,186.63 MB
945,calorific,79,3,79,0,06/04/2010,28/05/2010,106.00 KB,Command-line nutrient tracking tool,Perl,https://github.com/peterkeen/calorific,106.00 KB
946,mibs,78,32,78,1,07/10/2017,01/07/2026,46.00 MB,"A collection of MIBS used for SNMP I have accumulated over the last 20+ years, works with NET-SNMP tools.",Perl,https://github.com/kcsinclair/mibs,46.00 MB
947,gms,78,23,78,25,28/08/2013,10/07/2015,64.06 MB,The Genome Modeling System installer,Perl,https://github.com/genome/gms,64.06 MB
948,fluent-agent-lite,78,14,78,0,01/03/2012,18/08/2015,417.00 KB,Lightweight log delivery agent works w/ fluentd,Perl,https://github.com/tagomoris/fluent-agent-lite,417.00 KB
949,sqlninja,78,35,78,0,19/09/2014,19/09/2014,704.00 KB,SQL Injection Tool,Perl,https://github.com/xxgrunge/sqlninja,704.00 KB
950,Capcomvs.SNK2-EnglishPatchDreamcast,78,1,78,0,07/06/2024,08/05/2026,3.10 MB,"English translation patch for the Sega Dreamcast game ""Capcom vs. SNK 2"".",Perl,https://github.com/DerekPascarella/Capcomvs.SNK2-EnglishPatchDreamcast,3.10 MB
951,LANraragi_Chinese,78,4,78,4,02/07/2023,14/04/2024,14.13 MB,全新稳定更新的LANraragi中文汉化翻译项目,Perl,https://github.com/WindyCloudCute/LANraragi_Chinese,14.13 MB
952,Slicer4RTN,78,11,78,3,22/03/2021,12/07/2021,294.00 KB,Conic slicer utilizing planar slicers for 4-axis Rotating Tilted Nozzle (RTN) 3D printers,Perl,https://github.com/Spiritdude/Slicer4RTN,294.00 KB
953,opcodesDB,78,14,78,2,09/01/2017,15/03/2020,1.35 MB,x86-64 | ARM (AArch32/AArch64/THUMB) full instruction set.,Perl,https://github.com/MahdiSafsafi/opcodesDB,1.35 MB
954,antibody_benchmark,78,12,78,0,28/01/2020,17/11/2020,73.15 MB,Antibody-Antigen Docking and Affinity Benchmark,Perl,https://github.com/piercelab/antibody_benchmark,73.15 MB
955,titlecase,78,8,78,4,28/07/2008,16/10/2024,58.00 KB,John Gruber’s Title Case,Perl,https://github.com/ap/titlecase,58.00 KB
956,Maltego-Facebook,78,31,78,12,15/04/2012,14/12/2017,95.45 MB,Maltego Local Transforms for Facebook,Perl,https://github.com/cmlh/Maltego-Facebook,95.45 MB
957,HERA,78,21,78,15,26/06/2019,04/12/2019,7.51 MB,,Perl,https://github.com/liangclab/HERA,7.51 MB
958,hURL,78,16,78,2,06/06/2011,28/09/2017,148.00 KB,hexadecimal & URL encoder + decoder,Perl,https://github.com/fnord0/hURL,148.00 KB
959,Autodatamosh,78,13,78,2,12/10/2009,26/11/2015,26.00 KB,Perl script that automatically datamoshes MPEG4-encoded AVI videos.,Perl,https://github.com/grampajoe/Autodatamosh,26.00 KB
960,doxygen-lua,78,22,78,2,14/01/2010,30/10/2012,163.00 KB,Make Doxygen support Lua,Perl,https://github.com/alecchen/doxygen-lua,163.00 KB
961,Feersum,77,15,77,0,06/05/2010,25/09/2026,931.00 KB,A PSGI engine for Perl based on EV/libev,Perl,https://github.com/stash/Feersum,931.00 KB
962,jpgramma-cn-pdf-converter,77,2,77,1,05/11/2018,10/10/2021,67.00 KB,一个将日语语法指南网页版转成pdf的小工具,Perl,https://github.com/jim-kirisame/jpgramma-cn-pdf-converter,67.00 KB
963,nocgen,77,21,77,1,30/12/2019,30/12/2019,53.00 KB,NoC (Network-on-Chip) generator that generates Verilog HDL model of NoC consisting of on-chip routers,Perl,https://github.com/matutani/nocgen,53.00 KB
964,doona,77,23,77,3,01/05/2012,17/02/2022,115.00 KB,Network based protocol fuzzer,Perl,https://github.com/wireghoul/doona,115.00 KB
965,sparrow,77,6,77,3,24/11/2015,13/01/2021,829.00 KB,Sparrow - script distribution platform for Linux OS,Perl,https://github.com/melezhik/sparrow,829.00 KB
966,Gazelle,77,20,77,8,17/10/2014,07/05/2026,311.00 KB,Preforked Plack Handler for performance freaks,Perl,https://github.com/kazeburo/Gazelle,311.00 KB
967,sd,77,14,77,1,24/02/2009,03/03/2011,3.05 MB,A distributed issue tracker; upstream is now http://gitorious.org/prophet,Perl,https://github.com/bestpractical/sd,3.05 MB
968,rick-sanders-imap-tools,77,26,77,1,03/01/2018,17/10/2020,675.00 KB,What is the IMAP Tools Set? It is a set of Perl programs for use with IMAP servers.,Perl,https://github.com/andrewnimmo/rick-sanders-imap-tools,675.00 KB
969,NunitoFont,77,26,77,4,22/04/2012,03/08/2016,7.44 MB,repo for the Nunito Font family,Perl,https://github.com/vernnobile/NunitoFont,7.44 MB
970,linuxhacker,77,9,77,0,12/11/2023,31/01/2024,39.00 KB,一款linux 内网渗透辅助工具,Perl,https://github.com/TheBeastofwar/linuxhacker,39.00 KB
971,fwsnort,77,16,77,10,13/06/2011,26/11/2018,4.67 MB,Application Layer IDS/IPS with iptables,Perl,https://github.com/mrash/fwsnort,4.67 MB
972,lnav-formats,77,19,77,4,25/06/2015,20/02/2025,49.00 KB,Log format description files for lnav,Perl,https://github.com/PaulWay/lnav-formats,49.00 KB
973,gollum-demo,77,185,77,4,04/08/2010,18/06/2024,2.33 MB,Gollum test repo,Perl,https://github.com/mojombo/gollum-demo,2.33 MB
974,UNISOC_SPRD_PAC_UNPAC,77,18,77,2,10/10/2022,10/10/2022,98.00 KB,紫光展锐展讯SPRD刷机包pac文件解包提取img文件。Extract Images from .pac file from Spreadtrum Unisoc SPRD.,Perl,https://github.com/NasdaqGodzilla/UNISOC_SPRD_PAC_UNPAC,98.00 KB
975,naglio-plugins,77,53,77,26,17/04/2012,08/06/2020,1.50 MB,Monitoring Plugins by William Leibzon,Perl,https://github.com/willixix/naglio-plugins,1.50 MB
976,CSCv2,77,12,77,1,10/10/2017,02/12/2018,4.30 MB,Version 2 of my Crazy Small CPU,Perl,https://github.com/DoctorWkt/CSCv2,4.30 MB
977,MPC,77,63,77,23,04/12/2014,29/09/2026,7.44 MB,"MPC (The Makefile, Project, and Workspace Creator)",Perl,https://github.com/DOCGroup/MPC,7.44 MB
978,sitelen-mute,77,7,77,5,03/03/2018,09/01/2023,19.57 MB,a static image gallery creator,Perl,https://github.com/kensanata/sitelen-mute,19.57 MB
979,cpscam,77,11,77,0,21/01/2015,21/01/2015,136.00 KB,Bypass captive portals by impersonating inactive users,Perl,https://github.com/codewatchorg/cpscam,136.00 KB
980,profile,77,47,77,2,26/08/2008,17/09/2014,341.00 KB,My Bash profile,Perl,https://github.com/matschaffer/profile,341.00 KB
981,BIGSdb,77,24,77,87,06/06/2014,25/09/2026,398.78 MB,Bacterial Isolate Genome Sequence Database (BIGSdb): A platform for gene-by-gene bacterial population annotation and analysis.,Perl,https://github.com/kjolley/BIGSdb,398.78 MB
982,open-lid-dataset,76,6,76,4,01/12/2022,01/04/2025,202.00 KB,"Repository accompanying ""An Open Dataset and Model for Language Identification"" (Burchell et al., 2023)",Perl,https://github.com/laurieburchell/open-lid-dataset,202.00 KB
983,webc,76,37,76,47,20/02/2012,04/07/2021,6.30 GB,Webconverger's curated chroot from which updates originate,Perl,https://github.com/Webconverger/webc,6.30 GB
984,eesen-for-thchs30,76,29,76,9,19/12/2016,01/06/2018,93.00 KB,ASR for Chinese Mandarin,Perl,https://github.com/Sundy1219/eesen-for-thchs30,93.00 KB
985,parsyncfp2,76,5,76,14,25/02/2022,02/06/2025,847.00 KB,MultiHost parallel rsync wrapper,Perl,https://github.com/hjmangalam/parsyncfp2,847.00 KB
986,reference-coreference-scorers,76,21,76,10,11/03/2015,13/04/2018,171.00 KB,This is the reference implementation of commonly used coreference metrics.,Perl,https://github.com/conll/reference-coreference-scorers,171.00 KB
987,.dots,76,3,76,0,05/05/2014,25/09/2026,13.65 MB,:computer: All of my dotfiles.,Perl,https://github.com/metakirby5/.dots,13.65 MB
988,xcode-text-macros,76,6,76,0,29/01/2010,22/01/2012,133.00 KB,Some XCode text macros plus a macro overview HTML page generator,Perl,https://github.com/liyanage/xcode-text-macros,133.00 KB
989,OpenDDR-Resources,76,9,76,23,05/04/2012,28/03/2014,6.14 MB,OpenDDR resources,Perl,https://github.com/OpenDDRdotORG/OpenDDR-Resources,6.14 MB
990,NppExtension,76,103,76,1,30/05/2016,03/03/2019,215.00 KB, :smiley: Language extension for notepad++,Perl,https://github.com/ice1000/NppExtension,215.00 KB
991,dbix-class-book,75,15,75,4,04/06/2011,28/10/2015,475.00 KB,DBIx::Class book,Perl,https://github.com/castaway/dbix-class-book,475.00 KB
992,MaxMind-DB-Writer-perl,75,25,75,0,08/07/2013,17/10/2023,1.28 MB,Create MaxMind DB database files,Perl,https://github.com/maxmind/MaxMind-DB-Writer-perl,1.28 MB
993,jvpn,75,61,75,16,16/11/2012,27/01/2017,189.00 KB,Perl script to connect to the Juniper VPN with Host Checker enabled,Perl,https://github.com/samm-git/jvpn,189.00 KB
994,urxvt-tabbedex,75,50,75,35,12/07/2010,06/01/2023,300.00 KB,Tabbed plugin for rxvt-unicode with many enhancements,Perl,https://github.com/stepb/urxvt-tabbedex,300.00 KB
995,bbbike,75,7,75,6,22/03/2009,22/09/2026,675.75 MB,BBBike,Perl,https://github.com/eserte/bbbike,675.75 MB
996,cheater,75,18,75,3,30/03/2010,28/06/2016,190.00 KB,A tool and a language that help generating random complex database instance based on predefined rules,Perl,https://github.com/agentzh/cheater,190.00 KB
997,devel-nytprof,75,55,75,64,26/12/2012,05/04/2026,8.55 MB,"Devel::NYTProf is a powerful feature-rich source code profiler for Perl. (Mostly in maintenance mode, so PRs are much more likely to be acted upon than Issues.)",Perl,https://github.com/timbunce/devel-nytprof,8.55 MB
998,line-bot-sdk-perl,75,30,75,14,12/04/2016,17/09/2024,852.00 KB,LINE Messaging API SDK for Perl,Perl,https://github.com/line/line-bot-sdk-perl,852.00 KB
999,OA-STM-Corpus,75,20,75,2,05/01/2015,28/03/2017,8.49 MB,"Corpus of Open Access articles from multiple fields in Science, Technology, and Medicine.",Perl,https://github.com/elsevierlabs/OA-STM-Corpus,8.49 MB
1000,ark-perl,75,10,75,1,16/02/2009,12/09/2013,678.00 KB,,Perl,https://github.com/typester/ark-perl,678.00 KB
