Ranking,Project Name,Stars,Forks,Watchers,Open Issues,Created At,Last Commit,Size,Description,Language,Repo URL,Size
1,SecLists,74019,25144,74019,10,19/02/2012,08/10/2026,3.55 GB,"SecLists is the security tester's companion. It's a collection of multiple types of lists used during security assessments, collected in one place. List types include usernames, passwords, URLs, sensitive data patterns, fuzzing payloads, web shells, and many more.",PHP,https://github.com/danielmiessler/SecLists,3.55 GB
2,coolify,62736,5616,62736,735,25/01/2021,08/10/2026,90.78 MB,"An open-source, self-hostable PaaS alternative to Vercel, Heroku & Netlify that lets you easily deploy static sites, databases, full-stack applications and 280+ one-click services on your own servers.",PHP,https://github.com/coollabsio/coolify,90.78 MB
3,server,37036,5260,37036,3744,02/06/2016,08/10/2026,6.97 GB,"☁️ Nextcloud server, a safe home for all your data",PHP,https://github.com/nextcloud/server,6.97 GB
4,framework,34955,12011,34955,85,10/01/2013,08/10/2026,104.32 MB,"Laravel is a web application framework with expressive, elegant syntax.",PHP,https://github.com/laravel/framework,104.32 MB
5,filament,32222,4215,32222,16,19/03/2020,08/10/2026,585.00 MB,A powerful open-source UI framework for Laravel • Build and ship apps & admin panels fast with Livewire,PHP,https://github.com/filamentphp/filament,585.00 MB
6,symfony,31181,9900,31181,149,04/01/2010,08/10/2026,341.97 MB,The Symfony PHP framework,PHP,https://github.com/symfony/symfony,341.97 MB
7,jQuery-File-Upload,30696,7719,30696,53,01/12/2010,08/04/2026,4.50 MB,"File Upload widget with multiple file selection, drag&drop support, progress bar, validation and preview images, audio and video for jQuery. Supports cross-domain, chunked and resumable file uploads. Works with any server-side platform (Google App Engine, PHP, Python, Ruby on Rails, Java, etc.) that supports standard HTML form file uploads.",PHP,https://github.com/blueimp/jQuery-File-Upload,4.50 MB
8,composer,29545,4843,29545,141,08/06/2011,08/10/2026,30.02 MB,Dependency Manager for PHP,PHP,https://github.com/composer/composer,30.02 MB
9,bagisto,28221,3316,28221,27,10/09/2018,08/10/2026,413.46 MB,"Open Source eCommerce & Multi-Vendor Marketplace Platform Built with Laravel for Enterprise-Scale Commerce, Supporting 10M+ SKUs",PHP,https://github.com/bagisto/bagisto,413.46 MB
10,Faker,26628,3572,26628,220,14/10/2011,20/03/2024,9.86 MB,Faker is a PHP library that generates fake data for you,PHP,https://github.com/fzaninotto/Faker,9.86 MB
11,monica,25452,2617,25452,790,17/02/2017,24/09/2026,149.08 MB,"Personal CRM. Remember everything about your friends, family and business relationships.",PHP,https://github.com/monicahq/monica,149.08 MB
12,firefly-iii,24847,2323,24847,170,28/06/2014,08/10/2026,313.30 MB,Firefly III: a personal finances manager,PHP,https://github.com/firefly-iii/firefly-iii,313.30 MB
13,laravel-crm,23988,1655,23988,120,05/06/2021,07/10/2026,53.35 MB,"Krayin CRM is Free & Open Source CRM Built with Laravel for Customer, Lead, and Sales Management.",PHP,https://github.com/krayin/laravel-crm,53.35 MB
14,livewire,23584,1754,23584,39,12/02/2019,07/10/2026,49.20 MB,A full-stack framework for Laravel that takes the pain out of building dynamic UIs.,PHP,https://github.com/livewire/livewire,49.20 MB
15,guzzle,23446,2391,23446,3,28/02/2011,06/09/2026,13.32 MB,"Guzzle, an extensible PHP HTTP client",PHP,https://github.com/guzzle/guzzle,13.32 MB
16,PHPMailer,22307,9781,22307,26,23/08/2011,06/10/2026,31.63 MB,The classic email sending library for PHP,PHP,https://github.com/PHPMailer/PHPMailer,31.63 MB
17,DesignPatternsPHP,22190,4488,22190,0,22/08/2011,03/02/2025,6.07 MB,Sample code for several design patterns in PHP 8.x,PHP,https://github.com/DesignPatternsPHP/DesignPatternsPHP,6.07 MB
18,matomo,21936,2907,21936,2543,30/03/2011,08/10/2026,378.49 MB,"Empowering People Ethically 🚀 — Matomo is hiring! Join us → https://matomo.org/jobs Matomo is the leading open-source alternative to Google Analytics, giving you complete control and built-in privacy. Easily collect, visualise, and analyse data from websites & apps. Star us on GitHub ⭐️  – Pull Requests welcome! ",PHP,https://github.com/matomo-org/matomo,378.49 MB
19,WordPress,21461,12968,21461,3,01/12/2011,08/10/2026,705.22 MB,"WordPress, Git-ified. This repository is just a mirror of the WordPress subversion repository. Please do not send pull requests. Submit pull requests to https://github.com/WordPress/wordpress-develop and patches to https://core.trac.wordpress.org/ instead.",PHP,https://github.com/WordPress/WordPress,705.22 MB
20,monolog,21401,1916,21401,6,17/02/2011,05/10/2026,5.11 MB,"Sends your logs to files, sockets, inboxes, databases and various web services",PHP,https://github.com/Seldaek/monolog,5.11 MB
21,phpunit,20058,2213,20058,21,24/12/2009,08/10/2026,367.62 MB,The PHP Unit Testing framework.,PHP,https://github.com/sebastianbergmann/phpunit,367.62 MB
22,laravel-debugbar,19290,1612,19290,75,05/09/2013,24/09/2026,15.28 MB,Debugbar for Laravel (Integrates PHP Debug Bar),PHP,https://github.com/fruitcake/laravel-debugbar,15.28 MB
23,BookStack,19079,2428,19079,3,29/08/2015,08/10/2026,52.53 MB,NOW MANAGED ON CODEBERG,PHP,https://github.com/BookStackApp/BookStack,52.53 MB
24,howto-make-more-money,18672,1843,18672,3,13/03/2016,28/03/2024,7.76 MB,"程序员如何优雅的挣零花钱，2.0版，升级为小书了。Most of this not work outside China , so no English translate",PHP,https://github.com/easychen/howto-make-more-money,7.76 MB
25,CodeIgniter,18153,7531,18153,106,19/08/2011,15/07/2024,53.50 MB,Open Source PHP Framework (originally from EllisLab),PHP,https://github.com/bcit-ci/CodeIgniter,53.50 MB
26,PHP-Parser,17465,1136,17465,75,18/04/2011,05/10/2026,7.42 MB,A PHP parser written in PHP,PHP,https://github.com/nikic/PHP-Parser,7.42 MB
27,koel,17273,2111,17273,17,06/12/2015,08/10/2026,28.81 MB,Music streaming solution that works.,PHP,https://github.com/koel/koel,28.81 MB
28,opc-methodology,16875,1912,16875,6,27/03/2024,23/04/2026,32.92 MB,《一人企业方法论》第二版，也适合做其他副业（比如自媒体、电商、数字商品）的非技术人群。,PHP,https://github.com/easychen/opc-methodology,32.92 MB
29,Carbon,16590,1284,16590,10,08/09/2012,08/10/2026,21.29 MB,A simple PHP API extension for DateTime.,PHP,https://github.com/briannesbitt/Carbon,21.29 MB
30,flarum,16412,1669,16412,0,30/12/2014,27/08/2026,756.00 KB,Simple forum software for building great communities.,PHP,https://github.com/flarum/flarum,756.00 KB
31,FreshRSS,16255,1295,16255,690,21/10/2012,08/10/2026,35.29 MB,"A free, self-hostable news aggregator…",PHP,https://github.com/FreshRSS/FreshRSS,35.29 MB
32,grav,15684,1423,15684,416,02/08/2014,07/10/2026,33.15 MB,"Modern, Crazy Fast, Ridiculously Easy and Amazingly Powerful Flat-File CMS powered by PHP, Markdown, Twig, and Symfony",PHP,https://github.com/getgrav/grav,33.15 MB
33,cachet,15255,1630,15255,6,16/11/2014,05/10/2026,37.24 MB,"🚦 Cachet, the open source, self-hosted status page system.",PHP,https://github.com/cachethq/cachet,37.24 MB
34,parsedown,15053,1132,15053,179,10/07/2013,18/02/2026,1.48 MB,Better Markdown Parser in PHP,PHP,https://github.com/erusev/parsedown,1.48 MB
35,snipe-it,15015,4015,15015,922,12/11/2013,08/10/2026,328.19 MB,A free open source IT asset/license management system,PHP,https://github.com/grokability/snipe-it,328.19 MB
36,laravel-ide-helper,14969,1194,14969,193,10/03/2013,15/09/2026,1.81 MB,IDE Helper for Laravel,PHP,https://github.com/barryvdh/laravel-ide-helper,1.81 MB
37,QloApps,14416,815,14416,155,02/11/2015,06/10/2026,129.69 MB,"QloApps is a Free and Open-source hotel management and reservation system to take a hotel business online. QloApps offers a Property Management System (PMS), a Booking Engine, and an attractive Hotel Website. Elevate hotel operations with QloApps to streamline processes and provide an enhanced experience for both hoteliers and guests.",PHP,https://github.com/Qloapps/QloApps,129.69 MB
38,image,14379,1499,14379,21,19/01/2013,05/10/2026,6.81 MB,PHP Image Processing,PHP,https://github.com/Intervention/image,6.81 MB
39,yii2,14282,6754,14282,309,13/02/2012,07/10/2026,89.41 MB,"Yii 2: The Fast, Secure and Professional PHP Framework",PHP,https://github.com/yiisoft/yii2,89.41 MB
40,phpstan,14125,962,14125,1147,04/01/2016,08/10/2026,9.68 GB,PHP Static Analysis Tool - discover bugs in your code without running it!,PHP,https://github.com/phpstan/phpstan,9.68 GB
41,PhpSpreadsheet,13994,3626,13994,110,19/06/2016,08/10/2026,81.99 MB,A pure PHP library for reading and writing spreadsheet files,PHP,https://github.com/PHPOffice/PhpSpreadsheet,81.99 MB
42,DVWA,13798,5185,13798,7,01/05/2013,07/10/2026,2.95 MB,Damn Vulnerable Web Application (DVWA),PHP,https://github.com/digininja/DVWA,2.95 MB
43,flysystem,13586,864,13586,106,27/10/2013,03/10/2026,3.89 MB,Abstraction for local and remote filesystems,PHP,https://github.com/thephpleague/flysystem,3.89 MB
44,PHP-CS-Fixer,13561,1648,13561,93,16/05/2012,07/10/2026,40.80 MB,A tool to automatically fix PHP Coding Standards issues,PHP,https://github.com/PHP-CS-Fixer/PHP-CS-Fixer,40.80 MB
45,phpdotenv,13549,666,13549,5,23/01/2013,24/08/2026,696.00 KB,"Loads environment variables from `.env` to `getenv()`, `$_ENV` and `$_SERVER` automagically.",PHP,https://github.com/vlucas/phpdotenv,696.00 KB
46,sage,13283,2997,13283,3,29/01/2011,07/10/2026,10.06 MB,"WordPress starter theme with Laravel Blade components and templates, Tailwind CSS, and block editor support",PHP,https://github.com/roots/sage,10.06 MB
47,whoops,13230,601,13230,7,11/03/2013,03/10/2026,1.70 MB,PHP errors for cool kids ,PHP,https://github.com/filp/whoops,1.70 MB
48,wallabag,13003,898,13003,768,03/04/2013,07/10/2026,136.03 MB,wallabag is a self hostable application for saving web pages: Save and classify articles. Read them later. Freely.,PHP,https://github.com/wallabag/wallabag,136.03 MB
49,laravel-permission,12970,1816,12970,4,14/09/2015,04/09/2026,3.21 MB,Associate users with roles and permissions,PHP,https://github.com/spatie/laravel-permission,3.21 MB
50,showdoc,12870,2217,12870,231,27/11/2015,30/09/2026,46.13 MB,ShowDoc is a tool greatly applicable for an IT team to share documents online一个非常适合IT团队的在线API文档、技术文档工具,PHP,https://github.com/star7th/showdoc,46.13 MB
51,Laravel-Excel,12702,1986,12702,3,09/11/2013,06/10/2026,3.94 MB,🚀 Supercharged Excel exports and imports in Laravel,PHP,https://github.com/SpartnerNL/Laravel-Excel,3.94 MB
52,uuid,12631,533,12631,26,05/07/2012,17/09/2026,3.22 MB,:snowflake: A PHP library for generating universally unique identifiers (UUIDs).,PHP,https://github.com/ramsey/uuid,3.22 MB
53,clean-code-php,12451,2237,12451,30,16/01/2017,09/05/2024,368.00 KB,:bathtub: Clean Code concepts adapted for PHP,PHP,https://github.com/piotrplenik/clean-code-php,368.00 KB
54,typecho,12448,2119,12448,380,17/07/2013,17/07/2026,10.50 MB,A PHP Blogging Platform. Simple and Powerful.,PHP,https://github.com/typecho/typecho,10.50 MB
55,phabricator,12290,1631,12290,3,21/01/2011,12/04/2024,141.24 MB,"Effective June 1, 2021: Phabricator is no longer actively maintained.",PHP,https://github.com/phacility/phabricator,141.24 MB
56,Slim,12277,1960,12277,14,21/09/2010,01/10/2026,7.12 MB,Slim is a PHP micro framework that helps you quickly write simple yet powerful web applications and APIs.,PHP,https://github.com/slimphp/Slim,7.12 MB
57,YOURLS,12260,2074,12260,52,22/08/2012,05/10/2026,493.33 MB,"🔗 The 𝘥𝘦 𝘧𝘢𝘤𝘵𝘰 standard, self hosted, powerful and customizable, URL shortener in PHP",PHP,https://github.com/YOURLS/YOURLS,493.33 MB
58,magento2,12198,9351,12198,2327,30/11/2011,07/10/2026,733.90 MB,"Prior to making any Submission(s), you must sign an Adobe Contributor License Agreement, available here at: https://opensource.adobe.com/cla.html. All Submissions you make to Adobe Inc. and its affiliates, assigns and subsidiaries (collectively “Adobe”) are subject to the terms of the Adobe Contributor License Agreement.",PHP,https://github.com/magento/magento2,733.90 MB
59,dujiaoka,12133,2798,12133,11,17/04/2018,12/03/2026,18.85 MB,🦄独角数卡(自动售货系统)-开源站长自动化售货解决方案、高效、稳定、快速！🚀🚀🎉🎉,PHP,https://github.com/assimon/dujiaoka,18.85 MB
60,aureuserp,12046,590,12046,51,23/01/2025,30/09/2026,27.31 MB,Free and Open Source ERP platform,PHP,https://github.com/aureuserp/aureuserp,27.31 MB
61,docker.labs,11888,5164,11888,140,20/04/2016,27/07/2023,216.45 MB,This is a collection of tutorials for learning how to use Docker with various tools. Contributions welcome.,PHP,https://github.com/docker-archive-public/docker.labs,216.45 MB
62,voyager,11793,2637,11793,457,27/10/2016,07/02/2025,47.24 MB,Voyager - The Missing Laravel Admin,PHP,https://github.com/thedevdojo/voyager,47.24 MB
63,leantime,11775,1141,11775,237,23/01/2015,09/10/2026,247.96 MB,"Leantime is a goals focused project management system for non-project managers. Building with ADHD, Autism, and dyslexia in mind.",PHP,https://github.com/Leantime/leantime,247.96 MB
64,pest,11732,542,11732,262,11/03/2020,07/10/2026,3.71 MB,The elegant testing framework for PHP developers and AI agents.,PHP,https://github.com/pestphp/pest,3.71 MB
65,EmailValidator,11636,232,11636,38,19/05/2013,20/03/2025,727.00 KB,PHP Email address validator,PHP,https://github.com/egulias/EmailValidator,727.00 KB
66,workerman,11550,2245,11550,107,08/12/2013,08/10/2026,3.91 MB,"An asynchronous event driven PHP socket framework. Supports HTTP, Websocket, SSL and other custom protocols. ",PHP,https://github.com/walkor/workerman,3.91 MB
67,jwt-auth,11489,1533,11489,614,04/09/2014,06/03/2026,1.72 MB,🔐 JSON Web Token Authentication for Laravel & Lumen,PHP,https://github.com/tymondesigns/jwt-auth,1.72 MB
68,PHPExcel,11353,4110,11353,663,18/06/2012,02/01/2019,21.51 MB,ARCHIVED,PHP,https://github.com/PHPOffice/PHPExcel,21.51 MB
69,inflector,11333,143,11333,18,10/01/2013,21/06/2026,2.02 MB,Doctrine Inflector is a small library that can perform string manipulations with regard to uppercase/lowercase and singular/plural forms of words.,PHP,https://github.com/doctrine/inflector,2.02 MB
70,dompdf,11196,1842,11196,546,12/11/2012,02/10/2026,18.81 MB,HTML to PDF converter for PHP,PHP,https://github.com/dompdf/dompdf,18.81 MB
71,october,11148,2206,11148,14,26/11/2013,06/10/2026,78.90 MB,Self-hosted CMS platform based on the Laravel PHP Framework.,PHP,https://github.com/octobercms/october,78.90 MB
72,lexer,11143,67,11143,1,12/01/2013,01/10/2026,329.00 KB,"Base library for a lexer that can be used in Top-Down, Recursive Descent Parsers.",PHP,https://github.com/doctrine/lexer,329.00 KB
73,laravel-admin,11132,2806,11132,262,30/12/2015,02/05/2026,15.45 MB,Build a full-featured administrative interface in ten minutes,PHP,https://github.com/z-song/laravel-admin,15.45 MB
74,deployer,11114,1509,11114,20,11/07/2013,26/08/2026,13.92 MB,The PHP deployment tool with support for popular frameworks out of the box,PHP,https://github.com/deployphp/deployer,13.92 MB
75,unopim,11022,181,11022,66,24/07/2024,08/10/2026,54.00 MB,"Open source Product Information Management (PIM) and Digital Asset Management (DAM) platform built on Laravel — manage, enrich, and scale product data and digital assets beyond 10 million products. Free forever.",PHP,https://github.com/unopim/unopim,54.00 MB
76,instantiator,10981,63,10981,1,07/08/2014,19/06/2026,473.00 KB,,PHP,https://github.com/doctrine/instantiator,473.00 KB
77,cphalcon,10819,1930,10819,43,26/11/2011,08/10/2026,275.46 MB,"High performance, full-stack PHP framework delivered as a C extension.",PHP,https://github.com/phalcon/cphalcon,275.46 MB
78,webshell,10787,5551,10787,0,23/05/2013,24/12/2024,99.60 MB,This is a webshell open source project,PHP,https://github.com/tennc/webshell,99.60 MB
79,PHP_CodeSniffer,10767,1443,10767,248,03/11/2011,01/04/2024,197.16 MB,PHP_CodeSniffer tokenizes PHP files and detects violations of a defined set of coding standards.,PHP,https://github.com/squizlabs/PHP_CodeSniffer,197.16 MB
80,mautic,10732,3490,10732,226,19/08/2013,08/10/2026,310.91 MB,Mautic: Open Source Marketing Automation Software.,PHP,https://github.com/mautic/mautic,310.91 MB
81,mockery,10722,469,10722,99,25/02/2009,11/09/2026,121.35 MB,"Mockery is a simple yet flexible PHP mock object framework for use in unit testing with PHPUnit, PHPSpec or any other testing framework. Its core goal is to offer a test double framework with a succinct API capable of clearly defining all possible object operations and interactions using a human readable Domain Specific Language (DSL).",PHP,https://github.com/mockery/mockery,121.35 MB
82,Mobile-Detect,10678,2600,10678,18,31/08/2012,11/08/2026,4.26 MB,Mobile_Detect is a lightweight PHP class for detecting mobile devices (including tablets). It uses the User-Agent string combined with specific HTTP headers to detect the mobile environment.,PHP,https://github.com/serbanghita/Mobile-Detect,4.26 MB
83,all-in-one,10561,1111,10561,97,30/11/2021,08/10/2026,14.28 MB,📦 The official Nextcloud installation method. Provides easy deployment and maintenance with most features included in this one Nextcloud instance.,PHP,https://github.com/nextcloud/all-in-one,14.28 MB
84,woocommerce,10541,10671,10541,1621,09/08/2011,09/10/2026,940.13 MB,"A customizable, open-source ecommerce platform built on WordPress. Build any commerce solution you can imagine.",PHP,https://github.com/woocommerce/woocommerce,940.13 MB
85,rector,10435,742,10435,1,15/07/2017,08/10/2026,372.79 MB,Instant Upgrades and Automated Refactoring of any PHP 5.3+ code,PHP,https://github.com/rectorphp/rector,372.79 MB
86,SSPanel-UIM,10431,3426,10431,12,05/01/2018,16/09/2026,140.10 MB,Multi-purpose proxy service management system,PHP,https://github.com/Anankke/SSPanel-UIM,140.10 MB
87,log,10415,191,10415,7,30/11/2012,02/02/2026,66.00 KB,,PHP,https://github.com/php-fig/log,66.00 KB
88,easywechat,10366,2382,10366,0,26/01/2015,21/08/2026,7.11 MB,📦 一个 PHP 微信 SDK,PHP,https://github.com/w7corp/easywechat,7.11 MB
89,invoiceninja,10246,2739,10246,225,26/11/2013,08/10/2026,4.05 GB,"A source-available invoice, quote, project and time-tracking app built with Laravel",PHP,https://github.com/invoiceninja/invoiceninja,4.05 GB
90,akaunting,10169,2997,10169,7,21/06/2017,08/10/2026,85.49 MB,Online Accounting Software,PHP,https://github.com/akaunting/akaunting,85.49 MB
91,orm,10164,2546,10164,1324,06/04/2010,08/10/2026,54.84 MB,Doctrine Object Relational Mapper (ORM),PHP,https://github.com/doctrine/orm,54.84 MB
92,Awsome-Front-End-learning-resource,10085,1891,10085,12,27/08/2016,16/03/2024,73.78 MB,:octocat:GitHub最全的前端资源汇总仓库（包括前端学习、开发资源、求职面试等）,PHP,https://github.com/helloqingfeng/Awsome-Front-End-learning-resource,73.78 MB
93,avbook,10075,1998,10075,91,19/02/2017,01/06/2024,8.04 MB,"AV 电影管理系统， avmoo , javbus , javlibrary 爬虫，线上 AV 影片图书馆，AV 磁力链接数据库，Japanese Adult Video Library,Adult Video Magnet Links - Japanese Adult Video Database",PHP,https://github.com/guyueyingmu/avbook,8.04 MB
94,container,9990,54,9990,6,15/08/2016,02/02/2026,338.00 KB,,PHP,https://github.com/php-fig/container,338.00 KB
95,kanboard,9900,1997,9900,169,25/01/2014,03/10/2026,75.09 MB,Kanban project management software,PHP,https://github.com/kanboard/kanboard,75.09 MB
96,psysh,9830,318,9830,11,04/06/2012,05/10/2026,6.08 MB,A REPL for PHP,PHP,https://github.com/bobthecow/psysh,6.08 MB
97,console,9813,265,9813,0,22/02/2011,07/10/2026,7.67 MB,Eases the creation of beautiful and testable command line interfaces,PHP,https://github.com/symfony/console,7.67 MB
98,google-api-php-client,9811,3529,9811,15,16/08/2013,25/09/2026,16.67 MB,A PHP client library for accessing Google APIs,PHP,https://github.com/googleapis/google-api-php-client,16.67 MB
99,dbal,9700,1372,9700,305,20/05/2010,08/10/2026,44.94 MB,Doctrine Database Abstraction Layer,PHP,https://github.com/doctrine/dbal,44.94 MB
100,swiftmailer,9421,847,9421,0,19/12/2008,25/10/2021,9.03 MB,Comprehensive mailing tools for PHP,PHP,https://github.com/swiftmailer/swiftmailer,9.03 MB
101,readme-typing-svg,9411,1618,9411,33,20/04/2021,03/10/2026,724.00 KB,"⚡ Dynamically generated, customizable SVG that gives the appearance of typing and deleting text for use on your profile page, repositories, or website.",PHP,https://github.com/DenverCoder1/readme-typing-svg,724.00 KB
102,api,9380,1280,9380,189,11/04/2014,19/05/2022,1.64 MB,A RESTful API package for the Laravel and Lumen frameworks.,PHP,https://github.com/dingo/api,1.64 MB
103,ReflectionDocBlock,9356,137,9356,19,06/04/2012,02/10/2026,1.37 MB,,PHP,https://github.com/phpDocumentor/ReflectionDocBlock,1.37 MB
104,Heimdall,9343,624,9343,4,26/01/2018,03/10/2026,45.68 MB,An Application dashboard and launcher,PHP,https://github.com/linuxserver/Heimdall,45.68 MB
105,panel,9292,2713,9292,189,06/12/2015,08/10/2026,33.60 MB,"Pterodactyl® is a free, open-source game server management panel built with PHP, React, and Go. Designed with security in mind, Pterodactyl runs all game servers in isolated Docker containers while exposing a beautiful and intuitive UI to end users.",PHP,https://github.com/pterodactyl/panel,33.60 MB
106,rss-bridge,9274,1254,9274,286,06/08/2013,08/10/2026,20.09 MB,The RSS feed for websites missing it,PHP,https://github.com/RSS-Bridge/rss-bridge,20.09 MB
107,PrestaShop,9226,5047,9226,2430,19/11/2012,08/10/2026,779.91 MB,PrestaShop is the universal open-source software platform to build your e-commerce solution.,PHP,https://github.com/PrestaShop/PrestaShop,779.91 MB
108,api-platform,9188,967,9188,3,06/03/2015,01/09/2026,6.12 MB,"🕸️ Create REST and GraphQL APIs, scaffold Jamstack webapps, stream changes in real-time.",PHP,https://github.com/api-platform/api-platform,6.12 MB
109,Goutte,9183,982,9183,137,21/04/2010,01/04/2023,2.91 MB,"Goutte, a simple PHP Web Scraper",PHP,https://github.com/FriendsOfPHP/Goutte,2.91 MB
110,TypeResolver,9154,51,9154,10,10/06/2015,28/09/2026,965.00 KB,"A PSR-5 based resolver of Class names, Types and Structural Element Names",PHP,https://github.com/phpDocumentor/TypeResolver,965.00 KB
111,reactphp,9089,711,9089,0,10/05/2012,06/10/2026,1.34 MB,"Event-driven, non-blocking I/O with PHP.",PHP,https://github.com/reactphp/reactphp,1.34 MB
112,ReflectionCommon,9032,22,9032,3,31/05/2015,27/09/2026,169.00 KB,,PHP,https://github.com/phpDocumentor/ReflectionCommon,169.00 KB
113,fuzzdb,8995,2100,8995,15,10/09/2015,10/11/2023,7.15 MB,Dictionary of attack patterns and primitives for black-box application fault injection and resource discovery.,PHP,https://github.com/fuzzdb-project/fuzzdb,7.15 MB
114,solidtime,8981,517,8981,35,16/01/2024,08/10/2026,9.66 MB,Modern open-source time-tracking app,PHP,https://github.com/solidtime-io/solidtime,9.66 MB
115,php-code-coverage,8923,385,8923,8,28/05/2009,08/10/2026,233.60 MB,"Library that provides collection, processing, and rendering functionality for PHP code coverage information.",PHP,https://github.com/sebastianbergmann/php-code-coverage,233.60 MB
116,DeepCopy,8885,108,8885,19,22/07/2013,12/08/2026,303.00 KB,Create deep copies (clones) of your objects,PHP,https://github.com/myclabs/DeepCopy,303.00 KB
117,core,8834,2059,8834,141,25/08/2012,06/10/2026,349.98 MB,":cloud: ownCloud web server core (Files, DAV, etc.)",PHP,https://github.com/owncloud/core,349.98 MB
118,cakephp,8790,3360,8790,33,08/05/2010,08/10/2026,116.43 MB,CakePHP: The Rapid Development Framework for PHP - Official Repository,PHP,https://github.com/cakephp/cakephp,116.43 MB
119,aimeos-laravel,8704,1109,8704,1,02/03/2015,05/10/2026,5.59 MB,"Laravel ecommerce package for ultra fast online shops, scalable marketplaces, complex B2B applications and #gigacommerce",PHP,https://github.com/aimeos/aimeos-laravel,5.59 MB
120,PrivateBin,8657,1039,8657,206,09/07/2016,08/10/2026,16.81 MB,"A minimalist, open source online pastebin where the server has zero knowledge of pasted data. Data is encrypted/decrypted in the browser using 256 bits AES.",PHP,https://github.com/PrivateBin/PrivateBin,16.81 MB
121,Wallos,8648,440,8648,85,05/10/2023,01/10/2026,8.68 MB,"Wallos: Open-source, self-hostable personal subscription tracker. Visualize your recurring expenses, manage your budget, and save money.",PHP,https://github.com/ellite/Wallos,8.68 MB
122,http-foundation,8621,307,8621,0,22/02/2011,08/10/2026,10.50 MB,Defines an object-oriented layer for the HTTP specification,PHP,https://github.com/symfony/http-foundation,10.50 MB
123,Sylius,8556,2168,8556,239,05/11/2011,08/10/2026,355.76 MB,Headless open-source eCommerce platform on top of PHP/Symfony/API Platform,PHP,https://github.com/Sylius/Sylius,355.76 MB
124,event-dispatcher,8534,66,8534,0,22/02/2011,03/10/2026,1.21 MB,Provides tools that allow your application components to communicate with each other by dispatching events and listening to them,PHP,https://github.com/symfony/event-dispatcher,1.21 MB
125,prophecy,8466,246,8466,103,25/03/2013,13/04/2026,1.01 MB,Highly opinionated mocking framework for PHP 5.3+,PHP,https://github.com/phpspec/prophecy,1.01 MB
126,finder,8432,55,8432,0,22/02/2011,29/09/2026,1.38 MB,Finds files and directories via an intuitive fluent interface,PHP,https://github.com/symfony/finder,1.38 MB
127,Twig,8370,1285,8370,42,07/10/2009,30/09/2026,13.70 MB,"Twig, the flexible, fast, and secure template language for PHP",PHP,https://github.com/twigphp/Twig,13.70 MB
128,crater,8350,1710,8350,425,20/11/2019,10/08/2024,44.63 MB,Open Source Invoicing Solution for Individuals & Businesses,PHP,https://github.com/crater-invoice-inc/crater,44.63 MB
129,opencart,8213,5055,8213,228,02/08/2011,08/10/2026,225.03 MB,A free shopping cart system. OpenCart is an open source PHP-based online e-commerce solution.,PHP,https://github.com/opencart/opencart,225.03 MB
130,random_compat,8148,152,8148,5,07/07/2015,23/02/2026,969.00 KB,PHP 5.x support for random_bytes() and random_int(),PHP,https://github.com/paragonie/random_compat,969.00 KB
131,http-kernel,8104,96,8104,0,22/02/2011,08/10/2026,8.96 MB,Provides a structured process for converting a Request into a Response,PHP,https://github.com/symfony/http-kernel,8.96 MB
132,simple-cache,8073,56,8073,6,24/08/2016,21/09/2023,27.00 KB,,PHP,https://github.com/php-fig/simple-cache,27.00 KB
133,thanks,8072,36,8072,0,15/12/2017,30/10/2025,75.00 KB,Give thanks (in the form of a GitHub ★) to your fellow PHP package maintainers (not limited to Symfony components)!,PHP,https://github.com/symfony/thanks,75.00 KB
134,phpmyadmin,7950,3603,7950,929,19/01/2012,08/10/2026,2.42 GB,A web interface for MySQL and MariaDB,PHP,https://github.com/phpmyadmin/phpmyadmin,2.42 GB
135,adminer,7919,1184,7919,3,25/04/2010,06/10/2026,11.97 MB,Database management in a single PHP file,PHP,https://github.com/vrana/adminer,11.97 MB
136,think,7888,1601,7888,128,20/02/2013,16/07/2025,23.80 MB,ThinkPHP Framework ——二十年匠心的高性能PHP框架,PHP,https://github.com/top-think/think,23.80 MB
137,cache,7849,210,7849,2,10/01/2013,08/10/2025,923.00 KB,Doctrine Cache component,PHP,https://github.com/doctrine/cache,923.00 KB
138,WordPress-Plugin-Boilerplate,7840,2246,7840,164,11/07/2011,12/07/2024,824.00 KB,[WordPress] A foundation for WordPress Plugin Development that aims to provide a clear and consistent guide for building your plugins.,PHP,https://github.com/DevinVinson/WordPress-Plugin-Boilerplate,824.00 KB
139,polyfill-mbstring,7815,39,7815,1,22/10/2015,30/09/2026,245.00 KB,Symfony polyfill for the Mbstring extension,PHP,https://github.com/symfony/polyfill-mbstring,245.00 KB
140,lang,7779,2930,7779,0,29/05/2013,01/10/2026,74.94 MB,"List of 128 languages for Laravel Framework, Laravel Jetstream, Laravel Fortify, Laravel Breeze, Laravel Cashier, Laravel Nova and Laravel UI.",PHP,https://github.com/Laravel-Lang/lang,74.94 MB
141,predis,7777,1001,7777,19,07/11/2009,08/10/2026,9.54 MB,A flexible and feature-complete Redis/Valkey client for PHP.,PHP,https://github.com/predis/predis,9.54 MB
142,php-timer,7737,63,7737,1,08/05/2010,08/10/2026,189.61 MB,Utility class for timing,PHP,https://github.com/sebastianbergmann/php-timer,189.61 MB
143,promises,7708,129,7708,4,25/02/2015,24/08/2026,481.00 KB,Promises/A+ library for PHP with synchronous support,PHP,https://github.com/guzzle/promises,481.00 KB
144,dolibarr,7704,3558,7704,1026,26/06/2011,08/10/2026,1.67 GB,"Dolibarr ERP CRM is a modern software package to manage your company or foundation's activity (contacts, suppliers, invoices, orders, stocks, agenda, accounting, ...). it's an open source Web application (written in PHP) designed for businesses of any sizes, foundations and freelancers.",PHP,https://github.com/Dolibarr/dolibarr,1.67 GB
145,assert,7648,167,7648,28,11/03/2015,05/10/2026,777.00 KB,Assertions to validate method input/output with nice error messages.,PHP,https://github.com/webmozarts/assert,777.00 KB
146,diff,7645,89,7645,1,12/02/2013,08/10/2026,171.25 MB,Diff implementation,PHP,https://github.com/sebastianbergmann/diff,171.25 MB
147,routing,7611,92,7611,0,22/02/2011,06/10/2026,4.54 MB,Maps an HTTP request to a set of configuration variables,PHP,https://github.com/symfony/routing,4.54 MB
148,PHPWord,7591,2733,7591,1235,06/05/2012,08/10/2026,107.90 MB,A pure PHP library for reading and writing word processing documents,PHP,https://github.com/PHPOffice/PHPWord,107.90 MB
149,lumen,7564,963,7564,0,14/04/2015,09/04/2024,203.00 KB,The Laravel Lumen Framework.,PHP,https://github.com/laravel/lumen,203.00 KB
150,jwt,7479,594,7479,8,05/03/2014,08/10/2026,3.65 MB,A simple library to work with JSON Web Token and JSON Web Signature,PHP,https://github.com/lcobucci/jwt,3.65 MB
151,php-file-iterator,7476,48,7476,1,05/11/2009,08/10/2026,169.20 MB,"FilterIterator implementation that filters files based on a list of suffixes, prefixes, and other exclusion criteria.",PHP,https://github.com/sebastianbergmann/php-file-iterator,169.20 MB
152,manifest,7474,15,7474,5,24/11/2016,20/05/2026,248.00 KB,Component for reading phar.io manifest information from a PHP Archive (PHAR),PHP,https://github.com/phar-io/manifest,248.00 KB
153,moodle,7470,7667,7470,1,16/12/2009,03/10/2026,958.69 MB,Moodle - the world's open source learning platform,PHP,https://github.com/moodle/moodle,958.69 MB
154,version,7463,18,7463,5,30/11/2016,20/05/2026,96.00 KB,Library for handling version information and constraints,PHP,https://github.com/phar-io/version,96.00 KB
155,Keka,7457,297,7457,262,08/11/2016,07/10/2026,52.71 MB,The macOS & iOS file archiver,PHP,https://github.com/aonez/Keka,52.71 MB
156,process,7454,105,7454,0,22/02/2011,08/10/2026,2.48 MB,Executes commands in sub-processes,PHP,https://github.com/symfony/process,2.48 MB
157,tinker,7441,139,7441,1,21/12/2016,20/09/2026,273.00 KB,Powerful REPL for the Laravel framework.,PHP,https://github.com/laravel/tinker,273.00 KB
158,php-text-template,7425,30,7425,1,19/11/2009,08/10/2026,171.47 MB,A simple template engine.,PHP,https://github.com/sebastianbergmann/php-text-template,171.47 MB
159,var-dumper,7424,102,7424,0,26/09/2014,26/09/2026,2.73 MB,Provides mechanisms for walking through any arbitrary PHP variable,PHP,https://github.com/symfony/var-dumper,2.73 MB
160,css-selector,7418,43,7418,0,22/02/2011,30/08/2026,898.00 KB,Converts CSS selectors to XPath expressions,PHP,https://github.com/symfony/css-selector,898.00 KB
161,TrustedProxy,7305,125,7305,6,30/04/2013,09/01/2024,161.00 KB,Laravel Proxy Package for handling sessions when behind load balancers or other intermediaries.,PHP,https://github.com/fideloper/TrustedProxy,161.00 KB
162,laravel-dompdf,7288,975,7288,99,23/06/2013,09/07/2026,176.00 KB,A DOMPDF Wrapper for Laravel,PHP,https://github.com/barryvdh/laravel-dompdf,176.00 KB
163,roundcubemail,7207,1789,7207,495,04/05/2012,02/10/2026,66.90 MB,The Roundcube Webmail suite,PHP,https://github.com/roundcube/roundcubemail,66.90 MB
164,debug,7166,46,7166,0,07/04/2013,29/07/2022,1.45 MB,Provides tools to ease debugging PHP code,PHP,https://github.com/symfony/debug,1.45 MB
165,github-readme-streak-stats,7163,1792,7163,77,25/10/2020,08/10/2026,1.26 MB,"🔥 Stay motivated and show off your contribution streak! 🌟 Display your total contributions, current streak, and longest streak on your GitHub profile README",PHP,https://github.com/DenverCoder1/github-readme-streak-stats,1.26 MB
166,pixelfed,7122,882,7122,103,17/04/2018,08/10/2026,76.82 MB,Photo Sharing. For Everyone.,PHP,https://github.com/pixelfed/pixelfed,76.82 MB
167,web-frameworks,7093,735,7093,229,27/03/2017,08/10/2026,173.61 MB,Which is the fastest web framework?,PHP,https://github.com/the-benchmarker/web-frameworks,173.61 MB
168,elementor,7086,1567,7086,3960,30/05/2016,08/10/2026,466.36 MB,"The most advanced frontend drag & drop page builder. Create high-end, pixel perfect websites at record speeds. Any theme, any page, any design.",PHP,https://github.com/elementor/elementor,466.36 MB
169,awesome-appsec,7086,807,7086,43,30/04/2015,22/02/2025,198.00 KB,A curated list of resources for learning about application security,PHP,https://github.com/paragonie/awesome-appsec,198.00 KB
170,laravel-mongodb,7068,1434,7068,57,31/03/2013,07/10/2026,3.83 MB,A MongoDB based Eloquent model and Query builder for Laravel (Moloquent),PHP,https://github.com/mongodb/laravel-mongodb,3.83 MB
171,comparator,7044,74,7044,1,05/11/2013,08/10/2026,184.96 MB,Provides the functionality to compare PHP values for equality.,PHP,https://github.com/sebastianbergmann/comparator,184.96 MB
172,http-message,7029,185,7029,41,10/06/2014,21/09/2023,110.00 KB,The purpose of this PSR is to provide a set of common interfaces for HTTP messages as described in RFC 7230 and RFC 7231,PHP,https://github.com/php-fig/http-message,110.00 KB
173,openmediavault,6989,609,6989,99,03/05/2016,06/10/2026,560.46 MB,openmediavault is the next generation network attached storage (NAS) solution based on Debian Linux. Thanks to the modular design of the framework it can be enhanced via plugins. openmediavault is primarily designed to be used in home environments or small home offices.,PHP,https://github.com/openmediavault/openmediavault,560.46 MB
174,hamcrest-php,6985,47,6985,15,31/12/2013,17/06/2026,436.00 KB,PHP Hamcrest implementation [Official],PHP,https://github.com/hamcrest/hamcrest-php,436.00 KB
175,hyperf,6906,1297,6906,455,29/11/2018,15/09/2026,31.64 MB,🚀 A coroutine framework that focuses on hyperspeed and flexibility. Building microservice or middleware with ease.,PHP,https://github.com/hyperf/hyperf,31.64 MB
176,exporter,6809,40,6809,1,04/02/2013,08/10/2026,192.33 MB,Provides the functionality to export PHP variables for visualization,PHP,https://github.com/sebastianbergmann/exporter,192.33 MB
177,environment,6764,36,6764,1,10/02/2014,08/10/2026,164.66 MB,Provides functionality that helps writing PHP code that has runtime-specific execution paths,PHP,https://github.com/sebastianbergmann/environment,164.66 MB
178,framework,6757,887,6757,109,20/12/2014,08/10/2026,191.39 MB,Simple forum software for building great communities.,PHP,https://github.com/flarum/framework,191.39 MB
179,humhub,6751,1678,6751,810,10/02/2014,08/10/2026,155.85 MB,"HumHub is an Open Source Enterprise Social Network. Easy to install, intuitive to use and extendable with countless freely available modules.",PHP,https://github.com/humhub/humhub,155.85 MB
180,annotations,6728,233,6728,26,12/01/2013,11/12/2025,14.06 MB,Annotations Docblock Parser,PHP,https://github.com/doctrine/annotations,14.06 MB
181,code-unit-reverse-lookup,6675,7,6675,0,08/02/2016,25/05/2025,74.60 MB,Looks up which function or method a line of code belongs to,PHP,https://github.com/sebastianbergmann/code-unit-reverse-lookup,74.60 MB
182,oauth2-server,6669,1134,6669,75,04/06/2012,28/09/2026,14.65 MB,"A spec compliant, secure by default PHP OAuth 2.0 Server",PHP,https://github.com/thephpleague/oauth2-server,14.65 MB
183,translation,6598,90,6598,0,22/02/2011,03/10/2026,3.55 MB,Provides tools to internationalize your application,PHP,https://github.com/symfony/translation,3.55 MB
184,global-state,6591,18,6591,1,22/08/2014,08/10/2026,169.02 MB,"Snapshotting of global state, factored out of PHPUnit into a stand-alone component",PHP,https://github.com/sebastianbergmann/global-state,169.02 MB
185,MISP,6583,1646,6583,2947,07/02/2013,07/10/2026,210.28 MB,MISP (core software) - Open Source Threat Intelligence and Sharing Platform,PHP,https://github.com/MISP/MISP,210.28 MB
186,bedrock,6578,1169,6578,6,02/11/2013,07/10/2026,964.00 KB,"WordPress boilerplate with Composer and Git, easier configuration, and an improved folder structure",PHP,https://github.com/roots/bedrock,964.00 KB
187,version,6569,36,6569,1,05/01/2013,08/10/2026,143.14 MB,Library that helps with managing the version number of Git-hosted PHP projects,PHP,https://github.com/sebastianbergmann/version,143.14 MB
188,recursion-context,6560,19,6560,1,22/01/2015,08/10/2026,197.24 MB,Provides functionality to recursively process PHP variables,PHP,https://github.com/sebastianbergmann/recursion-context,197.24 MB
189,php-pm,6546,366,6546,33,24/02/2014,08/12/2023,762.00 KB,"PPM is a process manager, supercharger and load balancer for modern PHP applications.",PHP,https://github.com/php-pm/php-pm,762.00 KB
190,larastan,6533,521,6533,99,29/06/2018,07/10/2026,9.51 MB,⚗️ Adds code analysis to Laravel improving developer productivity and code quality.,PHP,https://github.com/larastan/larastan,9.51 MB
191,object-enumerator,6526,9,6526,1,28/01/2016,08/10/2026,193.50 MB,Traverses array structures and object graphs to enumerate all referenced objects,PHP,https://github.com/sebastianbergmann/object-enumerator,193.50 MB
192,glpi,6440,1829,6440,443,16/07/2015,08/10/2026,1.11 GB,"GLPI is a Free Asset and IT Management Software package, Data center management, ITIL Service Desk, licenses tracking and software auditing.",PHP,https://github.com/glpi-project/glpi,1.11 GB
193,Ratchet,6435,783,6435,9,16/04/2012,14/06/2026,1.23 MB,Asynchronous WebSocket server,PHP,https://github.com/ratchetphp/Ratchet,1.23 MB
194,KodExplorer,6392,1813,6392,1,04/09/2013,28/09/2026,56.41 MB,"A web based file manager,web IDE / browser based code editor",PHP,https://github.com/kalcaddle/KodExplorer,56.41 MB
195,php-token-stream,6371,58,6371,0,05/11/2009,26/07/2021,21.49 MB,Wrapper around PHP's tokenizer extension.,PHP,https://github.com/sebastianbergmann/php-token-stream,21.49 MB
196,Lychee,6362,652,6362,0,02/10/2012,08/01/2022,5.78 MB,"A great looking and easy-to-use photo-management-system you can run on your server, to manage and share photos.",PHP,https://github.com/electerious/Lychee,5.78 MB
197,php-xdg-base-dir,6286,11,6286,6,30/06/2014,01/09/2020,30.00 KB,,PHP,https://github.com/dnoegel/php-xdg-base-dir,30.00 KB
198,object-reflector,6272,3,6272,1,12/03/2017,08/10/2026,202.92 MB,"Allows reflection of object attributes, including inherited and non-public ones",PHP,https://github.com/sebastianbergmann/object-reflector,202.92 MB
199,countries,6267,1280,6267,18,06/01/2012,29/09/2026,28.30 MB,"World countries in JSON, YAML, CSV and XML. Any help is welcome!",PHP,https://github.com/mledoze/countries,28.30 MB
200,resource-operations,6250,14,6250,1,19/07/2015,14/03/2024,63.00 KB,Provides a list of PHP built-in functions that operate on resources,PHP,https://github.com/sebastianbergmann/resource-operations,63.00 KB
201,laravel-cors,6228,601,6228,37,16/10/2013,16/02/2023,372.00 KB,Adds CORS (Cross-Origin Resource Sharing) headers support in your Laravel application,PHP,https://github.com/fruitcake/laravel-cors,372.00 KB
202,laravel-modules,6216,1021,6216,24,27/06/2016,13/04/2026,2.27 MB,Module Management In Laravel,PHP,https://github.com/nWidart/laravel-modules,2.27 MB
203,aws-sdk-php,6206,1251,6206,27,17/10/2012,08/10/2026,622.40 MB,Official repository of the AWS SDK for PHP (@awsforphp),PHP,https://github.com/aws/aws-sdk-php,622.40 MB
204,laravel-medialibrary,6165,1095,6165,4,14/04/2015,05/10/2026,11.98 MB,Associate files with Eloquent models,PHP,https://github.com/spatie/laravel-medialibrary,11.98 MB
205,botman,6155,814,6155,10,05/08/2016,03/04/2026,1.48 MB,A framework agnostic PHP library to build chat bots,PHP,https://github.com/botman/botman,1.48 MB
206,PHP-Console-Highlighter,6150,17,6150,0,23/11/2013,02/04/2020,30.00 KB,Highlight PHP code in terminal,PHP,https://github.com/JakubOnderka/PHP-Console-Highlighter,30.00 KB
207,passbolt_api,6150,406,6150,26,23/02/2016,08/10/2026,180.08 MB,Passbolt Community Edition (CE) API. The JSON API for the open source password manager for teams!,PHP,https://github.com/passbolt/passbolt_api,180.08 MB
208,prestissimo,6114,167,6114,40,30/11/2015,03/12/2022,3.49 MB,composer parallel install plugin,PHP,https://github.com/hirak/prestissimo,3.49 MB
209,PHP-Console-Color,6110,24,6110,2,07/04/2014,02/04/2020,19.00 KB,Simple library for creating colored console ouput,PHP,https://github.com/JakubOnderka/PHP-Console-Color,19.00 KB
210,omnipay,6063,930,6063,110,03/09/2012,10/07/2026,1.88 MB,"A framework agnostic, multi-gateway payment processing library for PHP 5.6+",PHP,https://github.com/thephpleague/omnipay,1.88 MB
211,event-manager,6042,22,6042,1,06/06/2018,12/06/2026,592.00 KB,The Doctrine Event Manager is a library that provides a simple event system.,PHP,https://github.com/doctrine/event-manager,592.00 KB
212,Validation,6031,775,6031,19,22/09/2010,08/10/2026,17.61 MB,The most awesome validation engine ever created for PHP,PHP,https://github.com/Respect/Validation,17.61 MB
213,laravel-backup,6024,785,6024,1,17/02/2015,14/09/2026,2.60 MB,A package to backup your Laravel app,PHP,https://github.com/spatie/laravel-backup,2.60 MB
214,speedtest-tracker,6008,245,6008,39,11/09/2022,16/09/2026,22.91 MB,Speedtest Tracker is a self-hosted application that monitors the performance and uptime of your internet connection.,PHP,https://github.com/alexjustesen/speedtest-tracker,22.91 MB
215,entrust,5997,1275,5997,423,07/02/2013,08/01/2025,510.00 KB,Role-based Permissions for Laravel 5,PHP,https://github.com/Zizaco/entrust,510.00 KB
216,CodeIgniter4,5987,2001,5987,39,27/08/2015,08/10/2026,390.11 MB,Open Source PHP Framework (originally from EllisLab),PHP,https://github.com/codeigniter4/CodeIgniter4,390.11 MB
217,tinyfilemanager,5978,1812,5978,307,05/07/2017,20/07/2026,6.98 MB,"Single-file PHP file manager, browser and manage your files efficiently and easily with tinyfilemanager",PHP,https://github.com/prasathmani/tinyfilemanager,6.98 MB
218,collections,5976,188,5976,31,12/01/2013,30/09/2026,1.05 MB,Collections Abstraction Library,PHP,https://github.com/doctrine/collections,1.05 MB
219,clockwork,5950,333,5950,39,21/06/2013,29/08/2026,12.07 MB,Clockwork - php dev tools in your browser - server-side component,PHP,https://github.com/itsgoingd/clockwork,12.07 MB
220,zoneminder,5939,1310,5939,126,12/04/2013,08/10/2026,161.93 MB,"ZoneMinder is a free, open source Closed-circuit television software application developed for Linux which supports IP, USB and Analog cameras. ",PHP,https://github.com/ZoneMinder/zoneminder,161.93 MB
221,laravel-activitylog,5908,748,5908,1,23/06/2016,08/09/2026,2.13 MB,Log activity inside your Laravel app,PHP,https://github.com/spatie/laravel-activitylog,2.13 MB
222,psalm,5895,715,5895,2144,21/11/2016,08/10/2026,126.02 MB,A PHP static analysis tool for finding errors and security vulnerabilities in PHP applications,PHP,https://github.com/vimeo/psalm,126.02 MB
223,sqli-labs,5849,1566,5849,33,19/05/2012,11/12/2023,3.77 MB,"SQLI labs to test error based, Blind boolean based, Time based.",PHP,https://github.com/Audi-1/sqli-labs,3.77 MB
224,client,5836,682,5836,24,25/09/2022,07/10/2026,2.81 MB,⚡️ OpenAI PHP is a supercharged community-maintained PHP API client that allows you to interact with OpenAI API.,PHP,https://github.com/openai-php/client,2.81 MB
225,CssToInlineStyles,5820,190,5820,32,25/10/2010,06/01/2026,245.00 KB,CssToInlineStyles is a class that enables you to convert HTML-pages/files into HTML-pages/files with inline styles. This is very usefull when you're sending emails.,PHP,https://github.com/tijsverkoyen/CssToInlineStyles,245.00 KB
226,Organizr,5818,314,5818,32,29/12/2016,19/05/2026,61.91 MB,HTPC/Homelab Services Organizer - Written in PHP,PHP,https://github.com/causefx/Organizr,61.91 MB
227,common,5798,283,5798,31,20/05/2010,14/06/2026,16.79 MB,Doctrine Common,PHP,https://github.com/doctrine/common,16.79 MB
228,SuiteCRM,5789,2427,5789,1390,23/09/2013,07/10/2026,144.33 MB,SuiteCRM - Open source CRM for the world,PHP,https://github.com/SuiteCRM/SuiteCRM,144.33 MB
229,acg-faka,5766,1104,5766,17,27/11/2021,03/10/2026,20.63 MB,个人发卡源码，发卡系统，二次元发卡系统，二次元发卡源码，发卡程序，动漫发卡，PHP发卡源码，异次元发卡,PHP,https://github.com/lizhipay/acg-faka,20.63 MB
230,pfsense,5749,1600,5749,46,12/05/2011,31/03/2026,399.39 MB,Main repository for pfSense,PHP,https://github.com/pfsense/pfsense,399.39 MB
231,socialite,5747,959,5747,4,18/08/2014,08/10/2026,795.00 KB,Laravel wrapper around OAuth 1 & OAuth 2 libraries.,PHP,https://github.com/laravel/socialite,795.00 KB
232,timber,5650,504,5650,53,02/01/2013,02/10/2026,16.91 MB,Create WordPress themes with beautiful OOP code and the Twig Template Engine,PHP,https://github.com/timber/timber,16.91 MB
233,phpinsights,5639,300,5639,72,31/03/2019,15/09/2026,13.34 MB,🔰 Instant PHP quality checks from your console,PHP,https://github.com/nunomaduro/phpinsights,13.34 MB
234,Postman-cn,5631,626,5631,5,21/05/2020,27/06/2026,1.64 MB,Postman汉化中文版,PHP,https://github.com/hlmd/Postman-cn,1.64 MB
235,laravel-boilerplate,5626,1556,5626,0,02/02/2015,28/09/2025,46.26 MB,The Laravel Boilerplate Project - https://laravel-boilerplate.com,PHP,https://github.com/rappasoft/laravel-boilerplate,46.26 MB
236,phan,5625,367,5625,798,22/10/2015,08/10/2026,72.18 MB,Phan is a static analyzer for PHP. Phan prefers to avoid false-positives and attempts to prove incorrectness rather than correctness.,PHP,https://github.com/phan/phan,72.18 MB
237,phpseclib,5598,908,5598,208,05/06/2012,07/10/2026,18.13 MB,PHP Secure Communications Library,PHP,https://github.com/phpseclib/phpseclib,18.13 MB
238,argon-theme,5590,635,5590,160,24/08/2019,21/07/2026,25.32 MB,📖 Argon - 一个轻盈、简洁的 WordPress 主题,PHP,https://github.com/solstice23/argon-theme,25.32 MB
239,dootask,5587,1075,5587,170,29/08/2021,01/10/2026,353.79 MB,DooTask是一款开源在线项目任务管理工具，提供各类文档协作工具、在线思维导图、在线流程图、项目管理、任务分发、即时IM，文件管理等工具；同时消息功能使用非对称加密技术让你的沟通更安全。,PHP,https://github.com/kuaifan/dootask,353.79 MB
240,swoft,5533,763,5533,192,23/04/2017,28/02/2023,6.66 MB,🚀 PHP Microservice Full Coroutine Framework,PHP,https://github.com/swoft-cloud/swoft,6.66 MB
241,openemr,5501,3072,5501,1160,21/05/2010,08/10/2026,1.12 GB,The most popular open source electronic health records and medical practice management solution.,PHP,https://github.com/openemr/openemr,1.12 GB
242,pagekit,5453,628,5453,178,06/03/2014,30/09/2022,16.37 MB,Pagekit CMS,PHP,https://github.com/pagekit/pagekit,16.37 MB
243,laragon,5429,510,5429,92,12/07/2015,14/08/2026,435.14 MB,"Laragon is a portable, isolated, fast & powerful universal development environment for PHP, Node.js, Python. It is fast, lightweight, easy-to-use and easy-to-extend.",PHP,https://github.com/leokhoa/laragon,435.14 MB
244,hashids,5421,412,5421,0,14/04/2012,16/04/2026,300.00 KB,A small PHP library to generate YouTube-like ids from numbers. Use it when you don't want to expose your database ids to the user.,PHP,https://github.com/vinkla/hashids,300.00 KB
245,pay,5370,1054,5370,7,15/08/2017,08/10/2026,4.15 MB,可能是我用过的最优雅的 Alipay/WeChat/Douyin/Unipay/江苏银行 的支付 SDK 扩展包了,PHP,https://github.com/yansongda/pay,4.15 MB
246,elasticsearch-php,5337,962,5337,22,03/05/2013,05/10/2026,11.50 MB,Official PHP client for Elasticsearch.,PHP,https://github.com/elastic/elasticsearch-php,11.50 MB
247,shlink,5327,424,5327,27,08/04/2016,21/09/2026,37.89 MB,The definitive self-hosted URL shortener,PHP,https://github.com/shlinkio/shlink,37.89 MB
248,swagger-php,5307,936,5307,14,24/03/2012,07/10/2026,8.17 MB,A php swagger annotation and parsing library,PHP,https://github.com/zircote/swagger-php,8.17 MB
249,FastRoute,5268,452,5268,28,16/02/2014,09/07/2026,331.00 KB,Fast request router for PHP,PHP,https://github.com/nikic/FastRoute,331.00 KB
250,yii2_fecshop,5260,1395,5260,4,06/06/2016,05/09/2026,9.02 MB,"yii2 ( PHP ) fecmall（fecshop） core code used for ecommerce shop 多语言多货币多入口的开源电商 B2C 商城，支持移动端vue, app, html5，微信小程序微店，微信小程序商城等",PHP,https://github.com/fecshop/yii2_fecshop,9.02 MB
251,browsershot,5248,507,5248,0,02/05/2014,09/07/2026,88.27 MB,"Convert HTML to an image, PDF or string",PHP,https://github.com/spatie/browsershot,88.27 MB
252,telescope,5229,672,5229,16,23/08/2018,22/09/2026,14.92 MB,An elegant debug assistant for the Laravel framework.,PHP,https://github.com/laravel/telescope,14.92 MB
253,raspap-webgui,5227,847,5227,53,27/02/2015,05/10/2026,32.36 MB,"The easiest, full-featured wireless router setup for Debian-based devices. Period.",PHP,https://github.com/RaspAP/raspap-webgui,32.36 MB
254,mediawiki,5203,1562,5203,0,01/11/2012,09/10/2026,2.55 GB,🌻 The collaborative editing software that runs Wikipedia. Mirror from https://gerrit.wikimedia.org/g/mediawiki/core. See https://mediawiki.org/wiki/Developer_access for contributing.,PHP,https://github.com/wikimedia/mediawiki,2.55 GB
255,php-webdriver,5198,840,5198,33,26/08/2011,25/09/2026,14.73 MB,PHP client for Selenium/WebDriver protocol. Previously facebook/php-webdriver,PHP,https://github.com/php-webdriver/php-webdriver,14.73 MB
256,tokenizer,5192,25,5192,0,05/04/2017,03/02/2026,133.00 KB,A small library for converting tokenized PHP source code into XML (and potentially other formats),PHP,https://github.com/theseer/tokenizer,133.00 KB
257,cache,5172,46,5172,1,19/08/2015,11/04/2025,57.00 KB,,PHP,https://github.com/php-fig/cache,57.00 KB
258,wp-cli,5160,1025,5160,23,10/09/2011,08/10/2026,16.35 MB,⚙️ WP-CLI framework,PHP,https://github.com/wp-cli/wp-cli,16.35 MB
259,joomla-cms,5144,3872,5144,982,27/09/2011,07/10/2026,341.78 MB,Home of the Joomla! Content Management System,PHP,https://github.com/joomla/joomla-cms,341.78 MB
260,polr,5093,884,5093,216,30/10/2013,28/05/2024,23.79 MB,":aerial_tramway: A modern, powerful, and robust URL shortener",PHP,https://github.com/cydrobolt/polr,23.79 MB
261,laravel-websockets,5071,649,5071,0,20/11/2018,07/02/2024,1.13 MB,Websockets for Laravel. Done right.,PHP,https://github.com/beyondcode/laravel-websockets,1.13 MB
262,libphonenumber-for-php,5067,480,5067,1,28/03/2013,08/10/2026,23.23 MB,PHP version of Google's phone number handling library,PHP,https://github.com/giggsey/libphonenumber-for-php,23.23 MB
263,kimai,5064,858,5064,350,20/10/2016,08/10/2026,59.25 MB,"Kimai is the #1 open-source time-tracking application. From freelancers to companies and organisations - everyone can manage timesheets, generate reports, create invoices and so much more... Web-based multi-user application, available as On-Premise or SaaS version: https://www.kimai.org",PHP,https://github.com/kimai/kimai,59.25 MB
264,v2board,5059,1847,5059,101,22/10/2019,19/03/2024,42.12 MB,🚀A multiple proxy protocol manage panel application interface,PHP,https://github.com/v2board/v2board,42.12 MB
265,github-profile-views-counter,5045,431,5045,11,11/07/2020,26/01/2026,166.00 KB,It counts how many times your GitHub profile has been viewed. Free cloud micro-service.,PHP,https://github.com/antonkomarev/github-profile-views-counter,166.00 KB
266,PHP-FFMpeg,5019,891,5019,327,13/04/2012,19/01/2026,11.83 MB,An object oriented PHP driver for FFMpeg binary,PHP,https://github.com/PHP-FFMpeg/PHP-FFMpeg,11.83 MB
267,Medoo,4953,1127,4953,51,30/03/2013,22/08/2026,532.00 KB,The lightweight PHP database framework to accelerate the development.,PHP,https://github.com/catfan/Medoo,532.00 KB
268,ProxyManager,4942,190,4942,55,19/03/2013,25/09/2026,4.59 MB,🎩✨🌈 OOP Proxy wrappers/utilities - generates and manages proxies of your objects,PHP,https://github.com/Ocramius/ProxyManager,4.59 MB
269,librenms,4942,2829,4942,160,28/10/2013,08/10/2026,370.78 MB,Community-based GPL-licensed network monitoring system,PHP,https://github.com/librenms/librenms,370.78 MB
270,phpunit-mock-objects,4923,152,4923,0,29/04/2010,30/10/2018,1.34 MB,Mock Object library for PHPUnit,PHP,https://github.com/sebastianbergmann/phpunit-mock-objects,1.34 MB
271,cms,4906,647,4906,230,21/11/2017,08/10/2026,113.55 MB,The core Laravel CMS Composer package,PHP,https://github.com/statamic/cms,113.55 MB
272,anonaddy,4890,266,4890,61,21/06/2019,06/10/2026,5.41 MB,Anonymous email forwarding,PHP,https://github.com/anonaddy/anonaddy,5.41 MB
273,agent,4873,549,4873,87,10/08/2013,05/08/2024,232.00 KB,"👮 A PHP desktop/mobile user agent parser with support for Laravel, based on Mobiledetect",PHP,https://github.com/jenssegers/agent,232.00 KB
274,laravel-datatables,4871,852,4871,36,27/11/2013,15/09/2026,3.55 MB,jQuery DataTables API for Laravel,PHP,https://github.com/yajra/laravel-datatables,3.55 MB
275,money,4869,444,4869,8,29/03/2011,07/07/2026,1.34 MB,PHP implementation of Fowler's Money pattern.,PHP,https://github.com/moneyphp/money,1.34 MB
276,codeigniter-restserver,4865,2771,4865,1,18/06/2009,19/05/2026,3.93 MB,"A fully RESTful server implementation for CodeIgniter using one library, one config file and one controller.",PHP,https://github.com/chriskacerguis/codeigniter-restserver,3.93 MB
277,Codeception,4858,1276,4858,169,30/11/2011,03/10/2026,72.00 MB,Full-stack testing PHP framework,PHP,https://github.com/Codeception/Codeception,72.00 MB
278,cron-expression,4858,340,4858,11,20/04/2011,19/04/2024,200.00 KB,CRON for PHP: Calculate the next or previous run date and determine if a CRON expression is due,PHP,https://github.com/mtdowling/cron-expression,200.00 KB
279,DoctrineBundle,4830,484,4830,51,17/11/2011,09/09/2026,4.30 MB,Symfony Bundle for Doctrine ORM and DBAL,PHP,https://github.com/doctrine/DoctrineBundle,4.30 MB
280,yii,4825,2203,4825,5,15/02/2012,08/10/2026,30.93 MB,Yii PHP Framework 1.1.x,PHP,https://github.com/yiisoft/yii,30.93 MB
281,qr-code,4810,766,4810,14,27/10/2012,05/02/2026,14.78 MB,PHP QR Code library that helps you create QR codes in a jiffy,PHP,https://github.com/endroid/qr-code,14.78 MB
282,platform,4799,661,4799,177,15/11/2016,07/10/2026,126.03 MB,"Orchid is a @laravel package that allows for rapid application development of back-office applications, admin/user panels, and dashboards.",PHP,https://github.com/orchidsoftware/platform,126.03 MB
283,Xiaomi-HyperOS-BootLoader-Bypass,4790,473,4790,162,20/11/2023,11/11/2025,41.00 KB,A PoC that exploits a vulnerability to bypass the Xiaomi HyperOS community restrictions of BootLoader unlocked account bindings.,PHP,https://github.com/MlgmXyysd/Xiaomi-HyperOS-BootLoader-Bypass,41.00 KB
284,corcel,4775,602,4775,109,17/06/2013,19/03/2025,1.64 MB,Use WordPress backend with Laravel or any PHP application,PHP,https://github.com/corcel/corcel,1.64 MB
285,Xboard,4766,1360,4766,150,14/11/2023,29/08/2026,74.40 MB,High-performance panel based on V2board secondary development supporting new protocols and new features,PHP,https://github.com/cedar2025/Xboard,74.40 MB
286,migrations,4763,394,4763,140,23/03/2010,04/10/2026,5.08 MB,Doctrine Database Migrations Library,PHP,https://github.com/doctrine/migrations,5.08 MB
287,easyswoole,4755,501,4755,35,15/03/2017,08/10/2026,2.91 MB,"swoole,easyswoole,swoole framework",PHP,https://github.com/easy-swoole/easyswoole,2.91 MB
288,dokuwiki,4727,920,4727,481,03/01/2010,29/09/2026,44.77 MB,The DokuWiki Open Source Wiki Engine,PHP,https://github.com/dokuwiki/dokuwiki,44.77 MB
289,core,4716,1003,4716,299,13/12/2014,08/10/2026,101.32 MB,"OPNsense GUI, API and systems backend",PHP,https://github.com/opnsense/core,101.32 MB
290,graphql-php,4712,578,4712,71,15/07/2015,06/10/2026,9.27 MB,PHP implementation of the GraphQL specification based on the reference implementation in JavaScript,PHP,https://github.com/webonyx/graphql-php,9.27 MB
291,mpdf,4707,1111,4707,361,03/03/2015,03/10/2026,97.26 MB,PHP library generating PDF files from UTF-8 encoded HTML,PHP,https://github.com/mpdf/mpdf,97.26 MB
292,collision,4660,184,4660,46,28/09/2017,04/08/2026,2.27 MB,💥 Collision is a beautiful error reporting tool for command-line applications,PHP,https://github.com/nunomaduro/collision,2.27 MB
293,filesystem,4630,48,4630,1,06/01/2012,06/10/2026,1.30 MB,Provides basic utilities for the filesystem,PHP,https://github.com/symfony/filesystem,1.30 MB
294,vbot,4610,761,4610,65,07/12/2016,30/05/2026,1.37 MB,"weixin-cli,qiwei-cli,微信，企微，机器人，企业微信，企微机器人，微信机器人，ipad协议，视频号下载，聚合聊天，RPA，协议，hook，逆向，群发，自动回复，API对接，稳定防封全语言通用，企业定制/SCRM/SAAS专用",PHP,https://github.com/Hanson/vbot,1.37 MB
295,php-amqplib,4602,1024,4602,23,15/11/2011,28/09/2026,8.83 MB,The most widely used PHP client for RabbitMQ,PHP,https://github.com/php-amqplib/php-amqplib,8.83 MB
296,freescout,4592,728,4592,17,22/06/2018,08/10/2026,27.57 MB,FreeScout — Free self-hosted omnichannel AI-powered helpdesk & shared mailbox,PHP,https://github.com/freescout-help-desk/freescout,27.57 MB
297,stack-roadmap,4585,397,4585,1,31/12/2022,28/03/2024,46.54 MB,方糖全栈路线图2023，为「从螺丝钉到一人企业」补全技能栈,PHP,https://github.com/easychen/stack-roadmap,46.54 MB
298,expose,4573,311,4573,29,14/04/2020,07/10/2026,252.29 MB,"A beautiful, fully open-source, tunneling service - written in pure PHP",PHP,https://github.com/exposedev/expose,252.29 MB
299,pikachu,4560,799,4560,27,24/07/2018,06/06/2026,3.49 MB,一个好玩的Web安全-漏洞测试平台,PHP,https://github.com/zhuifengshaonianhanlu/pikachu,3.49 MB
300,phinx,4538,884,4538,148,27/12/2011,21/07/2026,9.34 MB,PHP Database Migrations for Everyone,PHP,https://github.com/cakephp/phinx,9.34 MB
301,aimeos-core,4536,126,4536,7,19/11/2014,07/10/2026,97.37 MB,"Aimeos PHP e-commerce framework for ultra fast online shops, scalable marketplaces, complex B2B applications and #gigacommerce",PHP,https://github.com/aimeos/aimeos-core,97.37 MB
302,TCPDF,4527,1575,4527,2,08/08/2014,03/10/2026,68.33 MB,"Deprecated: PHP PDF library, superseded by tc-lib-pdf (https://github.com/tecnickcom/tc-lib-pdf)",PHP,https://github.com/tecnickcom/TCPDF,68.33 MB
303,snappy,4475,438,4475,18,16/06/2010,29/07/2026,649.00 KB,"PHP library allowing thumbnail, snapshot or PDF generation from a url or a html page. Wrapper for wkhtmltopdf/wkhtmltoimage",PHP,https://github.com/KnpLabs/snappy,649.00 KB
304,laravel-query-builder,4472,420,4472,0,15/01/2018,03/09/2026,1.39 MB,Easily build Eloquent queries from API requests,PHP,https://github.com/spatie/laravel-query-builder,1.39 MB
305,devilbox,4472,650,4472,90,07/10/2016,19/04/2024,48.96 MB,A modern Docker LAMP stack and MEAN stack for local development,PHP,https://github.com/cytopia/devilbox,48.96 MB
306,Imagine,4471,527,4471,28,20/05/2010,04/06/2026,14.92 MB,PHP Object Oriented image manipulation library,PHP,https://github.com/php-imagine/Imagine,14.92 MB
307,pinyin,4462,761,4462,0,16/07/2014,04/10/2026,23.37 MB,🇨🇳 基于词库的中文转拼音优质解决方案,PHP,https://github.com/overtrue/pinyin,23.37 MB
308,log-viewer,4448,324,4448,25,15/08/2022,11/06/2026,4.85 MB,Fast and beautiful Log Viewer for Laravel,PHP,https://github.com/opcodesio/log-viewer,4.85 MB
309,amp,4433,258,4433,20,05/08/2013,26/07/2026,2.62 MB,A non-blocking concurrency framework for PHP applications. 🐘,PHP,https://github.com/amphp/amp,2.62 MB
310,emojione,4428,506,4428,131,27/08/2014,22/07/2019,440.53 MB,[Archived] The world's largest independent emoji font. Maintained at https://github.com/joypixels/emoji-toolkit.,PHP,https://github.com/joypixels/emojione,440.53 MB
311,opensourcepos,4425,2631,4425,268,26/11/2013,08/10/2026,61.59 MB,"Open Source Point of Sale is a web based point of sale application written in PHP using CodeIgniter framework. It uses MySQL as the data back end and has a Bootstrap 3 based user interface. If you like this project, please give it a star! Doing so helps maintain Popular OSS status for the project.",PHP,https://github.com/opensourcepos/opensourcepos,61.59 MB
312,easyappointments,4423,1574,4423,175,26/11/2014,07/10/2026,48.73 MB,:date: Easy!Appointments - Self Hosted Appointment Scheduler,PHP,https://github.com/alextselegidis/easyappointments,48.73 MB
313,tenancy,4422,491,4422,12,17/01/2019,08/10/2026,3.91 MB,Automatic multi-tenancy for Laravel. No code changes needed.,PHP,https://github.com/archtechx/tenancy,3.91 MB
314,wechat-php-sdk,4405,2262,4405,153,03/04/2013,09/03/2023,1.04 MB,"微信公众平台php开发包, weixin developer SDK.",PHP,https://github.com/dodgepudding/wechat-php-sdk,1.04 MB
315,wooyun_public,4393,1901,4393,29,20/09/2015,17/07/2019,1.97 MB,This repo is archived. Thanks for wooyun!  乌云公开漏洞、知识库爬虫和搜索   crawl and search for wooyun.org public bug(vulnerability) and drops,PHP,https://github.com/hanc00l/wooyun_public,1.97 MB
316,php-debugbar,4384,424,4384,6,07/06/2013,20/08/2026,26.93 MB,Debug bar for PHP,PHP,https://github.com/php-debugbar/php-debugbar,26.93 MB
317,phpDocumentor,4350,649,4350,145,07/07/2010,08/10/2026,45.47 MB,Documentation Generator for PHP ,PHP,https://github.com/phpDocumentor/phpDocumentor,45.47 MB
318,map,4327,16,4327,1,18/11/2019,07/07/2026,905.00 KB,PHP arrays and collections made easy,PHP,https://github.com/aimeos/map,905.00 KB
319,grumphp,4317,449,4317,6,18/03/2015,03/10/2026,24.93 MB,A PHP code-quality tool,PHP,https://github.com/phpro/grumphp,24.93 MB
320,EasyAdminBundle,4311,1094,4311,187,12/01/2015,08/10/2026,48.88 MB,"EasyAdmin is a fast, beautiful and modern admin generator for Symfony applications.",PHP,https://github.com/EasyCorp/EasyAdminBundle,48.88 MB
321,Lychee,4309,383,4309,21,08/08/2018,08/10/2026,190.78 MB,"A great looking and easy-to-use photo-management-system you can run on your server, to manage and share photos.",PHP,https://github.com/LycheeOrg/Lychee,190.78 MB
322,DoctrineMigrationsBundle,4300,218,4300,44,22/04/2011,31/08/2026,929.00 KB,Symfony integration for the doctrine/migrations library,PHP,https://github.com/doctrine/DoctrineMigrationsBundle,929.00 KB
323,twitteroauth,4298,1671,4298,10,14/02/2009,05/10/2026,2.86 MB,The most popular PHP library for use with the Twitter OAuth REST API.,PHP,https://github.com/abraham/twitteroauth,2.86 MB
324,drupal,4291,1983,4291,0,04/01/2009,08/10/2026,435.24 MB,Verbatim mirror of the git.drupal.org repository for Drupal core. Please see the https://github.com/drupal/drupal#contributing. PRs are not accepted on GitHub.,PHP,https://github.com/drupal/drupal,435.24 MB
325,Attendize,4283,1230,4283,295,03/03/2016,20/08/2024,26.45 MB,Attendize is an open-source ticket selling and event management platform built on Laravel.,PHP,https://github.com/Attendize/Attendize,26.45 MB
326,config,4277,44,4277,0,22/02/2011,06/10/2026,2.92 MB,"Helps you find, load, combine, autofill and validate configuration values of any kind",PHP,https://github.com/symfony/config,2.92 MB
327,spout,4227,635,4227,47,14/01/2015,26/05/2022,9.76 MB,"Read and write spreadsheet files (CSV, XLSX and ODS), in a fast and scalable way",PHP,https://github.com/box/spout,9.76 MB
328,flex,4209,197,4209,25,07/10/2016,29/05/2026,1.33 MB,Composer plugin for Symfony,PHP,https://github.com/symfony/flex,1.33 MB
329,upload-labs,4201,827,4201,26,25/05/2018,26/06/2023,1.55 MB,一个想帮你总结所有类型的上传漏洞的靶场,PHP,https://github.com/c0ny1/upload-labs,1.55 MB
330,l5-repository,4197,880,4197,261,12/02/2015,27/05/2026,634.00 KB,Laravel 5 - Repositories to abstract the database layer,PHP,https://github.com/andersao/l5-repository,634.00 KB
331,horizon,4175,755,4175,17,14/07/2017,01/10/2026,29.84 MB,Dashboard and code-driven configuration for Laravel queues.,PHP,https://github.com/laravel/horizon,29.84 MB
332,2FAuth,4173,302,4173,13,15/05/2019,04/10/2026,23.26 MB,A Web app to manage your Two-Factor Authentication (2FA) accounts and generate their security codes,PHP,https://github.com/Bubka/2FAuth,23.26 MB
333,personal-management-system,4171,349,4171,6,26/03/2019,01/10/2026,146.50 MB,Your web application for managing personal data.,PHP,https://github.com/Volmarg/personal-management-system,146.50 MB
334,dependency-injection,4167,92,4167,0,22/02/2011,07/10/2026,15.56 MB,Allows you to standardize and centralize the way objects are constructed in your application,PHP,https://github.com/symfony/dependency-injection,15.56 MB
335,cache,4153,66,4153,0,19/01/2016,04/10/2026,3.59 MB,"Provides extended PSR-6, PSR-16 (and tags) implementations",PHP,https://github.com/symfony/cache,3.59 MB
336,DoctrineExtensions,4137,1249,4137,54,03/09/2010,29/09/2026,9.39 MB,"Doctrine2 behavioral extensions, Translatable, Sluggable, Tree-NestedSet, Timestampable, Loggable, Sortable",PHP,https://github.com/doctrine-extensions/DoctrineExtensions,9.39 MB
337,bolt,4134,786,4134,55,14/06/2012,27/06/2023,78.53 MB,"Bolt is a simple CMS written in PHP. It is based on Silex and Symfony components, uses Twig and either SQLite, MySQL or PostgreSQL.",PHP,https://github.com/bolt/bolt,78.53 MB
338,rainloop-webmail,4113,1034,4113,934,24/09/2013,20/08/2024,44.32 MB,"Simple, modern & fast web-based email client",PHP,https://github.com/RainLoop/rainloop-webmail,44.32 MB
339,Search-Replace-DB,4110,844,4110,33,05/12/2011,11/04/2025,1.31 MB,This script was made to aid the process of migrating PHP and MySQL based websites. Works with most common CMSes.,PHP,https://github.com/interconnectit/Search-Replace-DB,1.31 MB
340,html,4087,994,4087,198,05/02/2015,16/07/2024,542.00 KB,HTML and Form Builders for the Laravel Framework,PHP,https://github.com/LaravelCollective/html,542.00 KB
341,Sakurairo,4078,427,4078,3,25/03/2020,26/09/2026,132.52 MB,"A WordPress theme that is built with AI-assisted reading features, colorful, user-friendly, well-rounded, and rich in functionalities. Support Chinese, English, Japanese, Français (soutien de base) languages. Based on Theme Sakura.  一款具有 AI 辅助阅读功能的 WordPress 主题，多彩、友好、功能全面、体验完善。 支持中、英、日、法（基础适配）多语言。基于 Sakura 主题。",PHP,https://github.com/mirai-mamori/Sakurairo,132.52 MB
342,AzuraCast,4062,760,4062,113,30/04/2016,05/10/2026,263.68 MB,"A self-hosted web radio management suite, including turnkey installer tools for the full radio software stack and a modern, easy-to-use web app to manage your stations.",PHP,https://github.com/AzuraCast/AzuraCast,263.68 MB
343,jetstream,4059,824,4059,3,31/08/2020,28/09/2026,2.15 MB,Tailwind scaffolding for the Laravel framework.,PHP,https://github.com/laravel/jetstream,2.15 MB
344,Hi.Events,4054,739,4054,193,24/10/2023,08/10/2026,67.05 MB,"Open-source event management and ticket selling platform — perfect for concerts, conferences, and everything in between 🎟️  If you find this project helpful, please consider giving us a star ⭐️ ",PHP,https://github.com/HiEventsDev/Hi.Events,67.05 MB
345,dzzoffice,4050,812,4050,11,10/01/2015,03/09/2026,57.84 MB,dzzoffice,PHP,https://github.com/zyx0814/dzzoffice,57.84 MB
346,octane,4046,349,4046,20,21/03/2021,06/10/2026,1.12 MB,Supercharge your Laravel application's performance.,PHP,https://github.com/laravel/octane,1.12 MB
347,persistence,4044,77,4044,13,06/06/2018,03/10/2026,1.80 MB,The Doctrine Persistence project is a library that provides common abstractions for object mapper persistence.,PHP,https://github.com/doctrine/persistence,1.80 MB
348,polyfill-ctype,4031,7,4031,0,01/05/2018,26/04/2026,27.00 KB,Symfony polyfill for ctype functions,PHP,https://github.com/symfony/polyfill-ctype,27.00 KB
349,dom-crawler,4026,125,4026,0,22/02/2011,22/08/2026,2.05 MB,Eases DOM navigation for HTML and XML documents,PHP,https://github.com/symfony/dom-crawler,2.05 MB
350,dcat-admin,4024,770,4024,152,20/04/2019,25/06/2025,81.05 MB,🔥 基于 Laravel 的后台系统构建工具 (Laravel Admin)，使用很少的代码快速构建一个功能完善的高颜值后台系统，内置丰富的后台常用组件，开箱即用，让开发者告别冗杂的HTML代码,PHP,https://github.com/jqhph/dcat-admin,81.05 MB
351,laravel-swoole,4023,382,4023,40,06/11/2017,24/03/2025,787.00 KB,High performance HTTP server based on Swoole. Speed up your Laravel or Lumen applications.,PHP,https://github.com/swooletw/laravel-swoole,787.00 KB
352,stripe-php,4023,898,4023,19,25/06/2011,08/10/2026,13.76 MB,PHP library for the Stripe API.    ,PHP,https://github.com/stripe/stripe-php,13.76 MB
353,core,4018,958,4018,84,26/06/2015,20/03/2025,3.86 MB,PHP Telegram Bot based on the official Telegram Bot API,PHP,https://github.com/php-telegram-bot/core,3.86 MB
354,laravel-zero,4011,208,4011,58,26/01/2017,12/08/2026,6.60 MB,A PHP framework for console artisans,PHP,https://github.com/laravel-zero/laravel-zero,6.60 MB
355,Laravel-AdminLTE,3997,1087,3997,0,28/06/2015,28/09/2026,8.28 MB,Easy AdminLTE integration with Laravel,PHP,https://github.com/jeroennoten/Laravel-AdminLTE,8.28 MB
356,eloquent-sluggable,3996,450,3996,0,05/06/2013,20/07/2026,747.00 KB,Easy creation of slugs for your Eloquent models in Laravel,PHP,https://github.com/cviebrock/eloquent-sluggable,747.00 KB
357,osTicket,3980,1850,3980,1215,12/08/2013,17/06/2026,75.56 MB,"The osTicket open source ticketing system official project repository, for versions 1.8 and later",PHP,https://github.com/osTicket/osTicket,75.56 MB
358,dnscat2,3978,652,3978,98,04/01/2013,14/03/2024,3.82 MB,,PHP,https://github.com/iagox86/dnscat2,3.82 MB
359,twill,3976,590,3976,135,29/06/2018,09/09/2026,59.45 MB,"Twill is an open source CMS toolkit for Laravel that helps developers rapidly create a custom admin console that is intuitive, powerful and flexible. Chat with us on Discord at https://discord.gg/cnWk7EFv8R.",PHP,https://github.com/area17/twill,59.45 MB
360,Geocoder,3973,528,3973,61,07/11/2011,03/10/2026,40.42 MB,The most featured Geocoder library written in PHP.,PHP,https://github.com/geocoder-php/Geocoder,40.42 MB
361,Behat,3972,614,3972,41,15/02/2011,28/09/2026,8.11 MB,BDD in PHP,PHP,https://github.com/Behat/Behat,8.11 MB
362,contracts,3928,19,3928,0,13/07/2018,04/10/2026,548.00 KB,A set of abstractions extracted out of the Symfony components,PHP,https://github.com/symfony/contracts,548.00 KB
363,WP-API,3917,638,3917,52,01/06/2013,31/08/2017,7.86 MB,The WP REST API has been merged into WordPress core. Please do not create issues or send pull requests. Submit support requests to the forums or patches to Trac (see README below for links).,PHP,https://github.com/WP-API/WP-API,7.86 MB
364,Shaarli,3908,317,3908,159,26/07/2014,04/10/2026,11.40 MB,"The personal, minimalist, super-fast, database free, bookmarking service - community repo",PHP,https://github.com/shaarli/Shaarli,11.40 MB
365,Pico,3904,608,3904,18,04/04/2012,07/07/2026,1.88 MB,"Pico is a stupidly simple, blazing fast, flat file CMS.",PHP,https://github.com/picocms/Pico,1.88 MB
366,LinkStack,3896,439,3896,53,14/02/2022,04/10/2026,45.61 MB,"LinkStack - the ultimate solution for creating a personalized & professional profile page. Showcase all your important links in one place, forget the limitation of one link on social media. Set up your personal site on your own server with just a few clicks.",PHP,https://github.com/LinkStackOrg/LinkStack,45.61 MB
367,phpggc,3896,556,3896,22,03/07/2017,29/09/2025,670.00 KB,"PHPGGC is a library of PHP unserialize() payloads along with a tool to generate them, from command line or programmatically. ",PHP,https://github.com/ambionics/phpggc,670.00 KB
368,laravel,3882,209,3882,3,09/04/2023,26/09/2026,17.48 MB,Laravel wrapper for the NativePHP framework,PHP,https://github.com/NativePHP/laravel,17.48 MB
369,laravel-s,3880,464,3880,70,16/01/2018,20/07/2026,5.64 MB,LaravelS is an out-of-the-box adapter between Laravel/Lumen and Swoole.,PHP,https://github.com/hhxsv5/laravel-s,5.64 MB
370,php-encryption,3878,315,3878,11,06/02/2014,02/01/2024,13.16 MB,Simple Encryption in PHP.,PHP,https://github.com/defuse/php-encryption,13.16 MB
371,pimcore,3870,1518,3870,335,01/11/2011,08/10/2026,534.46 MB,"Core Framework for the Open Core Data & Experience Management Platform (PIM, MDM, CDP, DAM, DXP/CMS & Digital Commerce)",PHP,https://github.com/pimcore/pimcore,534.46 MB
372,Piwigo,3867,485,3867,753,25/07/2015,03/10/2026,76.02 MB,"Manage your photos with Piwigo, a full featured open source photo gallery application for the web. Star us on Github! More than 200 plugins and themes available. Join us and contribute!",PHP,https://github.com/Piwigo/Piwigo,76.02 MB
373,manong,3858,931,3858,0,14/05/2014,25/09/2017,4.83 MB,码农周刊整理,PHP,https://github.com/nemoTyrant/manong,4.83 MB
374,memories,3849,173,3849,469,13/08/2022,09/10/2026,183.78 MB,"Fast, modern and advanced photo management suite. Runs as a Nextcloud app.",PHP,https://github.com/pulsejet/memories,183.78 MB
375,yaml,3837,133,3837,0,18/02/2011,05/10/2026,2.58 MB,Loads and dumps YAML files,PHP,https://github.com/symfony/yaml,2.58 MB
376,ampache,3832,609,3832,281,21/03/2013,08/10/2026,266.37 MB,"A web based audio/video streaming application and file manager allowing you to access your music & videos from anywhere, using almost any internet enabled device.",PHP,https://github.com/ampache/ampache,266.37 MB
377,sakura,3830,586,3830,24,26/05/2018,20/02/2024,44.65 MB,A Wonderful WordPress Theme: 樱花庄的白猫博客主题,PHP,https://github.com/mashirozx/sakura,44.65 MB
378,laravel-generator,3820,832,3820,84,14/02/2016,07/05/2024,1.25 MB,API and Admin Panel CRUD Generator for Laravel.,PHP,https://github.com/InfyOmLabs/laravel-generator,1.25 MB
379,oauth2-client,3820,767,3820,61,29/01/2013,16/09/2026,1.31 MB,Easy integration with OAuth 2.0 service providers.,PHP,https://github.com/thephpleague/oauth2-client,1.31 MB
380,laravel-nestedset,3805,477,3805,218,28/09/2013,11/04/2026,411.00 KB,Effective tree structures in Laravel 4-8,PHP,https://github.com/lazychaser/laravel-nestedset,411.00 KB
381,wp-graphql,3792,475,3792,138,31/10/2016,08/10/2026,118.25 MB,:rocket: GraphQL API for WordPress,PHP,https://github.com/wp-graphql/wp-graphql,118.25 MB
382,OpnForm,3791,553,3791,23,20/09/2022,07/10/2026,55.81 MB,Beautiful Open-Source Form Builder,PHP,https://github.com/OpnForm/OpnForm,55.81 MB
383,EasyImages2.0,3789,532,3789,23,23/05/2019,22/08/2026,90.67 MB,简单图床 - 一款功能强大无数据库的图床 2.0版,PHP,https://github.com/icret/EasyImages2.0,90.67 MB
384,dotenv,3789,28,3789,0,12/01/2017,30/08/2026,459.00 KB,Registers environment variables from a .env file,PHP,https://github.com/symfony/dotenv,459.00 KB
385,getallheaders,3778,36,3778,2,02/06/2014,20/12/2019,204.00 KB,PHP getallheaders polyfill,PHP,https://github.com/ralouphie/getallheaders,204.00 KB
386,RED_HAWK,3777,959,3777,32,11/06/2017,31/07/2024,46.00 KB,"All in one tool for Information Gathering, Vulnerability Scanning and Crawling. A must have tool for all penetration testers",PHP,https://github.com/Tuhinshubhra/RED_HAWK,46.00 KB
387,TastyIgniter,3776,1182,3776,4,02/02/2014,20/09/2026,55.39 MB,":fire: Powerful, yet easy to use, open-source online ordering, table reservation and management system for restaurants",PHP,https://github.com/tastyigniter/TastyIgniter,55.39 MB
388,GEOFlow,3774,853,3774,8,13/04/2026,08/10/2026,35.60 MB,"Open-source GEO content engineering and multi-site distribution platform with AI quality inspection, illustrated admin help, hosted sites, browser-assisted publishing, and signed updates.",PHP,https://github.com/yaojingang/GEOFlow,35.60 MB
389,laravel,3754,269,3754,14,26/12/2022,26/09/2026,142.00 KB,⚡️ OpenAI PHP for Laravel is a supercharged PHP API client that allows you to interact with OpenAI API,PHP,https://github.com/openai-php/laravel,142.00 KB
390,lunar,3750,514,3750,76,21/12/2021,06/10/2026,32.35 MB,An open-source package that brings the power of modern headless e-commerce functionality to Laravel.,PHP,https://github.com/lunarphp/lunar,32.35 MB
391,php-crud-api,3737,1026,3737,85,10/02/2015,28/08/2026,4.47 MB,Single file PHP script that adds a REST API to a SQL database,PHP,https://github.com/mevdschee/php-crud-api,4.47 MB
392,assetic,3713,541,3713,294,10/01/2011,03/02/2022,1.82 MB,Asset Management for PHP,PHP,https://github.com/kriswallsmith/assetic,1.82 MB
393,LaravelShoppingcart,3697,1758,3697,240,22/05/2013,30/03/2024,153.00 KB,A simple shopping cart implementation for Laravel,PHP,https://github.com/Crinsane/LaravelShoppingcart,153.00 KB
394,boost,3644,382,3644,12,15/07/2025,08/10/2026,2.21 MB,Laravel-focused MCP server for augmenting your AI powered local development experience.,PHP,https://github.com/laravel/boost,2.21 MB
395,json-schema,3626,375,3626,23,16/03/2011,01/10/2026,1.23 MB,JSON Schema for PHP,PHP,https://github.com/jsonrainbow/json-schema,1.23 MB
396,cms,3611,706,3611,522,27/01/2017,08/10/2026,1.03 GB,Build bespoke content experiences with Craft.,PHP,https://github.com/craftcms/cms,1.03 GB
397,ss-panel,3599,1530,3599,108,09/11/2014,11/11/2022,30.15 MB,rm,PHP,https://github.com/orvice/ss-panel,30.15 MB
398,astral,3588,152,3588,40,14/03/2015,11/07/2026,8.42 MB,Organize Your GitHub Stars With Ease,PHP,https://github.com/astralapp/astral,8.42 MB
399,PocketMine-MP,3580,1687,3580,453,30/09/2016,09/07/2026,55.02 MB,"Custom server software for Minecraft: Bedrock, built from scratch in PHP, C and C++",PHP,https://github.com/pmmp/PocketMine-MP,55.02 MB
400,bouncer,3578,335,3578,53,17/09/2015,18/03/2026,2.94 MB,Laravel Eloquent roles and abilities.,PHP,https://github.com/JosephSilber/bouncer,2.94 MB
401,recaptcha,3577,771,3577,0,30/09/2014,23/09/2026,598.00 KB,"PHP client library for reCAPTCHA, a free service to protect your website from spam and abuse.",PHP,https://github.com/google/recaptcha,598.00 KB
402,Requests,3574,499,3574,130,07/02/2012,05/10/2026,7.76 MB,Requests for PHP is a humble HTTP request library. It simplifies how you interact with other sites and takes away all your worries.,PHP,https://github.com/WordPress/Requests,7.76 MB
403,framework-bundle,3566,122,3566,1,25/10/2011,07/10/2026,18.11 MB,Provides a tight integration between Symfony components and the Symfony full-stack framework,PHP,https://github.com/symfony/framework-bundle,18.11 MB
404,laravel-localization,3558,508,3558,11,25/08/2013,24/08/2026,859.00 KB,Easy localization for Laravel,PHP,https://github.com/mcamara/laravel-localization,859.00 KB
405,fractal,3544,345,3544,54,26/11/2013,16/12/2025,2.15 MB,"Output complex, flexible, AJAX/RESTful data structures.",PHP,https://github.com/thephpleague/fractal,2.15 MB
406,device-detector,3532,515,3532,77,02/04/2014,29/09/2026,58.21 MB,"The Universal Device Detection library will parse any User Agent and detect the browser, operating system, device used (desktop, tablet, mobile, tv, cars, console, etc.), brand and model. ",PHP,https://github.com/matomo-org/device-detector,58.21 MB
407,Silex,3531,694,3531,0,16/09/2010,02/06/2018,3.58 MB,[DEPRECATED -- Use Symfony instead] The PHP micro-framework based on the Symfony Components,PHP,https://github.com/silexphp/Silex,3.58 MB
408,MadelineProto,3528,916,3528,75,23/06/2016,07/10/2026,64.77 MB,Async PHP client API for the telegram MTProto protocol,PHP,https://github.com/danog/MadelineProto,64.77 MB
409,lighthouse,3500,465,3500,140,29/05/2016,08/10/2026,15.77 MB,A framework for serving GraphQL from Laravel,PHP,https://github.com/nuwave/lighthouse,15.77 MB
410,zguide,3499,1644,3499,124,16/08/2010,19/05/2025,52.63 MB,Learning and Using ØMQ,PHP,https://github.com/booksbyus/zguide,52.63 MB
411,openbay,3485,869,3485,89,19/12/2014,09/09/2019,15.13 MB,,PHP,https://github.com/isohuntto/openbay,15.13 MB
412,csv,3482,353,3482,2,02/12/2013,04/10/2026,10.48 MB,CSV data manipulation made easy in PHP,PHP,https://github.com/thephpleague/csv,10.48 MB
413,wordpress-develop,3478,3725,3478,3454,05/12/2016,08/10/2026,383.22 MB,"WordPress Develop, Git-ified. Synced from git://develop.git.wordpress.org/, including branches and tags! This repository is just a mirror of the WordPress subversion repository. Please include a link to a pre-existing ticket on https://core.trac.wordpress.org/ with every pull request.",PHP,https://github.com/WordPress/wordpress-develop,383.22 MB
414,laravel-auditing,3467,408,3467,14,20/08/2015,18/09/2026,1.08 MB,Record the change log from models in Laravel,PHP,https://github.com/owen-it/laravel-auditing,1.08 MB
415,espocrm,3463,991,3463,63,25/09/2014,08/10/2026,89.04 MB,EspoCRM – Open Source CRM Application,PHP,https://github.com/espocrm/espocrm,89.04 MB
416,phpspider,3461,1149,3461,121,06/08/2015,12/09/2026,5.45 MB,《我用爬虫一天时间“偷了”知乎一百万用户，只为证明PHP是世界上最好的语言 》所使用的程序,PHP,https://github.com/owner888/phpspider,5.45 MB
417,php-markdown,3460,518,3460,98,06/06/2010,17/06/2025,821.00 KB,Parser for Markdown and Markdown Extra derived from the original Markdown.pl by John Gruber.,PHP,https://github.com/michelf/php-markdown,821.00 KB
418,Learn-Laravel-5,3454,561,3454,6,07/03/2015,22/07/2023,413.00 KB,Laravel 5 系列入门教程,PHP,https://github.com/johnlui/Learn-Laravel-5,413.00 KB
419,laravel-apidoc-generator,3447,595,3447,55,03/05/2016,23/05/2024,1.41 MB,Laravel API Documentation Generator,PHP,https://github.com/mpociot/laravel-apidoc-generator,1.41 MB
420,shopware,3444,1215,3444,1495,03/05/2018,08/10/2026,530.47 MB,Shopware 6 is an open commerce platform based on Symfony Framework and Vue and supported by a worldwide community and more than 3.100 community extensions,PHP,https://github.com/shopware/shopware,530.47 MB
421,passport,3419,804,3419,6,11/07/2016,08/10/2026,1.73 MB,Laravel Passport provides OAuth2 server support to Laravel.,PHP,https://github.com/laravel/passport,1.73 MB
422,event-dispatcher-contracts,3415,3,3415,0,27/05/2019,16/09/2026,57.00 KB,Generic abstractions related to dispatching event,PHP,https://github.com/symfony/event-dispatcher-contracts,57.00 KB
423,xdebug,3415,599,3415,10,22/06/2011,01/10/2026,11.81 MB,Xdebug — Step Debugger and Debugging Aid for PHP,PHP,https://github.com/xdebug/xdebug,11.81 MB
424,php-resque,3411,739,3411,101,18/04/2010,01/08/2023,316.00 KB,PHP port of resque (Workers and Queueing),PHP,https://github.com/chrisboulton/php-resque,316.00 KB
425,bref,3403,381,3403,62,30/11/2017,07/10/2026,23.64 MB,Serverless PHP on AWS Lambda,PHP,https://github.com/brefphp/bref,23.64 MB
426,paseto,3398,109,3398,4,02/01/2018,19/07/2025,979.00 KB,Platform-Agnostic Security Tokens,PHP,https://github.com/paragonie/paseto,979.00 KB
427,zephir,3383,460,3383,49,17/07/2013,08/10/2026,28.77 MB,Zephir is a compiled high-level language aimed to ease the creation of C-extensions for PHP,PHP,https://github.com/zephir-lang/zephir,28.77 MB
428,hybridauth,3383,1101,3383,88,15/11/2011,02/04/2026,6.58 MB,"Open source social sign on PHP Library. HybridAuth goal is to act as an abstract api between your application and various social apis and identities providers such as Facebook, Twitter and Google.",PHP,https://github.com/hybridauth/hybridauth,6.58 MB
429,maker-bundle,3378,427,3378,182,08/11/2017,03/10/2026,4.21 MB,Symfony Maker Bundle,PHP,https://github.com/symfony/maker-bundle,4.21 MB
430,CRUD,3377,924,3377,61,10/03/2016,08/10/2026,75.68 MB,Build custom admin panels. Fast!,PHP,https://github.com/Laravel-Backpack/CRUD,75.68 MB
431,seotools,3365,513,3365,33,23/02/2015,28/03/2026,342.00 KB,SEO Tools for Laravel,PHP,https://github.com/artesaos/seotools,342.00 KB
432,canvas,3356,522,3356,3,29/02/2016,06/10/2026,164.28 MB,Publishing on your own terms,PHP,https://github.com/austintoddj/canvas,164.28 MB
433,htmlpurifier,3350,363,3350,129,24/06/2008,05/10/2026,8.90 MB,Standards compliant HTML filter written in PHP,PHP,https://github.com/ezyang/htmlpurifier,8.90 MB
434,kodbox,3349,501,3349,5,07/04/2021,30/09/2026,281.38 MB,"kodbox is a file manager for web. It is a newly designed product based on kodexplorer. It is also a web code editor, which allows you to develop websites directly within the web browser.You can run kodbox either online or locally,on Linux, Windows or Mac based platforms",PHP,https://github.com/kalcaddle/kodbox,281.38 MB
435,SensioFrameworkExtraBundle,3348,272,3348,59,08/12/2010,24/02/2023,1.19 MB,An extension to Symfony FrameworkBundle that adds annotation configuration for Controller classes,PHP,https://github.com/sensiolabs/SensioFrameworkExtraBundle,1.19 MB
436,favorite-link,3348,290,3348,1,29/08/2018,30/09/2026,19.10 MB,❤️ 每天收集喜欢的开源项目。,PHP,https://github.com/guanguans/favorite-link,19.10 MB
437,instagram-php-scraper,3347,783,3347,62,22/04/2016,28/05/2025,648.00 KB,"Get account information, photos, videos, stories and comments.",PHP,https://github.com/postaddictme/instagram-php-scraper,648.00 KB
438,polyfill-intl-idn,3344,8,3344,0,01/10/2018,30/09/2026,189.00 KB,Symfony polyfill for intl's idn_to_ascii and idn_to_utf8 functions,PHP,https://github.com/symfony/polyfill-intl-idn,189.00 KB
439,LinkAce,3343,206,3343,54,22/08/2018,07/10/2026,8.39 MB,LinkAce is a self-hosted archive to collect links of your favorite websites.,PHP,https://github.com/Kovah/LinkAce,8.39 MB
440,easy-sms,3339,563,3339,25,09/03/2017,04/10/2026,572.00 KB,📲 一款多渠道的短信发送轮子,PHP,https://github.com/overtrue/easy-sms,572.00 KB
441,freenom,3336,1558,3336,81,10/09/2021,01/08/2026,12.94 MB,Freenom 域名自动续期。Freenom domain name renews automatically.,PHP,https://github.com/luolongfei/freenom,12.94 MB
442,Baikal,3331,320,3331,119,27/02/2012,13/08/2026,6.90 MB,Baïkal is a Calendar+Contacts server,PHP,https://github.com/sabre-io/Baikal,6.90 MB
443,webgrind,3327,406,3327,50,19/01/2011,10/11/2025,554.00 KB,Xdebug Profiling Web Frontend in PHP,PHP,https://github.com/jokkedk/webgrind,554.00 KB
444,kratos,3325,596,3325,24,05/06/2016,12/07/2026,24.20 MB,WordPress theme that focus on reading experience,PHP,https://github.com/seatonjiang/kratos,24.20 MB
445,facebook-php-sdk,3322,2744,3322,2,30/12/2011,13/01/2019,1.39 MB,This SDK is deprecated.  Find the new SDK here: https://github.com/facebook/facebook-php-sdk-v4,PHP,https://github.com/facebookarchive/facebook-php-sdk,1.39 MB
446,migrations-generator,3320,493,3320,81,17/03/2014,17/02/2023,102.00 KB,Laravel Migrations Generator: Automatically generate your migrations from an existing database schema.,PHP,https://github.com/Xethron/migrations-generator,102.00 KB
447,git-updater,3320,461,3320,11,07/07/2013,02/10/2026,18.33 MB,"This WP plugin will update GitHub, Bitbucket, GitLab, and Gitea hosted plugins and themes",PHP,https://github.com/afragen/git-updater,18.33 MB
448,wp-bootstrap-navwalker,3318,1840,3318,36,31/07/2012,08/08/2022,581.00 KB,A custom WordPress nav walker class to fully implement the Twitter Bootstrap 4.0+ navigation style (v3-branch available for Bootstrap 3) in a custom theme using the WordPress built in menu manager.,PHP,https://github.com/wp-bootstrap/wp-bootstrap-navwalker,581.00 KB
449,satis,3306,529,3306,96,16/01/2012,08/10/2026,3.72 MB,Simple static Composer repository generator - For a full private Composer repo use Private Packagist,PHP,https://github.com/composer/satis,3.72 MB
450,semver,3306,80,3306,0,15/07/2015,05/10/2026,686.00 KB,Semantic versioning utilities with the addition of version constraints parsing and checking.,PHP,https://github.com/composer/semver,686.00 KB
451,php-curl-class,3301,801,3301,1,16/08/2013,08/10/2026,3.28 MB,PHP Curl Class makes it easy to send HTTP requests and integrate with web APIs,PHP,https://github.com/php-curl-class/php-curl-class,3.28 MB
452,telegram-bot-sdk,3301,676,3301,29,29/06/2015,20/08/2026,2.14 MB,🤖 Telegram Bot API PHP SDK. Lets you build Telegram Bots easily! Supports Laravel out of the box.,PHP,https://github.com/irazasyed/telegram-bot-sdk,2.14 MB
453,WebPageTest,3295,749,3295,22,28/06/2013,19/09/2025,983.33 MB,Official repository for WebPageTest,PHP,https://github.com/catchpoint/WebPageTest,983.33 MB
454,PHP-MySQLi-Database-Class,3294,1305,3294,206,23/10/2010,27/02/2026,687.00 KB,"Wrapper for a PHP MySQL class, which utilizes MySQLi and prepared statements. ",PHP,https://github.com/ThingEngineer/PHP-MySQLi-Database-Class,687.00 KB
455,anchor-cms,3291,559,3291,48,03/05/2011,19/05/2020,8.97 MB,A lightweight blog CMS for PHP,PHP,https://github.com/anchorcms/anchor-cms,8.97 MB
456,mustache.php,3284,430,3284,4,19/03/2010,28/07/2026,1.34 MB,A Mustache implementation in PHP.,PHP,https://github.com/bobthecow/mustache.php,1.34 MB
457,oauth2-server-php,3270,938,3270,289,20/09/2012,28/03/2025,1.43 MB,A library for implementing an OAuth2 Server in php,PHP,https://github.com/bshaffer/oauth2-server-php,1.43 MB
458,ThinkUp,3261,655,3261,181,06/06/2009,01/01/2017,38.62 MB,"ThinkUp gives you insights into your social networking activity on Twitter, Facebook, Instagram, and beyond.",PHP,https://github.com/ThinkUpLLC/ThinkUp,38.62 MB
459,vito,3250,420,3250,16,02/07/2023,07/10/2026,37.04 MB,Free and Self-Hosted  Server Management Tool,PHP,https://github.com/vitodeploy/vito,37.04 MB
460,laravel-analytics,3243,473,3243,1,12/03/2015,29/09/2026,14.47 MB,A Laravel package to retrieve pageviews and other data from Google Analytics,PHP,https://github.com/spatie/laravel-analytics,14.47 MB
461,options-resolver,3231,28,3231,0,16/05/2012,14/08/2026,776.00 KB,Provides an improved replacement for the array_replace PHP function,PHP,https://github.com/symfony/options-resolver,776.00 KB
462,doctrine-bridge,3220,42,3220,3,25/10/2011,07/10/2026,3.79 MB,Provides integration for Doctrine with various Symfony components,PHP,https://github.com/symfony/doctrine-bridge,3.79 MB
463,php-graph-sdk,3207,1934,3207,165,16/04/2014,11/01/2022,1.89 MB,The Facebook SDK for PHP provides a native interface to the Graph API and Facebook Login.  https://developers.facebook.com/docs/php,PHP,https://github.com/facebookarchive/php-graph-sdk,1.89 MB
464,tntsearch,3201,295,3201,56,26/02/2016,20/08/2026,26.46 MB,A fully featured full text search engine written in PHP,PHP,https://github.com/teamtnt/tntsearch,26.46 MB
465,laravel-log-viewer,3194,385,3194,42,23/11/2014,12/05/2026,181.00 KB,:dromedary_camel: Laravel log viewer,PHP,https://github.com/rap2hpoutre/laravel-log-viewer,181.00 KB
466,phpRedisAdmin,3184,663,3184,12,06/07/2011,22/12/2025,305.00 KB,Simple web interface to manage Redis databases.,PHP,https://github.com/erikdubbelboer/phpRedisAdmin,305.00 KB
467,pyrocms,3174,908,3174,6,06/07/2010,21/05/2026,58.26 MB,Pyro is an experienced and powerful Laravel PHP CMS.,PHP,https://github.com/pyrocms/pyrocms,58.26 MB
468,pint,3168,196,3168,9,14/06/2022,10/09/2026,528.79 MB,Laravel Pint is an opinionated PHP code style fixer for minimalists.,PHP,https://github.com/laravel/pint,528.79 MB
469,PackageVersions,3167,72,3167,2,25/01/2016,08/10/2026,1.45 MB, :package: Composer addon to efficiently get installed packages' version numbers,PHP,https://github.com/Ocramius/PackageVersions,1.45 MB
470,InvoicePlane,3152,867,3152,78,21/05/2014,08/10/2026,43.29 MB,"A self-hosted open source application for managing your invoices, clients and payments.",PHP,https://github.com/InvoicePlane/InvoicePlane,43.29 MB
471,phoronix-test-suite,3151,438,3151,275,12/01/2014,20/09/2026,26.13 MB,"The Phoronix Test Suite open-source, cross-platform automated testing/benchmarking software.",PHP,https://github.com/phoronix-test-suite/phoronix-test-suite,26.13 MB
472,php-ddd-example,3151,1086,3151,58,17/11/2016,06/08/2024,2.09 MB,🐘🎯 Hexagonal Architecture + DDD + CQRS in PHP using Symfony 7,PHP,https://github.com/CodelyTV/php-ddd-example,2.09 MB
473,asset,3147,12,3147,0,10/02/2015,03/10/2026,399.00 KB,"Manages URL generation and versioning of web assets such as CSS stylesheets, JavaScript files and image files",PHP,https://github.com/symfony/asset,399.00 KB
474,blueprint,3112,294,3112,6,14/10/2019,25/09/2026,1.56 MB,A code generation tool for Laravel developers.,PHP,https://github.com/laravel-shift/blueprint,1.56 MB
475,apiato,3107,471,3107,12,17/04/2016,29/05/2026,14.38 MB,PHP Framework for building scalable API's on top of Laravel.,PHP,https://github.com/apiato/apiato,14.38 MB
476,vesta,3085,1021,3085,430,13/06/2011,09/08/2026,54.11 MB,VESTA Control Panel,PHP,https://github.com/outroll/vesta,54.11 MB
477,filegator,3081,451,3081,221,13/06/2019,08/10/2026,5.53 MB,Powerful Multi-User File Manager,PHP,https://github.com/filegator/filegator,5.53 MB
478,panther,3070,234,3070,213,16/03/2018,03/10/2026,562.00 KB,A browser testing and web crawling library for PHP and Symfony,PHP,https://github.com/symfony/panther,562.00 KB
479,tesseract-ocr-for-php,3043,555,3043,7,08/04/2012,27/01/2026,1.12 MB,A wrapper to work with Tesseract OCR inside PHP.,PHP,https://github.com/thiagoalessio/tesseract-ocr-for-php,1.12 MB
480,Laravel-Phone,3041,234,3041,0,23/02/2014,02/10/2026,320.00 KB,Phone number functionality for Laravel,PHP,https://github.com/Propaganistas/Laravel-Phone,320.00 KB
481,deptrac,3035,154,3035,35,30/10/2015,20/09/2026,24.29 MB,Keep your architecture clean.,PHP,https://github.com/deptrac/deptrac,24.29 MB
482,card-system,3035,896,3035,16,02/01/2018,30/07/2026,20.24 MB,卡密商城系统，高效安全的在线卡密商城,PHP,https://github.com/Tai7sy/card-system,20.24 MB
483,IP-Tracer,3030,541,3030,8,06/08/2018,21/09/2024,171.00 KB,Track any ip address with IP-Tracer. IP-Tracer is developed for Linux and Termux. you can retrieve any ip address information using IP-Tracer. ,PHP,https://github.com/rajkumardusad/IP-Tracer,171.00 KB
484,laravel-vue-spa,3023,930,3023,15,16/01/2017,19/10/2022,2.43 MB,A Laravel-Vue SPA starter kit.,PHP,https://github.com/cretueusebiu/laravel-vue-spa,2.43 MB
485,CMB2,3013,558,3013,266,20/08/2014,09/10/2026,8.12 MB,"CMB2 is a developer's toolkit for building metaboxes, custom fields, and forms for WordPress that will blow your mind.",PHP,https://github.com/CMB2/CMB2,8.12 MB
486,patternlab-php,3010,436,3010,27,19/06/2013,13/07/2016,18.34 MB,The PHP version of Pattern Lab,PHP,https://github.com/pattern-lab/patternlab-php,18.34 MB
487,sushi,3008,182,3008,22,25/01/2020,21/02/2026,113.00 KB,"Eloquent's missing ""array"" driver.",PHP,https://github.com/calebporzio/sushi,113.00 KB
488,browser-kit,3007,57,3007,0,22/02/2011,22/08/2026,974.00 KB,"Simulates the behavior of a web browser, allowing you to make requests, click on links and submit forms programmatically",PHP,https://github.com/symfony/browser-kit,974.00 KB
489,Unifiedtransform,3000,1290,3000,165,12/03/2019,22/06/2026,11.48 MB,A school management Software,PHP,https://github.com/changeweb/Unifiedtransform,11.48 MB
490,video_spider,2993,659,2993,15,22/07/2020,03/12/2025,144.00 KB,"短视频去水印：抖音,皮皮虾,火山,微视,微博,绿洲,最右,轻视频,快手,全民小视频,巴塞电影,陌陌,Before避风,开眼,Vue Vlog 小咖秀,皮皮搞笑,全民K歌,西瓜视频,逗拍,虎牙,6间房,梨视频,新片场,acfun,美拍...",PHP,https://github.com/5ime/video_spider,144.00 KB
491,minify,2992,456,2992,59,25/06/2011,14/02/2026,1.75 MB,"Combines. minifies, and serves CSS or Javascript files",PHP,https://github.com/mrclay/minify,1.75 MB
492,sanctum,2986,331,2986,4,08/01/2020,28/09/2026,469.00 KB,Laravel Sanctum provides a featherweight authentication system for SPAs and simple APIs.,PHP,https://github.com/laravel/sanctum,469.00 KB
493,commonmark,2981,218,2981,23,07/09/2014,09/10/2026,6.72 MB,Highly-extensible PHP Markdown parser which fully supports the CommonMark and GFM specs.,PHP,https://github.com/thephpleague/commonmark,6.72 MB
494,wordpress-theme-puock,2974,469,2974,7,15/07/2020,11/09/2026,24.29 MB,":art: 一款基于WordPress开发的高颜值的自适应主题，支持白天与黑夜模式/无刷新加载/第三方登录等众多功能 | A high-value adaptive theme based on WordPress, supports light and dark modes, no refresh loading, etc.",PHP,https://github.com/Licoy/wordpress-theme-puock,24.29 MB
495,alltube,2966,566,2966,43,13/03/2014,22/04/2023,4.00 MB,Web GUI for youtube-dl,PHP,https://github.com/Rudloff/alltube,4.00 MB
496,ca-bundle,2956,40,2956,1,11/04/2016,05/10/2026,876.00 KB,"Lets you find a path to the system CA bundle, and includes a fallback to the Mozilla CA bundle.",PHP,https://github.com/composer/ca-bundle,876.00 KB
497,effective-resourses,2951,978,2951,8,19/09/2017,29/05/2024,919.04 MB, :book:学习资源整合,PHP,https://github.com/wususu/effective-resourses,919.04 MB
498,gitlist,2950,506,2950,23,18/05/2012,09/09/2026,5.93 MB,An elegant and modern git repository viewer,PHP,https://github.com/klaussilveira/gitlist,5.93 MB
499,L5-Swagger,2937,412,2937,19,16/03/2015,12/06/2026,1.93 MB,OpenApi or Swagger integration to Laravel,PHP,https://github.com/DarkaOnLine/L5-Swagger,1.93 MB
500,tracker,2930,594,2930,198,17/01/2014,19/01/2024,1.16 MB,Laravel Stats Tracker,PHP,https://github.com/antonioribeiro/tracker,1.16 MB
501,fis,2929,643,2929,282,15/09/2013,10/01/2022,4.92 MB,Front-end Integrated Solution - 前端集成解决方案， 最新版请进入 FIS3 https://github.com/fex-team/fis3,PHP,https://github.com/fex-team/fis,4.92 MB
502,alfred-github-workflow,2915,146,2915,8,16/01/2013,03/10/2026,874.00 KB,GitHub Workflow for Alfred,PHP,https://github.com/gharlan/alfred-github-workflow,874.00 KB
503,monolog-bundle,2912,240,2912,18,25/10/2011,12/09/2026,1.16 MB,Symfony Monolog Bundle,PHP,https://github.com/symfony/monolog-bundle,1.16 MB
504,laravel-gitscrum,2909,710,2909,63,18/11/2016,14/05/2025,14.14 MB,"GitScrum is a Project Management Tool, developed to help entrepreneurs, freelancers, managers, and teams Skyrocket their Productivity with the Agile methodology and Gamification.",PHP,https://github.com/gitscrum-core/laravel-gitscrum,14.14 MB
505,simple-qrcode,2901,457,2901,58,09/06/2014,12/08/2024,710.00 KB,An easy-to-use PHP QrCode generator with first-party support for Laravel.,PHP,https://github.com/SimpleSoftwareIO/simple-qrcode,710.00 KB
506,laravel-wechat,2900,496,2900,0,20/03/2015,04/10/2026,262.00 KB,"微信 SDK for Laravel, 基于 overtrue/wechat",PHP,https://github.com/overtrue/laravel-wechat,262.00 KB
507,thinkphp,2898,1474,2898,305,08/10/2011,23/05/2019,9.21 MB,ThinkPHP3.2 ——基于PHP5的简单快速的面向对象的PHP框架,PHP,https://github.com/top-think/thinkphp,9.21 MB
508,slugify,2897,245,2897,32,23/03/2012,27/11/2025,792.00 KB,"Converts a string to a slug. Includes integrations for Symfony, Silex, Laravel, Zend Framework 2, Twig, Nette and Latte.",PHP,https://github.com/cocur/slugify,792.00 KB
509,maccms10,2894,988,2894,22,08/07/2019,18/09/2026,29.16 MB,"苹果CMS v10 · MacCMS v10 — 开源内容管理系统：视频 / 分集剧情 / 文章 / 漫画 / 图片 / 网址导航. Open-source PHP CMS for video, articles, manga, images & site navigation.",PHP,https://github.com/magicblack/maccms10,29.16 MB
510,iseed,2894,388,2894,0,17/07/2013,24/06/2026,196.00 KB,Laravel Inverse Seed Generator,PHP,https://github.com/orangehill/iseed,196.00 KB
511,reflection,2893,18,2893,0,13/06/2018,23/08/2023,552.00 KB,"The Doctrine Reflection project is a simple library used by the various Doctrine projects which adds some additional functionality on top of the reflection API that comes with PHP. It allows you to get the reflection information about classes, methods and properties statically.",PHP,https://github.com/doctrine/reflection,552.00 KB
512,core,2892,416,2892,2,31/03/2011,07/10/2026,1.02 MB,An extensible micro-framework for PHP,PHP,https://github.com/flightphp/core,1.02 MB
513,cms,2891,981,2891,211,21/04/2014,28/09/2023,8.71 MB,Multilingual PHP CMS built with Laravel  and bootstrap,PHP,https://github.com/LavaLite/cms,8.71 MB
514,p0wny-shell,2889,689,2889,6,09/11/2016,11/08/2025,111.00 KB,Single-file PHP shell,PHP,https://github.com/flozz/p0wny-shell,111.00 KB
515,php-reverse-shell,2886,1895,2886,26,29/05/2015,07/08/2024,140.00 KB,,PHP,https://github.com/pentestmonkey/php-reverse-shell,140.00 KB
516,image-optimizer,2879,224,2879,0,02/07/2017,29/06/2026,7.75 MB,Easily optimize images using PHP,PHP,https://github.com/spatie/image-optimizer,7.75 MB
517,eloquent-has-many-deep,2871,158,2871,2,16/06/2018,14/03/2026,301.00 KB,Laravel Eloquent HasManyThrough relationships with unlimited levels,PHP,https://github.com/staudenmeir/eloquent-has-many-deep,301.00 KB
518,laravel-actions,2870,142,2870,31,27/03/2019,25/08/2026,631.00 KB,⚡️ Laravel components that take care of one specific task,PHP,https://github.com/lorisleiva/laravel-actions,631.00 KB
519,laravel-migrations-generator,2868,292,2868,1,18/03/2020,10/05/2026,3.89 MB,Laravel Migrations Generator: Automatically generate your migrations from an existing database schema.,PHP,https://github.com/kitloong/laravel-migrations-generator,3.89 MB
520,My-CTF-Web-Challenges,2858,480,2858,3,12/10/2016,31/08/2025,60.80 MB,Collection of CTF Web challenges I made,PHP,https://github.com/orangetw/My-CTF-Web-Challenges,60.80 MB
521,blog,2852,672,2852,38,27/12/2016,08/06/2023,6.86 MB,:star2: PJ Blog is an open source blog built with Laravel and Vue.js.,PHP,https://github.com/jcc/blog,6.86 MB
522,data-fixtures,2851,231,2851,39,20/09/2010,08/10/2026,1009.00 KB,Doctrine2 ORM Data Fixtures Extensions,PHP,https://github.com/doctrine/data-fixtures,1009.00 KB
523,Codiad,2843,688,2843,207,11/09/2012,24/09/2023,9.09 MB,"Web Based, Cloud IDE",PHP,https://github.com/Codiad/Codiad,9.09 MB
524,expression-language,2838,45,2838,0,20/09/2013,07/10/2026,763.00 KB,Provides an engine that can compile and evaluate expressions,PHP,https://github.com/symfony/expression-language,763.00 KB
525,WordPress-Coding-Standards,2836,522,2836,258,02/05/2011,07/10/2026,7.01 MB,PHP_CodeSniffer rules (sniffs) to enforce WordPress coding conventions,PHP,https://github.com/WordPress/WordPress-Coding-Standards,7.01 MB
526,crawler,2830,368,2830,0,02/11/2015,07/08/2026,677.00 KB,https://spatie.be/docs/crawler,PHP,https://github.com/spatie/crawler,677.00 KB
527,mime,2829,38,2829,0,17/01/2019,03/10/2026,1.16 MB,Allows manipulating MIME messages,PHP,https://github.com/symfony/mime,1.16 MB
528,filament-shield,2826,301,2826,6,02/01/2022,25/07/2026,1.21 MB,"The easiest and most intuitive way to add access management to your Filament Panel; Resources, Pages & Widgets through `spatie/laravel-permission`",PHP,https://github.com/bezhanSalleh/filament-shield,1.21 MB
529,laravel-responsecache,2818,249,2818,2,16/07/2015,29/09/2026,1.74 MB,Speed up a Laravel app by caching the entire response,PHP,https://github.com/spatie/laravel-responsecache,1.74 MB
530,kint,2817,290,2817,4,16/05/2012,18/01/2026,8.89 MB,Kint - Advanced PHP dumper,PHP,https://github.com/kint-php/kint,8.89 MB
531,framework,2814,1037,2814,18,24/12/2015,26/03/2026,18.51 MB,ThinkPHP Framework,PHP,https://github.com/top-think/framework,18.51 MB
532,property-access,2814,26,2814,0,13/01/2013,28/09/2026,1.17 MB,Provides functions to read and write from/to an object or array using a simple string notation,PHP,https://github.com/symfony/property-access,1.17 MB
533,polyfill,2814,159,2814,3,22/10/2015,07/10/2026,4.36 MB,PHP polyfills,PHP,https://github.com/symfony/polyfill,4.36 MB
534,down_52pojie_cn,2812,585,2812,5,21/08/2018,14/05/2019,1006.00 KB,A single page file explorer that can be hosted on static website. 吾爱破解论坛 爱盘 https://down.52pojie.cn/ 页面的源代码,PHP,https://github.com/ganlvtech/down_52pojie_cn,1006.00 KB
535,stopwatch,2812,14,2812,0,10/11/2012,03/10/2026,440.00 KB,Provides a way to profile code,PHP,https://github.com/symfony/stopwatch,440.00 KB
536,phpipam,2812,801,2812,1846,18/06/2015,05/10/2026,30.80 MB,phpipam development repository,PHP,https://github.com/phpipam/phpipam,30.80 MB
537,async,2812,185,2812,0,14/12/2017,02/06/2026,293.00 KB,Easily run code asynchronously,PHP,https://github.com/spatie/async,293.00 KB
538,escpos-php,2796,884,2796,536,09/01/2014,08/08/2026,1.66 MB,PHP library for printing to ESC/POS-compatible thermal and impact printers,PHP,https://github.com/mike42/escpos-php,1.66 MB
539,FOSRestBundle,2794,687,2794,159,21/03/2011,10/02/2026,4.79 MB,This Bundle provides various tools to rapidly develop RESTful API's with Symfony,PHP,https://github.com/FriendsOfSymfony/FOSRestBundle,4.79 MB
540,chevereto-free,2777,494,2777,0,18/08/2016,01/09/2026,50.67 MB,"👉 Go to chevereto/chevereto for newer Chevereto releases. Self-hosted image sharing software, your own Flickr/Imgur with your very own rules.",PHP,https://github.com/rodber/chevereto-free,50.67 MB
541,database,2774,603,2774,7,05/06/2012,09/10/2026,12.69 MB,[READ ONLY] Subtree split of the Illuminate Database component (see laravel/framework),PHP,https://github.com/illuminate/database,12.69 MB
542,PHP-DI,2773,321,2773,66,17/03/2012,31/12/2025,41.78 MB,The dependency injection container for humans,PHP,https://github.com/PHP-DI/PHP-DI,41.78 MB
543,form,2761,107,2761,4,22/02/2011,08/10/2026,15.13 MB,"Allows to easily create, process and reuse HTML forms",PHP,https://github.com/symfony/form,15.13 MB
544,laravel-snappy,2754,280,2754,50,18/12/2013,21/08/2026,105.00 KB,Laravel Snappy PDF,PHP,https://github.com/barryvdh/laravel-snappy,105.00 KB
545,codefever,2754,283,2754,12,19/01/2022,10/12/2024,56.99 MB,CodeFever 是完全免费开源的 Git 代码托管服务，支持一行命令安装到自己服务器！CodeFever Community Edition (A Self-hosted Git Services)!,PHP,https://github.com/PGYER/codefever,56.99 MB
546,pdfparser,2731,580,2731,203,30/08/2013,25/09/2026,64.72 MB,"PdfParser, a standalone PHP library, provides various tools to extract data from a PDF file.",PHP,https://github.com/smalot/pdfparser,64.72 MB
547,upscheme,2728,5,2728,2,09/03/2020,29/07/2026,474.00 KB,Database migrations and schema updates made easy,PHP,https://github.com/aimeos/upscheme,474.00 KB
548,php-enum,2725,125,2725,15,23/01/2013,21/02/2025,171.00 KB,"The enum PHP is missing, inspired from SplEnum",PHP,https://github.com/myclabs/php-enum,171.00 KB
549,ui,2724,478,2724,0,28/05/2019,24/07/2026,323.00 KB,Laravel UI utilities and presets.,PHP,https://github.com/laravel/ui,323.00 KB
550,easy-tips,2710,690,2710,14,26/08/2016,27/12/2025,38.72 MB,A little Tips in my Code Career with Go&PHP 🥳🥳🥳,PHP,https://github.com/TIGERB/easy-tips,38.72 MB
551,robo,2705,308,2705,187,23/01/2014,14/11/2025,20.04 MB,Modern task runner for PHP,PHP,https://github.com/consolidation/robo,20.04 MB
552,DoctrineCacheBundle,2701,80,2701,0,21/02/2014,28/10/2020,284.00 KB,Symfony2 Bundle for Doctrine Cache,PHP,https://github.com/doctrine/DoctrineCacheBundle,284.00 KB
553,Open-Web-Analytics,2694,488,2694,114,01/04/2012,07/10/2026,27.20 MB,Official repository for Open Web Analytics which is an open source alternative to commercial tools such as Google Analytics. Stay in control of the data you collect about the use of your website or app.  Please consider sponsoring this project.,PHP,https://github.com/Open-Web-Analytics/Open-Web-Analytics,27.20 MB
554,webman,2691,250,2691,117,26/04/2020,15/04/2026,431.00 KB,Probably the fastest PHP web framework in the world.,PHP,https://github.com/walkor/webman,431.00 KB
555,QueryList,2688,424,2688,4,20/12/2015,14/09/2026,1.02 MB,:spider: The progressive PHP crawler framework!  优雅的渐进式PHP采集框架。,PHP,https://github.com/jae-jae/QueryList,1.02 MB
556,chrome,2681,325,2681,0,17/11/2017,06/07/2026,668.00 KB,Instrument headless chrome/chromium instances from PHP,PHP,https://github.com/chrome-php/chrome,668.00 KB
557,validator,2680,106,2680,4,22/02/2011,08/10/2026,14.53 MB,Provides tools to validate values,PHP,https://github.com/symfony/validator,14.53 MB
558,error-handler,2674,20,2674,1,18/07/2019,29/09/2026,819.00 KB,Provides tools to manage errors and ease debugging PHP code,PHP,https://github.com/symfony/error-handler,819.00 KB
559,flash,2673,355,2673,38,30/06/2014,25/03/2026,80.00 KB,Easy flash notifications,PHP,https://github.com/laracasts/flash,80.00 KB
560,scotch-box,2667,521,2667,43,07/10/2014,25/05/2018,81.00 KB,Scotch Box is a preconfigured Vagrant Box with a full array of LAMP Stack features to get you up and running with Vagrant in no time.,PHP,https://github.com/scotch-io/scotch-box,81.00 KB
561,php-option,2667,67,2667,0,05/11/2012,24/08/2026,170.00 KB,Option Type for PHP,PHP,https://github.com/schmittjoh/php-option,170.00 KB
562,Pimple,2662,299,2662,0,15/06/2009,02/03/2026,280.00 KB,A small PHP dependency injection container,PHP,https://github.com/silexphp/Pimple,280.00 KB
563,klein.php,2658,284,2658,95,04/04/2011,30/01/2024,1.75 MB,A fast & flexible router,PHP,https://github.com/klein/klein.php,1.75 MB
564,PHP,2655,588,2655,10,04/07/2020,10/08/2026,407.00 KB,All Algorithms implemented in PHP,PHP,https://github.com/TheAlgorithms/PHP,407.00 KB
565,FoundationPress,2654,812,2654,55,05/12/2013,16/09/2019,10.61 MB,FoundationPress is a WordPress starter theme based on Foundation 6 by Zurb,PHP,https://github.com/olefredrik/FoundationPress,10.61 MB
566,glide,2631,205,2631,38,22/12/2014,07/10/2026,3.80 MB,Wonderfully easy on-demand image manipulation library with an HTTP based API.,PHP,https://github.com/thephpleague/glide,3.80 MB
567,gptlink,2629,352,2629,5,22/05/2023,14/08/2026,19.37 MB,10分钟搭建可免费商用的AI对话环境，搭建简单，包含用户，订单，任务，付费等功能,PHP,https://github.com/gptlink/gptlink,19.37 MB
568,rocketeer,2628,217,2628,132,22/06/2013,05/09/2020,4.68 MB,Send your projects up in the clouds,PHP,https://github.com/rocketeers/rocketeer,4.68 MB
569,intl,2627,53,2627,0,22/04/2013,24/09/2026,36.30 MB,Provides access to the localization data of the ICU library,PHP,https://github.com/symfony/intl,36.30 MB
570,demo,2620,1673,2620,26,24/03/2015,16/09/2026,22.58 MB,Symfony Demo Application,PHP,https://github.com/symfony/demo,22.58 MB
571,laravel-sitemap,2620,294,2620,0,12/08/2016,07/08/2026,696.00 KB,Create and generate sitemaps with ease,PHP,https://github.com/spatie/laravel-sitemap,696.00 KB
572,PhpMetrics,2618,261,2618,4,13/12/2013,21/08/2026,228.56 MB,Beautiful and understandable static analysis tool for PHP,PHP,https://github.com/phpmetrics/PhpMetrics,228.56 MB
573,revisionable,2614,343,2614,123,06/03/2013,25/02/2026,299.00 KB,Easily create a revision history for any laravel model,PHP,https://github.com/VentureCraft/revisionable,299.00 KB
574,service-contracts,2611,7,2611,0,27/05/2019,16/09/2026,111.00 KB,Generic abstractions related to writing services,PHP,https://github.com/symfony/service-contracts,111.00 KB
575,php-must-watch,2606,198,2606,0,25/02/2015,18/10/2018,33.00 KB,list of interesting conference talks and videos on PHP - ,PHP,https://github.com/phptodayorg/php-must-watch,33.00 KB
576,LexikJWTAuthenticationBundle,2606,612,2606,120,10/04/2014,01/07/2026,1.59 MB,JWT authentication for your Symfony API,PHP,https://github.com/lexik/LexikJWTAuthenticationBundle,1.59 MB
577,multi-tenant,2604,397,2604,76,23/07/2015,30/05/2026,1.55 MB,"Run multiple websites using the same Laravel installation while keeping tenant specific data separated for fully independent multi-domain setups, previously github.com/hyn/multi-tenant",PHP,https://github.com/tenancy/multi-tenant,1.55 MB
578,valet,2603,718,2603,1,03/05/2016,22/09/2026,95.72 MB,A more enjoyable local development experience for Mac.,PHP,https://github.com/laravel/valet,95.72 MB
579,mochat,2597,544,2597,9,18/01/2021,15/09/2025,7.33 MB,基于企业微信的开源SCRM应用开发框架&引擎，也是一套通用的企业私域流量管理系统!,PHP,https://github.com/mochat-cloud/mochat,7.33 MB
580,xhprof,2595,902,2595,34,02/04/2009,28/05/2019,1.68 MB,XHProf is a function-level hierarchical profiler for PHP and has a simple HTML based user interface.,PHP,https://github.com/phacility/xhprof,1.68 MB
581,versionpress,2590,237,2590,231,19/10/2015,23/07/2024,7.42 MB,Git-based version control for WordPress. Whoa!,PHP,https://github.com/versionpress/versionpress,7.42 MB
582,Awesome-TTRSS,2589,473,2589,1,13/07/2017,24/09/2026,5.47 MB,"🐋 Awesome TTRSS, a powerful Dockerised all-in-one RSS solution.",PHP,https://github.com/HenryQW/Awesome-TTRSS,5.47 MB
583,polyfill-intl-icu,2588,6,2588,0,22/10/2015,30/09/2026,126.00 KB,Symfony polyfill for intl's ICU-related data and classes,PHP,https://github.com/symfony/polyfill-intl-icu,126.00 KB
584,httplug,2588,40,2588,2,25/04/2015,10/12/2025,195.00 KB,"HTTPlug, the HTTP client abstraction for PHP",PHP,https://github.com/php-http/httplug,195.00 KB
585,captcha,2588,464,2588,133,27/03/2013,28/08/2026,1.25 MB,Captcha for Laravel 5+,PHP,https://github.com/mewebstudio/captcha,1.25 MB
586,translation-contracts,2584,2,2584,0,27/05/2019,03/10/2026,119.00 KB,Generic abstractions related to translation,PHP,https://github.com/symfony/translation-contracts,119.00 KB
587,monolog-bridge,2582,17,2582,0,25/10/2011,06/10/2026,854.00 KB,Provides integration for Monolog with various Symfony components,PHP,https://github.com/symfony/monolog-bridge,854.00 KB
588,core,2579,988,2579,151,19/01/2015,06/10/2026,62.20 MB,The server component of API Platform: hypermedia and GraphQL APIs in minutes,PHP,https://github.com/api-platform/core,62.20 MB
589,laravel-messenger,2577,510,2577,3,29/10/2014,18/03/2026,401.00 KB,Simple user messaging package for Laravel,PHP,https://github.com/cmgmyr/laravel-messenger,401.00 KB
590,closure,2569,94,2569,0,10/02/2014,05/03/2026,552.00 KB,"Serialize closures, anonymous classes, and arbitrary data",PHP,https://github.com/opis/closure,552.00 KB
591,plugin-update-checker,2567,436,2567,102,06/11/2012,26/09/2026,1.14 MB,"A custom update checker for WordPress plugins. Useful if you don't want to host your project in the official WP repository, but would still like it to support automatic updates. Despite the name, it also works with themes.",PHP,https://github.com/YahnisElsts/plugin-update-checker,1.14 MB
592,xdebug-handler,2563,33,2563,0,22/11/2017,01/10/2026,393.00 KB,Restart a CLI process without loading the xdebug extension.,PHP,https://github.com/composer/xdebug-handler,393.00 KB
593,cashier-stripe,2549,745,2549,15,04/03/2014,01/09/2026,47.01 MB,"Laravel Cashier provides an expressive, fluent interface to Stripe's subscription billing services.",PHP,https://github.com/laravel/cashier-stripe,47.01 MB
594,alice,2539,328,2539,52,27/10/2012,15/06/2026,5.51 MB,Expressive fixtures generator,PHP,https://github.com/nelmio/alice,5.51 MB
595,DirectoryLister,2538,517,2538,11,16/02/2011,04/10/2026,7.12 MB,📂 Directory Lister is the easiest way to expose the contents of any web-accessible folder for browsing and sharing.,PHP,https://github.com/DirectoryLister/DirectoryLister,7.12 MB
596,serializer,2535,80,2535,0,22/02/2011,07/10/2026,8.10 MB,"Handles serializing and deserializing data structures, including object graphs, into array structures or other formats like XML and JSON.",PHP,https://github.com/symfony/serializer,8.10 MB
597,DoctrineFixturesBundle,2530,211,2530,28,22/04/2011,08/10/2026,694.00 KB,Symfony integration for the doctrine/data-fixtures library ,PHP,https://github.com/doctrine/DoctrineFixturesBundle,694.00 KB
598,databasement,2519,284,2519,27,14/11/2025,08/10/2026,50.10 MB,"Self-hosted database backup manager with a web UI. Schedule, backup, and restore MySQL, PostgreSQL, MariaDB, Microsoft SQL Server, MongoDB, SQLite & Redis to S3, SFTP, Samba or local storage. SSH Tunnel support.",PHP,https://github.com/David-Crty/databasement,50.10 MB
599,larecipe,2513,266,2513,19,29/07/2018,07/10/2026,6.37 MB,✏️ Write gorgeous documentation for your products using Markdown inside your Laravel app,PHP,https://github.com/saleem-hadad/larecipe,6.37 MB
600,paratest,2510,261,2510,10,17/10/2012,08/10/2026,3.00 MB,:computer: Parallel testing for PHPUnit,PHP,https://github.com/paratestphp/paratest,3.00 MB
601,laravel-page-speed,2509,290,2509,20,10/09/2017,04/06/2026,479.00 KB,"Package to optimize your site automatically which results in a 35%+ optimization. Laravel Page Speed delivers an end-to-end optimization pipeline for Blade-rendered pages and REST APIs with measurable gains in latency, bandwidth, and resiliency.",PHP,https://github.com/vinkius-labs/laravel-page-speed,479.00 KB
602,twig-bridge,2506,46,2506,0,04/04/2011,22/09/2026,3.52 MB,Provides integration for Twig with various Symfony components,PHP,https://github.com/symfony/twig-bridge,3.52 MB
603,termwind,2503,92,2503,15,26/09/2021,17/09/2026,8.80 MB,"🍃 In short, it's like Tailwind CSS, but for the PHP command-line applications. ",PHP,https://github.com/nunomaduro/termwind,8.80 MB
604,laravel.io,2501,660,2501,12,17/09/2013,02/10/2026,30.40 MB,The Laravel.io Community Portal.,PHP,https://github.com/laravelio/laravel.io,30.40 MB
605,CMS,2499,786,2499,8,19/07/2013,28/06/2016,7.25 MB,A PHP CMS powered by Laravel 5 and Sentry,PHP,https://github.com/BootstrapCMS/CMS,7.25 MB
606,twig-bundle,2497,23,2497,0,25/10/2011,03/10/2026,2.09 MB,Provides a tight integration of Twig into the Symfony full-stack framework,PHP,https://github.com/symfony/twig-bundle,2.09 MB
607,safe,2496,170,2496,36,03/09/2018,04/10/2026,2.32 MB,"All PHP functions, rewritten to throw exceptions instead of returning false",PHP,https://github.com/thecodingmachine/safe,2.32 MB
608,GeoIP2-php,2493,285,2493,2,07/05/2013,07/10/2026,5.83 MB,PHP API for GeoIP2 webservice client and database reader ,PHP,https://github.com/maxmind/GeoIP2-php,5.83 MB
609,security-bundle,2490,26,2490,0,25/10/2011,07/10/2026,4.81 MB,Provides a tight integration of the Security component into the Symfony full-stack framework,PHP,https://github.com/symfony/security-bundle,4.81 MB
610,blade-icons,2488,161,2488,0,30/08/2016,05/10/2026,604.00 KB,A package to easily make use of SVG icons in your Laravel Blade views.,PHP,https://github.com/driesvints/blade-icons,604.00 KB
611,link,2488,13,2488,0,04/08/2016,21/06/2022,32.00 KB,A repository for the PSR-13 [Hyperlink] interface,PHP,https://github.com/php-fig/link,32.00 KB
612,inertia-laravel,2481,287,2481,4,07/03/2019,01/10/2026,954.00 KB,The Laravel adapter for Inertia.js.,PHP,https://github.com/inertiajs/inertia-laravel,954.00 KB
613,WebStack,2480,602,2480,39,26/08/2019,01/04/2025,4.38 MB,WordPress 版 WebStack 导航主题 https://nav.iowen.cn,PHP,https://github.com/owen0o0/WebStack,4.38 MB
614,30-seconds-of-php,2477,299,2477,0,03/06/2018,22/01/2021,2.99 MB,Short PHP code snippets for all your development needs,PHP,https://github.com/Chalarangelo/30-seconds-of-php,2.99 MB
615,Gaufrette,2466,351,2466,81,18/01/2011,22/07/2026,2.35 MB,PHP library that provides a filesystem abstraction layer − will be a feast for your files!,PHP,https://github.com/KnpLabs/Gaufrette,2.35 MB
616,phpunit-bridge,2464,47,2464,0,21/02/2015,07/10/2026,1.36 MB,"Provides utilities for PHPUnit, especially user deprecation notices management",PHP,https://github.com/symfony/phpunit-bridge,1.36 MB
617,phpmd,2463,361,2463,57,29/01/2011,04/10/2026,8.55 MB,PHPMD is a spin-off project of PHP Depend and aims to be a PHP equivalent of the well known Java tool PMD. PHPMD can be seen as an user friendly frontend application for the raw metrics stream measured by PHP Depend.,PHP,https://github.com/phpmd/phpmd,8.55 MB
618,laravel-translatable,2461,294,2461,0,07/04/2016,26/06/2026,373.00 KB,Making Eloquent models translatable,PHP,https://github.com/spatie/laravel-translatable,373.00 KB
619,promise,2458,149,2458,0,24/10/2012,10/05/2026,838.00 KB,Promises/A implementation for PHP.,PHP,https://github.com/reactphp/promise,838.00 KB
620,laravel-shop,2447,777,2447,25,12/06/2018,07/01/2023,8.30 MB,Laravel 电商实战教程的项目代码,PHP,https://github.com/summerblue/laravel-shop,8.30 MB
621,saloon,2444,127,2444,5,08/10/2021,03/10/2026,3.36 MB,🤠 Build beautiful API integrations and SDKs with Saloon,PHP,https://github.com/saloonphp/saloon,3.36 MB
622,UNIT3D,2435,452,2435,174,07/12/2017,08/10/2026,84.30 MB,"UNIT3D is a private torrent tracker built using Laravel, Livewire and AlpineJS.",PHP,https://github.com/HDInnovations/UNIT3D,84.30 MB
623,firebase-php,2435,453,2435,18,07/01/2015,08/10/2026,14.25 MB,Unofficial Firebase Admin SDK for PHP,PHP,https://github.com/beste/firebase-php,14.25 MB
624,macro,2434,1,2434,0,02/12/2021,12/01/2026,86.00 KB,Customize code using closures,PHP,https://github.com/aimeos/macro,86.00 KB
625,assert,2434,186,2434,50,20/05/2012,10/06/2026,835.00 KB,Thin assertion library for use in libraries and business-model,PHP,https://github.com/beberlei/assert,835.00 KB
626,Stringy,2432,218,2432,32,09/07/2013,09/01/2022,1.42 MB,A PHP string manipulation library with multibyte support,PHP,https://github.com/danielstjules/Stringy,1.42 MB
627,chatify,2431,487,2431,13,30/12/2019,06/10/2026,6.33 MB,"Laravel’s #1 real-time chat package. Direct messages, groups, voice notes, and much more, with a full messenger UI — plus a headless API. Install in one command.",PHP,https://github.com/munafio/chatify,6.33 MB
628,package-skeleton-laravel,2429,659,2429,0,04/06/2015,03/08/2026,525.00 KB,A skeleton repository for Spatie's Laravel Packages,PHP,https://github.com/spatie/package-skeleton-laravel,525.00 KB
629,prism,2427,308,2427,111,23/02/2024,20/03/2026,43.25 MB,A unified interface for working with LLMs in Laravel,PHP,https://github.com/prism-php/prism,43.25 MB
630,skeleton,2422,165,2422,6,06/12/2016,11/12/2023,38.00 KB,Standard PHP package skeleton.,PHP,https://github.com/php-pds/skeleton,38.00 KB
631,Laravel-5-Generators-Extended,2418,343,2418,30,26/02/2015,03/04/2024,138.00 KB,This package extends the core file generators that are included with Laravel 5,PHP,https://github.com/laracasts/Laravel-5-Generators-Extended,138.00 KB
632,Paymenter,2417,512,2417,76,07/10/2022,08/10/2026,15.83 MB,Free and open-source webshop solution for hostings,PHP,https://github.com/Paymenter/Paymenter,15.83 MB
633,math-php,2410,240,2410,58,03/04/2016,09/03/2026,6.18 MB,"Powerful modern math library for PHP: Features descriptive statistics and regressions; Continuous and discrete probability distributions; Linear algebra with matrices and vectors, Numerical analysis; special mathematical functions; Algebra",PHP,https://github.com/markrogoyski/math-php,6.18 MB
634,PHPVerbalExpressions,2408,140,2408,2,22/07/2013,13/06/2020,83.00 KB,PHP Regular expressions made easy,PHP,https://github.com/VerbalExpressions/PHPVerbalExpressions,83.00 KB
635,phpfastcache,2408,443,2408,7,27/04/2013,07/04/2026,21.32 MB,"A high-performance backend cache system.  It is intended for use in speeding up dynamic web applications by alleviating database load.  Well implemented, it can drops the database load to almost nothing, yielding faster page load times for users, better resource utilization.  It is simple yet powerful. ",PHP,https://github.com/TruCopilot/phpfastcache,21.32 MB
636,Crawler-Detect,2408,280,2408,2,23/03/2015,04/10/2026,12.86 MB,🕷 CrawlerDetect is a PHP class for detecting bots/crawlers/spiders via the user agent,PHP,https://github.com/JayBizzle/Crawler-Detect,12.86 MB
637,php-qrcode,2392,326,2392,2,30/11/2015,31/08/2026,26.83 MB,A PHP QR Code generator and reader with a user-friendly API.,PHP,https://github.com/chillerlan/php-qrcode,26.83 MB
638,LogViewer,2389,351,2389,21,01/09/2015,25/07/2024,1.45 MB,:page_with_curl: Provides a log viewer for Laravel,PHP,https://github.com/ARCANEDEV/LogViewer,1.45 MB
639,fast-excel,2388,272,2388,5,05/04/2018,14/09/2026,374.00 KB,🦉 Fast Excel import/export for Laravel,PHP,https://github.com/rap2hpoutre/fast-excel,374.00 KB
640,PHPCI,2387,422,2387,226,10/05/2013,11/06/2020,8.49 MB,PHPCI is a free and open source continuous integration tool specifically designed for PHP.,PHP,https://github.com/dancryer/PHPCI,8.49 MB
641,laravel-model-caching,2378,231,2378,14,17/09/2017,24/09/2026,2.73 MB,Eloquent model-caching made easy.,PHP,https://github.com/mike-bronner/laravel-model-caching,2.73 MB
642,drush,2377,1096,2377,486,16/01/2012,29/09/2026,134.24 MB,"Drush is a command-line shell and scripting interface for Drupal, a veritable Swiss Army knife designed to make life easier for those who spend their working hours hacking away at the command prompt.",PHP,https://github.com/drush-ops/drush,134.24 MB
643,panel,2371,317,2371,18,19/03/2024,06/10/2026,37.97 MB,"Free, open source game server management panel built on Laravel and Docker.",PHP,https://github.com/pelican/panel,37.97 MB
644,NelmioApiDocBundle,2370,911,2370,53,12/04/2012,05/10/2026,37.19 MB,Generates documentation for your REST API from attributes,PHP,https://github.com/nelmio/NelmioApiDocBundle,37.19 MB
645,polyfill-php73,2369,6,2369,0,25/04/2018,26/04/2026,26.00 KB,Symfony polyfill backporting some PHP 7.3+ features to lower PHP versions,PHP,https://github.com/symfony/polyfill-php73,26.00 KB
646,cache-contracts,2366,6,2366,0,27/05/2019,26/09/2026,86.00 KB,Generic abstractions related to caching,PHP,https://github.com/symfony/cache-contracts,86.00 KB
647,open-ai,2365,293,2365,0,21/12/2021,07/10/2026,2.10 MB,A community-driven PHP SDK for OpenAI.,PHP,https://github.com/orhanerday/open-ai,2.10 MB
648,HWIOAuthBundle,2359,783,2359,0,02/03/2012,11/08/2026,3.90 MB,OAuth client integration for Symfony. Supports both OAuth1.0a and OAuth2.,PHP,https://github.com/hwi/HWIOAuthBundle,3.90 MB
649,debug-bundle,2357,10,2357,0,26/09/2014,10/08/2026,399.00 KB,Provides a tight integration of the Symfony VarDumper component and the ServerLogCommand from MonologBridge into the Symfony full-stack framework,PHP,https://github.com/symfony/debug-bundle,399.00 KB
650,payment,2355,661,2355,41,15/06/2016,01/12/2022,1.33 MB,Payment是php版本的支付聚合第三方sdk，集成了微信支付、支付宝支付、招商一网通支付。提供统一的调用接口，方便快速接入各种支付、查询、退款、转账能力。服务端接入支付功能，方便、快捷。,PHP,https://github.com/helei112g/payment,1.33 MB
651,smarty,2347,706,2347,125,30/10/2014,04/10/2026,24.98 MB,"Smarty is a template engine for PHP, facilitating the separation of presentation (HTML/CSS) from application logic.",PHP,https://github.com/smarty-php/smarty,24.98 MB
652,oauth2-server-laravel,2345,519,2345,11,03/10/2013,18/08/2023,746.00 KB,An OAuth 2.0 bridge for Laravel and Lumen [DEPRECATED FOR LARAVEL 5.3+],PHP,https://github.com/lucadegasperi/oauth2-server-laravel,746.00 KB
653,laravel-impersonate,2345,235,2345,83,10/02/2017,17/03/2026,144.00 KB,Laravel Impersonate is a plugin that allows you to authenticate as your users.,PHP,https://github.com/404labfr/laravel-impersonate,144.00 KB
654,phpsocket.io,2342,504,2342,2,06/08/2015,26/08/2026,596.00 KB,A server side alternative implementation of socket.io in PHP based on workerman.,PHP,https://github.com/walkor/phpsocket.io,596.00 KB
655,phploc,2342,164,2342,0,22/01/2009,12/04/2025,21.62 MB,A tool for quickly measuring the size of a PHP project.,PHP,https://github.com/sebastianbergmann/phploc,21.62 MB
656,ezXSS,2341,385,2341,5,06/03/2017,08/07/2026,4.94 MB,ezXSS is an easy way for penetration testers and bug bounty hunters to test (blind) Cross Site Scripting.,PHP,https://github.com/ssl/ezXSS,4.94 MB
657,serializer,2341,588,2341,172,01/12/2012,04/09/2026,5.10 MB,"Library for (de-)serializing data of any complexity (supports JSON, and XML)",PHP,https://github.com/schmittjoh/serializer,5.10 MB
658,scribe,2340,357,2340,103,02/05/2020,13/08/2026,5.40 MB,Generate API documentation for humans from your Laravel codebase.✍,PHP,https://github.com/knuckleswtf/scribe,5.40 MB
659,GoogleAuthenticator,2331,718,2331,60,11/03/2012,30/04/2024,39.00 KB,PHP class to generate and verify Google Authenticator 2-factor authentication,PHP,https://github.com/PHPGangsta/GoogleAuthenticator,39.00 KB
660,pingcrm,2324,810,2324,7,05/03/2019,06/02/2025,2.31 MB,A demo application to illustrate how Inertia.js works.,PHP,https://github.com/inertiajs/pingcrm,2.31 MB
661,symfony-docs,2320,5336,2320,105,17/02/2010,08/10/2026,101.08 MB,The Symfony documentation,PHP,https://github.com/symfony/symfony-docs,101.08 MB
662,icon-workshop,2317,223,2317,14,05/05/2018,06/11/2021,13.36 MB,图标工场 - 移动应用图标生成工具，一键生成所有尺寸的应用图标和启动图,PHP,https://github.com/zhanghuanchong/icon-workshop,13.36 MB
663,redbean,2313,272,2313,3,29/05/2009,09/07/2026,8.14 MB,"ORM layer that creates models, config and database on the fly",PHP,https://github.com/gabordemooij/redbean,8.14 MB
664,CodeIgniter-Ion-Auth,2306,1095,2306,14,20/01/2010,02/11/2024,3.14 MB,Simple and Lightweight Auth System for CodeIgniter,PHP,https://github.com/benedmunds/CodeIgniter-Ion-Auth,3.14 MB
665,PHPCompatibility,2302,201,2302,91,03/03/2012,25/09/2026,12.89 MB,PHP Compatibility check for PHP_CodeSniffer,PHP,https://github.com/PHPCompatibility/PHPCompatibility,12.89 MB
666,h-m-m,2294,64,2294,4,30/08/2022,06/07/2026,254.00 KB,"h-m-m, or Hackers Mind Map, is a simple, fast, keyboard-centric terminal-based tool for working with mind maps.",PHP,https://github.com/nadrad/h-m-m,254.00 KB
667,event-dispatcher,2285,23,2285,2,24/04/2018,04/04/2024,33.00 KB,,PHP,https://github.com/php-fig/event-dispatcher,33.00 KB
668,php-langspec,2282,266,2282,21,28/07/2014,04/05/2024,1.82 MB,PHP Language Specification,PHP,https://github.com/php/php-langspec,1.82 MB
669,FruityWifi,2280,496,2280,50,13/10/2013,18/12/2021,1.21 MB,"FruityWiFi is a wireless network auditing tool. The application can be installed in any Debian based system (Jessie) adding the extra packages. Tested in Debian, Kali Linux, Kali Linux ARM (Raspberry Pi), Raspbian (Raspberry Pi), Pwnpi (Raspberry Pi), Bugtraq, NetHunter.",PHP,https://github.com/xtr4nge/FruityWifi,1.21 MB
670,laratrust,2275,380,2275,16,25/05/2016,06/03/2026,1.92 MB,Handle roles and permissions in your Laravel application,PHP,https://github.com/santigarcor/laratrust,1.92 MB
671,tempest-framework,2273,183,2273,31,10/07/2023,02/10/2026,11.13 MB,The PHP framework that gets out of your way,PHP,https://github.com/tempestphp/tempest-framework,11.13 MB
672,PHP-backdoors,2271,464,2271,1,06/05/2016,09/03/2024,15.20 MB,A collection of PHP backdoors. For educational or testing purposes only.,PHP,https://github.com/bartblaze/PHP-backdoors,15.20 MB
673,Elastica,2270,722,2270,106,19/10/2010,07/09/2026,24.44 MB,Elastica is a PHP client for elasticsearch,PHP,https://github.com/ruflin/Elastica,24.44 MB
674,wizard,2268,352,2268,107,27/07/2017,22/03/2023,14.63 MB,Wizard是一款开源的文档管理工具，支持Markdown/Swagger/Table类型的文档。,PHP,https://github.com/mylxsw/wizard,14.63 MB
675,vuedo,2267,528,2267,24,15/07/2016,01/10/2020,1014.00 KB,"Vuedo is a blog platform, built with Laravel and Vue.js.",PHP,https://github.com/Vuedo/vuedo,1014.00 KB
676,ThinkAdmin,2263,846,2263,12,13/02/2017,08/09/2026,69.54 MB,基于 ThinkPHP6&8 的极简后台管理系统，内置注解权限、异步多任务、应用插件生态等，支持类 PaaS 更新公共模块和应用插件，插件可本地化定制开发。,PHP,https://github.com/zoujingli/ThinkAdmin,69.54 MB
677,php-generator,2260,145,2260,3,13/03/2014,13/07/2026,1.08 MB,🐘 Generates neat PHP code for you. Supports new PHP 8.5 features.,PHP,https://github.com/nette/php-generator,1.08 MB
678,infection,2255,195,2255,226,29/06/2017,06/10/2026,57.95 MB,PHP Mutation Testing library,PHP,https://github.com/infection/infection,57.95 MB
679,livehelperchat,2251,742,2251,137,08/12/2012,07/10/2026,411.93 MB,"Live Helper Chat - live support for your website. Featuring web and mobile apps, Voice & Video & ScreenShare. Supports Telegram, Twilio (whatsapp), Facebook messenger including building a bot.",PHP,https://github.com/LiveHelperChat/livehelperchat,411.93 MB
680,testbench,2242,140,2242,1,08/06/2013,08/10/2026,1.45 MB,Laravel Testing Helper for Packages Development,PHP,https://github.com/orchestral/testbench,1.45 MB
681,laravel-geoip,2238,390,2238,81,11/12/2013,10/04/2026,165.00 KB,Determine the geographical location of website visitors based on their IP addresses.,PHP,https://github.com/Torann/laravel-geoip,165.00 KB
682,invobook,2235,609,2235,9,13/02/2017,12/11/2025,3.26 MB,"Self-hosted app for Time Tracking, Invoice Generation, Project & Client Management, built with Laravel & Filament.",PHP,https://github.com/Hasnayeen/invobook,3.26 MB
683,php-gui,2233,168,2233,34,25/03/2016,29/05/2022,139.99 MB,Extensionless PHP Graphic User Interface library,PHP,https://github.com/gabrielrcouto/php-gui,139.99 MB
684,data-transfer-object,2225,186,2225,0,18/10/2018,01/11/2022,453.00 KB,Data transfer objects with batteries included,PHP,https://github.com/spatie/data-transfer-object,453.00 KB
685,baum,2222,447,2222,161,04/05/2013,11/06/2024,638.00 KB,Baum is an implementation of the Nested Set pattern for Laravel's Eloquent ORM.,PHP,https://github.com/etrepat/baum,638.00 KB
686,graphql-laravel,2222,272,2222,1,19/09/2016,07/10/2026,3.17 MB,Laravel wrapper for Facebook's GraphQL,PHP,https://github.com/rebing/graphql-laravel,3.17 MB
687,enqueue-dev,2221,428,2221,61,29/12/2016,30/08/2026,19.85 MB,"Message Queue, Job Queue, Broadcasting, WebSockets packages for PHP, Symfony, Laravel, Magento. DEVELOPMENT REPOSITORY - provided by Forma-Pro",PHP,https://github.com/php-enqueue/enqueue-dev,19.85 MB
688,property-info,2220,13,2220,0,26/09/2015,03/10/2026,1.52 MB,Extracts information about PHP class' properties using metadata of popular sources,PHP,https://github.com/symfony/property-info,1.52 MB
689,scramble,2218,208,2218,15,05/08/2022,07/10/2026,3.12 MB,Modern Laravel OpenAPI (Swagger) documentation generator. No PHPDoc annotations required. ,PHP,https://github.com/dedoc/scramble,3.12 MB
690,OLAINDEX,2209,564,2209,10,29/09/2018,23/04/2026,3.98 MB,✨ Another OneDrive Directory Index,PHP,https://github.com/WangNingkai/OLAINDEX,3.98 MB
691,phpcpd,2209,189,2209,0,24/01/2009,10/01/2023,45.31 MB,Copy/Paste Detector (CPD) for PHP code.,PHP,https://github.com/sebastianbergmann/phpcpd,45.31 MB
692,ML,2208,192,2208,63,14/02/2018,08/10/2026,39.84 MB,A high-level machine learning and deep learning library for the PHP language.,PHP,https://github.com/RubixML/ML,39.84 MB
693,php-github-api,2207,586,2207,53,06/04/2012,18/08/2026,2.19 MB,"A simple PHP GitHub API client, Object Oriented, tested and documented.",PHP,https://github.com/KnpLabs/php-github-api,2.19 MB
694,aimeos-base,2203,3,2203,0,12/02/2022,08/10/2026,601.00 KB,Aimeos abstraction layer for host applications,PHP,https://github.com/aimeos/aimeos-base,601.00 KB
695,PHP-Vars-To-Js-Transformer,2200,210,2200,24,25/02/2014,24/02/2026,83.00 KB,Transform PHP data to JavaScript.,PHP,https://github.com/laracasts/PHP-Vars-To-Js-Transformer,83.00 KB
696,plus,2199,466,2199,112,16/12/2016,14/03/2022,86.01 MB,"💝The Plus (ThinkSNS+) is a powerful, easy-to-develop social system built with Laravel.",PHP,https://github.com/slimkit/plus,86.01 MB
697,DiDOM,2196,197,2196,27,15/08/2015,28/01/2026,488.00 KB,Simple and fast HTML and XML parser,PHP,https://github.com/Imangazaliev/DiDOM,488.00 KB
698,easyengine,2176,422,2176,98,14/08/2012,30/09/2026,6.01 MB,"Command-line control panel for Nginx Server to manage WordPress sites running on Nginx, PHP, MySQL, and Let's Encrypt",PHP,https://github.com/EasyEngine/easyengine,6.01 MB
699,sendportal,2175,467,2175,52,04/06/2020,19/04/2024,292.00 KB,Open-source self-hosted email marketing. Manage your own newsletters at a fraction of the cost. ,PHP,https://github.com/mettle/sendportal,292.00 KB
700,math,2175,102,2175,1,31/08/2014,25/09/2026,1.64 MB,Arbitrary-precision arithmetic library for PHP,PHP,https://github.com/brick/math,1.64 MB
701,lessphp,2175,509,2175,215,21/07/2009,16/05/2024,840.00 KB,LESS compiler written in PHP,PHP,https://github.com/leafo/lessphp,840.00 KB
702,wordplate,2171,154,2171,0,04/10/2013,29/09/2026,2.04 MB,"A boilerplate for WordPress, built with Composer and designed with sensible defaults.",PHP,https://github.com/vinkla/wordplate,2.04 MB
703,inflector,2169,10,2169,0,31/03/2016,13/11/2024,188.00 KB,Converts words between their singular and plural forms (English only),PHP,https://github.com/symfony/inflector,188.00 KB
704,ApiGen,2168,310,2168,24,26/02/2011,21/02/2025,10.67 MB,PHP 7.1 ready Smart and Simple Documentation for your PHP project,PHP,https://github.com/ApiGen/ApiGen,10.67 MB
705,S3-Uploads,2162,404,2162,37,21/11/2013,09/03/2026,10.25 MB,The WordPress Plugin to Store Uploads on Amazon S3,PHP,https://github.com/humanmade/S3-Uploads,10.25 MB
706,huge,2155,764,2155,48,06/05/2012,04/09/2024,6.66 MB,"Simple user-authentication solution, embedded into a small framework.",PHP,https://github.com/panique/huge,6.66 MB
707,ext-ds,2149,100,2149,30,01/02/2016,17/09/2026,1.17 MB,Extension for specialized native data structures in PHP,PHP,https://github.com/php-ds/ext-ds,1.17 MB
708,laravel-filemanager,2148,731,2148,217,29/07/2015,09/08/2026,4.66 MB,"Media gallery with CKEditor, TinyMCE and Summernote support. Built on Laravel file system.",PHP,https://github.com/UniSharp/laravel-filemanager,4.66 MB
709,ProxiTok,2147,155,2147,51,01/01/2022,31/05/2025,670.00 KB,Open source alternative frontend for TikTok made using PHP,PHP,https://github.com/pablouser1/ProxiTok,670.00 KB
710,utils,2146,156,2146,15,17/03/2014,18/08/2026,2.22 MB,"🛠 Lightweight utilities for string & array manipulation, image handling, safe JSON encoding/decoding, validation, slug or strong password generating etc.",PHP,https://github.com/nette/utils,2.22 MB
711,music,2145,693,2145,32,12/06/2015,25/06/2019,358.00 KB,音乐搜索器 - 多站合一音乐搜索解决方案,PHP,https://github.com/maicong/music,358.00 KB
712,security-advisories,2143,332,2143,3,24/01/2013,06/10/2026,1.54 MB,A database of PHP security advisories,PHP,https://github.com/FriendsOfPHP/security-advisories,1.54 MB
713,tsf,2143,472,2143,27,03/07/2015,24/10/2019,298.00 KB,coroutine and Swoole based php server framework in tencent,PHP,https://github.com/Tencent/tsf,298.00 KB
714,Embed,2140,324,2140,74,09/10/2012,08/07/2026,15.58 MB,Get info from any web service or page,PHP,https://github.com/php-embed/Embed,15.58 MB
715,boris,2139,116,2139,25,13/11/2011,04/06/2021,1016.00 KB,A tiny REPL for PHP,PHP,https://github.com/borisrepl/boris,1016.00 KB
716,dreeve,2137,137,2137,4,10/12/2024,08/10/2026,240.83 MB,"Dreeve is a self-hosted, open-source dashboard for your sports and fitness data",PHP,https://github.com/dreeveapp/dreeve,240.83 MB
717,laravel-queue-rabbitmq,2132,456,2132,47,06/12/2013,02/09/2026,631.00 KB,RabbitMQ driver for Laravel Queue. Supports Laravel Horizon.,PHP,https://github.com/vyuldashev/laravel-queue-rabbitmq,631.00 KB
718,LittleProxy,2130,729,2130,111,21/12/2010,08/07/2024,7.22 MB,High performance HTTP proxy originally written by your friends at Lantern and now maintained by a stellar group of volunteer open source programmers.,PHP,https://github.com/adamfisk/LittleProxy,7.22 MB
719,password_compat,2129,409,2129,19,25/06/2012,05/02/2024,63.00 KB,Compatibility with the password_* functions that ship with PHP 5.5,PHP,https://github.com/ircmaxell/password_compat,63.00 KB
720,neuron-ai,2126,256,2126,6,02/03/2025,08/10/2026,29.51 MB,"The Agentic Framework of the PHP ecosystem to build production-ready AI driven applications. Connect components (LLMs, Tools, vector DBs, memory) to agents that interact with your data and UI.",PHP,https://github.com/neuron-core/neuron-ai,29.51 MB
721,SonataAdminBundle,2126,1241,2126,19,19/11/2010,02/10/2026,46.67 MB,The missing Symfony Admin Generator,PHP,https://github.com/sonata-project/SonataAdminBundle,46.67 MB
722,fusio,2125,244,2125,171,29/07/2015,07/10/2026,29.95 MB,Self-Hosted API Management for Builders,PHP,https://github.com/apioo/fusio,29.95 MB
723,BaconQrCode,2110,231,2110,9,23/03/2013,16/09/2026,443.00 KB,QR Code Generator for PHP,PHP,https://github.com/Bacon/BaconQrCode,443.00 KB
724,DoctrineExtensions,2103,417,2103,45,28/02/2010,26/09/2024,715.00 KB,A set of Doctrine 2 extensions,PHP,https://github.com/beberlei/DoctrineExtensions,715.00 KB
725,WDScanner,2101,539,2101,7,21/01/2019,22/06/2020,26.88 MB,WDScanner平台目前实现了如下功能：分布式web漏洞扫描、客户管理、漏洞定期扫描、子域名枚举、端口扫描、网站爬虫、暗链检测、坏链检测、网站指纹搜集、专项漏洞检测、代理搜集及部署等功能。,PHP,https://github.com/TideSec/WDScanner,26.88 MB
726,deprecation-contracts,2100,10,2100,0,08/02/2020,16/09/2026,36.00 KB,A generic function and convention to trigger deprecation notices,PHP,https://github.com/symfony/deprecation-contracts,36.00 KB
727,phpbb,2100,1017,2100,98,01/03/2010,08/10/2026,95.46 MB, phpBB Development: phpBB is a popular open-source bulletin board written in PHP. This repository also contains the history of version 2.,PHP,https://github.com/phpbb/phpbb,95.46 MB
728,var-exporter,2098,7,2098,0,29/08/2018,07/10/2026,693.00 KB,"Provides tools to export, instantiate, hydrate, clone and lazy-load PHP objects",PHP,https://github.com/symfony/var-exporter,693.00 KB
729,skycaiji,2095,606,2095,39,26/02/2018,07/10/2026,26.42 MB,蓝天采集器是一款开源免费的爬虫系统，仅需点选编辑规则即可采集数据，可运行在本地、虚拟主机或云服务器中，几乎能采集所有类型的网页，无缝对接各类CMS建站程序，免登录实时发布数据，全自动无需人工干预！是网页大数据采集软件中完全跨平台的云端爬虫系统,PHP,https://github.com/zorlan/skycaiji,26.42 MB
730,ignition,2078,176,2078,5,26/08/2019,16/02/2023,2.62 MB,A beautiful error page for Laravel apps,PHP,https://github.com/facade/ignition,2.62 MB
731,framework,2069,93,2069,44,13/02/2012,06/10/2026,14.37 MB,High-Performance PHP Framework,PHP,https://github.com/spiral/framework,14.37 MB
732,vmqphp,2065,738,2065,55,18/04/2019,14/07/2024,23.76 MB,V免签PHP版 完全开源免费的个人免签约解决方案,PHP,https://github.com/szvone/vmqphp,23.76 MB
733,imagehash,2063,173,2063,39,04/12/2014,17/09/2025,1.34 MB,🌄 Perceptual image hashing for PHP,PHP,https://github.com/jenssegers/imagehash,1.34 MB
734,movim,2060,284,2060,43,24/06/2015,08/10/2026,71.50 MB,Movim - Decentralized social platform,PHP,https://github.com/movim/movim,71.50 MB
735,polyfill-intl-normalizer,2060,4,2060,0,22/10/2015,30/09/2026,150.00 KB,Symfony polyfill for intl's Normalizer class and related functions,PHP,https://github.com/symfony/polyfill-intl-normalizer,150.00 KB
736,Transliterator,2059,32,2059,0,12/01/2014,07/05/2025,250.00 KB,Behat Transliterator library inherited from Doctrine1 and used in Behat for snippet generation,PHP,https://github.com/Behat/Transliterator,250.00 KB
737,laravel-query-detector,2057,145,2057,6,15/07/2018,20/03/2026,109.00 KB,Laravel N+1 Query Detector,PHP,https://github.com/beyondcode/laravel-query-detector,109.00 KB
738,laravel-hashids,2055,175,2055,0,03/02/2015,22/03/2026,238.00 KB,A Hashids bridge for Laravel,PHP,https://github.com/vinkla/laravel-hashids,238.00 KB
739,AWSGoat,2052,1563,2052,12,13/07/2022,20/05/2025,33.54 MB,AWSGoat : A Damn Vulnerable AWS Infrastructure,PHP,https://github.com/ine-labs/AWSGoat,33.54 MB
740,book,2048,782,2048,8,05/02/2018,22/09/2021,1.18 GB,Book PDF,PHP,https://github.com/3masterplus/book,1.18 GB
741,laracom,2043,857,2043,0,15/08/2017,06/04/2025,13.04 MB,Laravel FREE E-Commerce Software,PHP,https://github.com/jsdecena/laracom,13.04 MB
742,minify,2040,332,2040,123,09/10/2012,25/06/2025,927.00 KB,"CSS & JavaScript minifier, in PHP. Removes whitespace, strips comments, combines files (incl. @import statements and small assets in CSS files), and optimizes/shortens a few common programming patterns.",PHP,https://github.com/matthiasmullie/minify,927.00 KB
743,pie,2038,76,2038,16,29/02/2024,08/10/2026,3.08 MB,🥧 The PHP Installer for Extensions,PHP,https://github.com/php/pie,3.08 MB
744,laravel-enum,2030,157,2030,1,07/09/2017,03/09/2026,626.00 KB,"Simple, extensible and powerful enumeration implementation for Laravel.",PHP,https://github.com/BenSampo/laravel-enum,626.00 KB
745,http-client,2030,53,2030,0,07/03/2019,07/10/2026,2.43 MB,Provides powerful methods to fetch HTTP resources synchronously or asynchronously,PHP,https://github.com/symfony/http-client,2.43 MB
746,phpbench,2029,133,2029,39,03/05/2015,14/06/2026,6.62 MB,PHP Benchmarking framework,PHP,https://github.com/phpbench/phpbench,6.62 MB
747,projectsend,2027,360,2027,11,12/03/2014,07/10/2026,14.87 MB,"Share files with your clients, from your own server. Free, open source (GPLv2), self-hosted — or use ProjectSend Cloud, the official hosted version run by the same team.",PHP,https://github.com/projectsend/projectsend,14.87 MB
748,laravel-er-diagram-generator,2024,198,2024,14,03/07/2018,23/03/2026,93.00 KB,Generate entity relation diagrams from your Laravel model files.,PHP,https://github.com/beyondcode/laravel-er-diagram-generator,93.00 KB
749,WebShell,2014,1025,2014,8,16/10/2015,06/04/2020,23.98 MB,Webshell && Backdoor Collection,PHP,https://github.com/xl7dev/WebShell,23.98 MB
750,jmespath.php,2011,57,2011,3,06/07/2013,06/07/2026,745.00 KB,"Declaratively specify how to extract elements from a JSON document, in PHP",PHP,https://github.com/jmespath/jmespath.php,745.00 KB
751,ibis,2010,160,2010,22,11/06/2020,06/05/2025,621.00 KB,A PHP tool that helps you write eBooks in markdown and convert to PDF.,PHP,https://github.com/themsaid/ibis,621.00 KB
752,google2fa,2010,205,2010,5,21/09/2014,15/08/2026,631.00 KB,"A One Time Password Authentication package, compatible with Google Authenticator.",PHP,https://github.com/antonioribeiro/google2fa,631.00 KB
753,easy-log-handler,1995,28,1995,0,16/08/2016,07/04/2020,36.00 KB,Human-friendly log files that make you more productive,PHP,https://github.com/EasyCorp/easy-log-handler,36.00 KB
754,searchable,1993,290,1993,108,17/06/2014,26/07/2025,118.00 KB,A php trait to search laravel models,PHP,https://github.com/nicolaslopezj/searchable,118.00 KB
755,functional-php,1984,201,1984,16,22/05/2011,21/03/2026,1.07 MB,Primitives for functional programming in PHP,PHP,https://github.com/lstrojny/functional-php,1.07 MB
756,avatar,1983,186,1983,0,12/10/2015,01/10/2026,497.00 KB,"Plug n play avatar, turn name, email, and any other string into beautiful avatar (or gravatar), effortless. ",PHP,https://github.com/laravolt/avatar,497.00 KB
757,Purifier,1982,241,1982,78,22/03/2013,08/06/2026,488.00 KB,HTMLPurifier for Laravel 5+,PHP,https://github.com/mewebstudio/Purifier,488.00 KB
758,idiorm,1978,358,1978,4,11/02/2010,14/03/2024,739.00 KB,A lightweight nearly-zero-configuration object-relational mapper and fluent query builder for PHP5.,PHP,https://github.com/j4mie/idiorm,739.00 KB
759,hprose-php,1978,381,1978,42,13/02/2014,06/02/2024,1.13 MB,Hprose is a cross-language RPC. This project is Hprose 3.0 for PHP,PHP,https://github.com/hprose/hprose-php,1.13 MB
760,Tieba-Cloud-Sign,1976,421,1976,77,13/04/2014,28/05/2026,5.13 MB,百度贴吧云签到，在服务器上配置好就无需进行任何操作便可以实现贴吧的全自动签到。配合插件使用还可实现云灌水、点赞、封禁、删帖、审查等功能。注意：Gitee (原Git@osc) 仓库将不再维护，目前唯一指定的仓库为 Github。本项目没有官方交流群，如需交流可以直接使用Github的Discussions。没有商业版本，目前贴吧云签到由社区共同维护，不会停止更新（PR 通常在一天内处理）。,PHP,https://github.com/MoeNetwork/Tieba-Cloud-Sign,5.13 MB
761,mailchimp-api,1974,489,1974,68,30/07/2013,14/11/2022,160.00 KB,"Super-simple, minimum abstraction MailChimp API v3 wrapper, in PHP",PHP,https://github.com/drewm/mailchimp-api,160.00 KB
762,security-checker,1973,111,1973,0,01/02/2013,15/01/2021,128.00 KB,PHP frontend for security.symfony.com,PHP,https://github.com/sensiolabs/security-checker,128.00 KB
763,http-client-contracts,1973,0,1973,0,27/05/2019,04/10/2026,285.00 KB,Generic abstractions related to HTTP clients,PHP,https://github.com/symfony/http-client-contracts,285.00 KB
764,beikeshop,1973,424,1973,5,21/04/2022,28/09/2026,39.86 MB,"Free and Open-Source, Easy-to-Use Laravel eCommerce Platform,It supports multiple languages and currencies, Integrates AI agents and MCP.The platform features customizable visual design and a rich plugins on marketplace.",PHP,https://github.com/beikeshop/beikeshop,39.86 MB
765,laravel-livewire-tables,1973,373,1973,2,26/03/2020,29/07/2026,3.67 MB,A dynamic table component for Laravel Livewire,PHP,https://github.com/rappasoft/laravel-livewire-tables,3.67 MB
766,health,1971,211,1971,69,26/11/2016,15/10/2024,4.28 MB,Laravel Health Panel,PHP,https://github.com/antonioribeiro/health,4.28 MB
767,Sami,1965,280,1965,41,15/05/2012,13/09/2018,758.00 KB,An API documentation generator,PHP,https://github.com/FriendsOfPHP/Sami,758.00 KB
768,php-webshells,1961,754,1961,9,25/07/2014,03/03/2021,2.37 MB,Common PHP webshells you might need for your Penetration Testing assignments or CTF challenges. Do not host the file(s) on your server!,PHP,https://github.com/JohnTroony/php-webshells,2.37 MB
769,dashboard.spatie.be,1955,411,1955,0,06/05/2016,06/10/2026,9.23 MB,The source code of dashboard.spatie.be,PHP,https://github.com/spatie/dashboard.spatie.be,9.23 MB
770,speedtest-x,1951,425,1951,10,13/11/2020,23/03/2025,160.00 KB,A self-hosted speedtest appilication with an awesome test result datasheet.,PHP,https://github.com/MortyFx/speedtest-x,160.00 KB
771,static-php-cli,1949,419,1949,39,26/04/2021,07/10/2026,34.32 MB,"Build standalone portable PHP binaries on Linux, macOS, Windows, with PHP project together, with popular extensions included.",PHP,https://github.com/crazywhalecc/static-php-cli,34.32 MB
772,dusk,1945,332,1945,5,06/12/2016,07/10/2026,105.48 MB,Laravel Dusk provides simple end-to-end testing and browser automation.,PHP,https://github.com/laravel/dusk,105.48 MB
773,cli-menu,1942,104,1942,9,19/10/2015,11/08/2025,915.00 KB,🖥  Build beautiful PHP CLI menus. Simple yet Powerful. Expressive DSL.,PHP,https://github.com/php-school/cli-menu,915.00 KB
774,google-translate-php,1942,389,1942,7,18/07/2013,20/09/2026,387.00 KB,🔤 Free Google Translate API PHP Package. Translates totally free of charge.,PHP,https://github.com/Stichoza/google-translate-php,387.00 KB
775,pos-backend,1935,1696,1935,0,27/09/2023,04/11/2023,47.82 MB,,PHP,https://github.com/dimmas893/pos-backend,47.82 MB
776,LaravelInstaller,1935,481,1935,30,07/07/2015,28/11/2023,2.13 MB,A web installer for Laravel,PHP,https://github.com/rashidlaasri/LaravelInstaller,2.13 MB
777,countries,1932,296,1932,70,05/02/2017,29/03/2026,79.40 MB,Laravel countries and currencies,PHP,https://github.com/antonioribeiro/countries,79.40 MB
778,money,1930,121,1930,6,31/05/2015,06/10/2026,939.00 KB,A money and currency library for PHP,PHP,https://github.com/brick/money,939.00 KB
779,Payum,1928,347,1928,99,23/11/2012,06/09/2026,13.31 MB,"PHP Payment processing library. It offers everything you need to work with payments: Credit card & offsite purchasing, subscriptions, payouts etc.",PHP,https://github.com/Payum/Payum,13.31 MB
780,StofDoctrineExtensionsBundle,1927,382,1927,37,09/11/2010,23/01/2026,372.00 KB,Integration bundle for DoctrineExtensions by l3pp4rd in Symfony,PHP,https://github.com/stof/StofDoctrineExtensionsBundle,372.00 KB
781,phphub5,1927,476,1927,33,11/07/2016,09/03/2020,20.09 MB,"PHPHub Ver 5 is a Forum project Powered by Laravel 5.1, and it is also the project build up PHP & Laravel China community （此项目已弃用）",PHP,https://github.com/summerblue/phphub5,20.09 MB
782,mix,1927,211,1927,3,24/06/2017,18/03/2026,8.27 MB,"☄️  PHP CLI mode development framework, supports Swoole, WorkerMan, FPM, CLI-Server / PHP 命令行模式开发框架，支持 Swoole、Swow、WorkerMan、FPM、CLI-Server",PHP,https://github.com/mix-php/mix,8.27 MB
783,phpactor,1926,165,1926,294,24/09/2015,07/10/2026,15.49 MB,Mainly a PHP Language Server with more features than you can shake a stick at,PHP,https://github.com/phpactor/phpactor,15.49 MB
784,laravel-translatable,1926,311,1926,0,03/02/2014,18/06/2019,926.00 KB,[Deprecated] A Laravel package for multilingual models,PHP,https://github.com/dimsav/laravel-translatable,926.00 KB
785,NelmioCorsBundle,1925,101,1925,9,04/11/2011,14/01/2026,222.00 KB,Adds CORS (Cross-Origin Resource Sharing) headers support in your Symfony application,PHP,https://github.com/nelmio/NelmioCorsBundle,222.00 KB
786,pheanstalk,1920,281,1920,6,14/10/2008,28/09/2026,2.82 MB,PHP client for beanstalkd queue,PHP,https://github.com/pheanstalk/pheanstalk,2.82 MB
787,tc-lib-pdf,1916,262,1916,12,10/06/2016,03/10/2026,6.81 MB,PHP PDF Library (TCPDF),PHP,https://github.com/tecnickcom/tc-lib-pdf,6.81 MB
788,PentesterSpecialDict,1916,339,1916,1,11/08/2020,17/06/2025,57.10 MB,构建优化高效的渗透 fuzz 字典合集,PHP,https://github.com/evilc0deooo/PentesterSpecialDict,57.10 MB
789,Buzz,1916,248,1916,9,26/01/2010,15/05/2026,2.04 MB,PHP's lightweight HTTP client,PHP,https://github.com/kriswallsmith/Buzz,2.04 MB
790,sentry-php,1915,475,1915,17,23/01/2012,08/10/2026,5.03 MB,The official PHP SDK for Sentry (sentry.io),PHP,https://github.com/getsentry/sentry-php,5.03 MB
791,laravel-collection-macros,1915,144,1915,0,26/07/2016,20/02/2026,441.00 KB,A set of useful Laravel collection macros,PHP,https://github.com/spatie/laravel-collection-macros,441.00 KB
792,Laravel-Administrator,1913,485,1913,145,12/11/2012,08/09/2020,7.40 MB,An administrative interface package for Laravel,PHP,https://github.com/FrozenNode/Laravel-Administrator,7.40 MB
793,mailchecker,1911,314,1911,6,04/03/2013,05/10/2026,10.90 MB,:mailbox: Cross-language temporary (disposable/throwaway) email detection library. Covers 55 734+ fake email providers.,PHP,https://github.com/FGRibreau/mailchecker,10.90 MB
794,html-to-markdown,1907,215,1907,25,21/10/2011,06/10/2026,475.00 KB,Convert HTML to Markdown with PHP,PHP,https://github.com/thephpleague/html-to-markdown,475.00 KB
795,PHP-Audit-Labs,1907,335,1907,10,12/07/2018,17/09/2019,167.23 MB,一个关于PHP的代码审计项目,PHP,https://github.com/hongriSec/PHP-Audit-Labs,167.23 MB
796,ZipStream-PHP,1907,112,1907,3,13/11/2013,07/10/2026,716.00 KB,:floppy_disk: PHP ZIP Streaming Library,PHP,https://github.com/maennchen/ZipStream-PHP,716.00 KB
797,plugins,1907,591,1907,35,04/11/2013,07/10/2026,263.12 MB,Typecho Fans插件作品目录,PHP,https://github.com/typecho-fans/plugins,263.12 MB
798,laravel-fractal,1906,183,1906,0,06/10/2015,26/06/2026,355.00 KB,An easy to use Fractal wrapper built for Laravel and Lumen applications,PHP,https://github.com/spatie/laravel-fractal,355.00 KB
799,Gazelle,1906,351,1906,48,30/06/2013,08/11/2016,28.88 MB,,PHP,https://github.com/WhatCD/Gazelle,28.88 MB
800,phpspec,1905,287,1905,137,07/04/2011,08/10/2026,6.98 MB,SpecBDD Framework for PHP,PHP,https://github.com/phpspec/phpspec,6.98 MB
801,laminas-code,1904,86,1904,26,31/12/2019,08/10/2026,4.78 MB,"Extensions to the PHP Reflection API, static code scanning, and code generation",PHP,https://github.com/laminas/laminas-code,4.78 MB
802,VichUploaderBundle,1902,522,1902,46,01/12/2011,21/09/2026,2.31 MB,A simple Symfony bundle to ease file uploads with ORM entities and ODM documents.,PHP,https://github.com/dustin10/VichUploaderBundle,2.31 MB
803,web-push-php,1896,312,1896,18,27/11/2015,09/09/2026,424.00 KB,Web Push library for PHP,PHP,https://github.com/web-push-libs/web-push-php,424.00 KB
804,climate,1894,127,1894,13,17/08/2014,27/08/2026,1.45 MB,PHP's best friend for the terminal.,PHP,https://github.com/thephpleague/climate,1.45 MB
805,http-factory,1886,26,1886,0,30/07/2018,10/05/2024,25.00 KB,Implementation of PSR-17 (HTTP Message Factories),PHP,https://github.com/php-fig/http-factory,25.00 KB
806,msphpsql,1884,386,1884,17,22/04/2014,06/10/2026,88.43 MB,Microsoft Drivers for PHP for SQL Server,PHP,https://github.com/microsoft/msphpsql,88.43 MB
807,security-core,1877,35,1877,0,18/09/2013,06/10/2026,3.19 MB,Symfony Security Component - Core Library,PHP,https://github.com/symfony/security-core,3.19 MB
808,cacti,1875,447,1875,324,19/01/2015,09/10/2026,318.48 MB,Cacti ™,PHP,https://github.com/Cacti/cacti,318.48 MB
809,PHP_XLSXWriter,1867,660,1867,50,11/09/2013,25/09/2023,295.00 KB,Lightweight XLSX Excel Spreadsheet Writer in PHP,PHP,https://github.com/mk-j/PHP_XLSXWriter,295.00 KB
810,Torch,1866,204,1866,14,21/08/2014,27/01/2024,721.00 KB,Examples of using each Illuminate component in non-Laravel applications,PHP,https://github.com/mattstauffer/Torch,721.00 KB
811,edusoho,1863,737,1863,61,22/10/2013,20/02/2026,717.87 MB,EduSoho 网络课堂是由杭州阔知网络科技有限公司研发的开源网校系统。EduSoho 包含了在线教学、招生和管理等完整功能，让教育机构可以零门槛建立网校，成功转型在线教育。EduSoho 也可作为企业内训平台，帮助企业实现人才培养。,PHP,https://github.com/edusoho/edusoho,717.87 MB
812,WordPress-Skeleton,1856,570,1856,30,26/05/2012,07/10/2026,30.00 KB,Basic layout of a WordPress Git repository. I use this as a base when creating a new repo.,PHP,https://github.com/markjaquith/WordPress-Skeleton,30.00 KB
813,deprecations,1855,20,1855,7,10/07/2020,14/06/2026,225.00 KB,Thin library around different deprecation strategies,PHP,https://github.com/doctrine/deprecations,225.00 KB
814,plugin-php,1853,140,1853,151,24/12/2017,10/09/2026,7.58 MB,Prettier PHP Plugin,PHP,https://github.com/prettier/plugin-php,7.58 MB
815,InvoiceShelf,1851,386,1851,63,26/01/2024,07/10/2026,69.31 MB,Open Source Invoicing Solution for Individuals & Businesses,PHP,https://github.com/InvoiceShelf/InvoiceShelf,69.31 MB
816,wayfinder,1850,112,1850,47,27/03/2025,10/09/2026,496.00 KB,,PHP,https://github.com/laravel/wayfinder,496.00 KB
817,jetpack,1849,901,1849,2575,16/12/2013,08/10/2026,845.28 MB,"Security, performance, marketing, and design tools — Jetpack is made by WordPress experts to make WP sites safer and faster, and help you grow your traffic.",PHP,https://github.com/Automattic/jetpack,845.28 MB
818,no-captcha,1848,229,1848,55,03/12/2014,01/04/2026,78.00 KB,No CAPTCHA reCAPTCHA For Laravel.,PHP,https://github.com/anhskohbo/no-captcha,78.00 KB
819,Parser-PHP,1840,236,1840,28,28/06/2013,19/05/2024,10.98 MB,Browser sniffing gone too far — A useragent parser library for PHP,PHP,https://github.com/WhichBrowser/Parser-PHP,10.98 MB
820,tracy,1838,217,1838,27,16/11/2012,18/08/2026,4.96 MB,"😎 Tracy: the addictive tool to ease debugging PHP code for cool developers. Friendly design, logging, profiler, advanced features like debugging AJAX calls or CLI support. You will love it.",PHP,https://github.com/nette/tracy,4.96 MB
821,workerman-todpole,1837,656,1837,14,30/04/2014,24/08/2022,994.00 KB,"HTML5+WebSocket+PHP(Workerman) , rumpetroll server writen using php",PHP,https://github.com/walkor/workerman-todpole,994.00 KB
822,Carbon-Forum,1836,417,1836,90,04/11/2014,05/01/2020,14.12 MB,A high performance open-source forum software written in PHP. Discussions Tags based with Quora/StackOverflow style.,PHP,https://github.com/lincanbin/Carbon-Forum,14.12 MB
823,QingScan,1832,288,1832,22,06/12/2021,04/08/2026,96.58 MB,"一个漏洞扫描器粘合剂,添加目标后30款工具自动调用；支持 web扫描、系统扫描、子域名收集、目录扫描、主机扫描、主机发现、组件识别、URL爬虫、XRAY扫描、AWVS自动扫描、POC批量验证，SSH批量测试、vulmap。",PHP,https://github.com/78778443/QingScan,96.58 MB
824,TeamPass,1831,572,1831,11,29/12/2011,07/10/2026,636.40 MB,Collaborative Passwords Manager,PHP,https://github.com/nilsteampassnet/TeamPass,636.40 MB
825,simplexlsx,1828,486,1828,5,25/05/2016,10/09/2026,268.00 KB,Parse and retrieve data from Excel XLSx files,PHP,https://github.com/shuchkin/simplexlsx,268.00 KB
826,cachetool,1828,157,1828,18,22/09/2014,28/01/2026,14.60 MB,CLI App and library to manage apc & opcache.,PHP,https://github.com/gordalina/cachetool,14.60 MB
827,PHP-CSS-Parser,1827,152,1827,162,24/08/2010,07/10/2026,3.40 MB,"A Parser for CSS Files written in PHP. Allows extraction of CSS files into a data structure, manipulation of said structure and output as (optimized) CSS",PHP,https://github.com/MyIntervals/PHP-CSS-Parser,3.40 MB
828,KnpPaginatorBundle,1826,332,1826,12,24/08/2010,11/09/2026,805.00 KB,SEO friendly Symfony paginator to sort and paginate,PHP,https://github.com/KnpLabs/KnpPaginatorBundle,805.00 KB
829,diskover-community,1823,185,1823,3,19/04/2017,25/03/2026,34.42 MB,"Diskover Community Edition - Open source file indexer, file search engine and data management and analytics powered by Elasticsearch",PHP,https://github.com/diskoverdata/diskover-community,34.42 MB
830,packagist,1823,493,1823,84,09/06/2011,08/10/2026,14.05 MB,Package Repository Website - try https://packagist.com if you need your own -,PHP,https://github.com/composer/packagist,14.05 MB
831,exploits,1820,388,1820,7,28/09/2019,31/05/2022,20.00 KB,Pwn stuff.,PHP,https://github.com/mm0r1/exploits,20.00 KB
832,Captcha,1818,304,1818,2,27/12/2012,01/09/2026,1.30 MB,PHP Captcha library,PHP,https://github.com/Gregwar/Captcha,1.30 MB
833,metadata,1816,71,1816,8,06/05/2011,30/11/2025,246.00 KB,Metadata is a library for metadata management in PHP,PHP,https://github.com/schmittjoh/metadata,246.00 KB
834,link-util,1816,9,1816,1,04/08/2016,11/03/2021,69.00 KB,,PHP,https://github.com/php-fig/link-util,69.00 KB
835,server,1816,257,1816,217,10/11/2016,08/10/2026,47.78 MB,Hashtopolis - distributed password cracking with Hashcat,PHP,https://github.com/hashtopolis/server,47.78 MB
836,laravel-ffmpeg,1814,200,1814,103,29/07/2016,28/02/2026,11.21 MB,This package provides an integration with FFmpeg for Laravel. Laravel's Filesystem handles the storage of the files.,PHP,https://github.com/protonemedia/laravel-ffmpeg,11.21 MB
837,laravel-totem,1814,226,1814,3,01/08/2017,08/10/2026,16.82 MB,Manage Your Laravel Schedule From A Web Dashboard,PHP,https://github.com/always-open/laravel-totem,16.82 MB
838,mcp-adapter,1813,206,1813,70,10/07/2025,08/10/2026,2.20 MB,"An MCP adapter that bridges the Abilities API to the Model Context Protocol, enabling MCP clients to discover and invoke WordPress plugin, theme, and core abilities programmatically.",PHP,https://github.com/WordPress/mcp-adapter,2.20 MB
839,amp-wp,1811,377,1811,61,22/09/2015,02/10/2026,226.31 MB,"Enable AMP on your WordPress site, the WordPress way.",PHP,https://github.com/ampproject/amp-wp,226.31 MB
840,mantisbt,1810,763,1810,93,29/06/2010,08/10/2026,89.17 MB,Mantis Bug Tracker (MantisBT),PHP,https://github.com/mantisbt/mantisbt,89.17 MB
841,php-barcode-generator,1807,404,1807,3,13/08/2015,22/08/2026,336.00 KB,"Barcode generator in PHP that is easy to use, non-bloated and framework independent.",PHP,https://github.com/picqer/php-barcode-generator,336.00 KB
842,twitter-api-php,1805,772,1805,0,08/03/2013,14/04/2020,89.00 KB,The simplest PHP Wrapper for Twitter API v1.1 calls,PHP,https://github.com/J7mbo/twitter-api-php,89.00 KB
843,RPi-Jukebox-RFID,1805,466,1805,195,02/02/2017,04/10/2026,27.35 MB,"A Raspberry Pi jukebox, playing local music, podcasts, web radio and streams triggered by RFID cards, web app or home automation. All plug and play via USB. GPIO scripts available.",PHP,https://github.com/MiczFlor/RPi-Jukebox-RFID,27.35 MB
844,actionview,1805,366,1805,32,01/08/2016,03/09/2023,66.54 MB,"An issue tracking tool based on laravel+reactjs for small and medium-sized enterprises, open-source and free, similar to Jira.",PHP,https://github.com/lxerxa/actionview,66.54 MB
845,jose,1803,129,1803,12,03/06/2013,18/06/2021,214.00 KB,JSON Object Signing and Encryption library for PHP.,PHP,https://github.com/namshi/jose,214.00 KB
846,JMSSerializerBundle,1801,305,1801,97,28/04/2011,26/03/2026,1.59 MB,"Easily serialize, and deserialize data of any complexity (supports XML, JSON, YAML)",PHP,https://github.com/schmittjoh/JMSSerializerBundle,1.59 MB
847,date,1800,252,1800,9,28/04/2013,04/12/2023,530.00 KB,"🗓 A library to help you work with dates in multiple languages, based on Carbon.",PHP,https://github.com/jenssegers/date,530.00 KB
848,promise,1799,12,1799,3,27/11/2015,10/12/2025,57.00 KB,Promise used for asynchronous HTTP requests,PHP,https://github.com/php-http/promise,57.00 KB
849,phphub,1799,500,1799,21,13/08/2014,25/01/2023,5.44 MB,"(Deprecated See - https://github.com/summerblue/phphub5 ) PHPHub is a Forum project written in Laravel 4.2, and it is also the project build up PHP & Laravel China community - http://phphub.org.",PHP,https://github.com/summerblue/phphub,5.44 MB
850,laravel-uuid,1799,149,1799,0,14/09/2013,02/07/2026,204.00 KB,"Laravel package to generate and to validate a UUID according to the RFC 4122 standard. Only support for version 1, 3, 4 and 5 UUID are built-in.",PHP,https://github.com/webpatser/laravel-uuid,204.00 KB
851,laravel-data,1798,286,1798,22,14/05/2021,01/09/2026,3.80 MB,Powerful data objects for Laravel,PHP,https://github.com/spatie/laravel-data,3.80 MB
852,php-font-lib,1797,256,1797,24,09/04/2012,20/01/2026,9.45 MB,"A library to read, parse, export and make subsets of different types of font files.",PHP,https://github.com/dompdf/php-font-lib,9.45 MB
853,adminlte-laravel,1796,494,1796,41,14/05/2015,23/10/2025,21.18 MB,A Laravel 5 package that switchs default Laravel scaffolding/boilerplate to AdminLTE template and Pratt Landing Page with Bootstrap 3.0,PHP,https://github.com/mdbootstrap/adminlte-laravel,21.18 MB
854,laravel-blog,1796,592,1796,8,08/02/2017,20/10/2024,3.60 MB,"Laravel 11.0 blog application with Hotwire, Horizon, Telescope, Sanctum, Breeze and Pusher",PHP,https://github.com/guillaumebriday/laravel-blog,3.60 MB
855,Part-DB-server,1794,239,1794,217,23/02/2019,07/10/2026,69.52 MB,Part-DB is an Open source inventory management system for your electronic components,PHP,https://github.com/Part-DB/Part-DB-server,69.52 MB
856,YetiForceCRM,1792,770,1792,83,15/12/2014,13/09/2024,409.69 MB,"We've moved! For more information, visit https://github.com/YetiForceCompany/YetiForce",PHP,https://github.com/YetiForceCompany/YetiForceCRM,409.69 MB
857,wireui,1791,189,1791,122,15/09/2020,28/05/2026,11.53 MB,TallStack UI components,PHP,https://github.com/wireui/wireui,11.53 MB
858,94list,1788,306,1788,18,20/08/2023,02/08/2024,341.00 KB,百度网盘分享链接分析渲染列表辅助下载开源程序,PHP,https://github.com/codehub666/94list,341.00 KB
859,proelements,1787,301,1787,19,15/07/2020,28/09/2026,6.01 MB,"This plugin enables GPL features of Elementor Pro: widgets, theme builder, dynamic colors and content, forms & popup builder, and more.",PHP,https://github.com/proelements/proelements,6.01 MB
860,string,1785,19,1785,0,05/10/2019,03/10/2026,684.00 KB,"Provides an object-oriented API to strings and deals with bytes, UTF-8 code points and grapheme clusters in a unified way",PHP,https://github.com/symfony/string,684.00 KB
861,SRL-PHP,1780,60,1780,13,16/08/2016,02/09/2022,106.00 KB,Simple Regex Language,PHP,https://github.com/SimpleRegex/SRL-PHP,106.00 KB
862,redux-framework,1779,572,1779,11,04/09/2013,01/10/2026,51.72 MB,"Redux is a simple, truly extensible options framework for WordPress themes and plugins!",PHP,https://github.com/reduxframework/redux-framework,51.72 MB
863,query-monitor,1778,246,1778,128,30/03/2012,01/10/2026,15.74 MB,The developer tools panel for WordPress and WooCommerce,PHP,https://github.com/johnbillion/query-monitor,15.74 MB
864,html2pdf,1769,737,1769,237,19/01/2015,08/06/2025,31.50 MB,OFFICIAL PROJECT | HTML to PDF converter written in PHP,PHP,https://github.com/spipu/html2pdf,31.50 MB
865,webim,1767,638,1767,39,23/04/2014,23/07/2020,518.00 KB,使用PHP+Swoole实现的网页即时聊天工具,PHP,https://github.com/matyhtf/webim,518.00 KB
866,EloquentFilter,1766,125,1766,0,04/03/2016,10/03/2026,342.00 KB,An Eloquent Way To Filter Laravel Models And Their Relationships,PHP,https://github.com/Tucker-Eric/EloquentFilter,342.00 KB
867,CMS-Hunter,1765,512,1765,1,12/06/2017,20/12/2018,9.29 MB,CMS漏洞测试用例集合,PHP,https://github.com/SecWiki/CMS-Hunter,9.29 MB
868,httpful,1764,298,1764,88,04/01/2012,24/10/2025,517.00 KB,"A Chainable, REST Friendly, PHP HTTP Client.  A sane alternative to cURL.",PHP,https://github.com/nategood/httpful,517.00 KB
869,xvwa,1763,365,1763,6,18/10/2015,12/09/2020,2.18 MB,XVWA is a badly coded web application written in PHP/MySQL that helps security enthusiasts to learn application security.  ,PHP,https://github.com/s4n7h0/xvwa,2.18 MB
870,imgurl,1762,386,1762,28,22/12/2017,18/02/2022,5.94 MB,此项目停止维护，如需私有部署图床服务，可查看我们的Zpic方案：https://www.zpic.pro,PHP,https://github.com/helloxz/imgurl,5.94 MB
871,fortify,1762,336,1762,5,31/08/2020,06/10/2026,668.00 KB,Backend controllers and scaffolding for Laravel authentication.,PHP,https://github.com/laravel/fortify,668.00 KB
872,security-csrf,1761,8,1761,0,14/11/2013,03/08/2026,451.00 KB,Symfony Security Component - CSRF Library,PHP,https://github.com/symfony/security-csrf,451.00 KB
873,SMProxy,1761,257,1761,16,03/11/2018,13/11/2022,504.00 KB,Swoole MySQL Proxy 一个基于 MySQL 协议，Swoole 开发的MySQL数据库连接池。 A MySQL database connection pool based on MySQL protocol and Swoole.,PHP,https://github.com/louislivi/SMProxy,504.00 KB
874,phpunit-vw,1759,40,1759,12,28/09/2015,31/01/2018,26.00 KB,VW PHPUnit extension makes your failing test cases succeed under CI tools scrutiny,PHP,https://github.com/hugues-m/phpunit-vw,26.00 KB
875,cypht,1758,250,1758,141,14/02/2014,07/10/2026,15.76 MB,"Cypht: Lightweight Open Source webmail aggregator [PHP, JS].  Supports IMAP/SMTP, JMAP and EWS (Exchange Web Services)",PHP,https://github.com/cypht-org/cypht,15.76 MB
876,relaticle,1757,217,1757,28,25/09/2024,08/10/2026,99.98 MB,"Open-source CRM with native AI agent support. 37 MCP tools, REST API, self-hosted. Built with Laravel & Filament",PHP,https://github.com/relaticle/relaticle,99.98 MB
877,thinkphp-bjyadmin,1755,719,1755,2,20/04/2016,10/10/2019,36.48 MB,ThinkPHP 整合 Auth 权限管理、支付宝、微信支付、阿里 OSS、友盟推送、融云即时通讯、云通讯短信、Email、Excel、PDF 等等，基于 ThinkPHP 扩展了大量的功能，而不改动 ThinkPHP 核心，非常方便的升级、移植和使用。,PHP,https://github.com/baijunyao/thinkphp-bjyadmin,36.48 MB
878,TGM-Plugin-Activation,1754,423,1754,136,29/09/2011,31/01/2024,30.04 MB,"TGM Plugin Activation is a PHP library that allows you to easily require or recommend plugins for your WordPress themes (and plugins). It allows your users to install, update and even automatically activate plugins in singular or bulk fashion using native WordPress classes, functions and interfaces. You can reference bundled plugins, plugins from the WordPress Plugin Repository or even plugins hosted elsewhere on the internet.",PHP,https://github.com/TGMPA/TGM-Plugin-Activation,30.04 MB
879,polyfill-iconv,1749,10,1749,0,22/10/2015,30/09/2026,940.00 KB,Symfony polyfill for the Iconv extension,PHP,https://github.com/symfony/polyfill-iconv,940.00 KB
880,froxlor,1749,468,1749,43,06/03/2012,07/10/2026,28.90 MB,The server administration software for your needs - The official Froxlor development Git repository,PHP,https://github.com/froxlor/froxlor,28.90 MB
881,laravel-tags,1748,285,1748,0,19/10/2016,26/06/2026,1.41 MB,Add tags and taggable behaviour to your Laravel app,PHP,https://github.com/spatie/laravel-tags,1.41 MB
882,laravel-stats,1745,84,1745,0,21/09/2017,29/07/2026,1.81 MB,📈 Get insights about your Laravel or Lumen Project,PHP,https://github.com/stefanzweifel/laravel-stats,1.81 MB
883,countries,1743,212,1743,24,18/08/2016,15/07/2025,7.08 MB,"Rinvex Country is a simple and lightweight package for retrieving country details with flexibility. A whole bunch of data including name, demonym, capital, iso codes, dialling codes, geo data, currencies, flags, emoji, and other attributes for all 250 countries worldwide at your fingertips.",PHP,https://github.com/rinvex/countries,7.08 MB
884,iqiqiya-API,1741,344,1741,24,03/03/2019,27/05/2023,289.00 KB,API接口大全不断更新中~欢迎Fork和Star(✎ 1.一言(古诗句版)api  ✎ 2.必应每日一图api  ✎ 3.在线ip查询  ✎ 4.m3u8视频在线解析api  ✎ 5.随机生成二次元图片api  ✎ 6.快递查询api-支持国内百家快递  ✎ 7.flv视频在线解析api ✎ 8.抖音视频无水印解析api✎ 9.一句话随机图片api✎ 10.QQ用户信息获取api✎11.哔哩哔哩封面图获取api✎12.千图网58pic无水印解析下载api✎13.喜马拉雅主播FM数据采集api✎14.网易云音乐api✎15.CCTV央视网视频解析api✎16.微信运动刷步数api✎17.皮皮搞笑APP短视频无水印解析api✎18.皮皮虾短视频去水印解析✎19.蓝奏云直链解析✎20.千库网无水印解析✎21.17素材网免VIP解析✎22.快手短视频去水印解析✎23.微视短视频去水印解析),PHP,https://github.com/iqiqiya/iqiqiya-API,289.00 KB
885,laravel-graphql,1740,229,1740,123,13/08/2015,10/02/2019,539.00 KB,"Facebook GraphQL for Laravel 5. It supports Relay, eloquent models, validation and GraphiQL.",PHP,https://github.com/folkloreinc/laravel-graphql,539.00 KB
886,Custom-Metaboxes-and-Fields-for-WordPress,1733,403,1733,213,21/02/2011,17/12/2018,976.00 KB,Lets you easily create metaboxes with custom fields that will blow your mind.   ,PHP,https://github.com/WebDevStudios/Custom-Metaboxes-and-Fields-for-WordPress,976.00 KB
887,composer-patches,1732,265,1732,57,22/04/2015,31/08/2026,2.08 MB,Simple patches plugin for Composer,PHP,https://github.com/cweagans/composer-patches,2.08 MB
888,RxPHP,1732,140,1732,15,23/01/2016,08/04/2026,1.08 MB,Reactive extensions for PHP,PHP,https://github.com/ReactiveX/RxPHP,1.08 MB
889,dav,1729,375,1729,198,08/10/2011,01/10/2026,14.79 MB,"sabre/dav is a CalDAV, CardDAV and WebDAV framework for PHP",PHP,https://github.com/sabre-io/dav,14.79 MB
890,laravel-notify,1729,192,1729,5,26/10/2019,08/10/2026,3.46 MB,Flexible Flash notifications for Laravel,PHP,https://github.com/mckenziearts/laravel-notify,3.46 MB
891,Kunena-Forum,1729,805,1729,220,30/06/2011,05/10/2026,184.80 MB,Kunena Forum - Forum / Bulletin Board / Discussions component for Joomla - This is the 6.x/5.x main development branch. Please do not open issues regarding earlier versions of Kunena,PHP,https://github.com/Kunena/Kunena-Forum,184.80 MB
892,polyfill-intl-grapheme,1728,5,1728,0,22/10/2015,30/09/2026,121.00 KB,Symfony polyfill for intl's grapheme_* functions,PHP,https://github.com/symfony/polyfill-intl-grapheme,121.00 KB
893,pulse,1728,216,1728,8,30/11/2022,02/09/2026,1.81 MB,Laravel Pulse is a real-time application performance monitoring tool and dashboard for your Laravel application.,PHP,https://github.com/laravel/pulse,1.81 MB
894,polyfill-php80,1724,26,1724,0,28/01/2020,30/09/2026,35.00 KB,Symfony polyfill backporting some PHP 8.0+ features to lower PHP versions,PHP,https://github.com/symfony/polyfill-php80,35.00 KB
895,php-msf,1721,316,1721,17,01/09/2017,23/01/2019,3.37 MB,PHP微服务框架即Micro Service Framework For PHP,PHP,https://github.com/pinguo/php-msf,3.37 MB
896,php_bugs,1720,360,1720,13,07/09/2017,29/08/2022,295.00 KB,PHP代码审计分段讲解,PHP,https://github.com/bowu678/php_bugs,295.00 KB
897,opening-hours,1720,119,1720,0,27/09/2016,27/09/2026,496.00 KB,Query and format a set of opening hours,PHP,https://github.com/spatie/opening-hours,496.00 KB
898,Moodle_PluginPoll,1719,0,1719,0,02/09/2025,07/11/2025,35.00 KB,2,PHP,https://github.com/KEV0143/Moodle_PluginPoll,35.00 KB
899,http-client,1718,17,1718,0,19/10/2017,23/09/2023,24.00 KB,,PHP,https://github.com/php-fig/http-client,24.00 KB
900,LLPhant,1717,173,1717,35,31/07/2023,06/10/2026,2.05 MB,LLPhant - A comprehensive PHP Generative AI Framework using OpenAI GPT 4. Inspired by Langchain,PHP,https://github.com/LLPhant/LLPhant,2.05 MB
901,laravel-form-builder,1716,306,1716,115,15/10/2014,19/08/2026,1.32 MB,Laravel Form builder for version 5+!,PHP,https://github.com/kristijanhusak/laravel-form-builder,1.32 MB
902,aws-sdk-php-laravel,1715,242,1715,3,13/02/2013,24/03/2026,152.00 KB,A Laravel 6+ service provider for the AWS SDK for PHP,PHP,https://github.com/aws/aws-sdk-php-laravel,152.00 KB
903,AI-Chip,1714,276,1714,25,09/08/2017,16/07/2026,115.99 MB,"A list of ICs and IPs for AI, Machine Learning and Deep Learning.",PHP,https://github.com/basicmi/AI-Chip,115.99 MB
904,FOSSBilling,1710,356,1710,175,18/05/2022,08/10/2026,141.60 MB,"Empower your hosting business with FOSSBilling, the free and open-source solution for efficient billing and client management.",PHP,https://github.com/FOSSBilling/FOSSBilling,141.60 MB
905,LiipImagineBundle,1709,386,1709,79,04/10/2011,07/10/2026,9.05 MB,Symfony Bundle to assist in image manipulation using the imagine library,PHP,https://github.com/liip/LiipImagineBundle,9.05 MB
906,super_closure,1705,94,1705,1,20/01/2010,21/07/2023,259.00 KB,Serialize closures. Not maintained. Consider using opis/closure.,PHP,https://github.com/jeremeamia/super_closure,259.00 KB
907,laravel,1705,319,1705,93,16/10/2016,20/03/2025,650.00 KB,Reliese Laravel Model Generator,PHP,https://github.com/reliese/laravel,650.00 KB
908,rageframe2,1705,578,1705,10,28/08/2018,02/08/2023,39.33 MB,一个基于 Yii2 高级框架的快速开发应用引擎,PHP,https://github.com/jianyan74/rageframe2,39.33 MB
909,backup-manager,1705,224,1705,16,02/04/2014,08/09/2024,615.00 KB,"Database backup manager for dumping to and restoring databases from S3, Dropbox, FTP, SFTP, and Rackspace Cloud",PHP,https://github.com/backup-manager/backup-manager,615.00 KB
910,stream-filter,1704,16,1704,1,17/10/2015,03/07/2026,83.00 KB,A simple and modern approach to stream filtering in PHP,PHP,https://github.com/clue/stream-filter,83.00 KB
911,period,1703,78,1703,2,26/11/2018,07/08/2026,679.00 KB,Complex period comparisons,PHP,https://github.com/spatie/period,679.00 KB
912,laravel-translation-manager,1702,414,1702,82,02/04/2014,04/07/2026,287.00 KB,Manage Laravel translation files,PHP,https://github.com/barryvdh/laravel-translation-manager,287.00 KB
913,security-http,1701,22,1701,0,18/09/2013,06/10/2026,4.29 MB,Symfony Security Component - HTTP Integration,PHP,https://github.com/symfony/security-http,4.29 MB
914,php-imap,1699,452,1699,51,06/12/2012,10/05/2026,1.24 MB,"Manage mailboxes, filter/get/delete emails in PHP (supports IMAP/POP3/NNTP)",PHP,https://github.com/barbushin/php-imap,1.24 MB
915,livewire-powergrid,1695,243,1695,0,08/04/2021,07/10/2026,50.69 MB,"⚡ PowerGrid generates modern, powerful and easy-to-customize data tables using Laravel Livewire.",PHP,https://github.com/Power-Components/livewire-powergrid,50.69 MB
916,zentaopms,1693,409,1693,16,30/01/2011,17/09/2026,937.50 MB,"Zentao is an agile(scrum) project management system/tool, Free Upgrade Forever!​",PHP,https://github.com/easysoft/zentaopms,937.50 MB
917,composer-unused,1693,57,1693,16,21/03/2019,04/09/2026,4.89 MB,Show unused composer dependencies by scanning your code,PHP,https://github.com/composer-unused/composer-unused,4.89 MB
918,WeChatDeveloper,1687,446,1687,26,26/01/2018,27/08/2026,1.08 MB,【新】微信服务号+微信小程序+微信支付+支付宝支付,PHP,https://github.com/zoujingli/WeChatDeveloper,1.08 MB
919,xunsearch,1686,387,1686,73,14/09/2011,06/04/2026,5.90 MB,免费开源的中文搜索引擎，采用 C/C++ 编写 (基于 xapian 和 scws)，提供 PHP 的开发接口和丰富文档,PHP,https://github.com/hightman/xunsearch,5.90 MB
920,laravel-hackathon-starter,1685,291,1685,9,08/02/2016,14/12/2023,268.00 KB,:computer: :octocat: A hackathon/MVP boilerplate for laravel web applications. Start your hackathons without hassle.,PHP,https://github.com/unicodeveloper/laravel-hackathon-starter,268.00 KB
921,hortusfox-web,1681,101,1681,33,24/09/2023,05/10/2026,59.59 MB,Self-hosted collaborative plant management and tracking system for plant enthusiasts,PHP,https://github.com/danielbrendel/hortusfox-web,59.59 MB
922,Biny,1680,253,1680,36,27/09/2017,24/08/2026,713.00 KB,"Biny is a tiny, high-performance PHP framework for web applications",PHP,https://github.com/Tencent/Biny,713.00 KB
923,scws,1680,348,1680,22,26/05/2011,19/03/2025,7.08 MB,开源免费的简易中文分词系统，PHP分词的上乘之选！,PHP,https://github.com/hightman/scws,7.08 MB
924,Elgg,1679,666,1679,49,06/09/2009,06/10/2026,119.15 MB,A social networking engine in PHP/MySQL,PHP,https://github.com/Elgg/Elgg,119.15 MB
925,scout,1678,360,1678,7,29/06/2016,08/10/2026,1.29 MB,Laravel Scout provides a driver based solution to searching your Eloquent models.,PHP,https://github.com/laravel/scout,1.29 MB
926,openflights,1677,459,1677,836,05/06/2015,21/09/2026,63.97 MB,"Website for storing flight information, rendering paths on a zoomable world map and calculating statistics, with plenty of free airline, airport and route data.",PHP,https://github.com/jpatokal/openflights,63.97 MB
927,laravel-deployer,1676,164,1676,0,09/03/2018,26/02/2023,2.01 MB,🚀 Zero-downtime deployment out-of-the-box,PHP,https://github.com/lorisleiva/laravel-deployer,2.01 MB
928,fogproject,1676,288,1676,14,15/04/2014,08/10/2026,4.38 GB,An open source computer cloning & management system,PHP,https://github.com/FOGProject/fogproject,4.38 GB
929,question2answer,1670,611,1670,92,05/12/2011,20/08/2024,9.84 MB,"Question2Answer is a free and open source platform for Q&A sites, running on PHP/MySQL.",PHP,https://github.com/q2a/question2answer,9.84 MB
930,framework,1669,166,1669,13,26/02/2011,08/10/2026,4.47 MB,:gem: Go! AOP PHP - modern aspect-oriented framework for the new level of software development,PHP,https://github.com/goaop/framework,4.47 MB
931,yii2-app-advanced,1668,1249,1668,4,02/10/2013,07/10/2026,11.33 MB,Yii 2.0 Advanced Application Template,PHP,https://github.com/yiisoft/yii2-app-advanced,11.33 MB
932,zttp,1668,116,1668,16,25/05/2017,12/08/2021,71.00 KB,"A developer-experience focused HTTP client, optimized for most common use cases.",PHP,https://github.com/kitetail/zttp,71.00 KB
933,UserFrosting,1668,359,1668,0,26/03/2014,05/10/2026,26.51 MB,[READ ONLY] Modern PHP user login and management framework,PHP,https://github.com/userfrosting/UserFrosting,26.51 MB
934,PHPComplex,1668,12,1668,4,07/03/2013,06/12/2022,321.00 KB,PHP Class for handling Complex numbers,PHP,https://github.com/MarkBaker/PHPComplex,321.00 KB
935,flysystem-aws-s3-v3,1659,220,1659,39,10/11/2014,22/08/2026,268.00 KB,[READYONLY SUB-SPLIT]Flysystem Adapter for AWS SDK V3,PHP,https://github.com/thephpleague/flysystem-aws-s3-v3,268.00 KB
936,php-humanizer,1657,110,1657,0,22/04/2014,11/12/2025,1.06 MB,Humanize values that are readable only for developers.,PHP,https://github.com/coduo/php-humanizer,1.06 MB
937,takeout,1655,82,1655,6,08/05/2020,09/04/2026,99.01 MB,"Docker-based development-only dependency manager. macOS, Linux, and WSL2-only and installs via PHP's Composer... for now.",PHP,https://github.com/tighten/takeout,99.01 MB
938,pihole-updatelists,1654,91,1654,0,21/01/2020,20/06/2026,591.00 KB,Update Pi-hole's lists from remote sources easily,PHP,https://github.com/jacklul/pihole-updatelists,591.00 KB
939,Upload,1652,312,1652,39,10/09/2012,12/11/2023,89.00 KB,File uploads with validation and storage strategies,PHP,https://github.com/brandonsavage/Upload,89.00 KB
940,pickle,1652,87,1652,39,11/06/2014,29/09/2023,5.34 MB,PHP Extension installer,PHP,https://github.com/FriendsOfPHP/pickle,5.34 MB
941,Speedtest-Tracker,1651,122,1651,213,08/04/2020,14/02/2024,88.06 MB,Continuously track your internet speed,PHP,https://github.com/henrywhitaker3/Speedtest-Tracker,88.06 MB
942,awesome-ios,1650,113,1650,0,01/06/2019,06/03/2023,703.00 KB,A collaborative list of awesome for iOS developers. Include quick preview.,PHP,https://github.com/ivanvorobei/awesome-ios,703.00 KB
943,laravel5-angular-material-starter,1646,386,1646,3,02/05/2015,01/11/2021,5.25 MB,Get started with Laravel 5.3 and AngularJS (material),PHP,https://github.com/jadjoubran/laravel5-angular-material-starter,5.25 MB
944,Joe,1645,358,1645,102,19/01/2021,26/09/2024,24.99 MB,A Theme of Typecho,PHP,https://github.com/HaoOuBa/Joe,24.99 MB
945,wordpressify,1644,133,1644,2,05/06/2017,26/05/2026,22.37 MB,🎈 Automate your WordPress development workflow.,PHP,https://github.com/luangjokaj/wordpressify,22.37 MB
946,zend-code,1641,77,1641,31,14/05/2015,29/01/2020,5.56 MB,,PHP,https://github.com/zendframework/zend-code,5.56 MB
947,laravel-newsletter,1640,234,1640,2,04/05/2015,26/06/2026,278.00 KB,Manage newsletters in Laravel ,PHP,https://github.com/spatie/laravel-newsletter,278.00 KB
948,twilio-php,1636,573,1636,64,06/09/2009,06/10/2026,61.64 MB,A PHP library for communicating with the Twilio REST API and generating TwiML.,PHP,https://github.com/twilio/twilio-php,61.64 MB
949,unmark,1633,184,1633,14,30/12/2013,11/02/2026,7.57 MB,An open source to do app for bookmarks.,PHP,https://github.com/cdevroe/unmark,7.57 MB
950,forceutf8,1630,356,1630,18,24/01/2013,19/06/2023,141.00 KB,PHP Class Encoding featuring popular Encoding::toUTF8() function --formerly known as forceUTF8()-- that fixes mixed encoded strings.,PHP,https://github.com/neitanod/forceutf8,141.00 KB
951,opauth,1629,236,1629,33,07/03/2012,15/05/2020,547.00 KB,Multi-provider authentication framework for PHP,PHP,https://github.com/opauth/opauth,547.00 KB
952,reverb,1626,165,1626,11,02/11/2022,30/09/2026,777.00 KB,Laravel Reverb provides a real-time WebSocket communication backend for Laravel applications.,PHP,https://github.com/laravel/reverb,777.00 KB
953,ecs,1625,92,1625,1,28/02/2017,08/10/2026,283.11 MB,"ECS runs PHP-CS-Fixer and PHP_CodeSniffer as a single, parallel fast tool with zero dependencies. Run on PHP 7.2+",PHP,https://github.com/ecsphp/ecs,283.11 MB
954,Slim-Skeleton,1624,472,1624,15,04/07/2012,01/04/2025,315.00 KB,Slim Framework 4 Skeleton Application,PHP,https://github.com/slimphp/Slim-Skeleton,315.00 KB
955,testlink-code,1622,630,1622,51,14/12/2014,08/12/2025,102.77 MB,TestLink Open Source Test & Requirement Management System,PHP,https://github.com/TestLinkOpenSourceTRMS/testlink-code,102.77 MB
956,talk,1621,314,1621,54,06/10/2015,06/08/2023,290.00 KB,Talk is a real-time users messaging and chatting system for Laravel.,PHP,https://github.com/nahid/talk,290.00 KB
957,php-sdk,1621,179,1621,81,15/07/2025,08/10/2026,3.29 MB,The official PHP SDK for Model Context Protocol servers and clients. Maintained in collaboration with The PHP Foundation.,PHP,https://github.com/modelcontextprotocol/php-sdk,3.29 MB
958,typicms,1619,488,1619,4,26/12/2014,02/10/2026,24.10 MB,"A modular multilingual CMS built with Laravel, enabling developers to manage structured content like pages, news, events, and more.",PHP,https://github.com/typicms/typicms,24.10 MB
959,figlet-fonts,1616,310,1616,3,04/09/2015,30/03/2026,1.26 MB,my collection of figlet / toilet ascii art fonts,PHP,https://github.com/xero/figlet-fonts,1.26 MB
960,envoy,1615,180,1615,2,08/02/2014,11/09/2026,832.00 KB,Elegant SSH tasks for PHP.,PHP,https://github.com/laravel/envoy,832.00 KB
961,phpgeo,1614,197,1614,21,12/02/2013,06/08/2026,936.00 KB,Simple Yet Powerful Geo Library for PHP,PHP,https://github.com/mjaschen/phpgeo,936.00 KB
962,mongo-php-library,1612,265,1612,5,04/12/2014,08/10/2026,11.30 MB,The Official MongoDB PHP library,PHP,https://github.com/mongodb/mongo-php-library,11.30 MB
963,dropplets,1612,216,1612,5,07/02/2013,20/02/2023,11.15 MB,Welcome to an easier way to blog - A minimalist markdown blogging platform.,PHP,https://github.com/johnroper100/dropplets,11.15 MB
964,php-terminal-gameboy-emulator,1610,111,1610,6,21/02/2016,02/11/2020,1.59 MB,A PHP Terminal GameBoy Emulator,PHP,https://github.com/gabrielrcouto/php-terminal-gameboy-emulator,1.59 MB
965,Mink,1609,286,1609,79,04/04/2011,01/09/2026,1.46 MB,PHP web browser emulator abstraction,PHP,https://github.com/minkphp/Mink,1.46 MB
966,phpwkhtmltopdf,1608,232,1608,3,25/04/2012,21/02/2026,236.00 KB,A slim PHP wrapper around wkhtmltopdf with an easy to use and clean OOP interface,PHP,https://github.com/mikehaertl/phpwkhtmltopdf,236.00 KB
967,recurr,1602,153,1602,52,13/06/2013,07/10/2025,430.00 KB,PHP library for working with recurrence rules (RRULE); meant to help with recurring calendar events.,PHP,https://github.com/simshaun/recurr,430.00 KB
968,phalapi,1601,367,1601,31,24/05/2015,23/07/2026,14.65 MB,PhalApi开源接口框架，简称π框架，一个轻量级PHP开源接口框架，专注于接口服务开发。接口，从简单开始！,PHP,https://github.com/phalapi/phalapi,14.65 MB
969,zend-eventmanager,1601,60,1601,8,08/05/2015,29/01/2020,3.77 MB,"Implement event systems, signal slots, intercepting filters, and observers.",PHP,https://github.com/zendframework/zend-eventmanager,3.77 MB
970,slink,1600,48,1600,19,06/11/2023,06/10/2026,20.21 MB,"Self-hosted image hosting and sharing platform with private links, collections, S3/SMB storage, OIDC SSO and ShareX support.",PHP,https://github.com/andrii-kryvoviaz/slink,20.21 MB
971,valitron,1599,247,1599,55,27/01/2013,16/04/2024,539.00 KB,"Valitron is a simple, elegant, stand-alone validation library with NO dependencies",PHP,https://github.com/vlucas/valitron,539.00 KB
972,RPi_Cam_Web_Interface,1599,494,1599,308,12/03/2014,02/02/2025,4.69 MB,A web interface for the RPi Cam,PHP,https://github.com/silvanmelchior/RPi_Cam_Web_Interface,4.69 MB
973,mailer,1596,53,1596,0,30/03/2019,03/10/2026,938.00 KB,Helps sending emails,PHP,https://github.com/symfony/mailer,938.00 KB
974,laravel-orion,1596,97,1596,0,16/04/2019,12/07/2026,1.17 MB,The simplest way to create REST API with Laravel,PHP,https://github.com/tailflow/laravel-orion,1.17 MB
975,world_countries,1591,386,1591,10,27/01/2016,19/09/2026,15.93 MB,"Constantly updated lists of world countries and their associated alpha-2, alpha-3 and numeric country codes as defined by the ISO 3166 standard, available in CSV, JSON , PHP, SQL and XML formats, in multiple languages and with national flags included; also available are the ISO 3166-2 codes of provinces/ states associated with the countries",PHP,https://github.com/stefangabos/world_countries,15.93 MB
976,swoole-doc,1585,713,1585,14,19/10/2014,29/03/2017,445.00 KB,swoole文档及入门教程,PHP,https://github.com/LinkedDestiny/swoole-doc,445.00 KB
977,opcache-status,1584,363,1584,0,17/03/2013,09/03/2026,811.00 KB,A one-page opcache status page,PHP,https://github.com/rlerdorf/opcache-status,811.00 KB
978,yakpro-po,1581,414,1581,25,20/04/2015,16/05/2026,176.00 KB,YAK Pro - Php Obfuscator,PHP,https://github.com/pk-fr/yakpro-po,176.00 KB
979,likeshop,1581,350,1581,11,09/01/2021,24/09/2026,110.13 MB,🔥🔥🔥 likeshop开源免费商用电商系统，PC商城、H5商城、小程序商城、安卓APP商城、苹果APP商城，免费商用。场景：B2C商城，新零售商城，社交电商商城，分销系统商城，分销电商商城，小程序商城，商城源码，商城系统，单商户，多商户，电商系统，直播，uniapp，uni-app，B2B2C，B2B，O2O，ERP，Wechat，交易系统，内容系统，雷达，crm,PHP,https://github.com/likeadmin-likeshop/likeshop,110.13 MB
980,sped-nfe,1579,649,1579,4,21/07/2015,02/10/2026,12.06 MB,API para geração e comunicação das NFe com as SEFAZ autorizadoras,PHP,https://github.com/nfephp-org/sped-nfe,12.06 MB
981,laravel-honeypot,1578,106,1578,0,20/12/2018,11/09/2026,299.00 KB,Preventing spam submitted through forms,PHP,https://github.com/spatie/laravel-honeypot,299.00 KB
982,CloudPeler,1577,191,1577,6,12/05/2022,01/09/2023,52.00 KB,"CrimeFlare is a useful tool for bypassing websites protected by CloudFlare WAF, with this tool you can easily see the real IP of websites that have been protected by CloudFlare. The resulting information is certainly very useful for conducting further penetration testing, and analyzing websites with the same server.",PHP,https://github.com/zidansec/CloudPeler,52.00 KB
983,laravel-adjacency-list,1577,113,1577,5,24/04/2019,05/10/2026,491.00 KB,Recursive Laravel Eloquent relationships with CTEs,PHP,https://github.com/staudenmeir/laravel-adjacency-list,491.00 KB
984,simplepie,1576,396,1576,77,28/09/2009,04/07/2026,4.99 MB,A simple Atom/RSS parsing library for PHP.,PHP,https://github.com/simplepie/simplepie,4.99 MB
985,aimeos-typo3,1576,719,1576,5,27/09/2014,07/10/2026,5.97 MB,"TYPO3 e-commerce extension for ultra fast online shops, scalable marketplaces, complex B2B applications and #gigacommerce",PHP,https://github.com/aimeos/aimeos-typo3,5.97 MB
986,watchstate,1576,29,1576,0,10/02/2022,03/10/2026,15.62 MB,"Self-hosted service to sync your plex, jellyfin and emby play state. without relying on 3rd-party external services.",PHP,https://github.com/arabcoders/watchstate,15.62 MB
987,m4b-tool,1574,96,1574,55,08/05/2017,18/04/2026,3.61 MB,"m4b-tool is a command line utility to merge, split and chapterize audiobook files such as mp3, ogg, flac, m4a or m4b",PHP,https://github.com/sandreas/m4b-tool,3.61 MB
988,jsonmapper,1574,184,1574,2,27/01/2014,30/06/2026,376.00 KB,Map nested JSON structures onto PHP classes,PHP,https://github.com/cweiske/jsonmapper,376.00 KB
989,FreeGeoDB,1573,128,1573,2,07/04/2015,19/10/2018,204.11 MB,Free database of geographic place names and corresponding geospatial data,PHP,https://github.com/delight-im/FreeGeoDB,204.11 MB
990,eloquent-power-joins,1572,102,1572,13,17/03/2020,25/09/2026,610.00 KB,"The Laravel magic you know, now applied to joins.",PHP,https://github.com/kirschbaum-development/eloquent-power-joins,610.00 KB
991,event,1571,49,1571,2,22/05/2014,14/03/2025,238.00 KB,Event package for your app and domain,PHP,https://github.com/thephpleague/event,238.00 KB
992,php-standard-library,1569,93,1569,27,24/12/2019,08/10/2026,11.80 MB,PHP Standard Library,PHP,https://github.com/php-standard-library/php-standard-library,11.80 MB
993,drupal-project,1562,903,1562,10,05/05/2014,09/10/2024,337.00 KB,":rocket: Composer template for Drupal projects. Quick installation via ""composer create-project drupal-composer/drupal-project""",PHP,https://github.com/drupal-composer/drupal-project,337.00 KB
994,PHP_CodeSniffer,1560,117,1560,205,08/11/2023,08/10/2026,210.35 MB,PHP_CodeSniffer tokenizes PHP files and detects violations of a defined set of coding standards.,PHP,https://github.com/PHPCSStandards/PHP_CodeSniffer,210.35 MB
995,laravel-sluggable,1558,190,1558,0,23/12/2015,28/07/2026,451.00 KB,An opinionated package to create slugs for Eloquent models,PHP,https://github.com/spatie/laravel-sluggable,451.00 KB
996,laravel-dump-server,1557,90,1557,12,09/07/2018,26/02/2025,69.00 KB,Bring Symfony's Var-Dump Server to Laravel ,PHP,https://github.com/beyondcode/laravel-dump-server,69.00 KB
997,nette,1557,229,1557,0,13/08/2009,04/08/2026,15.89 MB,👪 METAPACKAGE for Nette Framework components,PHP,https://github.com/nette/nette,15.89 MB
998,laravel-invoices,1549,321,1549,4,20/11/2019,19/03/2026,306.00 KB,Laravel package to generate PDF invoices from various customizable parameters,PHP,https://github.com/LaravelDaily/laravel-invoices,306.00 KB
999,carbon-fields,1546,258,1546,292,06/01/2016,27/08/2026,21.08 MB,WordPress Custom Fields Library ✨,PHP,https://github.com/htmlburger/carbon-fields,21.08 MB
1000,valet-plus,1544,203,1544,7,08/06/2017,12/03/2025,41.33 MB,Blazing fast macOS PHP development environment,PHP,https://github.com/weprovide/valet-plus,41.33 MB
