Ranking,Project Name,Stars,Forks,Watchers,Open Issues,Created At,Last Commit,Size,Description,Language,Repo URL
1,terminusdb,3434,158,3434,25,23/07/2019,08/10/2026,17.02 MB,"TerminusDB is a distributed, collaborative database designed for building, sharing, versioning, and reasoning on structured data.",Prolog,https://github.com/terminusdb/terminusdb
2,pslab-hardware,1699,99,1699,20,28/03/2017,16/08/2026,135.22 MB,PSLab Hardware Design and Schematics https://pslab.io,Prolog,https://github.com/fossasia/pslab-hardware
3,pslab-grove-shield,1513,7,1513,0,23/06/2016,12/04/2026,5.26 MB,PSLab Grove Shield https://pslab.io,Prolog,https://github.com/fossasia/pslab-grove-shield
4,stixfonts,987,57,987,112,06/04/2018,19/03/2026,167.71 MB,"OpenType Unicode fonts for Scientific, Technical, and Mathematical texts",Prolog,https://github.com/stipub/stixfonts
5,OnBoard,916,1034,916,23,30/04/2023,31/05/2025,749.96 MB," 💡 Join 1,000 teenagers and make your first PCB with a $100 grant!",Prolog,https://github.com/hackclub/OnBoard
6,prolog-examples,624,178,624,5,18/10/2012,04/11/2022,87.00 KB,Some simple examples for new Prolog programmers,Prolog,https://github.com/Anniepoo/prolog-examples
7,stabilizer,590,48,590,7,28/04/2012,29/09/2021,29.49 MB,Stabilizer: Rigorous Performance Evaluation,Prolog,https://github.com/ccurtsinger/stabilizer
8,swish,561,148,561,42,09/09/2014,17/06/2026,4.79 MB,SWI-Prolog for SHaring: a SWI-Prolog web IDE,Prolog,https://github.com/SWI-Prolog/swish
9,the-constitution-of-japan,557,6,557,2,02/09/2015,23/02/2016,40.00 KB,,Prolog,https://github.com/bitlaw-jp/the-constitution-of-japan
10,dumbpad,510,64,510,0,03/07/2019,04/03/2026,39.86 MB,Simple 4x4 numpad with rotary encoder. Powered by QMK via ATmega32u4 Pro Micro,Prolog,https://github.com/imchipwood/dumbpad
11,marelle,388,23,388,3,08/05/2013,22/09/2018,95.00 KB,Test-driven system administration with a little extra logic.,Prolog,https://github.com/larsyencken/marelle
12,elpi,380,51,380,64,20/03/2017,07/10/2026,36.51 MB,Embeddable Lambda Prolog Interpreter,Prolog,https://github.com/LPCIC/elpi
13,ciao,350,24,350,49,07/12/2015,21/06/2025,15.69 MB,"Ciao is a modern Prolog implementation that builds up from a logic-based simple kernel designed to be portable, extensible, and modular.",Prolog,https://github.com/ciao-lang/ciao
14,weed,346,33,346,0,13/03/2012,08/11/2025,4.58 MB,Heavily Xchat inspired beautiful irssi theme.,Prolog,https://github.com/rollecode/weed
15,plwm,294,8,294,36,10/11/2023,13/04/2026,21.76 MB,An X11 window manager written in Prolog,Prolog,https://github.com/Seeker04/plwm
16,learn-prolog-now-exercises,293,85,293,10,21/06/2012,11/07/2023,86.00 KB,"My solutions to the exercises and practical sessions of the book 'Learn Prolog Now!' by Patrick Blackburn, Johan Bos, and Kristina Striegnitz.",Prolog,https://github.com/dragonwasrobot/learn-prolog-now-exercises
17,datalog,284,27,284,1,24/12/2012,21/04/2026,2.25 MB,An in-memory datalog implementation for OCaml.,Prolog,https://github.com/c-cube/datalog
18,COOLFluiD,268,84,268,12,23/09/2014,08/10/2026,2.09 GB,"The object-oriented HPC platform for CFD, plasma and multi-physics simulations whose development started in 2002 at the Von Karman Institute for Fluid Dynamics is finally open!",Prolog,https://github.com/andrealani/COOLFluiD
19,tar.pl,263,7,263,0,18/01/2023,22/01/2023,16.00 KB,tar creator+extractor in ~100 lines of prolog,Prolog,https://github.com/SuperDisk/tar.pl
20,esplay_micro_hardware,260,53,260,1,04/04/2019,26/11/2019,17.05 MB,"Micro version of esplay hardware, ESP32 based gaming console",Prolog,https://github.com/pebri86/esplay_micro_hardware
21,FontPro,250,43,250,19,02/11/2010,25/08/2017,5.14 MB,"LaTeX support for Adobe's Pro opentype fonts: Minion Pro, Myriad Pro, Cronos Pro and possibly more",Prolog,https://github.com/sebschub/FontPro
22,APE,227,32,227,16,21/11/2011,21/04/2024,3.74 MB,Parser for Attempto Controlled English (ACE),Prolog,https://github.com/Attempto/APE
23,clpz,213,15,213,29,17/04/2016,05/02/2024,1.04 MB,Constraint Logic Programming over Integers,Prolog,https://github.com/triska/clpz
24,metagol,212,28,212,3,09/12/2015,13/09/2021,218.00 KB,Metagol - an inductive logic programming system,Prolog,https://github.com/metagol/metagol
25,prolog_notes,207,26,207,3,18/08/2019,29/01/2026,19.30 MB,Some notes taken while working on Prolog,Prolog,https://github.com/dtonhofer/prolog_notes
26,iPad3_lcd,200,50,200,1,21/04/2013,01/06/2013,210.00 KB,A PCB for attaching an iPad retina LCD to a DisplayPort source,Prolog,https://github.com/Emeryth/iPad3_lcd
27,UncutGem,200,40,200,7,09/12/2024,20/01/2026,24.68 MB,A prototype Full Stack fully Open Source NV Center Diamond Magnetometer,Prolog,https://github.com/QuantumVillage/UncutGem
28,clpfd,195,13,195,2,25/10/2015,07/01/2020,843.00 KB,Constraint Logic Programming over Finite Domains,Prolog,https://github.com/triska/clpfd
29,StrangeLoop2014,188,59,188,1,06/08/2014,25/10/2014,246.35 MB,Strange Loop 2014 archives,Prolog,https://github.com/strangeloop/StrangeLoop2014
30,simply-logical,186,27,186,3,08/10/2015,17/12/2024,13.67 MB,"Online, interactive edition of the ""Simply Logical"" Prolog textbook",Prolog,https://github.com/simply-logical/simply-logical
31,cosmos,177,9,177,2,23/07/2014,07/10/2026,5.46 MB,A new logic programming language.,Prolog,https://github.com/mcsoto/cosmos
32,eye,175,19,175,25,09/05/2019,07/09/2026,230.93 MB,Euler Yet another proof Engine,Prolog,https://github.com/eyereasoner/eye
33,c_plus_prolog,169,3,169,0,26/01/2025,11/04/2026,101.00 KB,C plus Prolog,Prolog,https://github.com/needleful/c_plus_prolog
34,zamia-ai,169,26,169,0,17/01/2014,13/05/2021,121.16 MB,"Free and open source A.I. system based on Python, TensorFlow and Prolog.",Prolog,https://github.com/gooofy/zamia-ai
35,xsd2json,158,28,158,23,17/04/2014,21/01/2026,3.21 MB,Translate XML Schema into equivalent JSON Schema,Prolog,https://github.com/fnogatz/xsd2json
36,lisprolog,156,13,156,0,12/09/2014,22/02/2023,9.00 KB,Interpreter for a simple Lisp. Written in Prolog.,Prolog,https://github.com/triska/lisprolog
37,louise,136,10,136,3,17/06/2019,11/02/2025,1.39 MB,Polynomial-time Meta-Interpretive Learning,Prolog,https://github.com/stassa/louise
38,Niz-Plum-84EC-S-Pro-Ble-Non-RGB-manual,136,24,136,3,17/10/2017,04/02/2021,10.48 MB,Translated English Manual for Niz Plum 84EC(S) Pro-Ble Non RGB manual keyboard,Prolog,https://github.com/jgilfillan/Niz-Plum-84EC-S-Pro-Ble-Non-RGB-manual
39,openpst,133,28,133,1,29/01/2016,21/02/2017,344.00 KB,A collection of tools for working with Qualcomm MSM devices,Prolog,https://github.com/openpst/openpst
40,musicontology,132,37,132,12,11/10/2011,14/10/2013,4.41 MB,"The Music Ontology Specification provides main concepts and properties fo describing music (i.e. artists, albums, tracks, but also performances, arrangements, etc.) on the Semantic Web.",Prolog,https://github.com/motools/musicontology
41,lsp_server,130,11,130,13,26/03/2019,04/10/2026,301.00 KB,Language Server Protocol server for SWI-Prolog,Prolog,https://github.com/jamesnvc/lsp_server
42,LangPro,122,13,122,1,05/03/2017,09/09/2026,27.05 MB,Tableau-based Theorem Prover for Natural Logic and Language,Prolog,https://github.com/kovvalsky/LangPro
43,Brachylog,118,5,118,11,26/08/2015,28/07/2020,6.04 MB,A terse declarative logic programming language,Prolog,https://github.com/JCumin/Brachylog
44,swiplwebtut,116,42,116,15,29/08/2012,09/02/2021,6.53 MB,A tutorial for the swipl web framework,Prolog,https://github.com/Anniepoo/swiplwebtut
45,thea,114,19,114,19,03/02/2009,23/08/2019,22.31 MB,OWL2 library for Prolog,Prolog,https://github.com/vangelisv/thea
46,biomake,113,9,113,27,10/09/2011,14/11/2023,960.00 KB,GNU-Make-like utility for managing builds and complex workflows,Prolog,https://github.com/evoldoers/biomake
47,twitchcoq,111,19,111,1,06/10/2019,01/08/2020,284.00 KB,It's a poorly named metamath verifier,Prolog,https://github.com/geohot/twitchcoq
48,hardware,110,25,110,1,12/01/2016,07/07/2019,14.31 MB,"OBD-II CAN adapter for Particle Electron, Photon, and RedBear Duo",Prolog,https://github.com/carloop/hardware
49,Eagle-Tutorial-Series,108,104,108,2,09/06/2012,10/10/2013,902.00 KB,These are the supporting materials for my series of tutorials on using the Eagle CAD software for PCB design.,Prolog,https://github.com/sciguy14/Eagle-Tutorial-Series
50,RTEC,107,18,107,1,21/07/2015,14/09/2026,12.24 MB,RTEC is an Event Calculus implementation optimised for stream reasoning,Prolog,https://github.com/aartikis/RTEC
51,postgresql-prolog,107,6,107,2,26/09/2021,07/06/2026,43.00 KB,A Prolog library to connect to PostgreSQL databases,Prolog,https://github.com/aarroyoc/postgresql-prolog
52,csplib,106,77,106,11,07/11/2013,28/09/2026,150.26 MB,A benchmark library for constraints,Prolog,https://github.com/csplib/csplib
53,Prolog-Adventure-game,105,3,105,0,16/04/2022,14/08/2023,7.00 KB,Text Adventure game in SWI Prolog.,Prolog,https://github.com/stefanrodrigues2/Prolog-Adventure-game
54,BH_OnOfre,101,23,101,2,01/12/2017,25/02/2021,16.29 MB,"O projeto BH OnOfre, é uma solução IoT baseada em ESP8266 com o objetivo de tornar a automação domiciliar muito mais simples, de forma aberta e sem restrições. Todo o código fonte é aberto bem como Hardware.",Prolog,https://github.com/brunohorta82/BH_OnOfre
55,Reconcobra,99,133,99,3,15/06/2019,23/06/2020,511.00 KB,Ultimate Recon Software for Information Gathering,Prolog,https://github.com/HackerUniverse/Reconcobra
56,Gleemin,98,10,98,0,17/12/2011,27/01/2012,248.00 KB,A Magic: the Gathering™ expert system,Prolog,https://github.com/stassa/Gleemin
57,mixologician,97,1,97,0,19/03/2021,10/01/2022,81.00 KB,optimize your home bar with ✨logic programming✨,Prolog,https://github.com/ianthehenry/mixologician
58,bedrock,92,84,92,20,02/05/2017,26/11/2025,3.20 MB,Bedrock is TM1 Best Practice assets built from years of TM1 experience,Prolog,https://github.com/cubewise-code/bedrock
59,ParZu,92,23,92,1,09/09/2011,27/08/2025,4.76 MB,The Zurich Dependency Parser for German,Prolog,https://github.com/rsennrich/ParZu
60,prolog_library_collection,88,15,88,0,16/04/2013,31/08/2024,8.05 MB,A collection of Prolog libraries.,Prolog,https://github.com/wouterbeek/prolog_library_collection
61,cplint,87,16,87,0,09/11/2014,30/08/2026,37.83 MB,cplint is a suite of programs for reasoning with probabilistic logic programs,Prolog,https://github.com/friguzzi/cplint
62,OpenSprinkler-Hardware,79,45,79,0,06/06/2017,25/04/2026,9.10 MB,OpenSprinkler Hardware Design files,Prolog,https://github.com/OpenSprinkler/OpenSprinkler-Hardware
63,PrologCheatSheet,78,4,78,0,25/05/2019,16/09/2020,1.18 MB,Basics of relational programming with Prolog —PROgramming in LOGic ^_^,Prolog,https://github.com/alhassy/PrologCheatSheet
64,prolog-rands,78,34,78,0,13/01/2015,26/12/2018,10.00 KB,random stuff in prolog ,Prolog,https://github.com/xmonader/prolog-rands
65,spectector,76,9,76,1,20/12/2018,14/07/2021,134.00 KB,Automatic detection of speculative information flows,Prolog,https://github.com/spectector/spectector
66,SemRep,71,15,71,8,22/07/2019,03/09/2026,148.96 MB,,Prolog,https://github.com/LHNCBC/SemRep
67,GoT-Check,70,13,70,0,26/03/2019,15/04/2019,38.00 KB,:crossed_swords: Game of Thrones character database and family trees in Prolog,Prolog,https://github.com/rachelwiles/GoT-Check
68,EntropyLoop,67,10,67,5,19/01/2026,01/09/2026,9.33 MB,"A Fully Open Source, Low Cost Phase-Diffusion Quantum Random Number Generator Using Off the Shelf Parts, Brought to you by Quantum Village",Prolog,https://github.com/QuantumVillage/EntropyLoop
69,Ramps-1.4.2,65,40,65,2,08/11/2013,28/11/2013,4.89 MB,forked from ultimachine/Ramps 1.4,Prolog,https://github.com/GermanRepRap/Ramps-1.4.2
70,Logic-programming,64,4,64,1,19/03/2020,29/07/2023,1.23 GB,,Prolog,https://github.com/YanaRGeorgieva/Logic-programming
71,Open-Radiation-Detector,64,8,64,0,15/01/2017,31/12/2023,3.85 MB,Portable radiation detector based on an ionization chamber,Prolog,https://github.com/CarlosGS/Open-Radiation-Detector
72,7-languages-in-7-weeks,62,15,62,0,26/09/2011,21/12/2017,31.00 KB,My personal repo for 7LI7W exercises,Prolog,https://github.com/kikito/7-languages-in-7-weeks
73,akictf2013,62,5,62,0,12/01/2020,13/01/2020,8.47 MB,Archive of akictf Challenges,Prolog,https://github.com/akiym/akictf2013
74,ClioPatria,61,14,61,29,25/04/2014,20/11/2025,2.88 MB,ClioPatria provides an RDF application platform,Prolog,https://github.com/ClioPatria/ClioPatria
75,nests-and-insects,60,5,60,0,19/04/2022,19/02/2024,1.52 MB,A Roguelike Tabletop RPG,Prolog,https://github.com/stassa/nests-and-insects
76,LOD-Laundromat,57,5,57,0,07/05/2014,17/06/2021,10.83 MB,Cleaning other people's dirty data.,Prolog,https://github.com/LOD-Laundromat/LOD-Laundromat
77,prolog-blog-engine,57,2,57,1,27/11/2025,03/01/2026,6.75 MB,"A dynamic blog engine written in pure Prolog. Zero dependencies, built-in Markdown support, and a prolog HTTP server.",Prolog,https://github.com/cryptoque/prolog-blog-engine
78,aleph,55,16,55,0,10/07/2015,07/02/2024,801.00 KB,Port of Aleph to SWI-Prolog,Prolog,https://github.com/friguzzi/aleph
79,sparqlprog,54,7,54,5,27/01/2018,16/01/2023,481.00 KB,logic programming with SPARQL,Prolog,https://github.com/cmungall/sparqlprog
80,Toki_Pona-Parser,54,6,54,5,20/06/2017,21/10/2024,344.00 KB,"Toki Pona is a constructed, minimal language. This parser based on swi-prolog and definite clause grammars (dcg) and supports spelling, grammar check and ambiguity check of Toki Pona sentences.",Prolog,https://github.com/jan-Lope/Toki_Pona-Parser
81,Expert-Systems-Guide,53,8,53,0,12/09/2021,09/01/2022,153.00 KB,Expert Systems Guide ,Prolog,https://github.com/mikeroyal/Expert-Systems-Guide
82,EveOnlineMiningYield,53,8,53,0,20/01/2019,22/01/2022,764.00 KB,formulars and numbers for mining yield in Eve Online,Prolog,https://github.com/Wilm0rien/EveOnlineMiningYield
83,LogicalEnglish,52,10,52,14,24/11/2021,14/05/2026,7.31 MB,,Prolog,https://github.com/LogicalContractsOrg/LogicalEnglish
84,chaves,52,4,52,1,13/12/2017,31/10/2019,2.01 MB,Cheap Hacky Audio/Video - Glitch VGA synth based on jonasbers.com/chav/,Prolog,https://github.com/Ttreintaysiete/chaves
85,dotfiles,51,1,51,0,07/03/2019,23/07/2025,5.85 MB,Some items in /home/kiedtl/etc,Prolog,https://github.com/kiedtl/dotfiles
86,void-pi,50,5,50,4,09/03/2023,17/07/2024,519.00 KB,Void Linux installer implemented in GNU Prolog.,Prolog,https://github.com/sdbtools/void-pi
87,clpb,49,6,49,0,06/08/2014,08/12/2024,312.00 KB,Boolean Constraint Solving in Prolog,Prolog,https://github.com/triska/clpb
88,OTM-02,49,7,49,1,27/01/2013,27/09/2013,4.96 MB,Open source Time Machine #2,Prolog,https://github.com/hairykiwi/OTM-02
89,pusheenz40,49,3,49,0,20/12/2023,05/02/2024,18.70 MB,A pocket keyboard that uses SMD mouse switches. Low profile and easy to assemble,Prolog,https://github.com/ChrisChrisLoLo/pusheenz40
90,prolongo,47,9,47,2,08/01/2011,04/04/2018,4.86 MB,MongoDB Driver for Prolog,Prolog,https://github.com/khueue/prolongo
91,MagicWords,47,0,47,0,09/01/2024,13/09/2025,22.00 KB,,Prolog,https://github.com/KevenJAntenor/MagicWords
92,clpBNR,47,8,47,4,09/03/2018,25/08/2026,3.69 MB,CLP(BNR) module for SWI-Prolog,Prolog,https://github.com/ridgeworks/clpBNR
93,sCASP,46,8,46,9,19/09/2022,02/10/2026,4.51 MB,Top-down interpreter for ASP programs with Constraints,Prolog,https://github.com/SWI-Prolog/sCASP
94,lpnes,46,11,46,0,25/01/2015,01/02/2015,276.00 KB,Learn Prolog Now! Proper and elegant exercise solutions,Prolog,https://github.com/mrkkrp/lpnes
95,vector,46,3,46,0,02/02/2026,04/02/2026,70.14 MB,,Prolog,https://github.com/davepl/vector
96,expert-systems,45,22,45,1,15/03/2015,02/08/2016,9.00 KB,"A basic expert system, written in Prolog, that suggests what programming language one should learn first.",Prolog,https://github.com/linkyndy/expert-systems
97,prolog-dry,44,3,44,0,14/03/2017,14/02/2019,581.00 KB,A terse Prolog course,Prolog,https://github.com/norswap/prolog-dry
98,microkanren-prolog,44,3,44,0,20/02/2015,20/02/2015,108.00 KB,Prolog implementation of microKanren,Prolog,https://github.com/mndrix/microkanren-prolog
99,Physical_Design_Automation,43,5,43,0,04/11/2020,07/09/2025,47.52 MB,"NTHU CS6135 VLSI Physical Design Automation Course Projects (include Two-way Min-cut Partitioning, Fixed-outline Slicing Floorplan Design, Placement Legalization, Global Routing)",Prolog,https://github.com/EricLu1218/Physical_Design_Automation
100,DALI,43,11,43,15,25/07/2014,24/03/2026,12.67 MB,DALI Multi Agent System Framework,Prolog,https://github.com/AAAI-DISIM-UnivAQ/DALI
101,owl-verbalizer,43,8,43,10,18/09/2013,01/10/2023,2.63 MB,OWL verbalizer: making machine-readable knowledge also human-readable,Prolog,https://github.com/Kaljurand/owl-verbalizer
102,weblog,43,7,43,9,19/12/2012,23/12/2015,4.25 MB,Web Framework for SWI-Prolog,Prolog,https://github.com/Anniepoo/weblog
103,BigMAC,42,14,42,5,02/12/2019,29/09/2023,22.24 MB,BigMAC: Analysis tool to introspect and query Android security policies.,Prolog,https://github.com/FICS/BigMAC
104,enunciados-miercoles-noche,41,31,41,0,01/02/2019,08/10/2026,39.78 MB,"Repositorio donde guardaremos las cosas que necesitemos para la cursada del miércoles a la noche, curso original",Prolog,https://github.com/pdep-utn/enunciados-miercoles-noche
105,prolog-for-dummies,41,1,41,2,20/09/2020,28/09/2021,4.24 MB,,Prolog,https://github.com/Vulwsztyn/prolog-for-dummies
106,Motorized-Fader-as-DAW-Mixer-Controller-BOARD-DESIGN-,41,6,41,0,18/12/2020,18/12/2020,60.00 KB,,Prolog,https://github.com/fcampanini/Motorized-Fader-as-DAW-Mixer-Controller-BOARD-DESIGN-
107,letswicrypt,40,3,40,1,06/05/2016,11/02/2018,27.00 KB,Prolog HTTPS Servers,Prolog,https://github.com/triska/letswicrypt
108,paradigmas-2026-2,40,1,40,0,12/08/2026,07/10/2026,9.84 MB,Repositório principal para a disciplina de Paradigmas de Programa,Prolog,https://github.com/fabiommendes/paradigmas-2026-2
109,aop,40,14,40,1,30/11/2016,28/08/2019,79.00 KB,Art of Prolog Code,Prolog,https://github.com/npe9/aop
110,CCS,39,17,39,30,12/10/2015,02/10/2026,1007.78 MB,"Programming languages: MiniZinc, Prolog, Eclipse_CP, Picat, Haskell, C++, C, bash etc",Prolog,https://github.com/claudiosa/CCS
111,Prolog-Graphplan,38,3,38,2,26/09/2011,25/01/2015,152.00 KB,"The Graphplan algorithm is an automatic planning algorithm that can compute, given a set of rules, a plan of action to go from an initial state to a final state.  This project provides an open source (GPL v3) implementation of this planner in Prolog.",Prolog,https://github.com/Mortimerp9/Prolog-Graphplan
112,Bridges-Puzzle-Solver,38,0,38,0,16/10/2024,13/09/2025,31.00 KB,,Prolog,https://github.com/KevenJAntenor/Bridges-Puzzle-Solver
113,openPSU,38,19,38,1,24/12/2014,10/11/2021,4.43 MB,An open source linear power supply unit for hobbyists and professionals,Prolog,https://github.com/mrkindustries/openPSU
114,swipldcgtut,38,7,38,16,30/08/2012,08/02/2021,87.00 KB,A tutorial for DCG's in swi-Prolog,Prolog,https://github.com/Anniepoo/swipldcgtut
115,SHAP_FOLD,37,9,37,25,07/06/2019,28/03/2020,7.48 MB,(Explainable AI) - Learning  Non-Monotonic Logic Programs From Statistical Models Using High-Utility Itemset Mining,Prolog,https://github.com/fxs130430/SHAP_FOLD
116,LIT-Eagle,37,58,37,0,13/07/2012,16/01/2013,11.71 MB,holds all eagle files - projects and libraries,Prolog,https://github.com/kernd/LIT-Eagle
117,Embedded_Hardware,36,8,36,1,22/01/2014,01/04/2019,5.98 MB,"Eagle files, gerbers, BOMs, etc",Prolog,https://github.com/The-Public-Radio/Embedded_Hardware
118,packages-semweb,36,16,36,26,25/04/2014,04/10/2026,8.24 MB,The SWI-Prolog RDF store,Prolog,https://github.com/SWI-Prolog/packages-semweb
119,prolog,35,46,35,10,04/10/2016,22/09/2026,911.00 KB,Exercism exercises in Prolog.,Prolog,https://github.com/exercism/prolog
120,financial-planning,35,5,35,0,30/07/2017,26/07/2025,8.08 MB,Your AI-Powered Personal Finance Assistant,Prolog,https://github.com/aindilis/financial-planning
121,MCSLI,35,11,35,1,03/12/2014,19/01/2015,91.29 MB,A simple minecraft server installer for Linux,Prolog,https://github.com/jbschooley/MCSLI
122,MPU-6050_Breakout,35,19,35,0,12/06/2013,27/06/2025,339.00 KB,"MPU-6050 TriAxis Accelerometer and Gyroscope, available from SparkFun Electronics",Prolog,https://github.com/sparkfun/MPU-6050_Breakout
123,Clex,35,7,35,0,03/10/2013,05/11/2018,632.00 KB,"Large lexicon for APE (~100,000 entries)",Prolog,https://github.com/Attempto/Clex
124,lefdef_util,34,7,34,1,16/10/2018,15/08/2019,34.47 MB,A LEF/DEF Utility.,Prolog,https://github.com/jinwookjungs/lefdef_util
125,typed-prolog,34,3,34,12,14/03/2015,18/10/2017,188.00 KB,"A basic type system on top of Prolog, along with higher-order clauses.  Translates to normal Prolog.",Prolog,https://github.com/kyledewey/typed-prolog
126,doclog,34,6,34,15,18/09/2022,09/05/2026,62.00 KB,DocLog builds documentation from source code in Prolog,Prolog,https://github.com/aarroyoc/doclog
127,TypesAndProofs,34,4,34,1,28/04/2018,02/02/2026,4.29 MB,Type inference algorithms and intuitionistic propositional theorem provers solving type inhabitation problems,Prolog,https://github.com/ptarau/TypesAndProofs
128,ytuce-files,34,17,34,0,17/11/2018,06/04/2019,1.81 GB,https://www.ce.yildiz.edu.tr/ sitesindeki bütün hocalarin dosyalari,Prolog,https://github.com/ytuozguryazilim/ytuce-files
129,nus-cpu,34,4,34,0,13/12/2016,14/12/2020,68.14 MB,This tends to re-create Nintendo 64 schematics and lay out a board suitable for portable version,Prolog,https://github.com/dmkfasi/nus-cpu
130,prolog-isolation-checker,34,0,34,2,11/04/2021,11/04/2021,6.00 KB,An encoding of the UK's self-isolation rules in Prolog,Prolog,https://github.com/jamespwilliams/prolog-isolation-checker
131,CTFWriteups,33,2,33,0,01/06/2019,22/09/2024,694.14 MB,my writeups (mainly pwnable),Prolog,https://github.com/shift-crops/CTFWriteups
132,djota,33,3,33,2,05/01/2023,30/12/2025,89.00 KB,A Djot implementation in Prolog,Prolog,https://github.com/aarroyoc/djota
133,irssi-powerline,33,0,33,6,23/04/2014,06/06/2017,242.00 KB,Powerline theme for IRSSI,Prolog,https://github.com/darac/irssi-powerline
134,Prolog,33,15,33,0,05/02/2013,23/04/2013,149.00 KB,Example Problems and Assignments for Prolog,Prolog,https://github.com/Duke-PL-Course/Prolog
135,MobilECG-II,33,123,33,0,03/01/2015,05/10/2014,34.27 MB,Open source ECG holter,Prolog,https://github.com/openmeddev/MobilECG-II
136,wordnet-prolog,33,8,33,0,05/07/2017,17/04/2026,111.55 MB,Prolog versions of the WordNet databases,Prolog,https://github.com/ekaf/wordnet-prolog
137,NephroDoctor,32,1,32,0,18/05/2018,11/07/2018,22.00 KB, NephroDoctor: A simple Medical Expert System written in Prolog,Prolog,https://github.com/nicoladileo/NephroDoctor
138,simple-template,32,10,32,3,26/11/2013,14/03/2020,82.00 KB,Text templating processor for SWI-Prolog.,Prolog,https://github.com/rla/simple-template
139,PeTTa,31,62,31,23,28/08/2025,25/08/2026,1.55 MB,Efficient MeTTa language implementation in Prolog.,Prolog,https://github.com/trueagi-io/PeTTa
140,code,31,1,31,0,03/08/2022,11/03/2023,10.22 MB,,Prolog,https://github.com/prologbyexample/code
141,Alpino,31,3,31,2,09/10/2019,01/10/2026,2.72 GB,Alpino parser and related tools for Dutch,Prolog,https://github.com/rug-compling/Alpino
142,precautionary,30,5,30,3,12/05/2021,01/02/2022,43.75 MB,"Patient-centered safety diagnostics for oncology dose-escalation trials, examining design safety in light of inter-individual variation in PKPD.",Prolog,https://github.com/dcnorris/precautionary
143,simsttab,30,12,30,3,27/10/2014,12/07/2024,36.00 KB,Simple timetabling engine for schools,Prolog,https://github.com/triska/simsttab
144,PRESS,30,7,30,1,02/09/2016,02/09/2016,335.00 KB,PRolog Equation Solving System,Prolog,https://github.com/maths/PRESS
145,httppl,30,5,30,0,12/11/2016,22/11/2016,1.00 KB,A simple http server written in Prolog,Prolog,https://github.com/jamesbvaughan/httppl
146,artemis-hardware,29,8,29,2,04/08/2020,17/04/2024,111.93 MB,"Hardware design resources for the Artemis Kit, an affordable 1U CubeSat that encompasses all the essential subsystems of a fully operational passive small satellite, commonly known as a smallsat.",Prolog,https://github.com/hsfl/artemis-hardware
147,prologmud,29,6,29,0,25/02/2017,06/02/2022,428.00 KB,MUD Server written in Prolog using Forward chaining,Prolog,https://github.com/logicmoo/prologmud
148,NI404,29,1,29,3,21/01/2024,23/05/2025,123.71 MB,Sequencer / Synthesizer based on Teensy4.1,Prolog,https://github.com/Soundpauli/NI404
149,Jds-040-Usb-C,28,0,28,3,02/08/2023,07/04/2025,5.13 MB,Custom pcb to replace Dualshock 4's micro b  port with usb c (PD compatible),Prolog,https://github.com/DoganM95/Jds-040-Usb-C
150,chat80,28,8,28,1,17/07/2018,17/09/2026,96.00 KB,Classical CHAT80 NLP system for Prolog,Prolog,https://github.com/JanWielemaker/chat80
151,packages-http,28,28,28,21,25/04/2014,04/10/2026,7.12 MB,The SWI-Prolog HTTP server and client libraries,Prolog,https://github.com/SWI-Prolog/packages-http
152,blipkit,28,3,28,6,13/05/2010,28/08/2016,12.18 MB,biological logic programming toolkit,Prolog,https://github.com/cmungall/blipkit
153,stabilizer,27,3,27,9,14/09/2022,15/08/2023,29.54 MB,Stabilizer: Rigorous Performance Evaluation,Prolog,https://github.com/Dead2/stabilizer
154,packages-chr,27,11,27,4,25/04/2014,04/10/2026,1.04 MB,CHR: Leuven Constraint Handling Rules,Prolog,https://github.com/SWI-Prolog/packages-chr
155,prolog,27,7,27,5,18/04/2014,19/07/2026,10.03 MB,Prolog stuff,Prolog,https://github.com/samer--/prolog
156,fasill,27,3,27,0,30/10/2018,12/09/2024,1.10 MB,Fuzzy Aggregators and Similarity Into a Logic Language,Prolog,https://github.com/jariazavalverde/fasill
157,julian,27,3,27,11,11/10/2013,06/04/2026,82.00 KB,Date and time library for Prolog,Prolog,https://github.com/fifth-postulate/julian
158,plog,27,1,27,0,18/02/2019,03/02/2024,6.26 MB,"A bare-bones blogging system, written in Prolog",Prolog,https://github.com/oblivia-simplex/plog
159,dotfiles,27,1,27,0,19/08/2024,17/04/2025,97.89 MB,Minimal and pure hyprland configuration.,Prolog,https://github.com/dhaneshdutta/dotfiles
160,binprolog,27,7,27,3,26/07/2015,30/10/2025,3.53 MB,"Fast, simplified WAM-based Prolog system",Prolog,https://github.com/ptarau/binprolog
161,ArchBspwm,27,1,27,0,15/08/2024,30/05/2025,27.71 MB,My Arch linux Bspwm  dotfiles,Prolog,https://github.com/k0lp0na/ArchBspwm
162,CORGI,27,3,27,1,17/06/2020,18/06/2020,26.51 MB,Conversational Neuro-Symbolic Commonsense Reasoning,Prolog,https://github.com/ForoughA/CORGI
163,prolog-jupyter-kernel,27,4,27,9,16/08/2022,07/05/2024,3.10 MB,A Jupyter kernel for Prolog,Prolog,https://github.com/hhu-stups/prolog-jupyter-kernel
164,bakage,27,4,27,18,27/04/2025,25/11/2025,166.00 KB,An experimental package manager for Scryer Prolog,Prolog,https://github.com/bakaq/bakage
165,LearnSAT,26,3,26,0,25/02/2018,01/11/2022,1.89 MB,SAT solver for education,Prolog,https://github.com/motib/LearnSAT
166,euclid-16,26,1,26,0,03/10/2022,16/06/2025,473.00 KB,raspberry pi pico 16-step euclidean sequencer drum machine,Prolog,https://github.com/redraw/euclid-16
167,wumpus-prolog,26,36,26,1,21/03/2012,21/09/2018,19.00 KB,Prolog Implementation of Wumpus World,Prolog,https://github.com/rlegendi/wumpus-prolog
168,AsaDB,25,3,25,1,05/07/2026,13/08/2026,56.71 MB,"A page-backed SQL database built with SWI-Prolog, featuring persistent B+Tree indexes, a bounded buffer pool, recovery, streaming imports, and a local web panel.",Prolog,https://github.com/kocoygroup-id/AsaDB
169,metta-wam,25,24,25,112,17/02/2024,29/03/2026,57.85 MB,A Hyperon MeTTa Interpreter/Transpilier that targets the Warren Abstract Machine,Prolog,https://github.com/trueagi-io/metta-wam
170,ESP32-WROOM32-Eagle-Breakout,25,10,25,1,09/10/2017,11/11/2017,1.67 MB,Breakout board for ESP32 WROOM32 module ,Prolog,https://github.com/har-in-air/ESP32-WROOM32-Eagle-Breakout
171,EvoPlace,25,2,25,0,08/05/2025,08/05/2025,21.28 MB,,Prolog,https://github.com/yaoxufeng/EvoPlace
172,gotalog,25,4,25,0,20/01/2017,21/09/2020,759.00 KB,"Golang implementation of datalog, port of MITRE corporation's lua implementation",Prolog,https://github.com/amzuko/gotalog
173,ilp-experiments,25,4,25,5,22/09/2021,24/07/2025,71.24 MB,Experimentation framework for Popper,Prolog,https://github.com/logic-and-learning-lab/ilp-experiments
174,adventure,25,5,25,1,24/12/2012,29/11/2015,8.95 MB,"an advanced text adventure engine with a web interface, written in prolog",Prolog,https://github.com/adrian-prantl/adventure
175,debug_adapter,25,3,25,2,22/09/2021,28/03/2022,3.39 MB,Debug Adapter Protocol (DAP) implementation for SWI-Prolog,Prolog,https://github.com/eshelyaron/debug_adapter
176,DP-Film-Expert-System,24,8,24,0,28/01/2018,14/02/2018,19.00 KB,Film expert system based on logic rules. Created at the Univeristy as the project within Declarative Programming classes in 2015. The purpose of this project was to creat expert system in Prolog and improve understanding of declarative programming paradigm.,Prolog,https://github.com/maciej-nowak/DP-Film-Expert-System
177,Functional-Dependency-Calculator,24,6,24,0,02/02/2012,11/12/2021,41.00 KB,"Declarative algorithms for simple operations on relational schemas and functional dependency sets (e.g. minimal cover, highest normal form)",Prolog,https://github.com/bme-db-lab/Functional-Dependency-Calculator
178,mp4-to-mpegdash,24,18,24,5,17/11/2016,21/09/2018,18.00 KB,Script to convert a MP4 file into MPEG-DASH,Prolog,https://github.com/CyrexEnterprise/mp4-to-mpegdash
179,HF-PA-v10,24,4,24,0,20/08/2023,05/03/2026,62.50 MB,HF-PA-v10 ;) Is this the end of the search for a 5W Digital PA? HF-PA-v10 is now a rugged 10W PA! We also do 100W+ now ;),Prolog,https://github.com/kholia/HF-PA-v10
180,bitcoinolog,24,5,24,0,11/06/2017,17/03/2024,25.00 KB,Reason about Bitcoin addresses with Prolog,Prolog,https://github.com/triska/bitcoinolog
181,Qt-CUDA-example,24,6,24,0,16/12/2017,16/12/2017,4.00 KB,Example Qt project implementing a simple vector addition running on the GPU with performance measurement.,Prolog,https://github.com/mihaits/Qt-CUDA-example
182,SML-Bench,23,4,23,10,18/05/2015,02/11/2021,16.75 MB,A Benchmark for Machine Learning from Structured Data,Prolog,https://github.com/SmartDataAnalytics/SML-Bench
183,alpaca,23,16,23,0,07/05/2018,23/04/2019,73.44 MB,ALPACA: A tool for building dynamic cyber ranges from procedurally-generated vulnerability lattices,Prolog,https://github.com/StetsonMathCS/alpaca
184,refactor,23,1,23,0,17/03/2013,16/09/2026,1.46 MB,Refactoring Tools for SWI-Prolog ,Prolog,https://github.com/edisonm/refactor
185,99-prolog-problems,23,12,23,0,12/02/2014,17/02/2014,211.00 KB,Solving the 99 prolog problems.,Prolog,https://github.com/Rootex/99-prolog-problems
186,packages-xpce,23,15,23,3,25/04/2014,08/10/2026,23.73 MB,The graphics toolkit for SWI-Prolog,Prolog,https://github.com/SWI-Prolog/packages-xpce
187,sirius2,23,10,23,1,23/05/2023,16/04/2026,1.87 GB,SuperEasy Library for Control Scanner and Laser - (c)SpiralLAB,Prolog,https://github.com/labspiral/sirius2
188,prolog-testing-system,23,5,23,4,18/12/2022,31/01/2023,412.00 KB,Testing system for Prolog programs on Flask+React. Useful for exam preparation,Prolog,https://github.com/m-danya/prolog-testing-system
189,data-logic,23,6,23,0,03/03/2009,15/02/2026,25.00 KB,Expert system with deductive querying and verification of constraints expressed in natural language,Prolog,https://github.com/arcadio/data-logic
190,nebra-lora-hardware,23,15,23,6,14/05/2021,23/08/2022,5.04 MB,Hardware Files for a variety of Nebra LoRa Hardware,Prolog,https://github.com/NebraLtd/nebra-lora-hardware
191,cltools,23,7,23,1,11/08/2009,05/03/2013,152.00 KB,tools for common-logic,Prolog,https://github.com/cmungall/cltools
192,quickcheck,23,1,23,4,14/12/2013,30/07/2019,74.00 KB,Randomized testing for Prolog à la QuickCheck,Prolog,https://github.com/nicoabie/quickcheck
193,terminus_store_prolog,23,8,23,0,27/09/2019,13/06/2022,446.00 KB,Prolog binding for terminusdb-store,Prolog,https://github.com/terminusdb/terminus_store_prolog
194,plman,23,3,23,0,28/02/2016,23/09/2026,821.00 KB,Pacman-like game where the user controls the pacman with Prolog code,Prolog,https://github.com/Matematicas1UA/plman
195,RushSPI,23,8,23,0,25/11/2012,25/11/2012,161.00 KB,Open Hardware SPI programmer based on FTDI FT232H,Prolog,https://github.com/NikolajSchlej/RushSPI
196,prolog-markdown,23,5,23,5,06/08/2013,22/10/2020,73.00 KB,Markdown parser for SWI-Prolog.,Prolog,https://github.com/rla/prolog-markdown
197,blog-core,23,9,23,3,22/11/2013,02/03/2023,2.10 MB,Blogging/CMS framework for SWI-Prolog.,Prolog,https://github.com/Blog-Core/blog-core
198,ADS1220-Klipper-Board,23,3,23,0,15/08/2024,26/01/2025,23.15 MB,A board for connecting up to 4 Load cells to an ADS1220,Prolog,https://github.com/garethky/ADS1220-Klipper-Board
199,SimGen,22,3,22,8,19/05/2019,21/12/2020,1.65 MB,A simulation language,Prolog,https://github.com/simularity/SimGen
200,edcg,22,7,22,0,16/02/2015,22/03/2018,23.00 KB,Extended DCG syntax for Prolog by Peter Van Roy,Prolog,https://github.com/mndrix/edcg
201,prolog-cfg-parser,22,5,22,0,28/10/2016,12/09/2017,14.00 KB,"A toy SWI-Prolog context-free grammar (CFG) parser, that extracts knowledge (facts) from text.",Prolog,https://github.com/cbaziotis/prolog-cfg-parser
202,feup-iart-summary,22,4,22,0,17/02/2018,15/06/2018,88.87 MB,"Artificial Intelligence Course - Summaries, Exams, Minitests and Comic Sans",Prolog,https://github.com/msramalho/feup-iart-summary
203,swi-chat,22,12,22,0,08/08/2014,02/11/2016,27.00 KB,Demo SWI-Prolog HTTP based chat server,Prolog,https://github.com/JanWielemaker/swi-chat
204,prolog-poetry,22,2,22,0,29/01/2021,31/03/2021,106.00 KB,Генератор стихов на Prolog,Prolog,https://github.com/egryaznov/prolog-poetry
205,prologdex,22,2,22,0,04/12/2025,28/02/2026,3.07 MB,Pokemon Draft tools in Prolog,Prolog,https://github.com/alexpetros/prologdex
206,swiplclpfd,21,10,21,3,09/12/2014,11/03/2024,159.00 KB,clp(fd) tutorial,Prolog,https://github.com/Anniepoo/swiplclpfd
207,teruel,21,2,21,2,15/10/2021,05/02/2024,162.00 KB,"Template engine for ISO Prolog, based on Jinja and Tera",Prolog,https://github.com/aarroyoc/teruel
208,AceRules,21,6,21,0,31/07/2012,01/11/2024,2.51 MB,A rule engine based on Attempto Controlled English,Prolog,https://github.com/tkuhn/AceRules
209,oPIEC,21,2,21,0,12/11/2020,20/12/2024,1.95 MB,oPIEC: Online Event Recognition over Noisy Data Streams using the Event Calculus,Prolog,https://github.com/Periklismant/oPIEC
210,eyeprolog,21,2,21,5,18/07/2026,01/10/2026,18.35 MB,EyeProlog turns portable ISO Prolog programs into answers and inspectable proofs.,Prolog,https://github.com/eyereasoner/eyeprolog
211,LinearOne,21,2,21,5,26/02/2015,11/06/2026,605.00 KB,"LinearOne is a prototype theorem prover for first-order (multiplicative, intuitionistic) linear logic.",Prolog,https://github.com/RichardMoot/LinearOne
212,cchr,21,5,21,0,27/04/2015,18/11/2021,1.33 MB,Copy of the CCHR Constraint Handling Rules implementation in C,Prolog,https://github.com/nickmain/cchr
213,LearnPrologNow,21,5,21,0,14/07/2015,14/07/2015,348.00 KB,My answers to the exercises in Learn Prolog Now!,Prolog,https://github.com/tboronczyk/LearnPrologNow
214,logen,21,3,21,0,16/10/2015,19/07/2016,3.42 MB,Offline partial evaluation system for Prolog written using the cogen approach,Prolog,https://github.com/leuschel/logen
215,lung-disease-diagnosis,21,13,21,0,11/12/2013,11/12/2013,108.00 KB,A simple prolog expert system for diagnosing some lung diseases,Prolog,https://github.com/vmosoti/lung-disease-diagnosis
216,dnsstore,21,0,21,0,02/12/2012,23/11/2017,4.00 KB,,Prolog,https://github.com/ryancdotorg/dnsstore
217,plweb,21,10,21,8,25/04/2014,05/10/2026,6.76 MB,SWI-Prolog web server sources for www.swi-prolog.org,Prolog,https://github.com/SWI-Prolog/plweb
218,prologsolvers,21,1,21,0,30/06/2024,08/07/2024,144.00 KB,Copies of prolog solvers for use from python,Prolog,https://github.com/philzook58/prologsolvers
219,mathematical-logic,21,2,21,0,15/03/2015,23/11/2022,11.22 MB,Prolog programs for Mathematical Logic for Computer Science (3rd Edition),Prolog,https://github.com/motib/mathematical-logic
220,Phenesthe,21,0,21,0,02/08/2021,03/12/2024,41.18 MB,'Phenesthe' (orig. φαίνεσθαι) is a system for the representation and processing of instantaneous and durative temporal phenomena.,Prolog,https://github.com/manospits/Phenesthe
221,awesome-prolog-puzzles,21,0,21,0,25/07/2025,26/07/2025,40.00 KB,"A collection of fun logic puzzles solved in Prolog, demonstrating the power of logic programming for solving complex reasoning problems. ",Prolog,https://github.com/cryptoque/awesome-prolog-puzzles
222,totoro-synth,21,2,21,0,01/12/2021,29/03/2025,3.22 MB,"Portable, analog, DIY synth",Prolog,https://github.com/Atarity/totoro-synth
223,strangeloop,20,10,20,0,09/09/2013,26/05/2020,93.00 KB,Materials for the Strangeloop workshop 'Real World Development Boot Camp In SWI-Prolog',Prolog,https://github.com/Anniepoo/strangeloop
224,LogicalVision2,20,11,20,0,09/04/2016,08/01/2019,50.78 MB,Symbolic computer vision tool,Prolog,https://github.com/haldai/LogicalVision2
225,prolog2gpt,20,5,20,3,15/02/2023,06/03/2024,223.00 KB,SWI Prolog library to interface to the GPT API,Prolog,https://github.com/RdR1024/prolog2gpt
226,MPTP2,20,6,20,0,29/04/2009,22/02/2017,7.16 MB,,Prolog,https://github.com/JUrban/MPTP2
227,Prolog-Planning-Library,20,9,20,1,19/05/2010,26/07/2021,415.00 KB,Prolog is suitable enviroment for writting planners. However there is no way how to work with PDDL files so far. In this library we provide PDDL parser in Prolog. In addition we present few easy planners based on it.,Prolog,https://github.com/RobertSasak/Prolog-Planning-Library
228,yesbot,20,5,20,7,14/01/2015,23/05/2021,456.00 KB,IRC Bot Written in Prolog,Prolog,https://github.com/eazar001/yesbot
229,slab,20,0,20,1,11/01/2026,11/09/2026,785.00 KB,"A stack-based VM with sets — a Prolog-compiled, s-expression-flavored language with static types, effect inference and basic optimizations.",Prolog,https://github.com/no382001/slab
230,Husky,20,1,20,0,29/08/2020,21/09/2020,125.00 KB,"🐺 Husky is a lazy functional language similar to Haskell, but with a more conventional syntax",Prolog,https://github.com/Genivia/Husky
231,kalm,20,0,20,0,10/09/2017,19/07/2019,2.13 MB,Knowledge Acquisition Logic Machine,Prolog,https://github.com/tiantiangao7/kalm
232,ProjectTartarus,20,8,20,4,30/01/2017,25/02/2023,5.51 MB,Tartarus is a multi-agent emulator for Static as well as Mobile Agents.,Prolog,https://github.com/roboticslab-cseiitg/ProjectTartarus
233,trs,20,4,20,0,18/03/2015,24/07/2022,13.00 KB,Reason about Term Rewriting Systems,Prolog,https://github.com/triska/trs
234,40Pct,20,3,20,0,06/03/2013,26/11/2013,3.73 MB,The SmallFry 40% Board,Prolog,https://github.com/regack/40Pct
235,Prolog-chess-game,20,1,20,1,13/04/2019,13/05/2019,39.00 KB,,Prolog,https://github.com/he7850/Prolog-chess-game
236,course_advisor,20,9,20,0,31/05/2017,12/06/2017,17.00 KB,An expert course advisor system written using Prolog,Prolog,https://github.com/martinmogusu/course_advisor
237,sCASP,20,2,20,0,25/06/2021,19/09/2022,3.67 MB,top-down interpreter for ASP programs with constraints,Prolog,https://github.com/JanWielemaker/sCASP
238,CoFloCo,20,1,20,1,14/01/2015,25/09/2021,201.50 MB,CoFloCo is a static analysis tool written in prolog to infer automatically symbolic complexity bounds of imperative and recursive programs.,Prolog,https://github.com/aeflores/CoFloCo
239,proloxy,20,7,20,0,29/07/2015,24/02/2018,78.00 KB,Prolog Reverse Proxy,Prolog,https://github.com/triska/proloxy
240,prolog_rdf,20,3,20,0,18/05/2014,31/08/2024,4.55 MB,Advanced support for working with RDF in Prolog.,Prolog,https://github.com/wouterbeek/prolog_rdf
241,bench,19,8,19,0,25/04/2014,04/10/2026,399.00 KB,Prolog benchmarks (`van Roy' set),Prolog,https://github.com/SWI-Prolog/bench
242,dfs-tools,19,1,19,0,13/09/2017,17/10/2022,407.00 KB,Distributional Formal Semantics (DFS) tools,Prolog,https://github.com/hbrouwer/dfs-tools
243,99-prolog-problems,19,2,19,0,09/02/2021,15/03/2021,131.00 KB,Solutions to the Ninety-Nine Prolog Problems,Prolog,https://github.com/jamesconstable/99-prolog-problems
244,ScryNeuro,19,1,19,1,27/02/2026,01/10/2026,775.00 KB,A high-performance bridge between Scryer Prolog and Python.,Prolog,https://github.com/sporeking/ScryNeuro
245,logicmoo_clif,19,1,19,0,03/03/2017,02/10/2021,27.71 MB,Base Forward Chaining Knowledge Base Maintenance System,Prolog,https://github.com/logicmoo/logicmoo_clif
246,cassette,19,3,19,1,13/07/2022,29/12/2022,610.00 KB,a new evolutionary highlevel and readable tape language (unlike brainf),Prolog,https://github.com/joes-esolangs/cassette
247,VLSI-Physical-Design-Automation,19,0,19,0,04/10/2022,20/01/2023,343.97 MB,NTHU CS6135 VLSI Physical Design Automation (2022 Fall),Prolog,https://github.com/curry0622/VLSI-Physical-Design-Automation
248,chatbot,19,9,19,0,06/03/2012,29/03/2012,196.00 KB,cute little chatbot in Prolog,Prolog,https://github.com/juzsal/chatbot
249,ffi,19,6,19,4,19/01/2018,21/09/2024,835.00 KB,SWI-Prolog dynamic C interface,Prolog,https://github.com/JanWielemaker/ffi
250,func,19,6,19,9,25/01/2013,27/10/2016,67.00 KB,Apply and compose functions in Prolog,Prolog,https://github.com/mndrix/func
251,DetectiveBoysWT,19,0,19,0,27/06/2022,03/08/2023,16.30 MB,Walkie talkie using custom PCB with ATMEGA328P and NRF24L01 module,Prolog,https://github.com/DanieElectronics/DetectiveBoysWT
252,LPTP,18,4,18,2,30/01/2022,06/08/2026,2.08 MB,"LPTP: A Logic Program Theorem Prover, written by Robert F. Staerk in the mid 1990's",Prolog,https://github.com/FredMesnard/LPTP
253,GILPS,18,5,18,0,29/05/2017,22/09/2022,1.73 MB,General Inductive Logic Programming System,Prolog,https://github.com/JoseCSantos/GILPS
254,Jolly-Roger,18,2,18,0,29/09/2013,20/10/2013,176.00 KB,"A simple, natural language based, pirate adventure game in Prolog.",Prolog,https://github.com/gkallergis/Jolly-Roger
255,eagle-cad-files,18,5,18,0,24/06/2013,26/05/2013,20.33 MB,A collection of PCB (printed circuit board) designs made with the Eagle CAD program.,Prolog,https://github.com/diyaudiocircuits/eagle-cad-files
256,BareDuino,18,9,18,0,28/06/2013,15/08/2013,1.17 MB,Arduino compatible boards,Prolog,https://github.com/Kartoffel/BareDuino
257,expresscard-breakout,18,0,18,3,05/11/2015,08/01/2018,61.00 KB,Simple breakout board for an expresscard socket,Prolog,https://github.com/HokieGeek/expresscard-breakout
258,MKULTRA,18,10,18,5,18/04/2014,18/11/2025,6.33 MB,An experimental game,Prolog,https://github.com/ianhorswill/MKULTRA
259,functional-geometry-in-prolog,18,0,18,0,10/05/2020,17/05/2020,307.00 KB,Functional Geometry in Prolog,Prolog,https://github.com/fifth-postulate/functional-geometry-in-prolog
260,trakt,18,10,18,2,03/02/2022,09/09/2026,811.00 KB,A generic goal preprocessing tool for proof automation tactics in Coq,Prolog,https://github.com/rocq-trakt/trakt
261,Expert-system-in-Prolog,18,7,18,0,01/06/2020,10/01/2021,150.00 KB,Expert system in Prolog for diagnosis of mental disorders.,Prolog,https://github.com/RadostinaIvanova/Expert-system-in-Prolog
262,COMP9414,18,3,18,0,08/03/2018,30/03/2019,20.36 MB,AI course,Prolog,https://github.com/chen1415-UNSW/COMP9414
263,openmind,18,4,18,1,30/12/2011,07/11/2012,1.40 MB,An open source Brain-Computer-Interface hardware design,Prolog,https://github.com/jaseg/openmind
264,.scripts,18,8,18,0,07/11/2010,17/11/2017,7.00 KB,scripts for better linux productivity ,Prolog,https://github.com/meskarune/.scripts
265,cve-fuzzing-poc,18,9,18,0,12/11/2016,14/02/2020,25.00 KB,PoCs discovered through fuzzing which resulted in a CVE assignment.,Prolog,https://github.com/geeknik/cve-fuzzing-poc
266,F4Dev,18,6,18,0,15/08/2012,31/01/2013,771.00 KB,Development board for the STM32F4 microcontrollers,Prolog,https://github.com/JorgeAparicio/F4Dev
267,magicpopper,18,1,18,1,23/08/2022,05/10/2022,1.19 GB,"C. Hocquette and A. Cropper, Learning programs with magic values.",Prolog,https://github.com/celinehocquette/magicpopper
268,THELEMA,17,2,17,1,11/10/2015,15/04/2016,1.48 MB,My MSc thesis: a grammar induction system,Prolog,https://github.com/stassa/THELEMA
269,idl-coyote,17,6,17,9,14/03/2015,19/01/2016,62.67 MB,Automatically exported from code.google.com/p/idl-coyote,Prolog,https://github.com/davidwfanning/idl-coyote
270,lottery-problem,17,7,17,0,23/07/2023,20/11/2023,28.00 KB,"Code from the paper ""You need 27 tickets to guarantee a win on the UK National Lottery""",Prolog,https://github.com/cushydom88/lottery-problem
271,MetaMap-src,17,3,17,0,01/12/2023,03/09/2026,489.19 MB,Prolog and C sources for MetaMap Named Entity Recognizer,Prolog,https://github.com/LHNCBC/MetaMap-src
272,monarch-disease-ontology-RETIRED,17,9,17,1,21/07/2015,05/02/2021,250.56 MB,THIS IS THE OLD REPO: Use this one instead: https://github.com/monarch-initiative/mondo-build,Prolog,https://github.com/monarch-initiative/monarch-disease-ontology-RETIRED
273,logicmoo_ec,17,0,17,2,03/06/2018,06/02/2022,30.97 MB,A SWI-Prolog Pack that lets Prolog code seamlessly switch between planners,Prolog,https://github.com/logicmoo/logicmoo_ec
274,8x8_RGB_LED_Matrix_Controller,17,3,17,0,24/11/2010,09/01/2015,2.87 MB,LAYOUT FILES: 8x8-RGB-LED-Matrix controller using 4x 74HC595 shift registers. CPU: ATmega168/328. Arduino 'compatible'. Runs with code from 'V3_x_boards_test' repo. KICAD and Gerber files.,Prolog,https://github.com/madworm/8x8_RGB_LED_Matrix_Controller
275,ron,17,0,17,1,31/07/2022,17/11/2025,478.00 KB,小さい計算体系をシンプルに定義できるような言語をつくりたい,Prolog,https://github.com/mitsuchi/ron
276,banno-powerons,17,5,17,4,28/08/2019,08/10/2026,13.75 MB,Banno PowerOn library,Prolog,https://github.com/Banno/banno-powerons
277,LPC812breakout,17,2,17,0,17/09/2013,30/01/2014,1.05 MB,Breakout Board for the LPC812 MCU,Prolog,https://github.com/cpldcpu/LPC812breakout
278,othello-prolog,17,6,17,0,06/11/2017,26/04/2024,1.46 MB,":scroll: A fully functional Othello (Reversi) game, with several AIs, made in prolog for swipl.",Prolog,https://github.com/pchampio/othello-prolog
279,cmsc330,17,35,17,0,02/06/2016,28/03/2024,5.18 MB,,Prolog,https://github.com/anwarmamat/cmsc330
280,metasplain,17,0,17,0,11/03/2019,17/03/2019,52.00 KB,Explainable machine learning,Prolog,https://github.com/stassa/metasplain
281,vuelog,17,2,17,5,06/02/2019,03/03/2019,93.00 KB,Prolog Pengines + vue.js,Prolog,https://github.com/jamesnvc/vuelog
282,oak,17,5,17,0,18/10/2010,29/06/2012,4.54 MB,Spartan 3E/Cortex M3 interface board,Prolog,https://github.com/leaflabs/oak
283,regex,17,4,17,5,09/09/2013,06/07/2017,55.00 KB,Regular expressions for Prolog,Prolog,https://github.com/mndrix/regex
284,prolog_graphviz,17,1,17,0,10/05/2018,31/08/2024,97.00 KB,A library for visualizing graphs in Prolog.,Prolog,https://github.com/wouterbeek/prolog_graphviz
285,marelle-deps,17,4,17,0,08/05/2013,12/04/2017,70.00 KB,Configuration targets for Marelle.,Prolog,https://github.com/larsyencken/marelle-deps
286,SWI-Prolog,16,2,16,0,08/02/2018,15/03/2018,14.49 MB,SWI-Prolog  Logical Programming Languages,Prolog,https://github.com/VanHakobyan/SWI-Prolog
287,MedusaNet,16,4,16,0,22/08/2020,05/01/2021,64.78 MB,,Prolog,https://github.com/j9650/MedusaNet
288,crisp,16,0,16,0,05/12/2010,07/04/2018,75.00 KB,Crazy Simple Unit Testing in Prolog,Prolog,https://github.com/khueue/crisp
289,prolog-sudoku,16,6,16,0,02/06/2012,02/06/2012,185.00 KB,A simple sudoku solver written in SWI-Prolog,Prolog,https://github.com/hokster7/prolog-sudoku
290,EFSDAF,16,9,16,1,12/08/2019,28/07/2021,86.83 MB,,Prolog,https://github.com/ChenlieShi-NWU/EFSDAF
291,programk,16,6,16,4,06/11/2010,15/02/2022,29.52 MB,Chatbot impls in Prolog,Prolog,https://github.com/logicmoo/programk
292,gnuprolog-redisclient,16,5,16,0,24/11/2013,01/11/2016,46.00 KB,"A simple but effective pure GNU Prolog client connecting with Redis, no libraries required.",Prolog,https://github.com/emacstheviking/gnuprolog-redisclient
293,swipl-webapp-howto,16,0,16,0,11/05/2019,04/04/2020,232.00 KB,Some simple examples of how to use SWI Prolog as a webserver,Prolog,https://github.com/roblaing/swipl-webapp-howto
294,numsynth-aaai23,16,1,16,2,23/11/2022,22/02/2023,87.52 MB,"C. Hocquette and A. Cropper, Relational program synthesis with numerical reasoning, AAAI23.",Prolog,https://github.com/celinehocquette/numsynth-aaai23
295,pytheas,16,2,16,1,07/02/2019,16/03/2021,14.14 MB,Python Electromagnetic Analysis and Simulation with the Finite Element Method,Prolog,https://github.com/benvial/pytheas
296,pakcs,16,1,16,2,06/01/2021,08/10/2026,3.06 MB,PAKCS: The Portland Aachen Kiel Curry system,Prolog,https://github.com/cau-placc/pakcs
297,plammar,15,3,15,1,14/05/2019,16/08/2021,269.00 KB,"A Prolog grammar written in Prolog, for parsing and serialising Prolog code.",Prolog,https://github.com/fnogatz/plammar
298,cmsc330-public,15,59,15,1,25/01/2017,12/08/2025,38.70 MB,Publicly visible materials for UMD course CMSC 330,Prolog,https://github.com/plum-umd/cmsc330-public
299,tus,15,4,15,0,11/12/2020,16/02/2026,80.00 KB,TUS protocol for resumable file uploads via HTTP,Prolog,https://github.com/terminusdb/tus
300,trill,15,6,15,0,21/01/2015,08/08/2026,57.50 MB,TRILL is a tableau reasoner able to compute probability of queries from probabilistic knowledge bases.,Prolog,https://github.com/rzese/trill
301,R2C2_Hardware,15,8,15,1,02/11/2011,14/12/2011,6.54 MB,,Prolog,https://github.com/bitboxelectronics/R2C2_Hardware
302,qtwebkit-examples,15,17,15,0,06/05/2013,22/09/2017,3.84 MB,Examples for Qt Webkit,Prolog,https://github.com/qt/qtwebkit-examples
303,map_podm,15,2,15,2,05/10/2011,09/06/2026,274.99 MB,Sources for Moscow maps,Prolog,https://github.com/slazav/map_podm
304,lasershark_hardware,15,14,15,0,04/11/2012,20/02/2013,456.00 KB,LaserShark USB ShowCard,Prolog,https://github.com/macpod/lasershark_hardware
305,prolog-json,15,2,15,0,01/11/2012,07/04/2018,34.00 KB,JSON Parser for Prolog,Prolog,https://github.com/khueue/prolog-json
306,Incremental_RTEC,15,1,15,1,29/12/2020,26/11/2021,603.00 KB,Incremental RTEC is the incremental extension of RTEC (https://github.com/aartikis/RTEC) for handling more efficiently out-of-order streams.,Prolog,https://github.com/eftsilio/Incremental_RTEC
307,profetch,15,2,15,0,03/12/2020,20/12/2021,38.00 KB,🦉 System Information Fetcher Written in GNU/Prolog,Prolog,https://github.com/RustemB/profetch
308,brexit,15,5,15,0,09/05/2017,31/05/2017,71.00 KB,🇬🇧 A !serious adventure for the Ununited Kingdom written in prolog,Prolog,https://github.com/matchilling/brexit
309,Einsteins-Riddle-Prolog,14,6,14,0,24/12/2018,24/12/2018,4.00 KB,Einstein's Riddle (aka Zebra Puzzle) formulated as a Prolog program.,Prolog,https://github.com/DonaldKellett/Einsteins-Riddle-Prolog
310,Ramps2Due,14,5,14,0,27/02/2013,30/04/2013,19.02 MB,In-between board allowing RAMPS 1.4 to connect to an Arduino Due.,Prolog,https://github.com/TopherMan/Ramps2Due
311,mlts,14,2,14,10,15/02/2018,09/12/2022,14.59 MB,,Prolog,https://github.com/voodoos/mlts
312,adventure-game-prolog,14,2,14,0,06/11/2020,21/07/2021,1.18 MB,This project is a basic text-based adventure game. The idea of the game was inspired by Colossal Cave Adventure.,Prolog,https://github.com/bennaaym/adventure-game-prolog
313,rits,14,6,14,0,28/03/2015,28/03/2015,550.00 KB,Rule-based Intelligent Tutoring System,Prolog,https://github.com/JanWielemaker/rits
314,KiCad,14,11,14,0,25/03/2013,07/07/2013,4.06 MB,Open Source KiCad Project Files,Prolog,https://github.com/agodinhost/KiCad
315,PFL-Exercises,14,1,14,0,24/09/2022,02/02/2023,134.00 KB,This repository holds the solutions to the exercise sheets found in the practical lessons of PFL.,Prolog,https://github.com/MartimVideira/PFL-Exercises
316,ai-pokemon-go,14,0,14,0,15/01/2023,30/01/2023,465.00 KB,"An AI agent, which carries an egg, has to go into a randomly generated maze and fetch randomly placed pokemons and spend enough time in the maze for the egg to hatch.",Prolog,https://github.com/a-tokyo/ai-pokemon-go
317,dotfiles,14,1,14,0,01/08/2012,26/06/2026,10.68 MB,My dotfiles stash,Prolog,https://github.com/lxcode/dotfiles
318,Interpreter-in-Prolog,14,4,14,0,05/01/2017,25/09/2017,42.00 KB,An interpreter capable of executing a simple scripting language from a plain-text file,Prolog,https://github.com/jdswalker/Interpreter-in-Prolog
319,Artificial-Intelligence,14,1,14,0,06/10/2019,26/06/2024,296.91 MB,,Prolog,https://github.com/universitymarr/Artificial-Intelligence
320,mlj18-metaopt,14,0,14,0,09/04/2018,14/04/2018,232.09 MB,"A. Cropper and S.H. Muggleton. Learning efficient logic programs. Machine learning, 2019.",Prolog,https://github.com/andrewcropper/mlj18-metaopt
321,My_InSAR_Codes,14,7,14,0,03/03/2017,16/03/2015,16.51 MB,Sasmac InSAR Codes,Prolog,https://github.com/IvanLJF/My_InSAR_Codes
322,100-Projects-for-Prolog,13,1,13,0,29/06/2024,19/07/2024,6.13 MB,"""The repository '100 Mini Projects for Prolog' includes small projects for learning and practicing Prolog.""",Prolog,https://github.com/jElhamm/100-Projects-for-Prolog
323,labjpp,13,1,13,0,11/04/2016,25/09/2024,193.00 KB,Scenariusze na laboratoria JPP na wydziale MIM UW.,Prolog,https://github.com/mbenke/labjpp
324,spawn,13,2,13,6,30/05/2014,30/05/2014,140.00 KB,Easy concurrency for Prolog,Prolog,https://github.com/mndrix/spawn
325,declswiplweb,13,1,13,0,18/07/2020,28/08/2020,5.00 KB,End to end declarative web programming with no JS using htmx and SWI-Prolog,Prolog,https://github.com/Anniepoo/declswiplweb
326,moot,13,8,13,10,15/04/2019,10/08/2026,134.19 MB,Test data sets for multi-objective optimization tasks (most SE related),Prolog,https://github.com/timm/moot
327,CGADoxygen,13,4,13,0,27/08/2018,14/07/2022,18.74 MB,Doxygen PERLMOD to Markdown converter(v0.9) to support ASPICE (Automotive SPICE),Prolog,https://github.com/1434cga/CGADoxygen
328,prolog_lsp,13,1,13,0,01/02/2023,16/07/2026,378.00 KB,Language Server for Prolog,Prolog,https://github.com/hargettp/prolog_lsp
329,dcg4pt,13,2,13,0,23/10/2018,20/01/2023,36.00 KB,Extend Definite Clause Grammars for Prolog by the corresponding parse tree,Prolog,https://github.com/fnogatz/dcg4pt
330,tap,13,1,13,1,11/06/2013,19/01/2023,57.00 KB,Write TAP tests with SWI-Prolog,Prolog,https://github.com/fnogatz/tap
331,packages-pengines,13,14,13,14,25/04/2014,04/10/2026,2.00 MB,Pengines: Prolog engines,Prolog,https://github.com/SWI-Prolog/packages-pengines
332,MINX,13,9,13,1,17/08/2016,22/07/2019,120.43 MB,MISR INteractive eXplorer,Prolog,https://github.com/nasa/MINX
333,EDUC8,13,1,13,2,05/03/2023,28/05/2026,244.92 MB,EDUC-8 recreation by Gwyllym Suter,Prolog,https://github.com/ibm2030/EDUC8
334,uConsole_Ext_IO_Breakout,13,0,13,1,04/07/2023,24/11/2023,19.83 MB,uConsole External I/O Breakout,Prolog,https://github.com/57Bravo/uConsole_Ext_IO_Breakout
335,cecs-342-lab-prolog,13,1,13,0,19/11/2021,19/11/2021,80.00 KB,CECS 342 Lab 4: Logic Languages with SWI-Prolog,Prolog,https://github.com/agiacalone/cecs-342-lab-prolog
336,PowerPuck,13,2,13,0,27/10/2018,08/01/2019,21.50 MB,18650 based power system for FPV goggles. - Powerbutton - voltage monitoring and adjustable alarms,Prolog,https://github.com/skaman82/PowerPuck
337,unicode_data,13,3,13,0,24/04/2013,15/02/2017,1.18 MB,VivoMind Prolog Unicode Resources,Prolog,https://github.com/VivoMind/unicode_data
338,NeuralProgrammerAsProbProg,13,1,13,0,24/02/2017,07/06/2017,4.44 MB,"An attempt to replicate the neural programmer work [Neelakantan et al 2016, 2017] using techniques for learning probability distributions in probabilistic programming languages.",Prolog,https://github.com/saraswat/NeuralProgrammerAsProbProg
339,constrained.pl,13,4,13,5,16/09/2023,12/11/2024,60.00 KB,Provides generalized versions of common Prolog predicates using constraints to make them more flexible and declarative. ,Prolog,https://github.com/bakaq/constrained.pl
340,matrix,13,1,13,0,11/08/2016,11/12/2023,49.00 KB,"Operations with matrices, SWI pack",Prolog,https://github.com/friguzzi/matrix
341,ecce,13,2,13,0,16/10/2015,12/01/2026,28.85 MB,Online partial evaluator for pure Prolog programs (with built-ins),Prolog,https://github.com/leuschel/ecce
342,Prolog-Scheduling-Problem,13,2,13,0,31/01/2016,03/02/2016,32.00 KB,A Scheduling Problem in Prolog,Prolog,https://github.com/JensNevens/Prolog-Scheduling-Problem
343,lpn-swish-proxy,13,20,13,0,30/10/2014,05/03/2024,171.00 KB,SWI-Prolog rewriting proxy server that includes SWISH in Learn Prolog Now,Prolog,https://github.com/LearnPrologNow/lpn-swish-proxy
344,ENVI_IDL,13,3,13,1,30/04/2019,30/04/2019,9.00 KB,ENVI_IDL遥感影像批处理,Prolog,https://github.com/hehao1999/ENVI_IDL
345,talespin-annie,13,1,13,1,13/08/2018,06/09/2018,129.00 KB,Annie's version of talespin,Prolog,https://github.com/SWI-Prolog-Education/talespin-annie
346,gnuprolog-json,13,3,13,1,03/06/2015,10/06/2015,152.00 KB,Pure prolog JSON encoding and decoding library plus some simple utility functions.,Prolog,https://github.com/emacstheviking/gnuprolog-json
347,cheryls-birthday-prolog,13,2,13,0,17/04/2015,17/04/2015,120.00 KB,Solving the Cheryl's Birthday problem -- with Prolog!,Prolog,https://github.com/fj/cheryls-birthday-prolog
348,prolog-examples,13,9,13,1,16/04/2016,21/11/2017,60.00 KB,Set of awesome Prolog Examples,Prolog,https://github.com/garciparedes/prolog-examples
349,ciaopp,13,4,13,3,19/07/2019,17/06/2025,11.70 MB,The Ciao Preprocessor,Prolog,https://github.com/ciao-lang/ciaopp
350,zimbra-net_snmp-extension,12,11,12,3,14/08/2017,25/10/2017,68.00 KB,How to monitor a Zimbra Collaboration Environment using pflogsumm and NET-SNMP-EXTEND,Prolog,https://github.com/jorgedlcruz/zimbra-net_snmp-extension
351,jolog,12,2,12,3,03/08/2013,10/03/2015,185.00 KB,Concurrent and distributed Prolog via join patterns (join calculus),Prolog,https://github.com/mndrix/jolog
352,amalgame,12,4,12,1,10/05/2014,19/05/2025,14.49 MB,Amalgame: a SKOS vocabulary alignment tool,Prolog,https://github.com/jrvosse/amalgame
353,Home-Automation,12,2,12,0,20/12/2012,14/01/2013,288.00 KB,Home automation delivered through an Arduino powered wireless mesh network,Prolog,https://github.com/Makerflux/Home-Automation
354,swi-erlang,12,1,12,3,06/11/2017,18/06/2018,5.07 MB,"Yes, Erlang in SWI-Prolog!",Prolog,https://github.com/JanWielemaker/swi-erlang
355,indigolog,12,4,12,3,16/01/2020,19/05/2025,321.00 KB,High-level programming language with incremental execution and local search,Prolog,https://github.com/ai-krml-uoft/indigolog
356,trill-on-swish,12,3,12,0,26/12/2014,01/10/2025,15.49 MB,The Trill probabilistic ontology reasoner on SWISH,Prolog,https://github.com/friguzzi/trill-on-swish
357,prolog-checkers,12,8,12,0,30/05/2015,07/04/2021,32.00 KB,A Player vs AI game of checkers implemented in Prolog,Prolog,https://github.com/migafgarcia/prolog-checkers
358,factgraph.pl,12,2,12,0,07/04/2026,20/04/2026,122.00 KB,Unofficial implementation of the IRS Fact Graph in Prolog,Prolog,https://github.com/alexpetros/factgraph.pl
359,prolog-hydrocarbons-simulation,12,0,12,0,15/01/2023,15/01/2023,265.00 KB,Prolog simulator for HydroCarbons,Prolog,https://github.com/a-tokyo/prolog-hydrocarbons-simulation
360,prolog-english-grammar-parser,12,0,12,0,15/01/2023,15/01/2023,4.00 KB,"parser for a definite clause grammar of English-Light. English- Light is a fragment of English (i.e., English-Light does not include any ungrammatical English sentences).",Prolog,https://github.com/a-tokyo/prolog-english-grammar-parser
361,prolog-koans,12,12,12,1,06/12/2012,15/12/2023,25.00 KB,,Prolog,https://github.com/araneforseti/prolog-koans
362,LLpro,12,1,12,2,06/04/2022,19/08/2025,5.52 MB,Pipeline for Processing German Literary Texts. Work in Progress.,Prolog,https://github.com/cophi-wue/LLpro
363,obfuscate-clojure-project-demo,12,2,12,0,30/10/2013,31/10/2013,784.00 KB,How to obfuscate clojure project ,Prolog,https://github.com/eiffelqiu/obfuscate-clojure-project-demo
364,programacionlogicayfuncional,12,55,12,0,25/08/2024,06/10/2026,22.36 MB,Programacion Lógica y funcional,Prolog,https://github.com/tectijuana/programacionlogicayfuncional
365,LogicalEnglish2,12,1,12,0,31/03/2026,08/10/2026,35.71 MB,"Logical English 2: rules, contracts and regulations written in English that a computer runs and explains. Every answer with its reasons, tests inside the program, citations, views, five languages. Reads twelve other rule languages (LegalRuleML, s(CASP), Blawx, L4, Drools, Solidity, Daml, Miniscript…). Try it in your browser.",Prolog,https://github.com/LogicalContractsOrg/LogicalEnglish2
366,parseCifp,12,16,12,1,15/07/2017,21/06/2025,81.00 KB,Parse Coded Instrument Flight Procedures (CIFP) file from the FAA/Aeronav in ARINC424 v18 format into sqlite database,Prolog,https://github.com/publiux/parseCifp
367,raylib-prolog,12,1,12,0,20/02/2023,08/04/2023,38.00 KB,Raylib bindings to Scryer Prolog using library(ffi),Prolog,https://github.com/aarroyoc/raylib-prolog
368,iggp,12,1,12,0,14/06/2019,19/02/2023,204.48 MB,"A. Cropper, R. Evans, and M. Law. Inductive general game playing. Machine learning, 2019.",Prolog,https://github.com/andrewcropper/iggp
369,gophi,12,3,12,0,06/11/2018,05/02/2020,8.22 MB,GOPHI: an AMR-to-English Verbalizer,Prolog,https://github.com/rali-udem/gophi
370,presprover,12,2,12,0,19/10/2014,05/10/2024,35.00 KB,Prove formulas of Presburger Arithmetic,Prolog,https://github.com/triska/presprover
371,ProTIP,11,0,11,1,01/06/2017,09/11/2023,28.00 KB,ProTIP permet de caractériser la connectivité réelle entre composants d'une architecture PCI Express,Prolog,https://github.com/ANSSI-FR/ProTIP
372,pfc,11,3,11,1,01/08/2016,25/01/2024,506.00 KB,Pfc: adding forward chaining and truth maintenance to Prolog,Prolog,https://github.com/finin/pfc
373,mathematica,11,48,11,0,17/01/2016,24/05/2024,268.46 MB,Un juego para aprender matemática y lógica ,Prolog,https://github.com/ULAnux/mathematica
374,Juicy,11,0,11,0,22/08/2017,08/10/2017,90.00 KB,Juicy Language Compiler,Prolog,https://github.com/GordianNaught/Juicy
375,tokenize,11,4,11,7,21/12/2015,23/06/2019,51.00 KB,A tokenizer written in (SWI-)Prolog. It has some useful features and some flexibility and it might improve.,Prolog,https://github.com/shonfeder/tokenize
376,java-prolog-parser,11,2,11,0,13/03/2015,15/05/2026,1.84 MB,Java based Edinburgh Prolog parser ,Prolog,https://github.com/raydac/java-prolog-parser
377,docstore,11,2,11,1,13/11/2013,23/01/2021,38.00 KB,Document-oriented in-memory database for Prolog.,Prolog,https://github.com/rla/docstore
378,3PDT-optical-true-buffer-bypass,11,2,11,0,19/03/2021,19/03/2021,975.00 KB,"3PDT optical true bypass PCB , eagle file and gerbers",Prolog,https://github.com/fairydancecreations/3PDT-optical-true-buffer-bypass
379,seven-languages,11,3,11,1,04/09/2012,02/06/2013,382.00 KB,Sandbox for Seven Languages in Seven Weeks,Prolog,https://github.com/bekk/seven-languages
380,Iridium-Shield,11,7,11,17,11/01/2012,21/05/2012,907.00 KB,Arduino Shield for the 9602 Satellite Modem,Prolog,https://github.com/whitestarballoon/Iridium-Shield
381,metta-src-conversions,11,1,11,0,26/02/2024,26/02/2024,2.21 MB,Many Decades of AI Algorithms translated (src-to-src) into the Hyperon MeTTa Language,Prolog,https://github.com/logicmoo/metta-src-conversions
382,prolog-vdom,11,1,11,1,17/06/2018,25/06/2018,1.16 MB,Virtual DOM implementation for SWI-Prolog,Prolog,https://github.com/rla/prolog-vdom
383,todo-backend-swi-prolog,11,3,11,0,24/08/2014,24/08/2014,128.00 KB,"Implementation of ""todo-backed""",Prolog,https://github.com/JanWielemaker/todo-backend-swi-prolog
384,alternative-router,11,5,11,0,19/11/2013,23/01/2021,25.00 KB,An alternative HTTP router/dispatcher for SWI-Prolog.,Prolog,https://github.com/rla/alternative-router
385,prolog-chess,11,1,11,0,27/08/2020,08/05/2023,62.00 KB,A simple minimax chess engine written in prolog,Prolog,https://github.com/zebreus/prolog-chess
386,Pawns,11,1,11,1,14/08/2015,16/04/2025,1.27 MB,Pawns functional/imperative programming language compiler etc,Prolog,https://github.com/lee-naish/Pawns
387,music,11,0,11,0,18/07/2022,31/08/2026,832.00 KB,Music Notation Grammar,Prolog,https://github.com/kwon-young/music
388,learn-prolog-now,11,1,11,0,27/03/2012,23/04/2012,272.00 KB,Notes from my study of Learn Prolog Now!,Prolog,https://github.com/ljskernel/learn-prolog-now
389,XStepper,11,7,11,0,10/05/2013,10/12/2013,8.95 MB,Mainboard for GRBL with Polulu Alegro Driver and 328p,Prolog,https://github.com/xpix/XStepper
390,Marami,11,0,11,0,13/05/2020,07/09/2020,9.00 KB,,Prolog,https://github.com/MagnificentPako/Marami
391,mavis,11,3,11,12,21/12/2012,14/08/2018,38.00 KB,Optional types for Prolog,Prolog,https://github.com/mndrix/mavis
392,EdgeUsher,11,2,11,1,15/03/2019,29/03/2021,38.38 MB,A declarative prototype to solve the VNF placement in Cloud-Edge scenarios.,Prolog,https://github.com/di-unipi-socc/EdgeUsher
393,multlog,11,2,11,9,18/09/2020,02/07/2024,396.00 KB,"M. Ultlog, the genius many-valued logic expert",Prolog,https://github.com/rzach/multlog
394,list_util,11,5,11,11,27/12/2012,19/07/2018,122.00 KB,Prolog list utility predicates,Prolog,https://github.com/mndrix/list_util
395,thelma,11,0,11,0,01/06/2019,02/01/2020,338.00 KB,An implementation of Meta-Interpretive Learning ,Prolog,https://github.com/stassa/thelma
396,reif,11,1,11,0,11/08/2020,11/08/2020,1.00 KB,"Ulrich Newmerkel's library for reified if, as a prolog pack",Prolog,https://github.com/meditans/reif
397,mm,10,5,10,0,21/09/2011,10/03/2012,15.54 MB,PCB design for the micromouse project @ RU IEEE 2012,Prolog,https://github.com/codyps/mm
398,kata-prolog,10,1,10,0,04/12/2017,05/12/2017,16.00 KB,A loose collection of coding katas written in Prolog,Prolog,https://github.com/matchilling/kata-prolog
399,CC3200_Breakout,10,9,10,1,25/06/2014,17/12/2014,884.00 KB,CC3200 WiFi SimpleLink WiFi Module ,Prolog,https://github.com/SamEA/CC3200_Breakout
400,physics,10,2,10,1,09/05/2013,02/11/2014,780.00 KB,Prolog simulaton of quantum physics,Prolog,https://github.com/sebgod/physics
401,99-problems-in-prolog,10,5,10,0,24/06/2011,24/06/2011,176.00 KB,my attempt to learn prolog by solving the 99 problems in prolog.. the files named P<int><int>.pl are the original solutions while others are mine...,Prolog,https://github.com/sunilnandihalli/99-problems-in-prolog
402,swipl-tt,10,2,10,0,06/08/2019,06/10/2020,127.00 KB,Implementation of dependent type theory in SWI-Prolog,Prolog,https://github.com/sto0pkid/swipl-tt
403,lindenmayer,10,2,10,1,25/01/2019,07/02/2019,237.00 KB,Shape Grammars in Prolog,Prolog,https://github.com/rskew/lindenmayer
404,amziexpertsystemsinprolog,10,7,10,2,13/01/2013,24/12/2014,167.00 KB,This is a fork of the amzi expert systems in prolog ported to swi-prolog and put in git instead of awkward file by file dl on amzi site,Prolog,https://github.com/Anniepoo/amziexpertsystemsinprolog
405,wsiwn,10,3,10,1,06/10/2018,15/07/2022,312.00 KB,What Should I Watch Next? Expert System built using Python/Flask and Prolog.,Prolog,https://github.com/nirantak/wsiwn
406,sldnfdraw,10,1,10,1,24/05/2017,07/05/2025,696.00 KB,Draw SLDNF trees in LaTeX,Prolog,https://github.com/gavanelli/sldnfdraw
407,kalm-qa,10,0,10,1,02/03/2019,23/07/2019,58.02 MB,,Prolog,https://github.com/tiantiangao7/kalm-qa
408,Wikipedia,10,7,10,4,29/09/2013,16/12/2013,1.65 MB,Wikipedia for Sailfish OS,Prolog,https://github.com/amarchen/Wikipedia
409,qtpatches,10,1,10,0,12/07/2024,14/07/2024,29.00 KB,Windows XP support patches for Qt newer than 5.6 (5.9 for now),Prolog,https://github.com/crackedmind/qtpatches
410,simpletapl,10,0,10,0,25/02/2018,11/01/2019,3.95 MB,,Prolog,https://github.com/hsk/simpletapl
411,eliza,10,3,10,0,05/04/2017,02/05/2017,144.00 KB,Prolog Eliza - psychotherapist chatbot,Prolog,https://github.com/maresmar/eliza
412,llmpl,10,0,10,0,30/11/2025,01/01/2026,11.00 KB,Prolog library for interfacing with LLMs.,Prolog,https://github.com/vagos/llmpl
413,prolog-lab,10,3,10,0,04/04/2022,01/06/2023,20.07 MB,SWI-Prolog Tutorial,Prolog,https://github.com/MuhammadSulaiman001/prolog-lab
414,nng,10,0,10,0,01/10/2024,16/05/2025,95.00 KB,needleful dot net generator,Prolog,https://github.com/needleful/nng
415,PrologExercise,10,1,10,0,12/02/2018,29/09/2018,3.00 KB,Prolog Examples with Solutions,Prolog,https://github.com/HouariZegai/PrologExercise
416,achelois,10,0,10,0,20/07/2018,27/02/2021,55.00 KB,achelois is a collection of tools to make writing shell scripts in Prolog easier.,Prolog,https://github.com/ReedOei/achelois
417,minimax-prolog,10,5,10,0,10/11/2017,19/11/2017,8.00 KB,minimax in SWI Prolog for Tic Tac Toe,Prolog,https://github.com/jaunerc/minimax-prolog
418,wumpus-prolog,10,2,10,0,25/07/2018,13/10/2019,2.12 MB,Wumpus Implementation in Prolog Language,Prolog,https://github.com/brilacasck/wumpus-prolog
419,ASU-CSE-259-Prolog,10,4,10,0,09/09/2022,07/10/2026,20.59 MB,,Prolog,https://github.com/Waqar-107/ASU-CSE-259-Prolog
420,SoapyHifiBerry,10,0,10,0,07/06/2022,07/11/2024,546.01 MB,Raspberry PI SDR Tayloe board and SoapySDR driver,Prolog,https://github.com/paulh002/SoapyHifiBerry
421,chemlogic,10,3,10,0,07/10/2014,22/11/2019,1.66 MB,A logic programming computer chemistry system,Prolog,https://github.com/npaun/chemlogic
422,SWRL2SHACL,10,0,10,0,03/02/2018,02/10/2018,42.00 KB,Convert SWRL rules to SHACL-SPARQL rules,Prolog,https://github.com/nbassili/SWRL2SHACL
423,PLisp,10,2,10,0,10/07/2009,18/11/2009,80.00 KB,A basic lisp interpreter written in prolog,Prolog,https://github.com/tylergreen/PLisp
424,ZombieCows,10,1,10,0,18/05/2021,18/05/2021,6.00 KB,Prolog zombie cows game,Prolog,https://github.com/Jnber/ZombieCows
425,TTL640x480,10,3,10,1,20/09/2019,20/09/2019,17.73 MB,Low chip count 74xx-logic generating a proper 640x480 VGA sync/blanking signals,Prolog,https://github.com/mengstr/TTL640x480
426,sap-plus,10,0,10,0,04/10/2024,24/02/2026,230.57 MB,Simple As Possible (SAP) 8-bit computer with a modular PCB design,Prolog,https://github.com/TomNisbet/sap-plus
427,prolog-starter,10,2,10,0,30/03/2020,01/06/2020,69.00 KB,A Starter Template for SWI-Prolog Projects,Prolog,https://github.com/adkelley/prolog-starter
428,dict-schema,10,0,10,1,21/03/2014,10/09/2015,208.00 KB,Dict validation/conversion for SWI-Prolog.,Prolog,https://github.com/rla/dict-schema
429,relay-shield,10,0,10,0,12/08/2013,04/09/2013,1.88 MB,Relay and current sensor shield for Spark Core,Prolog,https://github.com/carlos-jenkins/relay-shield
430,File-Search-Engine,10,5,10,0,10/03/2018,14/05/2018,19.26 MB,A file search engine based on modern search engine algorithms and data structures,Prolog,https://github.com/akulagrawal/File-Search-Engine
431,sym-diff-prolog,10,5,10,0,31/10/2012,04/12/2012,128.00 KB,Symbolic Differentiation Implementation in Prolog,Prolog,https://github.com/wjur/sym-diff-prolog
432,Sentaurus-TCAD-Modeling-and-Simulation,10,2,10,0,16/08/2025,18/08/2025,7.08 MB,Semiconductor device modeling and simulation in Synopsys Sentaurus TCAD Tool,Prolog,https://github.com/rayid-mojumder/Sentaurus-TCAD-Modeling-and-Simulation
433,pPEGpl,10,1,10,1,01/12/2021,16/08/2025,339.00 KB,pPEG grammar support for SWI-Prolog,Prolog,https://github.com/ridgeworks/pPEGpl
434,clases-2024,10,0,10,0,10/04/2024,25/11/2024,55.00 KB,,Prolog,https://github.com/pdep-utn-miercoles-manana/clases-2024
435,aurox-lang,10,1,10,0,07/04/2019,18/02/2020,1.75 MB,Interpreter written for Prolog course.,Prolog,https://github.com/JakubGrobelny/aurox-lang
436,Acme-PM-Barcelona,10,0,10,0,01/09/2009,26/01/2021,92.00 KB,Talks and projects by Barcelona.pm,Prolog,https://github.com/barcelonapm/Acme-PM-Barcelona
437,dcg_util,10,1,10,2,01/01/2015,03/01/2015,136.00 KB,DCG utility predicates for Prolog,Prolog,https://github.com/mndrix/dcg_util
438,openapi,10,2,10,3,09/03/2018,30/09/2024,176.00 KB,SWI-Prolog OpenAPI (Swagger) support,Prolog,https://github.com/JanWielemaker/openapi
439,luapstricks,10,0,10,6,09/08/2021,17/05/2026,346.83 MB,,Prolog,https://github.com/zauguin/luapstricks
440,miser,9,1,9,0,30/11/2012,10/03/2015,156.00 KB,Prolog library for building self-optimizing predicates,Prolog,https://github.com/mndrix/miser
441,prolog-tut-cn,9,1,9,1,07/01/2019,30/06/2026,1.66 MB,📚prolog chinese tutorial. https://zhzluke96.github.io/prolog-tut-cn/,Prolog,https://github.com/zhzLuke96/prolog-tut-cn
442,irdroino_irda_shield,9,0,9,1,28/03/2019,29/03/2019,99.00 KB,Irdroino irDA Shield for Arduino,Prolog,https://github.com/Irdroid/irdroino_irda_shield
443,FMCW3-Kicad,9,8,9,0,01/05/2025,11/08/2026,489.43 MB,,Prolog,https://github.com/ckflight/FMCW3-Kicad
444,open_dicts,9,1,9,0,07/11/2016,07/11/2016,9.00 KB,Open dicts for SWI Prolog,Prolog,https://github.com/edechter/open_dicts
445,Qwiic_GPS-RTK,9,2,9,1,13/08/2018,29/01/2021,20.12 MB,"A breakout board for the ublox NEO-M8P high precision, RTK ready GNSS module.",Prolog,https://github.com/sparkfun/Qwiic_GPS-RTK
446,swdiso,9,1,9,0,22/02/2013,04/08/2013,532.00 KB,SWD (serial wire debug) isolation module,Prolog,https://github.com/noahp/swdiso
447,marquete,9,0,9,0,20/09/2022,22/12/2022,37.00 KB,Markdown for Prolog,Prolog,https://github.com/aarroyoc/marquete
448,SFP-USB,9,2,9,0,14/05/2024,01/08/2024,32.68 MB,Development of USB to  Fiber Optic adapter using SFP modules,Prolog,https://github.com/lonehog/SFP-USB
449,share-bear,9,1,9,0,06/07/2011,22/09/2011,111.00 KB,"Exploring MeeGo's ShareUI, with a special focus on Nokia's Harmattan",Prolog,https://github.com/matyjas/share-bear
450,tomy,9,0,9,0,05/05/2014,05/05/2014,120.00 KB,"Tomy, a prolog bot for IRC",Prolog,https://github.com/AtnNn/tomy
451,alexa,9,0,9,2,24/06/2017,15/08/2017,7.00 KB,Build an Amazon Alexa skill with SWI-Prolog,Prolog,https://github.com/PlayingWithProlog/alexa
452,geoquery-src,9,1,9,0,18/02/2019,18/01/2023,404.00 KB,A mirror of the original GeoQuery info site,Prolog,https://github.com/tomsherborne/geoquery-src
453,bitacoras,9,14,9,0,06/04/2021,08/10/2026,13.33 MB,Las bitácoras del curso de los jueves a la mañana,Prolog,https://github.com/pdepjm/bitacoras
454,plow,9,1,9,0,22/11/2018,18/06/2021,634.00 KB,Quantitative logic programming,Prolog,https://github.com/theresasturn/plow
455,Prolog-Chatbot,9,8,9,0,21/11/2018,21/11/2018,100.00 KB,,Prolog,https://github.com/AhmedMadbouly/Prolog-Chatbot
456,fizzbuzz,9,1,9,1,18/07/2016,01/07/2020,434.00 KB,A collection of fizzbuzz programs in different programming languages,Prolog,https://github.com/anglus/fizzbuzz
457,sparqlprog_wikidata,9,0,9,0,20/04/2019,16/03/2021,153.00 KB,Prolog module for querying wikidata using sparqlprog framework,Prolog,https://github.com/cmungall/sparqlprog_wikidata
458,scc,9,3,9,0,07/10/2014,13/04/2020,5.00 KB,Strongly Connected Components of a Graph,Prolog,https://github.com/triska/scc
459,robot_scenarios_sim,9,0,9,0,25/06/2014,16/07/2014,33.74 MB,Simulated Robot Scenarios for Testing various Robot Activities,Prolog,https://github.com/code-iai/robot_scenarios_sim
460,bennycheung.github.io,9,0,9,0,18/04/2016,24/07/2026,799.42 MB,Benny Cheung Mind Hack Blog,Prolog,https://github.com/bennycheung/bennycheung.github.io
461,DeepPlace,9,2,9,2,02/03/2024,21/03/2024,29.95 MB,用于快速简单的使用 DeepPlace 模型,Prolog,https://github.com/SP-FA/DeepPlace
462,prosqlite,9,4,9,0,22/11/2016,15/08/2024,1.51 MB,An SWI-Prolog interface to SQLite,Prolog,https://github.com/nicos-angelopoulos/prosqlite
463,docker-snort-ids,9,7,9,0,28/08/2017,17/04/2018,10.58 MB,Docker image with Snort and Barnyard,Prolog,https://github.com/fabriziogaliano/docker-snort-ids
464,egraph,9,0,9,0,09/09/2025,16/08/2026,574.00 KB,Term Rewriting System with E-Graph in SWI-prolog,Prolog,https://github.com/kwon-young/egraph
465,gpi_pipeline,9,6,9,47,29/07/2016,25/06/2021,40.00 MB,Gemini Planet Imager Data Reduction Pipeline,Prolog,https://github.com/geminiplanetimager/gpi_pipeline
466,contrib-protobufs,9,6,9,7,25/04/2014,04/10/2026,752.00 KB,An interface to Google Protocol Buffers (protobuf),Prolog,https://github.com/SWI-Prolog/contrib-protobufs
467,rclswi,9,2,9,1,24/02/2021,02/12/2022,677.00 KB,ROS2 bridge for SWI-Prolog,Prolog,https://github.com/SWI-Prolog/rclswi
468,Medical-Expert-System,9,4,9,0,07/11/2020,21/01/2021,24.00 KB,A medical  expert system for COVID-19 and other medical complications.  ,Prolog,https://github.com/R-White-0/Medical-Expert-System
469,packages-R,9,2,9,0,25/04/2014,20/02/2015,540.00 KB,SWI-Prolog to R Project for Statistical Computing interface,Prolog,https://github.com/SWI-Prolog/packages-R
470,Prolog-AIML-01,9,0,9,0,02/03/2025,02/04/2025,566.00 KB,"Prolog programming assignments and projects from first semester B.Tech AIML curriculum. Covers logic programming fundamentals, knowledge representation, inference rules, recursive predicates, list processing, and AI problem-solving using declarative programming paradigm.",Prolog,https://github.com/Mausam5055/Prolog-AIML-01
471,cleanmodels,9,2,9,5,30/11/2020,08/10/2026,6.36 MB,Continued development on OldManBeard's CleanModels application for Neverwinter Nights,Prolog,https://github.com/plenarius/cleanmodels
472,packages-plunit,9,12,9,1,25/04/2014,04/10/2026,1.08 MB,The SWI-Prolog Unit Testing library,Prolog,https://github.com/SWI-Prolog/packages-plunit
473,novepad,9,6,9,1,23/10/2014,02/12/2014,1.54 MB,"Adapter board from Kosagi Novena to ""iPad 3"" 2048x1536 display. Prototype stage.",Prolog,https://github.com/projectgus/novepad
474,Learn-Prolog,9,2,9,0,12/11/2021,21/04/2022,531.00 KB,"A repository for showcasing my knowledge of the Prolog programming language, and continuing to learn the language. ",Prolog,https://github.com/seanpm2001/Learn-Prolog
475,Artificial_Inteligence,9,2,9,0,11/01/2022,30/08/2022,1.15 MB,,Prolog,https://github.com/Moriumnasa-Mim/Artificial_Inteligence
476,Grail0,9,3,9,0,27/03/2015,16/12/2015,674.00 KB,Grail0 is a bare-bones proof net theorem prover for multimodal categorial grammars producing natural deduction output,Prolog,https://github.com/RichardMoot/Grail0
477,packages-clpqr,9,7,9,2,25/04/2014,04/10/2026,557.00 KB,"CLP(Q,R): constraints over rational numbers and floats by Leslie de Koninck",Prolog,https://github.com/SWI-Prolog/packages-clpqr
478,prolog_jwt,9,2,9,1,19/06/2015,16/12/2018,29.00 KB,A library bringing JSON Web Token (JWT) support to SWI-Prolog.,Prolog,https://github.com/wouterbeek/prolog_jwt
479,polarshieldv3_hardware,9,7,9,0,15/04/2018,16/11/2018,3.48 MB,"Schematics, board and gerbers for Polarshield v3",Prolog,https://github.com/euphy/polarshieldv3_hardware
480,buffalo,9,3,9,0,28/04/2015,26/09/2015,168.00 KB,:water_buffalo::deciduous_tree: English is fun,Prolog,https://github.com/averykatko/buffalo
481,adventofcode-pl-2017,9,0,9,0,03/12/2017,26/12/2017,160.00 KB,solutions to http://adventofcode.com/2017 puzzles in Prolog,Prolog,https://github.com/Average-user/adventofcode-pl-2017
482,blog-ejemplos,9,4,9,7,01/01/2018,11/03/2024,20.42 MB,Ejemplos del blog Adrianistán,Prolog,https://github.com/aarroyoc/blog-ejemplos
483,PlasmaArcSpeaker,9,2,9,0,12/08/2012,13/08/2012,162.35 MB,,Prolog,https://github.com/paulfaget/PlasmaArcSpeaker
484,Medical-Diagnosis-system-using-Prolog,9,4,9,0,24/11/2019,25/11/2019,1.00 KB,Medical Diagnosis system using Prolog,Prolog,https://github.com/sjbushra/Medical-Diagnosis-system-using-Prolog
485,autonomous-ai-agent,9,2,9,0,28/01/2024,02/02/2025,129.00 KB,Prolog-Agent/SPAMI/Autonomous BDI+LLM agents,Prolog,https://github.com/aindilis/autonomous-ai-agent
486,DroneCore,9,8,9,0,02/11/2012,16/11/2012,452.00 KB,Open Board for UAV,Prolog,https://github.com/HackBo/DroneCore
487,k8split,9,1,9,0,05/01/2020,09/09/2026,43.01 MB,custom split keyboard for me by me,Prolog,https://github.com/Ckath/k8split
488,pcb_stm32f4_sram,9,5,9,0,15/07/2013,28/07/2013,1.15 MB,Schematics and PCB for an STM32F4-board with external SRAM and micro-SD card,Prolog,https://github.com/knielsen/pcb_stm32f4_sram
489,zdcmp,9,0,9,0,31/12/2025,02/01/2026,15.00 KB,"A small arm64 decompiler in swipe prolog, work in progress",Prolog,https://github.com/ixxard/zdcmp
490,flux,9,2,9,0,13/06/2018,29/07/2018,1.20 MB,FLUX: A logic programming method for reasoning agents,Prolog,https://github.com/logicmoo/flux
491,sigma_ace,9,0,9,0,07/05/2018,02/10/2021,37.94 MB,Attempto Controlled English - Restricted English to logic translation,Prolog,https://github.com/logicmoo/sigma_ace
492,Prolog-Exercises,9,1,9,0,29/09/2018,29/03/2020,17.00 KB,Prolog Programming Artificial Intelligence Exercises Solutions-Bratko-4th-Edition,Prolog,https://github.com/okanvk/Prolog-Exercises
493,swillprover,9,1,9,0,07/01/2014,08/10/2018,12.00 KB,a linear logic prover based on Naoyuki Tamura's llprover that works under SWI Prolog,Prolog,https://github.com/wenkokke/swillprover
494,date_time,9,3,9,0,30/01/2019,24/03/2022,27.00 KB,Logical arithmetic on dates and times in Prolog,Prolog,https://github.com/fnogatz/date_time
495,PrologTutorial,9,2,9,0,04/07/2022,01/11/2022,5.99 MB,A Prolog Tutorial with Focus on Solving Interesting Problems,Prolog,https://github.com/ptarau/PrologTutorial
496,schedule-generator,9,1,9,0,25/02/2018,03/04/2022,58.16 MB,Constraint-based timetable generator for students of the Faculty of Organization and Informatics (University of Zagreb),Prolog,https://github.com/zeko868/schedule-generator
497,NSM-DALIA,9,2,9,48,01/01/2017,05/08/2021,464.00 KB,Parser for Natural Semantic Metalanguage,Prolog,https://github.com/Yakushima/NSM-DALIA
498,tabling_library,9,1,9,1,04/05/2016,19/05/2016,119.00 KB,Benoit Desouter's library for tabling on delimited continuations,Prolog,https://github.com/JanWielemaker/tabling_library
499,plasticsearch,9,2,9,0,18/06/2015,15/03/2016,62.00 KB,,Prolog,https://github.com/EricssonResearch/plasticsearch
500,peano,8,1,8,0,08/11/2016,08/11/2016,3.00 KB,Implementation of Peano arithmetic in Prolog,Prolog,https://github.com/ffagerholm/peano
501,sql_compiler,8,0,8,0,04/08/2020,04/08/2020,20.00 KB,Translates logic program queries to SQL,Prolog,https://github.com/cmungall/sql_compiler
502,plstat,8,1,8,0,19/04/2021,09/11/2024,60.00 KB,Statistics using prolog,Prolog,https://github.com/damianoazzolini/plstat
503,the-baze,8,1,8,0,27/06/2015,27/09/2019,16.99 MB,A (wannabe) Swiss Army knife for the data scientist,Prolog,https://github.com/AILab-FOI/the-baze
504,filabilly-humidor,8,1,8,4,16/04/2025,27/12/2025,136.08 MB,Dehumidifier cabinet for printer filament,Prolog,https://github.com/kbob/filabilly-humidor
505,play,8,1,8,0,25/07/2015,27/07/2015,492.00 KB,"A Logic Programming Playground for Lambda Terms, Combinators, Types and Tree-based Arithmetic Computations",Prolog,https://github.com/ptarau/play
506,Azul_Board_Game,8,2,8,0,12/07/2021,12/07/2021,19.00 KB,"Azul Board Game, in Prolog.",Prolog,https://github.com/dayfundora/Azul_Board_Game
507,pfl-prolog-exs,8,2,8,0,17/12/2021,21/01/2022,16.00 KB,My solutions for FEUP-LEIC-PFL's Prolog exercises.,Prolog,https://github.com/jfbaltazar/pfl-prolog-exs
508,PyILP,8,0,8,0,26/02/2022,10/05/2024,411.00 KB,A novel user-friendly Python interface for Inductive Logic programming(ILP)  system for teaching machine learning and data-mining,Prolog,https://github.com/danyvarghese/PyILP
509,packages-RDF,8,6,8,3,25/04/2014,04/10/2026,401.00 KB,The SWI-Prolog RDF/XML parser,Prolog,https://github.com/SWI-Prolog/packages-RDF
510,irssi-ascii-image,8,2,8,0,10/05/2013,10/05/2013,98.00 KB,Display an ASCII representation of an image using jp2a in IRSSI,Prolog,https://github.com/athieriot/irssi-ascii-image
511,GNN-toolbox,8,3,8,0,17/12/2017,17/12/2017,348.00 KB,"This toolbox is the work of Prof. Franco Scarselli, especially useful for graph neural network modelling. ",Prolog,https://github.com/caomxin/GNN-toolbox
512,project-euler,8,2,8,0,09/07/2015,20/11/2017,116.00 KB,Project Euler polyglot,Prolog,https://github.com/lunixbochs/project-euler
513,NLP---SICStus,8,2,8,0,11/12/2014,12/12/2014,148.00 KB,NLP parsers in Prolog,Prolog,https://github.com/ioana-vlad/NLP---SICStus
514,PrologAI,8,13,8,0,04/03/2023,26/03/2023,540.00 KB,,Prolog,https://github.com/SajidMajeed92/PrologAI
515,SWI-Prolog,8,3,8,0,25/08/2024,11/10/2024,16.00 KB,"This is a prolog repository contains logic-based code for symbolic reasoning, AI algorithms, and other rule-based applications.",Prolog,https://github.com/harshjuly12/SWI-Prolog
516,TurtleBot,8,6,8,0,13/07/2011,27/07/2013,20.84 MB,TurtleBot Tools and Documentation,Prolog,https://github.com/LucidOne/TurtleBot
517,IMAPR,8,1,8,7,06/04/2023,10/05/2024,19.86 MB,,Prolog,https://github.com/wang-lab/IMAPR
518,djson,8,1,8,3,01/11/2013,10/03/2015,148.00 KB,Declarative JSON library for Prolog,Prolog,https://github.com/mndrix/djson
519,rev-rewriting,8,2,8,0,30/09/2016,20/01/2017,44.00 KB,A tool for the transformation of an irreversible Term Rewriting System into a reversible one,Prolog,https://github.com/mistupv/rev-rewriting
520,HolaMundo,8,10,8,0,15/10/2017,24/10/2024,83.00 KB,HolaMundo en varios lenguajes,Prolog,https://github.com/jamj2000/HolaMundo
521,Prolog-Akari,8,0,8,0,16/08/2022,26/08/2022,252.00 KB,"A solver to a game called ""akari"" (https://krazydad.com/play/akari/) using SWI-Prolog.",Prolog,https://github.com/RedWn/Prolog-Akari
522,Legal-Consultation-System-for-Traffic-Violations,8,0,8,0,15/06/2025,28/06/2025,10.00 KB,"🚦 A Prolog-based AI expert system for traffic violations. It analyzes offenses, calculates fines  and points, detects license suspension 🚫, and gives legal advice ⚖️. ",Prolog,https://github.com/Ebo1996/Legal-Consultation-System-for-Traffic-Violations
523,brainfuck-pl,8,1,8,0,11/04/2010,08/11/2010,122.00 KB,A brainf*ck interpreter in Prolog,Prolog,https://github.com/danieldk/brainfuck-pl
524,prolog-samples,8,2,8,0,30/10/2015,03/08/2016,13.00 KB,Sample Prolog code,Prolog,https://github.com/mjones-credera/prolog-samples
525,identity,8,1,8,11,20/12/2018,23/08/2021,154.00 KB,"A pack for SWI-Prolog web framework to handle usernames, login, signup, and other user management",Prolog,https://github.com/Anniepoo/identity
526,race,8,1,8,0,28/06/2018,05/07/2018,15.00 KB,Prolog client for the SOAP interface of the Attempto Reasoner RACE,Prolog,https://github.com/fnogatz/race
527,oslc_prolog,8,2,8,2,29/01/2018,30/06/2021,677.00 KB,Implementation of OSLC Core in SWI-Prolog,Prolog,https://github.com/EricssonResearch/oslc_prolog
528,akinator-of-thrones,8,4,8,0,25/09/2017,29/09/2017,5.00 KB,Akinator project implemented using Prolog,Prolog,https://github.com/Paradigmas-2-2017/akinator-of-thrones
529,advent-of-code-2020,8,0,8,4,30/11/2020,08/07/2021,147.00 KB,Solutions of Advent of Code 2020,Prolog,https://github.com/aarroyoc/advent-of-code-2020
530,brute,8,0,8,1,07/10/2024,08/10/2024,700.68 MB,Terminal based credential stuffing tool. Easy to build configs. ,Prolog,https://github.com/noarche/brute
531,tm1-sublime,8,0,8,0,21/04/2017,20/09/2017,502.00 KB,IBM Cognos TM1 syntax highlighting for Sublime Text,Prolog,https://github.com/hermie64/tm1-sublime
532,uJTAG,8,3,8,0,21/08/2012,21/08/2012,160.00 KB,Minimalistic JTAG dongle.,Prolog,https://github.com/JorgeAparicio/uJTAG
533,prolog-experiments,8,7,8,0,23/09/2015,23/09/2015,5.40 MB,A few (small) experiments in Amzi! Prolog,Prolog,https://github.com/christian-vigh/prolog-experiments
534,PL94171,8,3,8,0,31/03/2021,18/11/2025,3.64 MB,Tabulate P.L. 94-171 Redistricting Data Summary Files,Prolog,https://github.com/CoryMcCartan/PL94171
535,r34_sCASP,8,2,8,1,16/02/2021,29/06/2025,260.00 KB,,Prolog,https://github.com/smucclaw/r34_sCASP
536,tesc,8,0,8,0,08/05/2020,21/04/2021,32.98 MB,TESC proof format for first-order ATPs,Prolog,https://github.com/skbaek/tesc
537,prolog-tic-tac-toe,8,5,8,0,12/02/2019,12/02/2019,3.00 KB,"Tic tac toe written in Prolog, applying game-semantics to programming",Prolog,https://github.com/cheery/prolog-tic-tac-toe
538,Grail,8,2,8,1,23/02/2015,11/02/2021,2.06 MB,Grail is a theorem prover for multimodal type-logical grammars,Prolog,https://github.com/RichardMoot/Grail
539,prolog_toy_gameoflife,8,1,8,0,08/12/2015,12/12/2015,10.00 KB,Conway's Game of Life in Prolog (I'm a prolog newbie!),Prolog,https://github.com/leandrosansilva/prolog_toy_gameoflife
540,utcn-pl,8,1,8,0,19/04/2024,30/07/2026,160.94 MB,Logic Programming at the Technical University of Cluj-Napoca,Prolog,https://github.com/ArdeleanRichard/utcn-pl
541,adventofcode2023,8,0,8,0,01/12/2023,06/01/2024,97.00 KB,Advent of Code 2023 solutions in SWI Prolog,Prolog,https://github.com/emiruz/adventofcode2023
542,iamsim,8,1,8,11,12/07/2023,05/07/2026,51.00 KB,A Prolog module that stores IAM policies and actions to simulate permissions.,Prolog,https://github.com/dnmfarrell/iamsim
543,PrologAIBook,8,0,8,0,04/02/2023,12/09/2026,9.74 MB,Materials for my Prolog AI book,Prolog,https://github.com/mark-watson/PrologAIBook
544,PESAD,8,1,8,0,08/07/2019,23/06/2026,598.00 KB,"Prolog Expert System for Anxiety, Obsessive-Compulsive and Trauma-Related Disorders (DSM-5-TR)",Prolog,https://github.com/dmeoli/PESAD
545,tinytrackuino,8,0,8,3,11/09/2013,23/09/2013,236.00 KB,Small Trackuino-compatible board for transmitting APRS packets over 2m amateur radio.,Prolog,https://github.com/johnboiles/tinytrackuino
546,russian-numbers,8,1,8,1,20/12/2017,11/09/2018,5.00 KB,Prolog description of the relationship between a number and its full Russian name.,Prolog,https://github.com/jocap/russian-numbers
547,delay,8,1,8,2,06/08/2013,10/03/2015,276.00 KB,Coroutine versions of built-in Prolog predicates,Prolog,https://github.com/mndrix/delay
548,particleslogic,8,0,8,7,04/12/2019,15/12/2023,131.00 KB,A Prolog application of basic interactions between elementary particles.,Prolog,https://github.com/mlliarm/particleslogic
549,aaai20-forgetgol,8,0,8,0,15/11/2019,23/11/2019,264.14 MB,A. Cropper. Forgetting to learn logic programs. AAAI 2020. ,Prolog,https://github.com/andrewcropper/aaai20-forgetgol
550,dyc3g,8,2,8,0,05/08/2017,02/11/2018,61.00 KB,Dynamic Continuized Combinatory Categorial Grammar Library,Prolog,https://github.com/mwhite14850/dyc3g
551,prolog-smtlib,8,1,8,0,17/11/2018,20/01/2019,102.00 KB,An SMT-LIB parser in Prolog,Prolog,https://github.com/jariazavalverde/prolog-smtlib
552,greenICTer,8,2,8,0,16/02/2023,22/02/2023,124.00 KB,A logic programming solution to assess the ecological footprint of your ICT system,Prolog,https://github.com/teto1992/greenICTer
553,VLSI_PhysicalDesignAutomation,8,0,8,0,21/10/2022,03/01/2024,326.28 MB,"NTHU CS6135 — P&R with Cadence Innovus, min-cut partitioning, floorplan design, and placement legalization.",Prolog,https://github.com/frankkn/VLSI_PhysicalDesignAutomation
554,adaptive_parser,8,2,8,0,21/10/2018,28/09/2020,12.00 KB,A simple adaptive parser in Prolog,Prolog,https://github.com/jarble/adaptive_parser
555,rever,8,0,8,0,14/02/2020,15/11/2021,35.00 KB,,Prolog,https://github.com/mistupv/rever
556,wumpus,8,2,8,0,13/10/2010,21/10/2010,96.00 KB,Hunt the Wumpus in Prolog for a school project,Prolog,https://github.com/blatyo/wumpus
557,tauchain_prolog,8,0,8,0,23/12/2019,03/01/2024,498.00 KB,Tau Meta Language (TML) Inptereter coded in Prolog,Prolog,https://github.com/logicmoo/tauchain_prolog
558,prolog-utils,7,4,7,0,12/10/2016,26/01/2017,57.00 KB,Materiale ausiliario ed esercitazioni di Prolog,Prolog,https://github.com/ilario-pierbattista/prolog-utils
559,gedemin-prolog,7,0,7,0,14/03/2015,22/12/2023,5.01 MB,Automatically exported from code.google.com/p/gedemin-prolog,Prolog,https://github.com/gsbelarus/gedemin-prolog
560,react-and-prolog-demo,7,1,7,0,04/10/2017,05/10/2017,13.00 KB,A demo website to show how to deploy React based webapps into an SWI-Prolog web server. ,Prolog,https://github.com/da-poodle/react-and-prolog-demo
561,Peatland-mapping,7,1,7,0,05/04/2022,21/07/2022,58.00 KB,Data and code for: Crezee et al. (2022). Mapping peat thickness and carbon stocks of the central Congo Basin using field data. Nature Geoscience. https://doi.org/10.1038/s41561-022-00966-7,Prolog,https://github.com/CongoPeat/Peatland-mapping
562,FIB-LI-Labs,7,3,7,0,14/09/2017,15/02/2020,54.03 MB,✅ Labs for LI (FIB),Prolog,https://github.com/anamestre/FIB-LI-Labs
563,wumpus,7,6,7,9,21/11/2015,25/10/2022,497.00 KB,Hunt The Wumpus - Wumpus World Simulator,Prolog,https://github.com/drbeco/wumpus
564,plspec,7,0,7,7,04/01/2017,15/01/2021,2.53 MB,,Prolog,https://github.com/wysiib/plspec
565,vb_hardware,7,2,7,0,17/09/2014,06/02/2015,4.39 MB,OSHW Video Interface Hardware,Prolog,https://github.com/videobrick/vb_hardware
566,packages-inclpr,7,3,7,1,25/04/2014,04/10/2026,322.00 KB,Constraint solver for nonlinear (polynomial) constraints over reals,Prolog,https://github.com/SWI-Prolog/packages-inclpr
567,idl,7,17,7,0,09/05/2012,29/03/2013,21.36 MB,IDL code repo,Prolog,https://github.com/callumenator/idl
568,Apple_IIGS_MemExpansion,7,1,7,0,28/04/2019,28/04/2019,89.00 KB,,Prolog,https://github.com/calphool/Apple_IIGS_MemExpansion
569,sld-tree-generator,7,3,7,0,01/01/2017,03/12/2020,367.00 KB,,Prolog,https://github.com/apoll500/sld-tree-generator
570,prolog-snippets,7,1,7,0,19/07/2013,24/04/2022,88.00 KB,Some sparse Prolog code I wrote (and sometime used),Prolog,https://github.com/CapelliC/prolog-snippets
571,Root41-Hardware,7,0,7,0,21/02/2021,24/10/2021,28.46 MB,Root41のハードウェア開発リポジトリです。,Prolog,https://github.com/Root41-Gifu/Root41-Hardware
572,UrbanAnalyticsCourse,7,32,7,1,06/07/2021,09/04/2026,199.42 MB,Urban Analytics Course work for Johns Hopkins Univeristy,Prolog,https://github.com/achapkowski/UrbanAnalyticsCourse
573,community,7,0,7,0,16/10/2013,25/10/2013,276.00 KB,"This repository is to build up a collection of pointers to economics formalizations (software, theorems, proofs).",Prolog,https://github.com/formare/community
574,Concierge-bot,7,5,7,0,01/03/2023,22/07/2024,90.00 KB,,Prolog,https://github.com/Sambour/Concierge-bot
575,stix_type1,7,0,7,4,17/12/2020,15/01/2021,9.59 MB,type 1 versions of STIX 2.0.0 (deprecated),Prolog,https://github.com/stipub/stix_type1
576,packages-cql,7,5,7,1,03/09/2014,04/10/2026,441.00 KB,High level database interface,Prolog,https://github.com/SWI-Prolog/packages-cql
577,Whirl,7,2,7,0,04/08/2011,01/07/2024,444.00 KB,The Whirl Programming Language,Prolog,https://github.com/BigZaphod/Whirl
578,Kiri,7,2,7,0,29/09/2021,25/04/2023,336.00 KB,⛰️ A separate repository for the Kiri software piece for the WacOS Operating System project. A refined recreation of Siri for the Linux-based WacOS. Part of the WacOS operating system project.,Prolog,https://github.com/seanpm2001/Kiri
579,elc117-2020a,7,5,7,0,06/03/2020,24/08/2020,393.00 KB,ELC117 - Paradigmas de Programação - UFSM - 2020a,Prolog,https://github.com/AndreaInfUFSM/elc117-2020a
580,Logic-Programming,7,1,7,0,21/04/2022,07/06/2022,5.44 MB,,Prolog,https://github.com/Hann1bal/Logic-Programming
581,Prob-EC,7,2,7,0,14/10/2013,14/10/2013,5.39 MB,"A probabilistic version of the Event Calculus logic programming engine, developed during my time at NCSR ""Demokritos"", Athens, Greece.",Prolog,https://github.com/jasonfilippou/Prob-EC
582,kalah-prolog,7,7,7,0,24/07/2008,04/07/2014,316.00 KB,"PROLOG implementation for the kalah game. Created as a project for ""PROLOG - aspects for AI"" of the Israeli Open University ",Prolog,https://github.com/kenegozi/kalah-prolog
583,LEIC-PFL-2021-22,7,0,7,0,12/11/2021,19/06/2022,9.51 MB,Funcional And Logic Programming Course (Programação Funcional e em Lógica) - FEUP LEIC 3rd Year 1st Semester,Prolog,https://github.com/FabioMiguel2000/LEIC-PFL-2021-22
584,prolog-ludumdare44,7,4,7,0,19/04/2019,29/04/2019,212.00 KB,Ludum Dare 44  entry,Prolog,https://github.com/SWI-PrologTeamLudumDare32/prolog-ludumdare44
585,ccpc,7,2,7,0,17/04/2018,28/08/2022,19.16 MB,,Prolog,https://github.com/timhunter/ccpc
586,brainf_prolog_interpreter,7,1,7,2,19/09/2016,14/08/2020,9.00 KB,A Brainf*** Interpreter written in SWI Prolog,Prolog,https://github.com/joyheron/brainf_prolog_interpreter
587,BMLP,7,1,7,0,05/08/2024,12/09/2025,129.98 MB,"Repository for the paper ""Boolean Matrix Logic Programming on the GPU""",Prolog,https://github.com/lun-ai/BMLP
588,swi-prolog-z3,7,1,7,1,02/01/2024,23/05/2024,119.00 KB,Using Z3 as a constraint solver inside SWI Prolog,Prolog,https://github.com/turibe/swi-prolog-z3
589,wangs-algorithm,7,2,7,0,02/12/2014,17/10/2016,8.00 KB,Propositional theorem prover using Wang's algorithm,Prolog,https://github.com/benhuds/wangs-algorithm
590,Wii-BT-to-USB,7,1,7,1,06/08/2020,05/04/2021,6.39 MB,A conversion for Wii bluetooth adapters to be used via USB on PC's,Prolog,https://github.com/Micah-Nailima/Wii-BT-to-USB
591,MSX_FPGA_Hat,7,2,7,0,12/11/2022,24/08/2026,260.82 MB,"A Cartridge interface that converts MSX 5v signal levels to 3v, exposing an IDC connector for external devices that operates at 3v level.",Prolog,https://github.com/costarc/MSX_FPGA_Hat
592,aaai23-disco,7,1,7,0,24/02/2023,24/02/2023,22.65 MB,,Prolog,https://github.com/logic-and-learning-lab/aaai23-disco
593,dict,7,0,7,0,23/10/2024,05/11/2024,8.00 KB,"An ISO Prolog dictionary, implemented as an incomplete binary search tree.",Prolog,https://github.com/dnmfarrell/dict
594,prolog-reversible-interpreter,7,0,7,0,09/03/2025,14/01/2026,25.00 KB,"Study of Inductive Program Synthesis by Using a Reversible Meta-Interpreter (Numao & Shimura, 1997)",Prolog,https://github.com/namin/prolog-reversible-interpreter
595,Drowzee,7,2,7,2,01/09/2024,01/02/2026,22.18 MB,,Prolog,https://github.com/security-pride/Drowzee
596,flymaple-pcb,7,8,7,0,19/04/2012,19/04/2012,170.00 KB,Flymaple PCB file for KiCAD,Prolog,https://github.com/opendrone/flymaple-pcb
597,http2_client,7,0,7,1,11/09/2018,18/12/2019,94.00 KB,Prolog HTTP/2 Client. Mirror of https://gitlab.com/jamesnvc/prolog_http2_client,Prolog,https://github.com/jamesnvc/http2_client
598,eqdsk2helena,7,1,7,0,11/08/2011,11/08/2011,100.00 KB,Convert EQDSK equilibrium files into input for HELENA,Prolog,https://github.com/bendudson/eqdsk2helena
599,Prolog,7,0,7,0,03/04/2015,03/04/2015,132.00 KB,"Prolog Projects (Artificial Intelligence, Encryption)",Prolog,https://github.com/Gariben/Prolog
600,wumpus-world-prolog,7,6,7,0,09/05/2018,10/05/2018,100.00 KB,Intelligent Agent that plays the Wumpus World using Prolog,Prolog,https://github.com/alexroque91/wumpus-world-prolog
601,Prolog-Double-Pendulum-Chaos-Simulator,7,0,7,0,04/06/2026,05/06/2026,33.00 KB,"In this repository you can find GUI App for ""Double Pendulum Chaos Simulator"" which is written in Prolog. There is also a YouTube link for its simulation at the end of repo description.",Prolog,https://github.com/mohammadijoo/Prolog-Double-Pendulum-Chaos-Simulator
602,famicombox,7,1,7,0,22/09/2022,22/09/2022,3.44 MB,FamicomBox+ Mod,Prolog,https://github.com/Eevitronics/famicombox
603,aaai24-maxsynth,7,1,7,3,16/02/2024,16/02/2024,176.29 MB,"C. Hocquette, A. Niskanen, M Järvisalo, and Andrew Cropper, Learning MDL Logic Programs From Noisy Data, AAAI24.",Prolog,https://github.com/celinehocquette/aaai24-maxsynth
604,clingo-solvers,7,2,7,0,11/11/2018,03/01/2022,676.00 KB,"Answer Set Programming (ASP): clingo solvers for NxN Sudoku, Yosenabe, Minotaur and Elevator games",Prolog,https://github.com/atreyasha/clingo-solvers
605,Ivan-Bratko-Prolog-Examples,7,2,7,0,07/08/2022,07/08/2022,8.01 MB,"PROLOG PROGRAMMING FOR ARTIFICIAL INTELLIGENCE by lvan Bratko, E.Kardelj University.  J.Stefan Institute Yugoslavia",Prolog,https://github.com/AMITKESARI2000/Ivan-Bratko-Prolog-Examples
606,PSuM,7,0,7,0,08/09/2026,08/10/2026,12.81 MB,,Prolog,https://github.com/psum-team/PSuM
607,Dynworks,7,0,7,0,12/10/2020,12/04/2021,551.00 KB,High performance dynamic arrays and vectors in Prolog ,Prolog,https://github.com/TheWiseCoder/Dynworks
608,pro2sql,7,0,7,0,25/06/2023,20/10/2025,104.00 KB,A lightweight prolog to sql translator,Prolog,https://github.com/RdR1024/pro2sql
609,IceBlueStepstick,7,1,7,0,11/09/2013,11/09/2013,100.00 KB,Redesigned Stepstick - A4982 Driver carrier board,Prolog,https://github.com/T3P3/IceBlueStepstick
610,SafeLearner,7,1,7,0,02/01/2019,15/05/2019,159.00 MB,"Repository containing codes for the paper on ""Scalable Rule Learning in Knowledge Bases"" (https://openreview.net/forum?id=HkyI-5667) submitted to the conference on Automated Knowledge Base Construction 2019 (http://akbc.ws/)",Prolog,https://github.com/arcchitjain/SafeLearner
611,Weather-Expert-System-Prolog,7,10,7,0,24/12/2014,06/05/2016,2.00 KB,Weather prediction expert system using prolog,Prolog,https://github.com/PranitaSethiya/Weather-Expert-System-Prolog
612,vindinium-swi,7,4,7,0,21/09/2014,24/09/2014,168.00 KB,A minimal vindinium bot in SWI-Prolog,Prolog,https://github.com/borisvassilev/vindinium-swi
613,Prolog-Problems,7,9,7,0,16/10/2019,16/10/2019,29.00 KB,"Water-Jug, 8-Puzzle Problem, Medical-Diagnosis Problem, Block-Word Problem, Monkey-Banana-Problem",Prolog,https://github.com/Hack3rOneness/Prolog-Problems
614,tracklog,7,0,7,0,11/08/2026,12/08/2026,11.00 KB,"TrackLog is a collection of Prolog libraries, examples, and guidelines for building a personal knowledge base in pure logic",Prolog,https://github.com/kciray8/tracklog
615,swipy,7,2,7,2,07/02/2010,14/02/2010,348.00 KB,SWI Prolog Python Bindings and RDFLib Store,Prolog,https://github.com/wwaites/swipy
616,logicmoo_cg,7,1,7,0,11/09/2020,06/02/2022,3.54 MB,Conceptual Graph (CG) Libraries in Prolog,Prolog,https://github.com/logicmoo/logicmoo_cg
617,twitter_pack,7,2,7,0,30/06/2015,01/03/2021,7.00 KB,Pack to access twitter api from swi prolog,Prolog,https://github.com/samwalrus/twitter_pack
618,avr-isp-shield,7,3,7,0,28/12/2012,06/02/2013,1.66 MB,Arduino AVR ISP shield,Prolog,https://github.com/jiahuang/avr-isp-shield
619,unicvmod,7,1,7,0,06/08/2019,17/04/2020,399.00 KB,Universal composite mod for retro computers,Prolog,https://github.com/gusmanb/unicvmod
620,XMG-2,7,2,7,2,14/06/2016,03/04/2025,23.29 MB,,Prolog,https://github.com/spetitjean/XMG-2
621,slack_prolog,7,2,7,0,21/01/2017,10/10/2021,414.00 KB,Prolog Slack Client,Prolog,https://github.com/swi-to-yap/slack_prolog
622,systematicity,7,1,7,1,01/05/2020,27/01/2023,45.00 KB,Do Neural Models Learn Systematicity of Monotonicity Inference in Natural Language?,Prolog,https://github.com/verypluming/systematicity
623,medical-expert-ehrlich,7,1,7,0,10/06/2021,26/12/2022,2.14 MB,Backward-chaining medical expert system that specializes in selected autoimmune diseases and employs MYCIN-style computations to handle uncertainty,Prolog,https://github.com/memgonzales/medical-expert-ehrlich
624,aethel_core,7,0,7,0,01/09/2026,15/09/2026,263.00 KB,Next-gen logical WAF engine built in SWI-Prolog. Features an inductive learning brain running at 2M+ LIPS with an integrated recursive decoder to neutralize nested URL/Hex/HTML obfuscations in real-time.,Prolog,https://github.com/lokinpendawa/aethel_core
625,Physical-Design-Automation,7,0,7,0,08/03/2017,16/12/2019,36.58 MB,"This repo is ""NTHU Physical Design Automation"" course project.",Prolog,https://github.com/laplaceyc/Physical-Design-Automation
626,phil,7,2,7,1,08/10/2018,05/11/2024,3.30 MB,PHIL is a parameter learning algorithm that learns the parameters of Hierarchical Probabilistic Logic Programs applying gradient descent and Expectation Maximization,Prolog,https://github.com/ArnaudFadja/phil
627,ParkerInstability,7,0,7,0,14/02/2020,14/02/2020,7.30 MB,Set of programs to simulate a magnetic field in galaxy formation,Prolog,https://github.com/hythloda/ParkerInstability
628,scrypy,7,1,7,2,25/10/2025,08/11/2025,277.00 KB,Python integration for Scryer Prolog using FFI (Research Project),Prolog,https://github.com/jjtolton/scrypy
629,Knights-Tour,7,1,7,0,18/04/2012,21/08/2013,108.00 KB,"A Prolog solution to the Knights Tour problem, as stated by Euler.",Prolog,https://github.com/bnjbvr/Knights-Tour
630,prolog-pong,7,0,7,0,17/05/2024,17/05/2024,2.00 KB,Pong in linux terminal with prolog,Prolog,https://github.com/cleggacus/prolog-pong
631,lix,7,0,7,0,17/06/2019,15/07/2024,45.00 KB,Lix: A self-applicable partial evaluator for Prolog,Prolog,https://github.com/leuschel/lix
632,hammurabi,7,2,7,1,10/08/2022,10/08/2022,4.86 MB,,Prolog,https://github.com/semaj/hammurabi
633,prolog-library,7,0,7,0,08/03/2018,08/03/2018,9.00 KB,🤓A set of prolog algorithms and projects.,Prolog,https://github.com/a-tokyo/prolog-library
634,Prolog,7,2,7,0,02/10/2010,28/11/2014,120.00 KB,Programs in prolog.,Prolog,https://github.com/dagosi/Prolog
635,programs,7,1,7,3,20/12/2016,18/01/2018,35.00 KB,Prolog programs from the Simply Logical book,Prolog,https://github.com/simply-logical/programs
636,mega65-r3-expansion-board,7,2,7,6,26/10/2022,16/07/2026,45.20 MB,Expansion board for the MEGA65 R3+ Main Boards,Prolog,https://github.com/MEGA65/mega65-r3-expansion-board
637,COMP9414,7,5,7,0,14/05/2017,03/07/2017,6.36 MB,,Prolog,https://github.com/wuzeshixp/COMP9414
638,MLogic,7,1,7,0,24/10/2017,27/10/2017,12.00 KB,An implementation of a mini-ML written entirely in prolog,Prolog,https://github.com/TOTBWF/MLogic
639,sdcg,7,4,7,2,07/05/2008,16/06/2017,15.05 MB,Stochastic Definite Clause Grammars,Prolog,https://github.com/cth/sdcg
640,WifIco,7,1,7,1,08/11/2014,08/11/2014,288.00 KB,Small hardware adapter for ESP8266. Purpose is to make the cheap module 5v compatible and breadboard friendly.,Prolog,https://github.com/soynerdito/WifIco
641,martelli-montanari,7,0,7,0,05/12/2013,06/12/2013,344.00 KB,An implementation of Martelli-Montanari unification algorithm for Prolog written in Prolog.,Prolog,https://github.com/pulmro/martelli-montanari
642,daplacer,7,1,7,0,02/12/2021,28/08/2025,21.57 MB,Tool for data-aware application placement and routing in the Cloud-IoT continuum,Prolog,https://github.com/di-unipi-socc/daplacer
643,2022.1_G3_Logico_Chess,7,2,7,0,26/07/2022,30/08/2022,113.00 KB,"Projeto da matéria de Paradigmas da Programação da FGA, focado na utilização do paradigma lógico com a criação de uma interface gráfica, utilização de sockets (multiplayer) e uso do Stockfish (vs Computador)",Prolog,https://github.com/UnBParadigmas2022-1/2022.1_G3_Logico_Chess
644,JSCSExamMaterial,7,5,7,0,12/04/2016,21/05/2016,3.64 MB,Study Material for the CompSci Junior Sophister Exams,Prolog,https://github.com/RobAntcliff/JSCSExamMaterial
645,dropkick,7,0,7,0,22/01/2022,27/01/2026,114.18 MB,A data logger designed for skydivers,Prolog,https://github.com/rrainey/dropkick
646,pixeldust,7,44,7,5,28/03/2025,06/05/2025,97.64 MB,,Prolog,https://github.com/hackclub/pixeldust
647,IDL_learning,7,1,7,0,19/12/2018,01/06/2019,1.40 MB,自学IDL笔记,Prolog,https://github.com/ChenlieShi-NWU/IDL_learning
648,prechacthis,7,5,7,8,04/12/2013,01/09/2025,5.14 MB,,Prolog,https://github.com/prechac/prechacthis
649,cs-web-proto,7,1,7,8,17/07/2019,15/07/2024,11.05 MB,Prototype Operator Interface and Display Manager on the Web for EPICS,Prolog,https://github.com/DiamondLightSource/cs-web-proto
650,wh40ksim,7,0,7,0,27/11/2017,22/10/2018,106.00 KB,Warhammer 40k Combat simulator,Prolog,https://github.com/stassa/wh40ksim
651,SymbolicAIHarvest,7,2,7,0,26/06/2025,26/06/2025,16.00 KB,"SymbolicAIHarvest is a Symbolic AI Prolog intelligent agricultural network management system that optimizes farm operations, sensor monitoring, route planning, and supply chain logistics through rule-based reasoning and expert system capabilities.",Prolog,https://github.com/tiagomonteiro0715/SymbolicAIHarvest
652,conlang,7,0,7,0,29/07/2016,26/01/2019,20.00 KB,Constructed language doodles,Prolog,https://github.com/fusiongyro/conlang
653,ijcai16-metagolai,7,0,7,0,18/04/2016,18/04/2016,415.00 KB,Cropper and S.H. Muggleton. Learning higher-order logic programs through abstraction and invention. IJCAI 2016.,Prolog,https://github.com/andrewcropper/ijcai16-metagolai
654,jobshop-scheduling,7,1,7,0,01/12/2020,06/06/2023,39.00 KB,Optimal ECLiPSe Prolog job-shop scheduling solver,Prolog,https://github.com/georgesittas/jobshop-scheduling
655,COMP3608-2019,6,0,6,0,31/01/2019,13/03/2019,89.00 KB,Code for COMP3608 - Intelligent Systems ,Prolog,https://github.com/InzamamRahaman/COMP3608-2019
656,Intelligenza-Artificiale,6,2,6,1,28/07/2023,10/01/2024,18.37 MB,Corso seguito presso Università di Parma nella facoltà di Informatica,Prolog,https://github.com/university-computer-science/Intelligenza-Artificiale
657,qwerty,6,0,6,0,01/04/2024,30/06/2026,112.00 KB,,Prolog,https://github.com/GeoffChurch/qwerty
658,PS2_tap,6,3,6,0,16/05/2013,12/06/2013,204.00 KB,A PS/2 data tap over audio line in,Prolog,https://github.com/dominicgs/PS2_tap
659,winrt,6,3,6,0,26/05/2013,10/09/2013,1012.00 KB,Qt on WinRT Book,Prolog,https://github.com/andrewknight/winrt
660,prolog-monty-python,6,2,6,0,21/08/2016,21/08/2016,1.00 KB, Demo of the Monty Python witch scene with Prolog,Prolog,https://github.com/Risto-Stevcev/prolog-monty-python
661,clam3,6,0,6,0,30/12/2016,30/12/2016,1.49 MB,"Prolog implementation of proof planner with critics, and some higher-order unification, in the v3 branch of Clam.",Prolog,https://github.com/theoremprover-museum/clam3
662,Logic-Vision,6,4,6,0,03/12/2014,02/06/2016,9.42 MB,geometry learning with inductive logic programming,Prolog,https://github.com/haldai/Logic-Vision
663,sbot,6,1,6,0,10/02/2018,28/12/2018,141.00 KB,SBot the smart ChatDev bot,Prolog,https://github.com/fredericlepied/sbot
664,bencode,6,2,6,0,22/02/2013,10/03/2015,124.00 KB,Bencoding for Prolog,Prolog,https://github.com/mndrix/bencode
665,SWRL2SPIN,6,2,6,0,29/01/2018,07/07/2020,105.00 KB,SWRL2SPIN is a tool built in SWI-Prolog for transforming SWRL rules to SPIN rules,Prolog,https://github.com/nbassili/SWRL2SPIN
666,CHIMERA,6,2,6,0,20/12/2017,19/02/2018,188.00 KB,Library of SolarSoft IDL routines to identify and extract coronal holes and their properties from EUV images of the Sun.,Prolog,https://github.com/TCDSolar/CHIMERA
667,logicmoo_cogserver,6,0,6,1,11/02/2022,30/08/2022,123.00 KB,Logicmoo server presenting a CogServer-compatible network interface,Prolog,https://github.com/opencog/logicmoo_cogserver
668,CHR-Minesweeper,6,5,6,0,23/07/2014,23/07/2014,148.00 KB,Simple Minesweeper application with Prolog and Constraint Handling Rules (CHR),Prolog,https://github.com/fnogatz/CHR-Minesweeper
669,prolog-yamltiny,6,1,6,2,27/01/2013,27/01/2013,108.00 KB,A YAML subset parser for Prolog,Prolog,https://github.com/rla/prolog-yamltiny
670,trealla-spin,6,0,6,1,02/03/2023,02/03/2023,6.00 KB,Trealla Prolog templates for Spin,Prolog,https://github.com/guregu/trealla-spin
671,swiplite,6,0,6,0,01/12/2024,26/04/2026,58.00 KB,SQLite for SWI-Prolog,Prolog,https://github.com/borisvassilev/swiplite
672,mine-prolog-tba,6,0,6,0,19/04/2012,20/04/2012,128.00 KB,A small text-based adventure game developed in prolog.,Prolog,https://github.com/tobischo/mine-prolog-tba
673,sweet,6,0,6,7,16/05/2014,07/08/2014,224.00 KB,Sugar to make Prolog a little sweeter,Prolog,https://github.com/mndrix/sweet
674,LHornSolver,6,0,6,0,20/11/2015,04/02/2022,1.26 MB,A linear Horn clause solver for non-linear Horn clauses.,Prolog,https://github.com/bishoksan/LHornSolver
675,OOL,6,0,6,0,01/02/2019,13/03/2019,88.00 KB,Object Oriented extensions for Lisp and Prolog,Prolog,https://github.com/Lewih/OOL
676,klondike,6,46,6,0,20/05/2013,19/05/2013,17.66 MB,Bitcoin ASIC mining board project,Prolog,https://github.com/Jumpsu/klondike
677,open-geiger-counter,6,0,6,0,27/10/2014,03/02/2015,232.00 KB,PIN diode based Geiger counter,Prolog,https://github.com/SyrianSpock/open-geiger-counter
678,Left-Corner-MG-parser,6,0,6,0,30/05/2018,30/05/2018,33.00 KB,,Prolog,https://github.com/stanojevic/Left-Corner-MG-parser
679,LearningProlog,6,4,6,0,10/12/2019,20/10/2021,14.00 KB,Tutorial on learning Prolog: https://medium.com/@ibjects/complete-prolog-language-tutorial-d46a811c58e8,Prolog,https://github.com/thechaudharysab/LearningProlog
680,Prolog-Examples,6,0,6,0,01/02/2026,02/02/2026,73.00 KB,,Prolog,https://github.com/Wealthometer/Prolog-Examples
681,Prusa-MK2-Ext.-Driver-Board,6,0,6,0,22/11/2022,05/01/2024,88.55 MB,Prusa MK2 Ext. Driver Board,Prolog,https://github.com/toto99303/Prusa-MK2-Ext.-Driver-Board
682,qupak,6,0,6,4,07/10/2025,30/10/2025,8.00 KB,Pattern matching for Prolog with library(reif).,Prolog,https://github.com/bakaq/qupak
683,Graph-Neural-Networks,6,5,6,0,24/02/2013,27/02/2013,660.00 KB,Neural Networks for Graphs. Simulator written for Mathworks Matlab 7+,Prolog,https://github.com/francoscarselli/Graph-Neural-Networks
684,chuka-university-computer-science-department-knowledge-base,6,0,6,0,14/03/2025,14/03/2025,1.00 KB,,Prolog,https://github.com/YM1587/chuka-university-computer-science-department-knowledge-base
685,ESPrinkler-Retic-Controller,6,0,6,0,19/02/2025,14/06/2026,92.16 MB,8-Zone reticulation controller based on ESPHome for Home Assistant ,Prolog,https://github.com/slippery-carrot/ESPrinkler-Retic-Controller
686,mlj19-metaho,6,1,6,0,26/11/2019,26/11/2019,34.38 MB,"A. Cropper, R. Morel, and S.H. Muggleton. Learning higher-order logic programs. Machine learning journal, 2019.",Prolog,https://github.com/andrewcropper/mlj19-metaho
687,onaPL,6,1,6,0,14/02/2021,15/02/2021,48.00 KB,Could potentially become a Prolog implementation of OpenNARS-for-Applications,Prolog,https://github.com/patham9/onaPL
688,condition,6,0,6,1,13/09/2013,10/03/2015,176.00 KB,Condition system (a la Common Lisp) for Prolog,Prolog,https://github.com/mndrix/condition
689,Career-Counseling-System,6,5,6,0,05/11/2018,08/11/2018,12.00 KB,an expert system using artificial intelligence that recommends the user to take courses based on their interests. ,Prolog,https://github.com/calmesam01/Career-Counseling-System
690,prolog-getting-started,6,2,6,0,08/10/2014,09/10/2014,144.00 KB,Sample application for heroku-prolog-buildpack,Prolog,https://github.com/thetrime/prolog-getting-started
691,Prolog-Codes,6,2,6,2,14/01/2020,14/07/2020,3.00 MB,Prolog Codes and Assignments for AI Course of IIIT Allahabad,Prolog,https://github.com/aryan-harsh/Prolog-Codes
692,crosswordsmith,6,1,6,2,10/10/2013,23/08/2026,6.48 MB,A crossword layout generator in Prolog,Prolog,https://github.com/ned2/crosswordsmith
693,pitopping,6,0,6,0,14/07/2013,14/07/2013,1.59 MB,Pi-Topping robotics framework for the Raspberry Pi,Prolog,https://github.com/arnans/pitopping
694,SAUCES,6,0,6,0,10/07/2018,07/01/2019,37.00 KB,Stellar Activity for Understanding and Characterizing Exoplanetary Systems,Prolog,https://github.com/RMRoettenbacher/SAUCES
695,karma_agency,6,0,6,0,01/07/2020,08/10/2026,3.92 MB,"Prolog app implementing functions that impart agency to a robot, namely apperception, a fitness evaluation, an evolving society of mind, event-based communication, and an interface to the agent's body (real or simulated)",Prolog,https://github.com/jfcloutier/karma_agency
696,UnifyWeaver,6,1,6,5,30/09/2025,09/10/2026,260.45 MB,"A multi-target Prolog compiler: from declarative automation scripts (Bash) to full WAM runtimes across Go, Rust, Haskell, Clojure, Lua, C, and Python",Prolog,https://github.com/s243a/UnifyWeaver
697,ngi_visualizations,6,13,6,0,09/07/2014,22/02/2018,2.37 MB,Development fork. Head fork here >>>,Prolog,https://github.com/ewels/ngi_visualizations
698,checkers-webapp,6,1,6,0,03/06/2017,21/05/2018,38.00 KB,A web checkers player using swi-prolog as the server and javascript as the client,Prolog,https://github.com/roblaing/checkers-webapp
699,mai,6,1,6,0,29/02/2020,10/09/2024,181.00 KB,mai: MAth Interpreter with Standard Foundations,Prolog,https://github.com/amka66/mai
700,OpenWALAS.github.io,6,1,6,2,21/08/2020,08/09/2025,682.32 MB,Mainpage,Prolog,https://github.com/OpenWALAS/OpenWALAS.github.io
701,timber-wolf-VLSI-placement,6,1,6,0,09/10/2016,09/10/2016,4.22 MB,Timber wolf algorithm (simulated annelling) for VLSI placement,Prolog,https://github.com/zjyfdu/timber-wolf-VLSI-placement
702,prolog-nlp,6,2,6,0,22/11/2016,03/12/2016,148.00 KB,Natural language parsing and validation with Prolog,Prolog,https://github.com/Phyxius/prolog-nlp
703,xlci,6,0,6,2,28/02/2019,22/12/2021,519.15 MB,Cross-lingual CCG Induction,Prolog,https://github.com/texttheater/xlci
704,logilic,6,4,6,2,01/12/2012,04/12/2012,131.00 KB,Tools to reason about software licenses,Prolog,https://github.com/flepied/logilic
705,Architectural-Floor-Plan-Generator,6,1,6,0,23/12/2014,23/12/2014,4.71 MB,Architectural-Floor-Plan-Generator,Prolog,https://github.com/Minuri-Rajapaksha/Architectural-Floor-Plan-Generator
706,typo,6,0,6,0,11/06/2019,12/06/2019,24.00 KB,Type and syntax checker reporting using metainterpretation.,Prolog,https://github.com/GavinMendelGleason/typo
707,kubepl,6,0,6,0,02/09/2016,30/11/2016,4.00 KB,Prolog Kubernetes client,Prolog,https://github.com/honnix/kubepl
708,hm-prolog,6,0,6,0,27/09/2017,27/09/2017,3.00 KB,A Hindley-Milner implementation in Prolog.,Prolog,https://github.com/remexre/hm-prolog
709,ClocksinMellish,6,1,6,0,02/08/2010,02/08/2010,232.00 KB,"Code from the book ""Programming in Prolog"" by William F. Clocksin and Christopher S. Mellish (original and my own solutions to exercises).",Prolog,https://github.com/aistrate/ClocksinMellish
710,ddsv-prolog,6,0,6,0,19/10/2019,13/05/2020,14.00 KB,Prolog implementation for https://principia.connpass.com/event/143181/,Prolog,https://github.com/Kuniwak/ddsv-prolog
711,packages-regex,6,1,6,0,25/04/2014,25/04/2014,164.00 KB,Pure Prolog regex implementation,Prolog,https://github.com/SWI-Prolog/packages-regex
712,cool-compiler,6,1,6,0,07/12/2017,20/12/2017,1.43 MB,This is a simple compiler for cool (classroom object-oriented language).,Prolog,https://github.com/liyu10000/cool-compiler
713,ppm,6,0,6,0,13/06/2017,22/07/2018,72.00 KB,Prolog Package Manager (PPM): A package manager for Prolog.,Prolog,https://github.com/wouterbeek/ppm
714,valveni-db,6,0,6,0,01/05/2022,10/05/2022,8.00 KB,ValveniDB,Prolog,https://github.com/aarroyoc/valveni-db
715,jazz-engine,6,2,6,0,22/05/2023,12/02/2026,9.21 MB,Prolog implementation of music theory & jazz guitar.,Prolog,https://github.com/vasilescur/jazz-engine
716,Creativity-augmenter,6,2,6,0,23/10/2016,30/03/2020,131.00 KB,This is a useful thing for making twitter bots (and random nonsense).,Prolog,https://github.com/noahmartinwilliams/Creativity-augmenter
717,CC2540,6,3,6,0,19/09/2013,20/09/2013,168.00 KB,TI CC 2540 BTLE Break out board,Prolog,https://github.com/mako34/CC2540
718,board-m1,6,5,6,0,22/03/2012,27/06/2012,558.00 KB,Milkymist One PCB design files,Prolog,https://github.com/m-labs/board-m1
719,elc117-2021a,6,7,6,0,04/04/2021,07/09/2021,532.00 KB,ELC117 - Paradigmas de Programação - UFSM - 2021a,Prolog,https://github.com/AndreaInfUFSM/elc117-2021a
720,packages-pcre,6,7,6,12,23/04/2017,04/10/2026,287.00 KB,SWI-Prolog package for access to Perl Regular Expressions,Prolog,https://github.com/SWI-Prolog/packages-pcre
721,multseq,6,2,6,0,02/07/2024,02/07/2024,41.00 KB,"M. Ultseq, the genius many-valued sequent theorem prover",Prolog,https://github.com/rzach/multseq
722,bbs,6,0,6,0,02/04/2026,03/04/2026,104.00 KB,A simple online forum written in Prolog,Prolog,https://github.com/danilp-id/bbs
723,packages-pldoc,6,13,6,13,25/04/2014,08/10/2026,3.28 MB,The SWI-Prolog documentation system,Prolog,https://github.com/SWI-Prolog/packages-pldoc
724,faasshell,6,1,6,1,30/11/2017,02/09/2020,3.09 MB,FaaS Shell is a shell for Serverless Function Workflow across multiple clouds.,Prolog,https://github.com/NaohiroTamura/faasshell
725,peronautas,6,1,6,0,30/03/2011,25/11/2012,14.12 MB,D3LP0R,Prolog,https://github.com/leosmolas/peronautas
726,ijcai19-playgol,6,0,6,0,23/11/2019,23/11/2019,90.64 MB,A. Cropper. Playgol: learning programs through play. IJCAI 2019. http://andrewcropper.com/pubs/ijcai19-playgol.pdf,Prolog,https://github.com/andrewcropper/ijcai19-playgol
727,terfblocklist,6,1,6,0,23/03/2018,23/03/2018,9.00 KB,semi-automatic tool to gather IDs of transphobic users on Twitter,Prolog,https://github.com/Anniepoo/terfblocklist
728,flashadapters,6,2,6,0,27/07/2012,27/07/2012,116.00 KB,different flash adapters for buspirate and the hacked router,Prolog,https://github.com/nekromant/flashadapters
729,diet_recommendation_system,6,0,6,0,07/06/2023,02/11/2023,190.00 KB,A personalized diet plan recommendation system is proposed that uses a knowledge base and rules to infer a user's dietary requirements and suggest an appropriate meal plan. This is web application created by using React Node js Python and Prolog,Prolog,https://github.com/Qamar2315/diet_recommendation_system
730,advent-of-code-2023,6,1,6,0,01/12/2023,18/12/2023,137.00 KB,My solutions for AoC 2023,Prolog,https://github.com/aarroyoc/advent-of-code-2023
731,morphing-airfoil,6,0,6,0,24/02/2025,25/04/2025,12.56 MB,UNSW DESN1000 morphing airfoil project,Prolog,https://github.com/mvx-dev/morphing-airfoil
732,ev3dev-prolog,6,2,6,2,01/07/2019,06/03/2024,62.00 KB,ev3dev-based API for Prolog using the readily available swi-Prolog,Prolog,https://github.com/maweki/ev3dev-prolog
733,semantique,6,1,6,6,18/09/2017,08/06/2018,119.82 MB,Cours de Bachelor : Sémantique des Langages Informatiques,Prolog,https://github.com/cui-unige/semantique
734,audiofeaturesonto,6,0,6,1,12/10/2011,12/10/2011,128.00 KB,"This ontology express the most common things you may extract automatically from a musical signal, by sub-classing some of the terms defined in the Music Ontology.",Prolog,https://github.com/motools/audiofeaturesonto
735,rTANDEM,6,4,6,0,19/06/2012,24/09/2013,2.52 MB,,Prolog,https://github.com/CharlesJB/rTANDEM
736,regexp_dcg,6,0,6,0,08/03/2026,03/09/2026,335.00 KB,"Pure ISO Scryer Prolog regular expression engine supporting DCG non-terminals, direct character lists, DFA, and cyclic tree automata",Prolog,https://github.com/dougransom/regexp_dcg
737,shacl-repairs,6,0,6,0,02/04/2023,16/08/2026,1.47 MB,,Prolog,https://github.com/robert-david/shacl-repairs
738,PrologExamples,6,0,6,0,29/12/2018,07/12/2019,4.00 KB,,Prolog,https://github.com/3bru/PrologExamples
739,mbStromer,6,0,6,0,03/04/2020,29/04/2020,1.39 MB,Asymmetric Power Supply for Eurorack. (+12V@3A -12V@1A no 5V for use with transformer),Prolog,https://github.com/mariosgit/mbStromer
740,couch_orcl,6,2,6,0,18/08/2010,17/01/2012,831.00 KB,A CouchDB client for Oracle PL/SQL,Prolog,https://github.com/zekzekus/couch_orcl
741,eezoterial,6,0,6,0,16/06/2016,01/10/2025,1.63 MB,"Mass Effect - inspired Visual Studio Code/Apple Terminal/Konsole/Geany/Kate/Mintty/Secure Shell/Irssi theme with material colors, aka solarized abomination",Prolog,https://github.com/unic0rn/eezoterial
742,packages-indent,6,1,6,0,25/04/2014,25/04/2014,128.00 KB,Reformatter for Prolog source code,Prolog,https://github.com/SWI-Prolog/packages-indent
743,M020,6,0,6,0,14/04/2020,28/10/2024,10.00 KB,M020 - Matemática Discreta,Prolog,https://github.com/marcelovca90-inatel/M020
744,knorf_aaai21,6,0,6,0,26/02/2021,26/02/2021,63.60 MB,,Prolog,https://github.com/sebdumancic/knorf_aaai21
745,KvW,6,1,6,1,26/10/2020,30/08/2024,58.00 KB,"Kwee Van Woerden algorithm for eclipse or transit minimum timing, with improved error calculation",Prolog,https://github.com/hdeeg/KvW
746,Arithmelog,6,1,6,3,14/10/2016,29/10/2016,20.00 KB,A library of Prolog predicates for CLP(FD) arithmetic.,Prolog,https://github.com/JCumin/Arithmelog
747,mlj19-iggp,6,0,6,0,23/06/2019,26/06/2019,24.51 MB,"A. Cropper, R. Evans, and M. Law. Inductive general game playing. Machine learning journal, 2019.",Prolog,https://github.com/andrewcropper/mlj19-iggp
748,ModelMMORPG,6,0,6,0,12/10/2018,15/03/2019,1.10 MB,"ModelMMORPG was a scientific project sponsored by the Croatian Science Foundation. Massively multi-player on-line role playing games (MMORPGs) give us the opportunity to study two important aspects of computing: (1) large-scale virtual social interaction of people (players) and (2) the design, development and coordination of large-scale distributed artificial inteligence (AI).",Prolog,https://github.com/AILab-FOI/ModelMMORPG
749,wikidata_ontomatcher,6,0,6,2,28/07/2019,15/06/2020,15.00 KB,Matches ontology classes against wikidata,Prolog,https://github.com/cmungall/wikidata_ontomatcher
750,rolog,6,2,6,1,01/06/2021,02/10/2026,3.88 MB,Access SWI-Prolog from R. Access R from SWI-Prolog.,Prolog,https://github.com/mgondan/rolog
751,term_diff,6,1,6,0,12/07/2013,10/03/2015,128.00 KB,Calculate patches between two Prolog terms,Prolog,https://github.com/mndrix/term_diff
752,functional-logic,6,2,6,0,04/09/2015,08/01/2019,3.46 MB,"No Mercury here, just small utilities in Haskell and Prolog.",Prolog,https://github.com/zambonin/functional-logic
753,Prolog-Arvore-Familiar-Pinheiro,6,1,6,1,14/11/2020,17/11/2021,3.00 KB,,Prolog,https://github.com/YuriDomingos/Prolog-Arvore-Familiar-Pinheiro
754,prolog_bot,6,1,6,0,07/08/2019,06/02/2024,51.00 KB,Simple Telegram bot in PROLOG,Prolog,https://github.com/R1AACR/prolog_bot
755,ICON_2024,6,0,6,0,02/01/2025,13/01/2025,3.55 MB,project for the exam of icon,Prolog,https://github.com/firekern/ICON_2024
756,ICON,6,0,6,0,07/10/2023,27/01/2024,7.83 MB,,Prolog,https://github.com/Fonty02/ICON
757,USBDM,6,2,6,0,16/04/2012,09/08/2012,260.00 KB,USB BDM for Freescale HCS12(x) Microcontrollers,Prolog,https://github.com/DeuceEFI/USBDM
758,prologmud_I7,6,0,6,0,29/09/2018,25/01/2020,49.72 MB,"Small adventure Games Gleaned off the Web such as ""Marty's Prolog Adventure Prototype""",Prolog,https://github.com/logicmoo/prologmud_I7
759,rayleighsommerfeld,6,8,6,0,14/01/2013,25/07/2013,66.00 KB,IDL code for analyzing in-line holographic microscopy images with Rayleigh-Sommerfeld back-propagation,Prolog,https://github.com/davidgrier/rayleighsommerfeld
760,IMKO-1,6,1,6,0,24/09/2012,13/12/2012,1.21 MB,Reverse-engineering the first Bulgarian personal computer,Prolog,https://github.com/lowvoltage/IMKO-1
761,restaurant-expert-system,6,7,6,0,15/06/2020,15/06/2020,33.00 KB,:plate_with_cutlery: A simple expert system which recommends food menu based on user preferences.,Prolog,https://github.com/murshidazher/restaurant-expert-system
762,liftcover,6,2,6,0,10/01/2023,28/03/2025,2.53 MB,Liftcover probabilistic inductive logic programming system,Prolog,https://github.com/friguzzi/liftcover
763,regexc,6,2,6,0,22/10/2018,06/01/2019,192.00 KB,A regular expression compiler written in Prolog,Prolog,https://github.com/SallySoul/regexc
764,beaglebone-fpga,6,5,6,0,29/08/2012,31/12/2012,2.44 MB,My attempt at making an FPGA add-on cape for the Beaglebone,Prolog,https://github.com/magyarm/beaglebone-fpga
765,SoM-allwinnerA10,6,0,6,0,01/03/2013,01/03/2013,3.37 MB,Allwinner A10 cpu card with SO-DIMM connector,Prolog,https://github.com/SoM-Boards/SoM-allwinnerA10
766,spampig,6,0,6,0,13/02/2014,10/03/2014,3.12 MB,SpamPIG,Prolog,https://github.com/marcoramilli/spampig
767,A-Star-Search,6,0,6,0,14/02/2016,16/02/2016,1.00 KB,A Prolog Implementation of A* Search,Prolog,https://github.com/houli/A-Star-Search
768,Functional-and-Logic-Programming,6,6,6,0,17/12/2018,26/10/2022,494.00 KB,UBB Functional and Logic Programming Course,Prolog,https://github.com/AnaCorinaTodoran/Functional-and-Logic-Programming
769,scheme,6,0,6,0,12/12/2012,07/01/2013,108.00 KB,Very limited scheme interpreter,Prolog,https://github.com/FigBug/scheme
770,langproc-lectures,6,1,6,0,16/01/2025,13/03/2026,106.14 MB,,Prolog,https://github.com/LangProc/langproc-lectures
771,KICAD,6,2,6,0,03/05/2021,03/08/2023,18.91 MB,kicad design projects,Prolog,https://github.com/AronAyub/KICAD
772,NUWT,6,1,6,0,14/03/2016,15/01/2019,154.81 MB,Northumbria wave tracking code,Prolog,https://github.com/Richardjmorton/NUWT
773,swish,6,3,6,1,19/09/2014,25/04/2019,19.23 MB,Add Prolog interaction to ClioPatria,Prolog,https://github.com/ClioPatria/swish
774,readylog,6,3,6,0,28/09/2020,15/10/2020,773.00 KB,A GOLOG dialect for high-level agent programming in dynamic and real-time domains,Prolog,https://github.com/MASKOR/readylog
775,Three_Phase_Motor_Driver-TMC6300,6,2,6,0,21/09/2022,12/12/2022,8.29 MB,Breakout board for the TMC6300 brushless DC 3-phase motor driver.,Prolog,https://github.com/sparkfunX/Three_Phase_Motor_Driver-TMC6300
776,RAHFT,6,1,6,0,23/11/2015,04/02/2022,1.14 MB,RAHFT: A tool for verifying Horn clauses using abstract interpretation and finite tree automata,Prolog,https://github.com/bishoksan/RAHFT
777,Laser_Backplane_DVI,6,2,6,0,15/10/2020,19/06/2026,25.67 MB,Laser backplane with DVI connector featuring fast current modulation and a laser diode protection.,Prolog,https://github.com/TU-Darmstadt-APQ/Laser_Backplane_DVI
778,logicmoo_utils,6,1,6,0,02/09/2020,20/04/2024,2.45 MB,Shared predicates between LOGICMOO projects,Prolog,https://github.com/logicmoo/logicmoo_utils
779,plsheet,5,1,5,0,18/12/2012,14/01/2014,288.00 KB,Prolog based spreadsheet analyzer (prototype),Prolog,https://github.com/JanWielemaker/plsheet
780,Prolog-DAG-Scheduler,5,0,5,3,29/12/2014,23/08/2015,244.00 KB,Prolog Parallel DAG Task Scheduler,Prolog,https://github.com/endymion64/Prolog-DAG-Scheduler
781,ml-type-inference,5,0,5,0,03/03/2020,12/03/2020,4.00 KB,ML-style type inference in Prolog,Prolog,https://github.com/gshen42/ml-type-inference
782,LogicalEnglishExtension,5,0,5,0,26/04/2024,21/08/2025,1.19 MB,vscode extension for Logical English,Prolog,https://github.com/LyzardKing/LogicalEnglishExtension
783,rdf_matcher,5,1,5,3,09/08/2018,26/04/2021,394.00 KB,swi rdf_matcher ,Prolog,https://github.com/INCATools/rdf_matcher
784,perl-setupenv,5,4,5,1,10/03/2012,05/10/2026,2.04 MB,,Prolog,https://github.com/pawjy/perl-setupenv
785,datalaude,5,1,5,0,11/09/2009,11/09/2009,38.56 MB,Datalog solver based on rewriting logic.,Prolog,https://github.com/datalaude/datalaude
786,lf-shield,5,1,5,0,14/04/2011,21/10/2014,125.00 KB,"This is a template for new Freeduino, Arduino shields. The template is made in KiCAD EDA.",Prolog,https://github.com/Open-Laboratory/lf-shield
787,Prolog-problems,5,0,5,0,10/01/2019,11/01/2019,28.00 KB,,Prolog,https://github.com/aspil/Prolog-problems
788,dictoo,5,0,5,1,29/01/2017,16/09/2023,130.00 KB,Dict-like OO Syntax Pack,Prolog,https://github.com/logicmoo/dictoo
789,rdfs2pl,5,1,5,0,20/07/2014,30/10/2017,60.00 KB,RDF schema to prolog compiler,Prolog,https://github.com/cmungall/rdfs2pl
790,parareal,5,4,5,1,15/02/2019,02/05/2023,443.00 KB,A Parareal Implementation in Matlab/Octave for Problems with Discontinuous Sources,Prolog,https://github.com/temf/parareal
791,Prolog,5,0,5,0,15/03/2024,15/03/2024,3.00 KB,Prolog Assignments - Introduction to Logic & Set Theory 402/403,Prolog,https://github.com/khodekia/Prolog
792,FuzzyProlog,5,1,5,0,16/02/2016,24/09/2024,29.00 KB,An extension of Prolog to deal with uncertainty by using models interval-valued fuzzy logic.,Prolog,https://github.com/FuzzyLP/FuzzyProlog
793,Logic-Programming,5,4,5,0,24/02/2018,18/01/2019,25.36 MB,Logic Programming using Prolog.,Prolog,https://github.com/rahul1947/Logic-Programming
794,NTUA-Artificial-Intelligence-Prolog,5,0,5,0,25/02/2018,25/02/2018,24.73 MB,,Prolog,https://github.com/chrispanag/NTUA-Artificial-Intelligence-Prolog
795,PMI-0.4,5,7,5,0,27/11/2013,01/10/2021,103.71 MB,The software PMI (Platform for Research in Medical Imaging) supports the translation of basic research in medical image analysis into early clinical studies.,Prolog,https://github.com/plaresmedima/PMI-0.4
796,prologWebScanner,5,3,5,0,23/03/2019,05/11/2021,285.00 KB,SWI-Prolog code to test the security of your web application,Prolog,https://github.com/brog45/prologWebScanner
797,SxxMachine,5,1,5,0,11/09/2018,24/06/2019,15.69 MB,C++ Prolog/Datalog Inference Engine,Prolog,https://github.com/DouglasRMiles/SxxMachine
798,automata-benchmarks,5,3,5,0,27/05/2015,25/03/2026,739.89 MB,A repository with benchmarks for automata,Prolog,https://github.com/ondrik/automata-benchmarks
799,rc2324,5,1,5,0,23/02/2024,16/07/2024,1.10 MB,Curso de Representación del Conocimiento2023-2024 de la Universidad de Huelva ,Prolog,https://github.com/jcarpio/rc2324
800,Aura-sync-splitter,5,0,5,0,30/05/2018,08/08/2018,616.00 KB,Splits an addressable WS2811 RGB signal into separately powered discrete Aura Sync headers,Prolog,https://github.com/Breina/Aura-sync-splitter
801,bulletpl,5,0,5,0,19/07/2018,24/08/2018,380.00 KB,,Prolog,https://github.com/hsk/bulletpl
802,prolog-tableaux,5,0,5,0,24/05/2012,03/06/2012,148.00 KB,Method of analytic tableaux for a propositional logic,Prolog,https://github.com/tchap/prolog-tableaux
803,cpropstoo,5,5,5,18,02/04/2013,05/11/2019,434.00 KB,CPROPS-for-ALMA revision,Prolog,https://github.com/akleroy/cpropstoo
804,gba-mtom-link,5,0,5,0,31/03/2023,29/02/2024,2.16 MB,A Male to Male GBA Link adapter.,Prolog,https://github.com/Semicolon7645/gba-mtom-link
805,MobileComputingAndSocialGovernance,5,0,5,0,21/11/2025,24/06/2026,7.10 MB,吕欣，李云轩主编。移动计算与社会治理。科学出版社，2026 (ISBN 978-7-03-083212-2) 本书以移动计算技术为核心，系统阐释其在社会治理领域的创新应用。内容涵盖移动通信技术演进、移动大数据分析、智能定位、移动轨迹挖掘与网络建模等理论基础，深入探讨人口流动规律、传染病传播建模、自然灾害应急响应等前沿议题。全书构建了“技术—理论—应用”的移动计算知识体系，从多角度展现移动计算在动态监测、精准预测和智能决策中的实践价值，为数字时代的社会治理提供跨学科解决方案。本书适合管理科学、信息科学、社会学等领域的高校师生，以及从事社会治理、智慧城市、应急管理、公共卫生等领域的研究人员与政府管理人员阅读，亦可作为推动社会治理数字化转型实践的重要参考手册。,Prolog,https://github.com/XL-lab-bigdata/MobileComputingAndSocialGovernance
806,MSOP10_DIP,5,1,5,0,26/07/2010,23/01/2013,428.00 KB,LAYOUT FILES: MSOP10 / TSSOP8 to DIP adapter. Essential for breadboard prototyping. KICAD and Gerber files.,Prolog,https://github.com/madworm/MSOP10_DIP
807,sql_compiler-OLD,5,0,5,0,21/10/2012,10/07/2018,24.00 KB,Draxler prolog to SQL compiler,Prolog,https://github.com/cmungall/sql_compiler-OLD
808,ProLog_Tp,5,0,5,0,16/10/2017,18/12/2017,11.00 KB,"ProLog Tp work, process of learning logical programming using prolog",Prolog,https://github.com/oussamabonnor1/ProLog_Tp
809,simmsus,5,0,5,0,15/08/2023,07/08/2025,26.28 MB,Numerical simulation of magnetic suspensions,Prolog,https://github.com/rafaelgabler/simmsus
810,Prolog-Othello-Game,5,6,5,0,11/05/2020,11/05/2020,2.51 MB,Othello Game Application Implemented with Alpha-Beta Algorithm in SWI-Prolog's Logic Programming Language :chess_pawn:,Prolog,https://github.com/cwelt/Prolog-Othello-Game
811,packages-redis,5,3,5,0,02/10/2020,04/10/2026,199.00 KB,Redis client library,Prolog,https://github.com/SWI-Prolog/packages-redis
812,Problems,5,0,5,0,08/01/2019,05/10/2019,28.00 KB,💭💡All problems implementated as exercises in course: Principals Of Programming Languages,Prolog,https://github.com/nikosgalanis/Problems
813,kProbLogDSL,5,0,5,0,01/02/2017,07/02/2017,74.53 MB,,Prolog,https://github.com/orsinif/kProbLogDSL
814,estoque-console-app,5,0,5,1,28/02/2022,01/04/2022,158.00 KB,Esta é uma aplicação proposta como projeto da disciplina de Paradigmas de Linguagens de Programação. ,Prolog,https://github.com/PauloHFS/estoque-console-app
815,advent-of-code-2022,5,0,5,0,01/12/2022,12/01/2024,50.00 KB,,Prolog,https://github.com/aarroyoc/advent-of-code-2022
816,AI,5,1,5,0,28/11/2017,08/08/2018,53.79 MB,"Basic Robot Controller Architecture work using a general-purpose logic programming language, Prolog. ",Prolog,https://github.com/nglthu/AI
817,exn-source,5,0,5,0,18/10/2014,21/10/2014,212.00 KB,Exception backtrace for OCaml with source code printing,Prolog,https://github.com/johnwhitington/exn-source
818,neoplasmer,5,0,5,1,22/08/2018,15/07/2019,91.00 KB,Neoplasm Entity Recognition: matching disease names to ontology classes,Prolog,https://github.com/INCATools/neoplasmer
819,Aquarius-MiniExpander-1-1-0,5,3,5,0,27/08/2020,29/03/2022,24.93 MB,Stock Aquarius Mini Expander PCB,Prolog,https://github.com/1stage/Aquarius-MiniExpander-1-1-0
820,.files,5,0,5,0,01/08/2018,28/08/2026,5.37 MB,⌥ ::d::0::7::F::1::L::3::5::,Prolog,https://github.com/nath1as/.files
821,openSX70-FTDI,5,3,5,0,25/01/2018,10/07/2019,11.82 MB,FTDI connection to program openSX70 camera,Prolog,https://github.com/openSX70/openSX70-FTDI
822,InferenceEngine,5,1,5,0,18/08/2012,01/09/2012,596.00 KB,Inference engine for 3D object recognition in Prolog,Prolog,https://github.com/mlisicki/InferenceEngine
823,uTracer,5,1,5,0,29/10/2022,12/05/2023,109.79 MB,,Prolog,https://github.com/donpivo/uTracer
824,eagle-designs,5,3,5,0,11/01/2015,27/01/2015,556.00 KB,designs for ncsu IEEE Robotics,Prolog,https://github.com/jasteve4/eagle-designs
825,0xTwitterBot,5,4,5,1,10/02/2018,12/02/2018,16.00 KB,Twitter BotNet,Prolog,https://github.com/u0pattern/0xTwitterBot
826,PoEInjector4ChUnregulated,5,1,5,0,22/06/2010,24/04/2019,54.00 KB,Simple adapter for home-brew Power-over-Ethernet,Prolog,https://github.com/freetronics/PoEInjector4ChUnregulated
827,epictetus,5,2,5,0,05/03/2013,28/09/2014,791.00 KB,IRC bot written in prolog.,Prolog,https://github.com/ljos/epictetus
828,course-advisor,5,3,5,9,26/06/2012,26/07/2012,1.51 MB,An expert system for advising Computer Science students (at Brock) which courses to enroll in.,Prolog,https://github.com/dideler/course-advisor
829,tailwind_pl,5,0,5,0,09/07/2021,07/08/2021,69.00 KB,Tailwind-Style CSS generator for Prolog,Prolog,https://github.com/jamesnvc/tailwind_pl
830,Red-Soul,5,2,5,0,11/04/2012,12/09/2012,1.57 MB,Arduino Compatible board with built in LCD,Prolog,https://github.com/dustinandrews/Red-Soul
831,advertent-curt,5,3,5,0,19/08/2008,01/09/2008,288.00 KB,An extension to the Curt system found in Blackburn and Bos 2005,Prolog,https://github.com/adimit/advertent-curt
832,7in7,5,0,5,0,16/12/2011,05/01/2012,152.00 KB,Seven Languages in Seven Weeks,Prolog,https://github.com/gatesphere/7in7
833,ptunes,5,3,5,0,12/09/2013,24/09/2013,22.39 MB,pTunes runtime parameter adaptation framework,Prolog,https://github.com/mzimmerling/ptunes
834,reactome-pengine,5,3,5,0,17/01/2018,24/01/2018,2.23 MB,,Prolog,https://github.com/samwalrus/reactome-pengine
835,MinCov,5,1,5,1,21/10/2019,30/09/2021,68.80 MB,An tool that produces the coverabillty set for Petri nets,Prolog,https://github.com/IgorKhm/MinCov
836,LeanProlog,5,2,5,0,25/02/2022,25/02/2022,2.10 MB,,Prolog,https://github.com/ptarau/LeanProlog
837,war-crimes-explorer,5,2,5,0,15/04/2022,01/12/2023,24.00 KB,"Interactive in-browser learning about genocide, war crimes, crimes against humanity, and aggression.",Prolog,https://github.com/public-law/war-crimes-explorer
838,beaglebone-capes,5,1,5,1,12/12/2011,24/12/2011,1.38 MB,Collection of BeagleBone cape designs,Prolog,https://github.com/koenkooi/beaglebone-capes
839,8-puzzle,5,8,5,0,23/10/2015,23/10/2015,140.00 KB,Solve 8 sliding tile puzzle in Prolog,Prolog,https://github.com/ad52825196/8-puzzle
840,function_expansion,5,3,5,1,18/01/2013,27/10/2016,152.00 KB,Help for writing function-like macros,Prolog,https://github.com/mndrix/function_expansion
841,esp8266-devboard-schematics,5,2,5,0,12/11/2014,12/11/2014,140.00 KB,ESP8266 Devboard schematics and layout,Prolog,https://github.com/nekromant/esp8266-devboard-schematics
842,vsprolog,5,4,5,4,12/12/2014,14/06/2019,7.36 MB,VSProlog is a Visual Studio extension that provides syntax coloring for arity prolog files.,Prolog,https://github.com/sebagomez/vsprolog
843,dec10,5,0,5,0,21/07/2018,21/07/2018,221.00 KB,The original DEC10 Prolog library,Prolog,https://github.com/JanWielemaker/dec10
844,idl,5,5,5,0,07/02/2012,07/02/2012,980.00 KB,idl submodule of davit,Prolog,https://github.com/ajribeiro/idl
845,henry,5,1,5,1,30/05/2012,31/05/2012,192.00 KB,A SWI-Prolog N3 parser/reasoner,Prolog,https://github.com/moustaki/henry
846,maper,5,1,5,0,21/11/2017,05/07/2019,358.00 KB,,Prolog,https://github.com/Baha/maper
847,css_write,5,1,5,0,28/04/2018,01/07/2023,31.00 KB,Prolog DCG for generating CSS,Prolog,https://github.com/jamesnvc/css_write
848,java-parse,5,0,5,0,09/04/2017,03/10/2017,28.00 KB,Prolog project that parses Java code,Prolog,https://github.com/epeld/java-parse
849,todo,5,0,5,0,29/07/2015,01/08/2015,168.00 KB,A simple web-based todo app in Prolog.,Prolog,https://github.com/jaelle/todo
850,PROLOG-TD2,5,0,5,0,02/06/2021,02/06/2021,87.00 KB,,Prolog,https://github.com/GL3-2021-2020/PROLOG-TD2
851,g4c-reasoner,5,0,5,0,13/12/2023,30/11/2024,13.00 KB,,Prolog,https://github.com/blellmann/g4c-reasoner
852,microflare_dem,5,3,5,1,18/05/2012,28/11/2012,725.00 KB,Determining the differential emission measure of microflares using AIA and RHESSI,Prolog,https://github.com/ehsteve/microflare_dem
853,BLDC,5,4,5,0,07/02/2013,07/02/2013,244.00 KB,BLDC Motor Driver,Prolog,https://github.com/triffid/BLDC
854,ilp18-dreduce,5,0,5,0,11/07/2018,11/07/2018,283.00 KB,A. Cropper and S. Tourret. Derivation reduction of metarules in meta-interpretive learning. ILP 2018. ,Prolog,https://github.com/andrewcropper/ilp18-dreduce
855,logical-loops,5,0,5,1,25/11/2015,25/11/2015,7.00 KB,ECLiPSe logical loops for SWI-Prolog,Prolog,https://github.com/JanWielemaker/logical-loops
856,Rational-Hallucination,5,0,5,0,11/05/2023,13/06/2023,15.00 KB,"An experimental Python-Prolog Hybrid model that explores adding reasoning capabilities to LLMs using a Fact, Rule and Inference Framework.",Prolog,https://github.com/ahmed-khalil-hafsi/Rational-Hallucination
857,datalogsolve,5,1,5,0,13/11/2009,20/11/2009,5.42 MB,A Datalog-Based Static Program Analyzer,Prolog,https://github.com/ftarin/datalogsolve
858,rdet,5,1,5,1,02/11/2015,16/04/2020,19.00 KB,Runtime determinacy checker for SWI-Prolog,Prolog,https://github.com/rla/rdet
859,prolog,5,3,5,0,29/04/2018,28/04/2019,15.00 KB,simple examples with prolog ,Prolog,https://github.com/Z4ck404/prolog
860,flysim,5,2,5,0,15/05/2018,06/11/2018,470.91 MB,a spiking neural network simulator,Prolog,https://github.com/yc-h/flysim
861,aoc-2019,5,0,5,0,02/12/2019,25/12/2019,2.30 MB,Solutions for the Advent of Code 2019 problems,Prolog,https://github.com/vstrimaitis/aoc-2019
862,chr_book,5,0,5,0,04/02/2022,30/04/2022,108.00 KB,"Valuable code and exercises about the book ""Constraint Handling Rules (2009)"" .",Prolog,https://github.com/chansey97/chr_book
863,eagle,5,4,5,7,01/07/2016,17/01/2020,20.76 MB,,Prolog,https://github.com/irllabs/eagle
864,wordnet,5,1,5,0,26/11/2017,03/05/2018,14.00 KB,SWI-Prolog pack to load WordNet relations lazily,Prolog,https://github.com/JanWielemaker/wordnet
865,lambda-pro,5,3,5,0,16/03/2018,15/08/2019,81.00 KB,an interpreter for lambda calculus,Prolog,https://github.com/dtaskoff/lambda-pro
866,xcj_swarm,5,4,5,0,05/06/2012,09/08/2012,535.00 KB,Xinchejian Swarm Robot project,Prolog,https://github.com/edwardrf/xcj_swarm
867,2023-clases,5,1,5,0,22/03/2023,30/10/2023,1.36 MB,,Prolog,https://github.com/pdep-lunes-tarde/2023-clases
868,Design-Compiler-for-Programming-Language,5,0,5,0,24/05/2020,03/06/2020,1.81 MB,Rancho - Whole new prgramming language and compiler built using Prolog,Prolog,https://github.com/mayankkt9/Design-Compiler-for-Programming-Language
869,grepy,5,0,5,3,05/03/2024,07/05/2024,101.00 KB,Simple grep implementation written in haskell and prolog,Prolog,https://github.com/alcantarajulio/grepy
870,GettingToBlinky,5,5,5,0,01/10/2013,03/10/2013,136.00 KB,A project to show how to use KiCad and build a tiny blinking PCB,Prolog,https://github.com/ContextualElectronics/GettingToBlinky
871,mbLifter,5,0,5,0,05/04/2020,12/07/2021,1.58 MB,Eurorack Gain Attenuation Saturation InOut FxLoop Thing.,Prolog,https://github.com/mariosgit/mbLifter
872,InteligenciaArtificial,5,0,5,0,17/11/2021,11/12/2021,1016.00 KB,,Prolog,https://github.com/FranciscoReisIzquierdo/InteligenciaArtificial
873,chordpro-songs,5,3,5,0,21/01/2018,28/09/2022,3.83 MB,Collection of Worship songs in ChordPro format,Prolog,https://github.com/cwm-coding-with-mike/chordpro-songs
874,CHR-Constraint-Server,5,1,5,0,23/03/2017,23/03/2017,2.00 KB,A Persistent CHR Webserver,Prolog,https://github.com/fnogatz/CHR-Constraint-Server
875,TAOP-Exercises,5,0,5,0,06/06/2010,11/07/2010,116.00 KB,"The Answer code for ""The Art Of Prolog(2nd Ed)"" Exercises.",Prolog,https://github.com/konn/TAOP-Exercises
876,DCG-Handler,5,1,5,0,17/12/2018,19/12/2018,2.00 KB,"Prolog Program that explicitly coverts, Definite Clause Grammar (DCG) rules to the corresponding Prolog Program",Prolog,https://github.com/kon172verma/DCG-Handler
877,game-of-thrones-knowledge-base-representation-checker,5,1,5,0,28/07/2019,20/05/2023,5.64 MB,"⚔️ 🛡️ 🐲 A project based in Knowledge Base Representation and Logic Programming. This project was built using Prolog, with the support of SWISH and SWI-Prolog. The project it's a simple application to allow to make checks, verifications and queries, about some informations and data, of the TV Show Series of Game of Thrones, through a knowledge base representation, built with facts, predicates and rules, among many others!",Prolog,https://github.com/rubenandrebarreiro/game-of-thrones-knowledge-base-representation-checker
878,PROLOG,5,6,5,0,18/09/2020,11/10/2020,626.00 KB,Short Projects in Prolog,Prolog,https://github.com/CO18325/PROLOG
879,polycube,5,2,5,0,09/05/2019,09/05/2019,26.00 KB,Computational origami methods for edge unfoldings of polycubes,Prolog,https://github.com/llnl/polycube
880,Noise,5,0,5,0,26/04/2024,08/05/2024,52.00 KB,Deque based concatenative language for MIDI music.,Prolog,https://github.com/JosephOziel/Noise
881,hvsupply,5,0,5,0,14/05/2013,22/12/2013,664.00 KB,Design files for an adjustable high-voltage bench supply.,Prolog,https://github.com/xunil/hvsupply
882,UA-1-Year-2016-17,5,2,5,0,12/09/2019,12/09/2019,106.01 MB,,Prolog,https://github.com/pedrogial/UA-1-Year-2016-17
883,lojban-prolog-things,5,2,5,0,07/11/2019,12/11/2019,23.00 KB,,Prolog,https://github.com/matko/lojban-prolog-things
884,BachelorsDegree-ISEL,5,0,5,0,03/08/2019,30/09/2020,354.05 MB,This repository contains all the assignments from my 3-year Bachelor's Degree (Licenciatura) @ ISEL (Instituto Superior de Engenharia de Lisboa) 2016-2020,Prolog,https://github.com/sscosta/BachelorsDegree-ISEL
885,perl6-vocabular-coach,5,0,5,0,21/10/2010,07/11/2010,104.00 KB,Perl 6 vocabular learning tool,Prolog,https://github.com/moritz/perl6-vocabular-coach
886,sabados-tarde,5,8,5,0,06/04/2019,28/11/2020,813.00 KB,Repo donde guardaremos las cosas necesarias para los sabados a la tarde,Prolog,https://github.com/pdep-utn/sabados-tarde
887,sistema-experto-diagnosticador,5,5,5,0,23/07/2014,08/01/2020,5.56 MB,sistema experto diagnosticador de enfermedades del pez goldfish en prolog,Prolog,https://github.com/jofese/sistema-experto-diagnosticador
888,Deterministic-Finite-Automata,5,1,5,0,31/05/2022,04/09/2022,95.00 KB,🔄 Deterministic Finite Automata simulator 🔄,Prolog,https://github.com/drknzz/Deterministic-Finite-Automata
889,protelog,5,0,5,1,09/08/2015,15/05/2016,11.00 KB,"Experiments with prolog sugar and langauge extensions — cf. ""proteus""",Prolog,https://github.com/shonfeder/protelog
890,prolog-Checkers-Game-AI,5,0,5,0,19/11/2025,05/12/2025,1.59 MB,"This project is one of the best demonstrations for the capability of Logic Programming to solve some of the most complex adversarial search problems. Because of the inherent backtracking and unification capabilities of Prolog, we build Checkers AI nourished from the powerful Negamax algorithm, which is an elegant variant of Minimax.",Prolog,https://github.com/John-Varghese-EH/prolog-Checkers-Game-AI
891,automated-theorem-proving-for-prolog-verification,5,1,5,0,14/02/2024,09/08/2026,3.18 MB,Automated Theorem Proving for Prolog Verification,Prolog,https://github.com/atp-lptp/automated-theorem-proving-for-prolog-verification
892,eXa-LM,5,0,5,0,22/10/2025,22/11/2025,5.94 MB,eXa-LM: A Controlled Natural Language Bridge between Large Language Models and Logic Solvers,Prolog,https://github.com/FFrydman/eXa-LM
893,s_expression,5,1,5,0,18/02/2017,18/12/2018,326.00 KB,"Utilities for Handling of S-Expression Lisp/Scheme-Like forms and parsing of KIF, GDL, PDDL, CLIF",Prolog,https://github.com/logicmoo/s_expression
894,PCB,5,0,5,1,04/11/2018,05/10/2020,10.18 MB,PCB Designs for the HackerHotel 2019 Badge,Prolog,https://github.com/HackerHotel/PCB
895,fp-215-plotter,5,3,5,0,09/01/2013,10/10/2024,1.89 MB,Radio Shack TRS-80 FP-215 Flatbed Plotter Info,Prolog,https://github.com/skriebel/fp-215-plotter
896,espeak_id,5,1,5,0,18/11/2014,10/02/2015,184.00 KB,Repository for eSpeak pronounciation rules and dictionary files in Bahasa Indonesia,Prolog,https://github.com/kurakuradave/espeak_id
897,KZ80-USBKBD,5,1,5,0,08/08/2021,28/04/2024,4.43 MB,KZ80 MSX USB Keyboard Adapter,Prolog,https://github.com/kuninet/KZ80-USBKBD
898,packages-paxos,5,4,5,0,15/06/2018,04/10/2026,157.00 KB,SWI-Prolog replicating key-value store,Prolog,https://github.com/SWI-Prolog/packages-paxos
899,logicmoo_nars,5,0,5,0,02/09/2020,02/10/2021,29.95 MB,NAL Processor for Prolog,Prolog,https://github.com/logicmoo/logicmoo_nars
900,Prolude,5,0,5,0,11/03/2012,20/04/2013,100.00 KB,A freestyle port of Haskells prelude to Prolog.,Prolog,https://github.com/maxnordlund/Prolude
901,interpolate,5,0,5,1,16/08/2013,09/03/2015,140.00 KB,String interpolation for Prolog,Prolog,https://github.com/mndrix/interpolate
902,prolog-to-minizinc,5,0,5,0,26/01/2020,03/02/2020,23.00 KB,A Prolog-to-MiniZinc translator,Prolog,https://github.com/jarble/prolog-to-minizinc
903,PLANTOR,5,0,5,2,10/10/2023,26/02/2025,3.68 MB,Probabilistic and Logic Oriented Planner,Prolog,https://github.com/idra-lab/PLANTOR
904,hw-mod-dwarf,5,5,5,0,15/12/2019,06/10/2024,415.35 MB,Hardware project of MOD Dwarf,Prolog,https://github.com/mod-audio/hw-mod-dwarf
905,Prolog-Geometry,5,0,5,0,03/02/2021,03/02/2021,6.00 KB,,Prolog,https://github.com/DuncanHook/Prolog-Geometry
906,prolog-hanoi,5,2,5,0,04/05/2017,17/06/2019,18.00 KB,Towers of Hanoi in Prolog,Prolog,https://github.com/dvberkel/prolog-hanoi
907,Nan.Numerics.Prime-Prolog,5,1,5,0,24/08/2016,05/02/2017,1.60 MB,A simple prime number library (in Prolog),Prolog,https://github.com/jp-diegidio/Nan.Numerics.Prime-Prolog
908,rocks-predicates,5,3,5,8,16/06/2022,14/07/2022,29.00 KB,Put predicates into a RocksDB database,Prolog,https://github.com/JanWielemaker/rocks-predicates
909,SE-531454,5,0,5,1,15/04/2025,08/10/2025,18.23 MB,Files for Electronics Stack Exchange 531454,Prolog,https://github.com/the-moog/SE-531454
910,tesladapter,5,1,5,1,16/04/2019,04/05/2019,29.00 KB,Adapt tesla bosch radar to honda bosch (or others),Prolog,https://github.com/csouers/tesladapter
911,TinyTari,5,0,5,0,03/09/2018,11/05/2022,2.03 MB,A tiny Atari 2600 clone (Bring Your Own TIA),Prolog,https://github.com/grantbreaksthings/TinyTari
912,Ga144,5,2,5,0,06/11/2014,20/10/2023,16.79 MB,pcb board GA144 ,Prolog,https://github.com/esaid/Ga144
913,Traveling-Salesman-Prolog-,5,2,5,1,18/06/2015,03/02/2021,132.00 KB,,Prolog,https://github.com/jfbess2/Traveling-Salesman-Prolog-
914,ET-3400-EPROM-Adapter,5,3,5,0,26/12/2020,01/01/2021,5.55 MB,,Prolog,https://github.com/ksr/ET-3400-EPROM-Adapter
915,pascal,5,1,5,0,23/12/2021,14/02/2024,1.47 MB,Probabilistic inductive constraint logic,Prolog,https://github.com/friguzzi/pascal
916,uidaho-cs470-prolog,5,4,5,0,09/05/2013,09/05/2013,116.00 KB,Prolog family relationship database,Prolog,https://github.com/andyleejordan/uidaho-cs470-prolog
917,computational-semantics,5,0,5,0,07/07/2016,11/05/2017,3.43 MB,Repository for Bachelor's Thesis (final project) in Applied Mathematics at Fundação Getulio Vargas,Prolog,https://github.com/GPPassos/computational-semantics
918,prolog-language,5,0,5,0,18/09/2018,10/01/2022,34.00 MB,"Aulas e exercícios de PROLOG, vista nas matérias:  Paradigmas da computação e Sistemas inteligentes",Prolog,https://github.com/brunocampos01/prolog-language
919,hadoop-mapreduce-financial-analytics,5,6,5,0,27/09/2013,04/03/2014,714.00 KB,Hadoop Financial Analytics project,Prolog,https://github.com/ameyb/hadoop-mapreduce-financial-analytics
920,SAD,5,0,5,0,01/08/2024,08/10/2024,12.16 MB,Projeto de PLP,Prolog,https://github.com/joaovgouveia/SAD
921,quite-emnlp24,5,1,5,0,26/09/2024,21/02/2025,965.00 KB,"Experimental resources for our paper ""QUITE: Quantifying Uncertainty in Natural Language Text in Bayesian Reasoning Scenarios"" (EMNLP'24)",Prolog,https://github.com/boschresearch/quite-emnlp24
922,AIResearch,5,2,5,4,29/09/2018,04/10/2022,623.95 MB,AIResearch,Prolog,https://github.com/Yonahwang/AIResearch
923,IDSA-Plugfest,5,0,5,0,13/10/2021,15/09/2022,19.41 MB,This is the public IDSA Plugfest repository. The IDSA Plugfest is a sub-group of the Working Group Architecture.,Prolog,https://github.com/International-Data-Spaces-Association/IDSA-Plugfest
924,ioracle,5,1,5,27,30/11/2016,03/06/2023,29.86 MB,Automated analysis of the iOS access control architecture,Prolog,https://github.com/malus-security/ioracle
925,prolog_intro,5,1,5,1,20/12/2016,05/02/2019,17.74 MB,Introduction to Prolog,Prolog,https://github.com/COMS30106/prolog_intro
926,cli_table,5,2,5,0,27/09/2018,18/10/2020,13.00 KB,Pretty unicode tables for the CLI with Prolog,Prolog,https://github.com/fnogatz/cli_table
927,vergo,5,1,5,0,13/12/2019,19/02/2026,843.00 KB,Vergo: A Verification System for GOLOG Programs,Prolog,https://github.com/jens-classen/vergo
928,FOIL_Prolog,5,1,5,0,05/02/2020,23/06/2020,11.00 KB,First Order Inductive Learner (FOIL) algorithm implemented in Prolog,Prolog,https://github.com/pashok3d/FOIL_Prolog
929,testing.pl,5,2,5,4,22/04/2025,02/06/2025,12.00 KB,A test runner for Scryer Prolog and Trealla Prolog.,Prolog,https://github.com/bakaq/testing.pl
930,prologblog,4,1,4,0,14/03/2009,08/08/2009,96.00 KB,The blog application written for prologblog.com,Prolog,https://github.com/jdallien/prologblog
931,ThryLos-The-Prologue,4,2,4,0,14/11/2020,27/11/2020,6.08 MB,ThryLos: The Prologue. RPG Game in GNU Prolog,Prolog,https://github.com/RichardRivaldo/ThryLos-The-Prologue
932,bogo-prolog,4,0,4,0,01/05/2020,07/07/2025,4.64 MB,,Prolog,https://github.com/lewtds/bogo-prolog
933,gourmet-formalog,4,1,4,0,24/05/2020,26/05/2020,114.60 MB,"Prolog-based Meal Planning system w/ Recipes, Barcodes, Nutrition Information, etc",Prolog,https://github.com/aindilis/gourmet-formalog
934,Cyclone_Pcb,4,4,4,1,17/10/2013,01/11/2013,1.13 MB,Current Cyclone pcb Alpha release,Prolog,https://github.com/robsbots/Cyclone_Pcb
935,AI,4,4,4,0,04/01/2024,12/09/2025,179.71 MB,AI - Intelligenza Artificiale presso l'Università degli Studi di Parma (6 CFU).,Prolog,https://github.com/unipr-org/AI
936,ai-GOALdigger,4,2,4,0,02/05/2022,08/06/2024,39.44 MB,GOALdigger multi-agent system written in the GOAL agent programming language for The 16th edition of the Multi-Agent Programming Contest (MAPC 2022),Prolog,https://github.com/BenPapple/ai-GOALdigger
937,isel-leic-ai-2425summer-LI61D,4,0,4,0,22/02/2025,28/05/2025,100.00 KB,Artificial Intelligence course resources - 2024/25 Summer semester - Class LI61D,Prolog,https://github.com/nleite-isel/isel-leic-ai-2425summer-LI61D
938,urilib-parse,4,0,4,0,09/12/2024,16/02/2025,69.00 KB,Progetto universitario del corso di linguaggi di programmazione consiste in una libreria dedicata al parsing di stringhe nel formato URI utilizzando il paradigma funzionale e quello logico,Prolog,https://github.com/furlan04/urilib-parse
939,checkpatch,4,6,4,0,17/10/2017,19/10/2017,74.00 KB,Linux Kernel's `checkpatch.pl` for standalone usage,Prolog,https://github.com/riboseinc/checkpatch
940,Minimalist-Type-Theory-In-Lambda-Prolog,4,3,4,6,18/09/2016,08/12/2018,9.66 MB,An implementation in Lambda-Prolog of the Minimalist Type Theory,Prolog,https://github.com/sacerdot/Minimalist-Type-Theory-In-Lambda-Prolog
941,multimodal_dcg,4,1,4,0,18/02/2017,18/10/2020,13.00 KB,Reduce floundering of DCGs by constraining and narrowing search ,Prolog,https://github.com/logicmoo/multimodal_dcg
942,prologmud_samples,4,0,4,0,17/03/2017,02/10/2021,6.87 MB,Online text adventure game - Samples and testing pack for prologmud,Prolog,https://github.com/logicmoo/prologmud_samples
943,ALGT,4,2,4,2,21/03/2015,02/05/2026,5.82 MB,An expert system using SWI Prolog that can be used to verify imaging algorithms,Prolog,https://github.com/dg1an3/ALGT
944,prologquest,4,0,4,0,27/02/2021,27/03/2021,506.00 KB,A Discord bot providing a shared Prolog sandbox.,Prolog,https://github.com/blueridanus/prologquest
945,TVC-Multicart-v1,4,0,4,0,17/06/2020,17/06/2020,491.00 KB,A simple programmodule for the Videoton TVC computer that may contain multiple cartridge images,Prolog,https://github.com/dikdom/TVC-Multicart-v1
946,ad-prolog-code,4,0,4,0,07/02/2023,07/02/2023,561.00 KB,,Prolog,https://github.com/birthevdb/ad-prolog-code
947,fpv_video_transmitter_and_receiver,4,4,4,0,31/10/2014,31/10/2014,136.00 KB,pcb baseboard for foxtech tx5823 and rx5808,Prolog,https://github.com/ep092/fpv_video_transmitter_and_receiver
948,tidylog,4,0,4,0,22/08/2014,01/09/2014,196.00 KB,Automatically format Prolog source code,Prolog,https://github.com/mndrix/tidylog
949,yadlr,4,0,4,0,04/10/2012,12/11/2013,168.00 KB,"Yadlr is a fuzzy reasoner, using CLP(Q,R) to implement fuzzy algebra on top of three reasoning back-ends: resolution, tableaux, and direct set-theoretic semantics.",Prolog,https://github.com/acharal/yadlr
950,flp,4,0,4,8,10/01/2022,23/09/2024,211.92 MB,Projecto pa e Diccionario Splicativo di Papiamento,Prolog,https://github.com/rvjansen/flp
951,Personalized-Recipe-Generator,4,0,4,1,06/01/2025,11/01/2025,3.00 KB,AI Prolog,Prolog,https://github.com/muhammednoorrr/Personalized-Recipe-Generator
952,ai24-prolog-lab,4,3,4,0,29/08/2024,30/08/2024,26.00 KB,This repository contains all of the Prolog code for Harry Porter's AI24 Prolog lab.,Prolog,https://github.com/RMIT-COSC1127-1125-AI24/ai24-prolog-lab
953,probat,4,0,4,0,23/03/2024,24/04/2024,48.00 KB,Property based testing Prolog programs.,Prolog,https://github.com/damianoazzolini/probat
954,portage-ng,4,4,4,0,15/10/2017,08/10/2026,364.83 MB,"A declarative reasoning engine for software configuration management, applied to Gentoo Linux.",Prolog,https://github.com/pvdabeel/portage-ng
955,QPP-confidence-levels,4,0,4,0,02/05/2018,23/10/2018,6.00 KB,Calculate confidence levels for power spectra with a power-law dependence. Can be used to test the significance of quasi-periodic pulsation (QPP) signatures in flare time series data.,Prolog,https://github.com/chloepugh/QPP-confidence-levels
956,log-generator,4,1,4,1,04/03/2019,13/11/2019,145.00 KB,Synthetic Log Generation through Abduction,Prolog,https://github.com/ai-unibo/log-generator
957,newlang2018,4,0,4,0,12/09/2018,26/11/2019,448.00 KB,,Prolog,https://github.com/hsk/newlang2018
958,dendro,4,0,4,0,11/06/2012,21/06/2012,140.00 KB,IDL Code for Dendrograms,Prolog,https://github.com/low-sky/dendro
959,prolog-dot-trace,4,0,4,1,31/01/2012,11/12/2017,1.19 MB,Debugger hooks to generate a DOT representation of a SWI-Prolog program execution,Prolog,https://github.com/ljcoomber/prolog-dot-trace
960,refinements,4,10,4,0,16/03/2009,18/11/2017,7.63 MB,"This is a mod for BG2 that alters a number of features, mainly the HLA tables and the armors' mechanics.",Prolog,https://github.com/vbigiani/refinements
961,dss,4,3,4,0,25/10/2013,01/04/2022,332.71 MB,git repository for code (and possibly data) produced in the context of the CLARIN 'Dutch Ships and Sailors' project,Prolog,https://github.com/biktorrr/dss
962,ispec,4,1,4,0,18/10/2013,18/10/2013,8.00 MB,"Code to fully reduce and calibrate 2D longslit optical spectra, and to analyze the resulting 1D galaxy emission-line and continuum spectra using stellar population synthesis models.",Prolog,https://github.com/moustakas/ispec
963,Artificial-inteligence-project,4,0,4,0,03/10/2024,03/10/2024,8.00 KB,,Prolog,https://github.com/luckylittleman/Artificial-inteligence-project
964,assertions,4,0,4,0,22/03/2013,16/09/2026,1005.00 KB,Ciao Assertion Reader for SWI-Prolog,Prolog,https://github.com/edisonm/assertions
965,PlanetCatalog,4,1,4,0,05/06/2017,18/07/2017,98.00 KB,This code is meant to be used to search and explored Planet Labs' catalogue of PlanetScope 4 band datasets.,Prolog,https://github.com/envi-idl/PlanetCatalog
966,id3-prolog,4,0,4,0,10/06/2017,09/07/2019,147.00 KB,Prolog Implementation of the ID3 Algorithm,Prolog,https://github.com/ignaciomosca/id3-prolog
967,uArm-MicroView-esp8266,4,1,4,0,04/12/2014,17/12/2014,720.00 KB,uArm control PCB with MicroView (Arduino w/ OLED) and esp8266 WiFi/UART bridge,Prolog,https://github.com/beckdac/uArm-MicroView-esp8266
968,UniOLLatexTemplate,4,5,4,0,13/01/2013,04/02/2015,1.58 MB,LaTeX Beamer Template for University Oldenburg,Prolog,https://github.com/honkmaster/UniOLLatexTemplate
969,ufsc-ine5416,4,1,4,0,25/08/2015,01/10/2016,5.38 MB,"Programming paradigms, second semester of 2015",Prolog,https://github.com/mrcaique/ufsc-ine5416
970,ENVI_IDL_code,4,1,4,0,03/04/2020,13/08/2020,13.00 KB,some useful idl code for batch processing remote sensing images,Prolog,https://github.com/lauraset/ENVI_IDL_code
971,legato,4,1,4,0,28/09/2024,26/01/2025,28.73 MB,A Prolog song recommender,Prolog,https://github.com/luyluish/legato
972,constraint_programming,4,0,4,0,11/04/2024,11/04/2024,22.00 KB,"Esercizi di programmazione logica a vincoli svolti per il corso di ""Inteligenza Artificiale per l'Ottimizzazione vincolata"" (Constraint Programming) utilizzando ECLiPSe Prolog e ASP.",Prolog,https://github.com/damianobressanin/constraint_programming
973,eye-web,4,1,4,0,19/02/2022,08/03/2022,8.29 MB,"EYE reasoning on Node. It participates in dialogues leading to necessary and sufficient answers, supported by proof steps, so that action can take place.",Prolog,https://github.com/KNowledgeOnWebScale/eye-web
974,elc117-2022a,4,9,4,0,04/04/2022,26/09/2022,3.33 MB,ELC117 - Paradigmas de Programação - UFSM - 2022a,Prolog,https://github.com/AndreaInfUFSM/elc117-2022a
975,learn_to_soar,4,0,4,0,03/10/2011,05/07/2012,456.00 KB,"Potentially reusable Soar components, like daveray's bebot.",Prolog,https://github.com/Johnicholas/learn_to_soar
976,NOPI,4,1,4,0,15/12/2023,15/12/2023,1.34 MB,"Code Implementing the system described in ""Generalisation Through Negation and Predicate Invention"", AAAI-24",Prolog,https://github.com/Ermine516/NOPI
977,DotsAndBoxesProlog,4,0,4,0,14/10/2015,21/01/2016,185.00 KB,Dots and Boxes Game in Prolog - INSA 4IF Project,Prolog,https://github.com/byvlstr/DotsAndBoxesProlog
978,SLDR-DL,4,2,4,1,24/04/2017,13/06/2019,7.00 KB,,Prolog,https://github.com/cchrewrite/SLDR-DL
979,connect-4-prolog,4,9,4,0,12/03/2017,13/03/2017,16.00 KB,Connect 4 game in Prolog,Prolog,https://github.com/rvinas/connect-4-prolog
980,PrologSamples,4,0,4,0,17/10/2017,11/04/2018,9.00 KB,Collection of solutions of some simple problems written in Prolog,Prolog,https://github.com/VladimirWrites/PrologSamples
981,lpcp-contest-2019,4,0,4,0,21/09/2019,22/09/2019,62.00 KB,LP/CP programming contest 2019,Prolog,https://github.com/lpcp-contest/lpcp-contest-2019
982,prove_SICK_NL,4,1,4,26,28/01/2021,04/06/2026,71.01 MB,Prove Ducth NLI problems of SICK-NL with LangPro,Prolog,https://github.com/kovvalsky/prove_SICK_NL
983,Prolog-and-Natural-Language-Semantics,4,0,4,0,21/02/2023,21/02/2023,337.00 KB,Used for teaching computational semantics in 80's and 90's,Prolog,https://github.com/robincooper/Prolog-and-Natural-Language-Semantics
984,mathml,4,1,4,1,28/04/2022,07/10/2026,1.20 MB,Translate R expressions to MathML,Prolog,https://github.com/mgondan/mathml
985,Logica-2026-2027,4,4,4,0,10/09/2026,30/09/2026,28.00 KB,,Prolog,https://github.com/Logica-URJC/Logica-2026-2027
986,skolemizator,4,1,4,0,18/06/2015,25/09/2015,316.00 KB,Program in SWI-Prolog for formulas skolemization.,Prolog,https://github.com/tomaspavlin/skolemizator
987,QUINE-ES,4,0,4,0,18/12/2015,08/01/2016,32.00 KB,,Prolog,https://github.com/FunctionAnalysis/QUINE-ES
988,atom_feed,4,2,4,0,05/11/2013,10/03/2015,360.00 KB,Parse and query Atom Syndication Format in Prolog,Prolog,https://github.com/mndrix/atom_feed
989,dailyprogrammer,4,1,4,0,29/07/2016,11/07/2018,26.00 KB,,Prolog,https://github.com/fusiongyro/dailyprogrammer
990,DaliBridge,4,1,4,0,20/08/2014,22/10/2014,1.24 MB,The main purpose of this project is to create a connection between the DALI technology and the Gazebo robot simulator.,Prolog,https://github.com/pierfrancescoran/DaliBridge
991,Natural-Language-Interfaces-to-Domain-Specific-Knowledge-Bases-using-Prolog-and-NLP,4,1,4,0,20/08/2022,20/08/2022,3.08 MB,Course Project on Natural Language Interfaces to Domain Specific Knowledge Bases using Prolog and NLP,Prolog,https://github.com/VishanthSurresh/Natural-Language-Interfaces-to-Domain-Specific-Knowledge-Bases-using-Prolog-and-NLP
992,advent-of-code-2021,4,0,4,0,01/12/2021,06/01/2022,255.00 KB,"Exercises of the online activity ""Advent of Code"" {:year, 2021} (https://adventofcode.com/2021)",Prolog,https://github.com/YauHsien/advent-of-code-2021
993,aoc2020,4,0,4,0,02/12/2020,16/12/2020,105.00 KB,,Prolog,https://github.com/indocomsoft/aoc2020
994,Birthday-Badge,4,0,4,0,30/09/2012,02/10/2012,384.00 KB,PCB birthday badge created for my son's 6th birthday party.  A soldering kit for kids.,Prolog,https://github.com/ianlee74/Birthday-Badge
995,gift,4,1,4,0,24/01/2013,20/03/2015,360.00 KB,Command-line tool for creating SWI-Prolog packs,Prolog,https://github.com/mndrix/gift
996,rstore,4,0,4,0,19/04/2010,23/04/2010,684.00 KB,A SWI-Prolog RDB-backed triple store,Prolog,https://github.com/moustaki/rstore
997,tm1-restapi-lab-dev-env-setup,4,1,4,0,05/05/2019,16/10/2019,11.01 MB,TM1 REST API lab development environment setup,Prolog,https://github.com/Hubert-Heijkers/tm1-restapi-lab-dev-env-setup
998,brmsdr,4,3,4,0,11/11/2013,11/11/2013,104.00 KB,SDR stick based on R820T RTL2832U and MSi2500,Prolog,https://github.com/pinkavaj/brmsdr
999,datasets,4,1,4,0,11/06/2014,29/06/2015,1.07 MB,ILP datasets collection,Prolog,https://github.com/mdrl/datasets
1000,FlorenceBot,4,0,4,0,13/06/2022,27/09/2022,17.74 MB,A fully interactive domain-specific chatbot implemented using Prolog and PySwip.,Prolog,https://github.com/Lombavix-Team/FlorenceBot
