Ranking,Project Name,Stars,Forks,Watchers,Open Issues,Created At,Last Commit,Size,Description,Language,Repo URL,Size
1,rails,58809,24576,58809,1656,11/04/2008,08/10/2026,284.12 MB,Ruby on Rails,Ruby,https://github.com/rails/rails,284.12 MB
2,maybe,54241,5680,54241,0,01/01/2024,24/07/2025,6.73 MB,The personal finance app for everyone,Ruby,https://github.com/maybe-finance/maybe,6.73 MB
3,jekyll,51706,10298,51706,253,20/10/2008,17/09/2026,70.02 MB,:globe_with_meridians: Jekyll is a blog-aware static site generator in Ruby,Ruby,https://github.com/jekyll/jekyll,70.02 MB
4,mastodon,50357,7505,50357,4578,22/02/2016,09/10/2026,407.60 MB,"Your self-hosted, globally interconnected microblogging community",Ruby,https://github.com/mastodon/mastodon,407.60 MB
5,huginn,50030,4306,50030,690,10/03/2013,09/10/2026,9.60 MB,Create agents that monitor and act on your behalf.  Your agents are standing by!,Ruby,https://github.com/huginn/huginn,9.60 MB
6,brew,49956,11385,49956,6,06/03/2016,09/10/2026,125.33 MB,🍺 The Package Manager for Everywhere,Ruby,https://github.com/Homebrew/brew,125.33 MB
7,discourse,47942,9029,47942,274,12/01/2013,09/10/2026,1.16 GB,"A platform for community discussion. Free, open, simple.",Ruby,https://github.com/discourse/discourse,1.16 GB
8,fastlane,42215,6040,42215,666,02/12/2014,08/10/2026,84.14 MB,🚀 The easiest way to automate building and releasing your iOS and Android apps,Ruby,https://github.com/fastlane/fastlane,84.14 MB
9,devdocs,39540,2652,39540,204,24/10/2013,04/10/2026,32.60 MB,API Documentation Browser,Ruby,https://github.com/freeCodeCamp/devdocs,32.60 MB
10,metasploit-framework,39114,14992,39114,602,30/08/2011,08/10/2026,1.18 GB,Metasploit Framework,Ruby,https://github.com/rapid7/metasploit-framework,1.18 GB
11,engineering-blogs,38746,2045,38746,151,13/06/2015,21/08/2024,1.31 MB,A curated list of engineering blogs,Ruby,https://github.com/kilimchoi/engineering-blogs,1.31 MB
12,chatwoot,37635,9166,37635,1563,14/08/2019,08/10/2026,296.14 MB,"Open-source live-chat, email support, omni-channel desk. An alternative to Intercom, Zendesk, Salesforce Service Cloud etc. 🔥💬",Ruby,https://github.com/chatwoot/chatwoot,296.14 MB
13,awesome-awesomeness,33711,3603,33711,65,08/07/2014,02/06/2024,381.00 KB,A curated list of awesome awesomeness,Ruby,https://github.com/bayandin/awesome-awesomeness,381.00 KB
14,vagrant,27216,4395,27216,757,21/01/2010,28/09/2026,80.75 MB,Vagrant is a tool for building and distributing development environments.,Ruby,https://github.com/hashicorp/vagrant,80.75 MB
15,awesome-swift,26314,3149,26314,17,10/07/2014,01/09/2026,6.94 MB,A collaborative list of awesome Swift libraries and resources. Feel free to contribute!,Ruby,https://github.com/matteocrippa/awesome-swift,6.94 MB
16,gitlabhq,24554,5984,24554,36,02/10/2011,09/10/2026,2.80 GB,GitLab CE Mirror | Please open new issues in our issue tracker on GitLab.com,Ruby,https://github.com/gitlabhq/gitlabhq,2.80 GB
17,devise,24357,5465,24357,236,16/09/2009,06/10/2026,5.82 MB,Flexible authentication solution for Rails with Warden.,Ruby,https://github.com/heartcombo/devise,5.82 MB
18,ruby,23773,5657,23773,738,27/02/2010,08/10/2026,398.44 MB,The Ruby Programming Language,Ruby,https://github.com/ruby/ruby,398.44 MB
19,forem,22792,4189,22792,155,13/11/2016,08/10/2026,1.74 GB,For empowering community 🌱,Ruby,https://github.com/forem/forem,1.74 GB
20,homebrew-cask,22247,11981,22247,30,05/03/2012,09/10/2026,509.46 MB,🍻 Default casks (upstream binary packages) for the package manager for everywhere,Ruby,https://github.com/Homebrew/homebrew-cask,509.46 MB
21,setup,19617,1573,19617,1,06/04/2014,29/09/2026,26.86 MB,Setup instructions for Le Wagon's students on their first day of AI Software Development Bootcamp,Ruby,https://github.com/lewagon/setup,26.86 MB
22,docuseal,18677,1886,18677,124,03/07/2023,05/10/2026,7.96 MB,"Open source DocuSign alternative. Create, fill, and sign digital documents ✍️",Ruby,https://github.com/docusealco/docuseal,7.96 MB
23,postal,16859,1302,16859,96,19/04/2017,06/10/2026,3.45 MB,📮 A fully featured open source mail delivery platform for incoming & outgoing e-mail,Ruby,https://github.com/postalserver/postal,3.45 MB
24,openproject,16352,3540,16352,280,28/11/2012,08/10/2026,2.88 GB,"OpenProject is the leading open source project management software for product, project and portfolio management. A powerful Jira alternative with agile planning, issue tracking, roadmaps, Gantt charts, time tracking, collaboration features, and more. Available on premises or in the cloud. ⭐ Star us on GitHub",Ruby,https://github.com/opf/openproject,2.88 GB
25,spree,15749,5304,15749,178,10/03/2008,09/10/2026,323.67 MB,"Open Source Platform for DTC, B2B Commerce, Marketplaces & Omnichannel. REST APIs, TypeScript SDKs, and production-ready Next.js storefront. Self-host it. Own your data. No vendor lock-in. Zero platform fees.",Ruby,https://github.com/spree/spree,323.67 MB
26,homebrew-core,15614,13904,15614,121,01/03/2016,09/10/2026,1.20 GB,🍻 Default and OSS formulae (built-from-source packages) for the package manager for everywhere,Ruby,https://github.com/Homebrew/homebrew-core,1.20 GB
27,CocoaPods,14833,2682,14833,840,14/08/2011,06/07/2026,96.07 MB,The Cocoa Dependency Manager.,Ruby,https://github.com/CocoaPods/CocoaPods,96.07 MB
28,kamal,14639,752,14639,155,07/01/2023,08/10/2026,3.22 MB,Deploy web apps anywhere.,Ruby,https://github.com/basecamp/kamal,3.22 MB
29,quine-relay,14608,566,14608,18,15/07/2013,01/09/2026,26.13 MB,An uroboros program with 100+ programming languages,Ruby,https://github.com/mame/quine-relay,26.13 MB
30,awesome-stock-resources,14587,820,14587,107,31/10/2015,11/02/2026,791.00 KB,":city_sunrise: A collection of links for free stock photography, video and Illustration websites",Ruby,https://github.com/neutraltone/awesome-stock-resources,791.00 KB
31,gollum,14332,1560,14332,91,29/03/2010,24/11/2025,134.58 MB,"A simple, Git-powered wiki with a local frontend and support for many kinds of markup and content.",Ruby,https://github.com/gollum/gollum,134.58 MB
32,tmuxinator,13734,626,13734,98,10/12/2010,24/09/2026,1022.00 KB,Manage complex tmux sessions easily,Ruby,https://github.com/tmuxinator/tmuxinator,1022.00 KB
33,linguist,13726,5467,13726,241,09/05/2011,08/10/2026,41.33 MB,"Language Savant. If your repository's language is being reported incorrectly, send us a pull request!",Ruby,https://github.com/github-linguist/linguist,41.33 MB
34,diaspora,13648,2865,13648,425,15/09/2010,28/07/2026,115.04 MB,"A privacy-aware, distributed, open source social network.",Ruby,https://github.com/diaspora/diaspora,115.04 MB
35,fluentd,13601,1403,13601,131,19/06/2011,08/10/2026,21.18 MB,Fluentd: Unified Logging Layer (project under CNCF),Ruby,https://github.com/fluent/fluentd,21.18 MB
36,sidekiq,13562,2474,13562,18,16/01/2012,29/09/2026,14.87 MB,"Simple, efficient background processing for Ruby",Ruby,https://github.com/sidekiq/sidekiq,14.87 MB
37,capistrano,13010,1739,13010,74,26/02/2009,19/07/2026,4.55 MB,"A deployment automation tool built on Ruby, Rake, and SSH.",Ruby,https://github.com/capistrano/capistrano,4.55 MB
38,rubocop,12911,3148,12911,177,21/04/2012,08/10/2026,54.93 MB,"A Ruby static code analyzer and formatter, based on the community Ruby style guide.",Ruby,https://github.com/rubocop/rubocop,54.93 MB
39,sinatra,12452,2075,12452,48,14/01/2009,20/07/2026,7.69 MB,Classy web-development dressed in a DSL (official / canonical repo),Ruby,https://github.com/sinatra/sinatra,7.69 MB
40,ubicloud,12312,595,12312,115,17/01/2023,08/10/2026,27.56 MB,"Open source alternative to AWS. Elastic compute, block storage (non replicated), firewall and load balancer, managed Postgres, K8s, AI inference, and IAM services.",Ruby,https://github.com/ubicloud/ubicloud,27.56 MB
41,faker,11941,3214,11941,43,24/12/2008,05/10/2026,14.70 MB,"A library for generating fake data such as names, addresses, and phone numbers.",Ruby,https://github.com/faker-ruby/faker,14.70 MB
42,liquid,11903,1547,11903,432,08/05/2008,24/09/2026,6.45 MB,"Liquid markup language. Safe, customer facing template language for flexible web apps. ",Ruby,https://github.com/Shopify/liquid,6.45 MB
43,remote-working,11775,892,11775,1,22/10/2013,09/09/2026,2.22 MB,收集整理远程工作相关的资料,Ruby,https://github.com/greatghoul/remote-working,2.22 MB
44,fpm,11511,1065,11511,789,03/01/2011,14/09/2026,3.05 MB,"Effing package management! Build packages for multiple platforms (deb, rpm, etc) with great ease and sanity.",Ruby,https://github.com/jordansissel/fpm,3.05 MB
45,Learning-SICP,11290,1523,11290,1,14/11/2012,26/06/2026,8.88 MB,MIT视频公开课《计算机程序的构造和解释》中文化项目及课程学习资料搜集。,Ruby,https://github.com/DeathKing/Learning-SICP,8.88 MB
46,dawarich,10613,391,10613,191,24/03/2024,08/10/2026,102.17 MB,Your favorite self-hostable alternative to Google Timeline (Google Location History),Ruby,https://github.com/Freika/dawarich,102.17 MB
47,sure,10437,608,10437,728,23/07/2025,08/10/2026,130.02 MB,The personal finance app for everyone (by everyone),Ruby,https://github.com/we-promise/sure,130.02 MB
48,capybara,10178,1469,10178,25,04/11/2009,05/10/2026,12.46 MB,Acceptance test framework for web applications,Ruby,https://github.com/teamcapybara/capybara,12.46 MB
49,grape,10010,1229,10010,241,02/08/2010,03/10/2026,8.29 MB,An opinionated framework for creating REST-like APIs in Ruby.,Ruby,https://github.com/ruby-grape/grape,8.29 MB
50,gumroad,9823,2059,9823,7,03/04/2025,08/10/2026,665.32 MB,See what sticks,Ruby,https://github.com/antiwork/gumroad,665.32 MB
51,wpscan,9798,1347,9798,0,11/07/2012,28/09/2026,58.53 MB,WPScan WordPress security scanner. Written for security professionals and blog maintainers to test the security of their WordPress websites. Contact us via contact@wpscan.com,Ruby,https://github.com/wpscanteam/wpscan,58.53 MB
52,activeadmin,9714,3321,9714,28,15/04/2010,08/10/2026,16.46 MB,The administration framework for Ruby on Rails applications.,Ruby,https://github.com/activeadmin/activeadmin,16.46 MB
53,guides,9569,1346,9569,10,27/07/2012,21/08/2026,1.01 MB,A guide for programming in style.,Ruby,https://github.com/thoughtbot/guides,1.01 MB
54,resque,9468,1657,9468,71,12/08/2009,16/09/2026,2.72 MB,"Resque is a Redis-backed Ruby library for creating background jobs, placing them on multiple queues, and processing them later.",Ruby,https://github.com/resque/resque,2.72 MB
55,how-to-contribute-to-open-source,9338,1856,9338,95,25/09/2016,30/05/2025,777.00 KB,A guide to contributing to open source,Ruby,https://github.com/freeCodeCamp/how-to-contribute-to-open-source,777.00 KB
56,octopress,9233,2551,9233,242,18/10/2009,29/03/2024,166.80 MB,Octopress is an obsessively designed framework for Jekyll blogging. It’s easy to configure and easy to deploy. Sweet huh?,Ruby,https://github.com/imathis/octopress,166.80 MB
57,paperclip,9016,2403,9016,53,10/04/2008,13/07/2023,3.50 MB,Easy file attachment management for ActiveRecord,Ruby,https://github.com/thoughtbot/paperclip,3.50 MB
58,bourbon,8997,856,8997,0,23/04/2011,13/09/2024,3.08 MB,A Lightweight Sass Tool Set,Ruby,https://github.com/thoughtbot/bourbon,3.08 MB
59,pghero,8933,479,8933,5,21/07/2014,25/09/2026,2.33 MB,A performance dashboard for Postgres,Ruby,https://github.com/ankane/pghero,2.33 MB
60,whenever,8853,713,8853,81,16/02/2009,15/09/2026,602.00 KB,Cron jobs in Ruby,Ruby,https://github.com/javan/whenever,602.00 KB
61,community,8834,4595,8834,0,06/10/2020,09/09/2026,740.00 KB,"Public feedback discussions for: GitHub Mobile, GitHub Discussions, GitHub Codespaces, GitHub Sponsors, GitHub Issues and more!",Ruby,https://github.com/community/community,740.00 KB
62,carrierwave,8769,1645,8769,12,28/08/2008,05/10/2026,5.16 MB,"Classier solution for file uploads for Rails, Sinatra and other Ruby web frameworks",Ruby,https://github.com/carrierwaveuploader/carrierwave,5.16 MB
63,kaminari,8667,1072,8667,75,06/02/2011,20/02/2026,1.53 MB,"⚡ A Scope & Engine based, clean, powerful, customizable and sophisticated paginator for Ruby webapps",Ruby,https://github.com/kaminari/kaminari,1.53 MB
64,pundit,8522,641,8522,14,04/11/2012,28/08/2026,793.00 KB,Minimal authorization through OO design and pure Ruby classes,Ruby,https://github.com/varvet/pundit,793.00 KB
65,chef,8248,2518,8248,420,15/01/2009,08/10/2026,386.07 MB,"Chef Infra, a powerful automation platform that transforms infrastructure into code automating how infrastructure is configured, deployed and managed across any environment, at any scale",Ruby,https://github.com/chef/chef,386.07 MB
66,fizzy,8245,1198,8245,91,21/06/2024,08/10/2026,62.02 MB,Kanban as it should be. Not as it has been.,Ruby,https://github.com/basecamp/fizzy,62.02 MB
67,simple_form,8230,1293,8230,37,28/12/2009,01/04/2026,2.81 MB,"Forms made easy for Rails! It's tied to a simple DSL, with no opinion on markup.",Ruby,https://github.com/heartcombo/simple_form,2.81 MB
68,factory_bot,8163,2553,8163,85,03/06/2008,06/10/2026,4.20 MB,A library for setting up Ruby objects as test data.,Ruby,https://github.com/thoughtbot/factory_bot,4.20 MB
69,omniauth,8104,973,8104,105,30/03/2010,27/02/2026,3.00 MB,OmniAuth is a flexible authentication system utilizing Rack middleware.,Ruby,https://github.com/omniauth/omniauth,3.00 MB
70,rails_admin,7956,2223,7956,111,01/08/2010,08/10/2026,21.86 MB,RailsAdmin is a Rails engine that provides an easy-to-use interface for managing your data,Ruby,https://github.com/railsadminteam/rails_admin,21.86 MB
71,puppet,7956,2205,7956,91,14/09/2010,06/08/2026,88.33 MB,Server automation framework and application,Ruby,https://github.com/puppetlabs/puppet,88.33 MB
72,puma,7917,1501,7917,86,23/09/2011,08/10/2026,12.76 MB,A Ruby/Rack web server built for parallelism,Ruby,https://github.com/puma/puma,12.76 MB
73,scientist,7763,506,7763,16,05/02/2014,02/10/2026,210.00 KB,:microscope: A Ruby library for carefully refactoring critical paths.,Ruby,https://github.com/github/scientist,210.00 KB
74,github-changelog-generator,7539,841,7539,129,31/10/2014,18/03/2026,2.43 MB,"Automatically generate change log from your tags, issues, labels and pull requests on GitHub.",Ruby,https://github.com/github-changelog-generator/github-changelog-generator,2.43 MB
75,jazzy,7377,413,7377,74,06/06/2014,01/10/2026,88.52 MB,Soulful docs for Swift & Objective-C,Ruby,https://github.com/realm/jazzy,88.52 MB
76,bullet,7338,458,7338,7,13/08/2009,29/08/2026,1.71 MB,help to kill N+1 queries and unused eager loading,Ruby,https://github.com/flyerhzm/bullet,1.71 MB
77,brakeman,7278,780,7278,118,27/08/2010,05/10/2026,45.58 MB,A static analysis security vulnerability scanner for Ruby on Rails applications,Ruby,https://github.com/presidentbeef/brakeman,45.58 MB
78,middleman,7112,754,7112,19,27/07/2009,24/08/2026,23.12 MB,Hand-crafted frontend development,Ruby,https://github.com/middleman/middleman,23.12 MB
79,paper_trail,7030,907,7030,9,27/05/2009,25/09/2026,3.87 MB,Track changes to your rails models,Ruby,https://github.com/paper-trail-gem/paper_trail,3.87 MB
80,dotfiles,6968,1350,6968,4,17/11/2011,17/01/2026,2.87 MB,"YADR - The best vim,git,zsh plugins and the cleanest vimrc you've ever seen",Ruby,https://github.com/skwp/dotfiles,2.87 MB
81,autoskills,6937,625,6937,33,25/03/2026,19/07/2026,8.02 MB,One command. Your entire AI skill stack. Installed.,Ruby,https://github.com/midudev/autoskills,8.02 MB
82,WhatWeb,6879,1016,6879,51,30/09/2010,02/04/2026,10.86 MB,Next generation web scanner,Ruby,https://github.com/urbanadventurer/WhatWeb,10.86 MB
83,nodejs-learning-guide,6867,1198,6867,10,03/11/2016,22/08/2023,1.14 MB,"Nodejs学习笔记以及经验总结，公众号""程序猿小卡""",Ruby,https://github.com/chyingp/nodejs-learning-guide,1.14 MB
84,canvas-lms,6861,3036,6861,470,01/02/2011,30/04/2026,2.16 GB,"The open LMS by Instructure, Inc.",Ruby,https://github.com/instructure/canvas-lms,2.16 GB
85,better_errors,6858,430,6858,68,08/12/2012,09/07/2024,1.46 MB,Better error page for Rack apps,Ruby,https://github.com/BetterErrors/better_errors,1.46 MB
86,pry,6839,609,6839,125,07/12/2010,27/09/2026,8.32 MB,A runtime developer console and IRB alternative with powerful introspection capabilities.,Ruby,https://github.com/pry/pry,8.32 MB
87,mailcatcher,6778,604,6778,43,25/10/2010,16/09/2026,1002.00 KB,Catches mail and serves it through a dream.,Ruby,https://github.com/sj26/mailcatcher,1002.00 KB
88,dotenv,6765,516,6765,19,24/07/2012,22/06/2026,728.00 KB,A Ruby gem to load environment variables from `.env`. ,Ruby,https://github.com/bkeepers/dotenv,728.00 KB
89,searchkick,6722,762,6722,9,15/07/2013,17/09/2026,3.20 MB,Intelligent search made easy,Ruby,https://github.com/ankane/searchkick,3.20 MB
90,css-only-chat,6583,263,6583,14,07/05/2019,08/09/2023,21.00 KB,A truly monstrous async web chat using no JS whatsoever on the frontend,Ruby,https://github.com/kkuchta/css-only-chat,21.00 KB
91,lolcat,6582,233,6582,33,10/08/2011,05/03/2024,533.00 KB,Rainbows and unicorns!,Ruby,https://github.com/busyloop/lolcat,533.00 KB
92,chartkick,6529,561,6529,7,07/05/2013,15/08/2026,2.02 MB,Create beautiful JavaScript charts with one line of Ruby,Ruby,https://github.com/ankane/chartkick,2.02 MB
93,geocoder,6447,1197,6447,55,15/04/2009,09/08/2026,3.10 MB,Complete Ruby geocoding solution.,Ruby,https://github.com/alexreisner/geocoder,3.10 MB
94,guard,6433,494,6433,68,02/08/2010,16/07/2026,3.95 MB,Guard is a command line tool to easily handle events on file system modifications.,Ruby,https://github.com/guard/guard,3.95 MB
95,hanami,6424,554,6424,32,09/08/2013,08/10/2026,26.55 MB,A flexible framework for maintainable Ruby apps,Ruby,https://github.com/hanami/hanami,26.55 MB
96,friendly_id,6223,592,6223,32,18/04/2008,18/08/2026,3.97 MB,FriendlyId is the “Swiss Army bulldozer” of slugging and permalink plugins for ActiveRecord. It allows you to create pretty URL’s and work with human-friendly strings as if they were numeric ids for ActiveRecord models.,Ruby,https://github.com/norman/friendly_id,3.97 MB
97,cancan,6204,771,6204,244,17/11/2009,11/12/2021,648.00 KB,Authorization Gem for Ruby on Rails.,Ruby,https://github.com/ryanb/cancan,648.00 KB
98,foreman,6162,630,6162,72,18/05/2010,27/07/2025,1.20 MB,Manage Procfile-based applications,Ruby,https://github.com/ddollar/foreman,1.20 MB
99,dnsmasq-china-list,6134,952,6134,47,02/06/2013,08/10/2026,416.54 MB,Chinese-specific configuration to improve your favorite DNS server. Best partner for chnroutes.,Ruby,https://github.com/felixonmars/dnsmasq-china-list,416.54 MB
100,vcr,6079,511,6079,86,25/02/2010,23/06/2026,3.45 MB,"Record your test suite's HTTP interactions and replay them during future test runs for fast, deterministic, accurate tests.",Ruby,https://github.com/vcr/vcr,3.45 MB
101,markup,6045,3377,6045,29,31/10/2009,30/09/2026,979.00 KB,Determines which markup library to use to render a content file (e.g. README) on GitHub,Ruby,https://github.com/github/markup,979.00 KB
102,redmine,6043,2474,6043,3,19/11/2012,08/10/2026,110.12 MB,Mirror of redmine code source - Official Subversion repository is at https://svn.redmine.org/redmine - contact: @vividtone or maeda (at) farend (dot) jp,Ruby,https://github.com/redmine/redmine,110.12 MB
103,synx,6034,264,6034,56,29/04/2014,18/07/2019,17.95 MB,A command-line tool that reorganizes your Xcode project folder to match your Xcode groups,Ruby,https://github.com/venmo/synx,17.95 MB
104,zammad,5989,1070,5989,461,02/04/2012,08/10/2026,1.05 GB,Zammad is a web based open source helpdesk/customer support system.,Ruby,https://github.com/zammad/zammad,1.05 GB
105,progit,5972,2359,5972,19,27/07/2009,04/04/2019,32.42 MB,"Pro Git Book Content, 1st Edition - This content is deprecated. See 2nd edition at [progit2](https://github.com/progit/progit2)",Ruby,https://github.com/progit/progit,32.42 MB
106,wayback-machine-downloader,5954,816,5954,197,25/07/2015,08/02/2024,164.00 KB,Download an entire website from the Wayback Machine.,Ruby,https://github.com/hartator/wayback-machine-downloader,164.00 KB
107,faraday,5951,1028,5951,74,10/12/2009,07/10/2026,3.37 MB,"Simple, but flexible HTTP client library, with support for multiple backends.",Ruby,https://github.com/lostisland/faraday,3.37 MB
108,httparty,5901,974,5901,49,28/07/2008,30/09/2026,1.57 MB,:tada: Makes http fun again!,Ruby,https://github.com/jnunemaker/httparty,1.57 MB
109,ransack,5858,817,5858,2,31/03/2011,08/10/2026,37.01 MB,Search everywhere and in a hurry!,Ruby,https://github.com/activerecord-hackery/ransack,37.01 MB
110,concurrent-ruby,5836,422,5836,54,23/07/2013,31/08/2026,10.93 MB,"Modern concurrency tools including agents, futures, promises, thread pools, supervisors, and more. Inspired by Erlang, Clojure, Scala, Go, Java, JavaScript, and classic concurrency patterns.",Ruby,https://github.com/ruby-concurrency/concurrent-ruby,10.93 MB
111,dependabot-core,5801,1552,5801,1570,02/06/2017,08/10/2026,125.36 MB,🤖 Dependabot's core logic for creating update PRs.,Ruby,https://github.com/dependabot/dependabot-core,125.36 MB
112,rack-attack,5763,347,5763,21,29/07/2012,08/09/2026,985.00 KB,Rack middleware for blocking & throttling,Ruby,https://github.com/rack/rack-attack,985.00 KB
113,fast-ruby,5737,369,5737,21,13/10/2014,07/10/2026,1.66 MB,:dash: Writing Fast Ruby :heart_eyes: -- Collect Common Ruby idioms.,Ruby,https://github.com/fastruby/fast-ruby,1.66 MB
114,maximum-awesome,5697,950,5697,35,18/06/2013,03/08/2025,400.00 KB,Config files for vim and tmux.,Ruby,https://github.com/square/maximum-awesome,400.00 KB
115,danger,5694,490,5694,168,29/09/2015,29/07/2026,3.52 MB,"🚫 Stop saying ""you forgot to …"" in code review (in Ruby)",Ruby,https://github.com/danger/danger,3.52 MB
116,cancancan,5683,629,5683,92,19/02/2014,08/09/2026,3.60 MB,The authorization Gem for Ruby on Rails.,Ruby,https://github.com/CanCanCommunity/cancancan,3.60 MB
117,will_paginate,5680,853,5680,46,25/02/2008,24/11/2025,1.05 MB,Pagination library for Rails and other Ruby applications,Ruby,https://github.com/mislav/will_paginate,1.05 MB
118,x-cli,5587,399,5587,59,23/11/2011,05/10/2026,3.88 MB,A command-line power tool for Twitter.,Ruby,https://github.com/sferik/x-cli,3.88 MB
119,evil-winrm,5542,694,5542,0,28/05/2019,02/10/2026,2.72 MB,The ultimate WinRM shell for hacking/pentesting,Ruby,https://github.com/Hackplayers/evil-winrm,2.72 MB
120,doorkeeper,5523,1077,5523,22,18/11/2011,07/10/2026,5.43 MB,Doorkeeper is an OAuth 2 provider for Ruby on Rails / Grape.,Ruby,https://github.com/doorkeeper-gem/doorkeeper,5.43 MB
121,graphql-ruby,5445,1418,5445,66,05/02/2015,07/10/2026,237.01 MB,Ruby implementation of GraphQL ,Ruby,https://github.com/rmosolgo/graphql-ruby,237.01 MB
122,slim,5375,498,5375,21,13/09/2010,04/10/2026,2.38 MB,Slim is a template language whose goal is to reduce the syntax to the essential parts without becoming cryptic.,Ruby,https://github.com/slim-template/slim,2.38 MB
123,active_model_serializers,5342,1367,5342,190,01/12/2011,08/12/2025,4.40 MB,ActiveModel::Serializer implementation and Rails hooks,Ruby,https://github.com/rails-api/active_model_serializers,4.40 MB
124,solidus,5337,1403,5337,76,18/02/2015,08/10/2026,123.43 MB,"🛒 Solidus, the open-source eCommerce framework for industry trailblazers.",Ruby,https://github.com/solidusio/solidus,123.43 MB
125,draper,5277,522,5277,28,30/06/2011,29/05/2026,1.40 MB,Decorators/View-Models for Rails Applications,Ruby,https://github.com/drapergem/draper,1.40 MB
126,rspec-rails,5276,1046,5276,64,23/12/2009,06/10/2026,4.83 MB,RSpec for Rails 7+,Ruby,https://github.com/rspec/rspec-rails,4.83 MB
127,webpacker,5271,1439,5271,21,07/12/2016,16/07/2024,5.33 MB,Use Webpack to manage app-like JavaScript modules in Rails,Ruby,https://github.com/rails/webpacker,5.33 MB
128,thor,5266,550,5266,130,07/05/2008,06/07/2026,2.94 MB,Thor is a toolkit for building powerful command-line interfaces.,Ruby,https://github.com/rails/thor,2.94 MB
129,aasm,5229,647,5229,170,28/02/2008,05/07/2026,2.02 MB,"AASM - State machines for Ruby classes (plain Ruby, ActiveRecord, Mongoid, NoBrainer, Dynamoid)",Ruby,https://github.com/aasm/aasm,2.02 MB
130,asciidoctor,5220,843,5220,683,01/06/2012,01/09/2026,18.58 MB,":gem: A fast, open source text processor and publishing toolchain, written in Ruby, for converting AsciiDoc content to HTML 5, DocBook 5, and other formats.",Ruby,https://github.com/asciidoctor/asciidoctor,18.58 MB
131,rest-client,5213,927,5213,140,07/12/2009,19/05/2024,1.42 MB,"Simple HTTP and REST client for Ruby, inspired by microframework syntax for specifying actions.",Ruby,https://github.com/rest-client/rest-client,1.42 MB
132,formtastic,5211,626,5211,6,07/04/2008,28/02/2026,4.09 MB,A Rails form builder plugin with semantically rich and accessible markup.,Ruby,https://github.com/formtastic/formtastic,4.09 MB
133,cucumber-ruby,5210,1118,5210,29,17/04/2008,08/10/2026,16.81 MB,Cucumber for Ruby. It's amazing!,Ruby,https://github.com/cucumber/cucumber-ruby,16.81 MB
134,react_on_rails,5193,629,5193,119,20/08/2015,08/10/2026,66.62 MB,"Integration of React + Webpack + Rails including server-side rendering of React, enabling a better developer experience and faster client performance.",Ruby,https://github.com/shakacode/react_on_rails,66.62 MB
135,colorls,5140,397,5140,88,29/06/2017,27/07/2026,40.17 MB,"A Ruby gem that beautifies the terminal's ls command, with color and font-awesome icons. :tada:",Ruby,https://github.com/athityakumar/colorls,40.17 MB
136,rack,5134,1691,5134,42,24/12/2008,08/09/2026,10.58 MB,A modular Ruby web server interface.,Ruby,https://github.com/rack/rack,10.58 MB
137,rails-api,5130,271,5130,13,17/03/2012,02/05/2021,182.00 KB,Rails for API only applications,Ruby,https://github.com/rails-api/rails-api,182.00 KB
138,sequel,5098,1072,5098,0,31/03/2008,06/10/2026,61.48 MB,Sequel: The Database Toolkit for Ruby,Ruby,https://github.com/jeremyevans/sequel,61.48 MB
139,WebHackersWeapons,5088,854,5088,6,04/04/2020,07/09/2026,41.77 MB,"⚔️ Web Hacker's Weapons / A collection of cool tools used by Web hackers. Happy hacking , Happy bug-hunting",Ruby,https://github.com/hahwul/WebHackersWeapons,41.77 MB
140,fast_jsonapi,5026,422,5026,102,01/02/2018,06/03/2023,336.00 KB,No Longer Maintained - A lightning fast JSON:API serializer for Ruby Objects.,Ruby,https://github.com/Netflix/fast_jsonapi,336.00 KB
141,pagy,4994,442,4994,2,31/12/2017,05/10/2026,40.87 MB,Agnostic pagination in plain ruby,Ruby,https://github.com/ddnexus/pagy,40.87 MB
142,acts-as-taggable-on,4987,1191,4987,67,21/03/2008,30/09/2026,1.28 MB,A tagging plugin for Rails applications that allows for custom tagging along dynamic contexts.,Ruby,https://github.com/mbleigh/acts-as-taggable-on,1.28 MB
143,react-native-config,4953,657,4953,301,23/02/2016,04/10/2026,5.51 MB,Bring some 12 factor love to your mobile apps!,Ruby,https://github.com/react-native-config/react-native-config,5.51 MB
144,opal,4927,336,4927,152,24/04/2009,13/09/2026,20.58 MB,Ruby ♥︎ JavaScript,Ruby,https://github.com/opal/opal,20.58 MB
145,simplecov,4926,579,4926,0,15/08/2010,06/10/2026,7.56 MB,Code coverage for Ruby with a powerful configuration library and automatic merging of coverage across test suites,Ruby,https://github.com/simplecov-ruby/simplecov,7.56 MB
146,explore,4903,14596,4903,10,16/09/2017,07/10/2026,71.91 MB,Community-curated topic and collection pages on GitHub,Ruby,https://github.com/github/explore,71.91 MB
147,bundler,4873,1963,4873,0,26/01/2010,19/03/2021,221.57 MB,Manage your Ruby application's gem dependencies,Ruby,https://github.com/rubygems/bundler,221.57 MB
148,YouPlot,4859,73,4859,13,28/07/2020,22/06/2026,790.00 KB,A command line tool that draw plots on the terminal.,Ruby,https://github.com/red-data-tools/YouPlot,790.00 KB
149,backup,4856,663,4856,8,01/10/2009,03/07/2024,3.43 MB,Easy full stack backup operations on UNIX-like systems.,Ruby,https://github.com/backup/backup,3.43 MB
150,lobsters,4851,997,4851,236,24/08/2012,05/10/2026,8.83 MB,Computing-focused community centered around link aggregation and discussion,Ruby,https://github.com/lobsters/lobsters,8.83 MB
151,prawn,4823,699,4823,94,04/04/2008,18/04/2026,43.24 MB,"Fast, Nimble PDF Writer for Ruby",Ruby,https://github.com/prawnpdf/prawn,43.24 MB
152,lolcommits,4821,247,4821,40,02/10/2011,14/09/2026,2.20 MB,:camera: git-based selfies for software developers,Ruby,https://github.com/lolcommits/lolcommits,2.20 MB
153,wraith,4819,349,4819,123,23/01/2013,16/01/2026,9.25 MB,Wraith — A responsive screenshot comparison tool,Ruby,https://github.com/bbc/wraith,9.25 MB
154,blazer,4803,501,4803,33,01/10/2014,05/10/2026,4.85 MB,Business intelligence made simple,Ruby,https://github.com/ankane/blazer,4.85 MB
155,once-campfire,4752,823,4752,39,15/08/2025,08/10/2026,58.81 MB,"Super simple group chat, without a subscription",Ruby,https://github.com/basecamp/once-campfire,58.81 MB
156,https-portal,4688,297,4688,52,14/12/2015,26/05/2026,418.00 KB,"A fully automated HTTPS server powered by Nginx, Let's Encrypt and Docker.",Ruby,https://github.com/SteveLTN/https-portal,418.00 KB
157,theodinproject,4651,2146,4651,45,15/05/2013,30/09/2026,34.53 MB,Main website for The Odin Project,Ruby,https://github.com/TheOdinProject/theodinproject,34.53 MB
158,shenzhen,4624,482,4624,0,28/09/2012,20/06/2021,261.00 KB,CLI for Building & Distributing iOS Apps (.ipa Files),Ruby,https://github.com/nomad-cli/shenzhen,261.00 KB
159,active_merchant,4601,2485,4601,1,20/05/2008,04/11/2025,31.88 MB,Active Merchant is a simple payment abstraction library extracted from Shopify. The aim of the project is to feel natural to Ruby users and to abstract as many parts as possible away from the user to offer a consistent interface across all supported gateways.,Ruby,https://github.com/activemerchant/active_merchant,31.88 MB
160,twitter-ruby,4570,1272,4570,0,14/02/2008,02/10/2026,20.30 MB,A Ruby interface to the Twitter API.,Ruby,https://github.com/sferik/twitter-ruby,20.30 MB
161,gemoji,4535,802,4535,45,14/12/2011,05/10/2026,25.21 MB,Emoji images and names.,Ruby,https://github.com/github/gemoji,25.21 MB
162,octobox,4486,347,4486,64,16/12/2016,08/10/2026,24.14 MB,📮 Untangle your GitHub Notifications,Ruby,https://github.com/octobox/octobox,24.14 MB
163,annotate_models,4483,679,4483,145,27/02/2008,05/08/2024,1.63 MB,Annotate Rails classes with schema and routes info,Ruby,https://github.com/ctran/annotate_models,1.63 MB
164,ahoy,4483,384,4483,6,26/02/2014,22/09/2026,865.00 KB,"Simple, powerful, first-party analytics for Rails",Ruby,https://github.com/ankane/ahoy,865.00 KB
165,strong_migrations,4451,200,4451,5,23/11/2015,26/09/2026,944.00 KB,Catch unsafe migrations in development,Ruby,https://github.com/ankane/strong_migrations,944.00 KB
166,mechanize,4444,475,4444,9,18/04/2008,23/08/2026,2.50 MB,Mechanize is a ruby library that makes automated web interaction easy.,Ruby,https://github.com/sparklemotion/mechanize,2.50 MB
167,ruby_llm,4441,510,4441,5,30/01/2025,08/10/2026,575.51 MB,"The Ruby-native AI framework. Chats, agents, tools, images, audio, and video through one consistent API, in plain Ruby or Rails.",Ruby,https://github.com/crmne/ruby_llm,575.51 MB
168,blackcandy,4425,226,4425,30,07/02/2018,07/10/2026,11.88 MB,A self hosted music streaming server,Ruby,https://github.com/blackcandy-org/blackcandy,11.88 MB
169,jbuilder,4421,455,4421,48,27/11/2011,01/06/2026,742.00 KB,Jbuilder: generate JSON objects with a Builder-style DSL,Ruby,https://github.com/rails/jbuilder,742.00 KB
170,neat,4354,411,4354,0,02/08/2012,21/10/2019,1.83 MB,A fluid and flexible grid Sass framework,Ruby,https://github.com/thoughtbot/neat,1.83 MB
171,mina,4352,478,4352,35,01/06/2012,01/08/2024,959.00 KB,Blazing fast deployer and server automation tool,Ruby,https://github.com/mina-deploy/mina,959.00 KB
172,authlogic,4342,631,4342,12,24/10/2008,08/02/2026,2.42 MB,A simple ruby authentication solution.,Ruby,https://github.com/binarylogic/authlogic,2.42 MB
173,fog,4295,1442,4295,9,18/05/2009,19/11/2024,21.33 MB,The Ruby cloud services library.,Ruby,https://github.com/fog/fog,21.33 MB
174,eventmachine,4279,631,4279,200,17/08/2008,24/07/2026,2.62 MB,"EventMachine: fast, simple event-processing library for Ruby programs",Ruby,https://github.com/eventmachine/eventmachine,2.62 MB
175,parallel,4269,267,4269,37,11/08/2009,05/10/2026,974.00 KB,Ruby: parallel processing made simple and fast,Ruby,https://github.com/grosser/parallel,974.00 KB
176,errbit,4269,987,4269,145,04/08/2010,08/10/2026,27.48 MB,The open source error catcher that's Airbrake API compliant :ukraine:,Ruby,https://github.com/errbit/errbit,27.48 MB
177,terraforming,4250,630,4250,146,25/03/2015,11/12/2021,1.05 MB,"Export existing AWS resources to Terraform style (tf, tfstate) / No longer actively maintained",Ruby,https://github.com/dtan4/terraforming,1.05 MB
178,OSCP-Exam-Report-Template-Markdown,4207,837,4207,2,30/06/2019,12/08/2026,3.74 MB,":orange_book: Markdown Templates for Offensive Security OSCP, OSWE, OSCE, OSEE, OSWP exam report",Ruby,https://github.com/noraj/OSCP-Exam-Report-Template-Markdown,3.74 MB
179,rails_best_practices,4157,271,4157,61,03/11/2009,23/04/2026,2.52 MB,a code metric tool for rails projects,Ruby,https://github.com/flyerhzm/rails_best_practices,2.52 MB
180,activerecord-import,4155,620,4155,54,12/03/2010,28/08/2026,4.85 MB,A library for bulk insertion of data into your database using ActiveRecord.,Ruby,https://github.com/zdennis/activerecord-import,4.85 MB
181,reek,4136,282,4136,55,05/09/2008,02/10/2026,5.94 MB,Code smell detector for Ruby,Ruby,https://github.com/troessner/reek,5.94 MB
182,typhoeus,4134,440,4134,42,18/02/2009,10/03/2026,1.51 MB, Typhoeus wraps libcurl in order to make fast and reliable requests.,Ruby,https://github.com/typhoeus/typhoeus,1.51 MB
183,stringer,4130,389,4130,25,06/04/2013,05/10/2026,10.35 MB,"A self-hosted, anti-social RSS reader.",Ruby,https://github.com/stringer-rss/stringer,10.35 MB
184,rails-erd,4101,379,4101,1,19/09/2010,27/08/2026,1.50 MB,Generate Entity-Relationship Diagrams for Rails applications,Ruby,https://github.com/voormedia/rails-erd,1.50 MB
185,awesome_print,4074,448,4074,109,03/04/2010,15/08/2024,831.00 KB,Pretty print your Ruby objects with style -- in full color and with proper indentation,Ruby,https://github.com/awesome-print/awesome_print,831.00 KB
186,webmock,4050,583,4050,180,06/11/2009,04/10/2026,2.74 MB,Library for stubbing and setting expectations on HTTP requests in Ruby.,Ruby,https://github.com/bblimke/webmock,2.74 MB
187,suspenders,4041,520,4041,1,14/05/2010,02/10/2026,1.98 MB,"A Rails application template with our standard defaults, optimized for deployment on Heroku.",Ruby,https://github.com/thoughtbot/suspenders,1.98 MB
188,arachni,4039,781,4039,131,25/08/2010,22/04/2026,34.80 MB,Web Application Security Scanner Framework,Ruby,https://github.com/Arachni/arachni,34.80 MB
189,rails-i18n,4035,2679,4035,37,31/07/2008,05/10/2026,3.16 MB,"Repository for collecting Locale data for Ruby on Rails I18n as well as other interesting, Rails related I18n stuff",Ruby,https://github.com/svenfuchs/rails-i18n,3.16 MB
190,xcpretty,4034,282,4034,120,09/12/2013,26/03/2025,3.74 MB,Flexible and fast xcodebuild formatter,Ruby,https://github.com/xcpretty/xcpretty,3.74 MB
191,kss,4015,265,4015,36,25/11/2011,06/12/2017,759.00 KB,A methodology for documenting CSS and generating styleguides.,Ruby,https://github.com/kneath/kss,759.00 KB
192,overcommit,4005,288,4005,36,24/03/2011,06/09/2026,3.04 MB,A fully configurable and extendable Git hook manager,Ruby,https://github.com/sds/overcommit,3.04 MB
193,redis-rb,4002,1030,4002,23,26/02/2009,06/10/2026,3.66 MB,A Ruby client library for Redis,Ruby,https://github.com/redis/redis-rb,3.66 MB
194,rubygems,3976,1938,3976,156,16/04/2010,08/10/2026,223.74 MB,Library packaging and distribution for Ruby.,Ruby,https://github.com/ruby/rubygems,223.74 MB
195,flipper,3971,446,3971,34,22/07/2012,03/10/2026,8.59 MB,"🐬 Beautiful, performant feature flags for Ruby.",Ruby,https://github.com/flippercloud/flipper,8.59 MB
196,octokit.rb,3951,1169,3951,34,10/12/2009,21/09/2026,16.95 MB,Ruby toolkit for the GitHub API,Ruby,https://github.com/octokit/octokit.rb,16.95 MB
197,jruby,3922,951,3922,942,05/04/2009,09/10/2026,296.11 MB,"JRuby, an implementation of Ruby on the JVM",Ruby,https://github.com/jruby/jruby,296.11 MB
198,mongoid,3911,1384,3911,282,16/09/2009,02/10/2026,23.23 MB,The Official Ruby Object Mapper for MongoDB,Ruby,https://github.com/mongodb/mongoid,23.23 MB
199,styles,3908,4164,3908,319,16/12/2010,07/10/2026,83.72 MB,Official repository for Citation Style Language (CSL) citation styles.,Ruby,https://github.com/citation-style-language/styles,83.72 MB
200,refinerycms,3905,1223,3905,35,28/05/2009,11/05/2026,27.11 MB,An extendable Ruby on Rails CMS that supports Rails 6.1 to 8.1+ and Ruby 3.x to 4.x,Ruby,https://github.com/refinery/refinerycms,27.11 MB
201,rack-mini-profiler,3903,423,3903,39,06/09/2013,21/08/2026,2.03 MB,Profiler for your development and production Ruby rack apps. ,Ruby,https://github.com/MiniProfiler/rack-mini-profiler,2.03 MB
202,fusuma,3897,145,3897,19,02/10/2016,10/07/2026,901.00 KB,Multitouch gestures with libinput driver on Linux,Ruby,https://github.com/iberianpig/fusuma,901.00 KB
203,ruby-warrior,3891,828,3891,40,04/07/2008,27/03/2024,464.00 KB,Game written in Ruby for learning Ruby.,Ruby,https://github.com/ryanb/ruby-warrior,464.00 KB
204,ruby,3890,757,3890,17,01/02/2013,19/12/2025,399.00 KB,Ruby Style Guide,Ruby,https://github.com/airbnb/ruby,399.00 KB
205,groupdate,3886,240,3886,2,18/04/2013,15/08/2026,808.00 KB,The simplest way to group temporal data,Ruby,https://github.com/ankane/groupdate,808.00 KB
206,ancestry,3884,474,3884,32,16/10/2009,25/06/2026,9.62 MB,Organise ActiveRecord model into a tree structure,Ruby,https://github.com/stefankroes/ancestry,9.62 MB
207,celluloid,3867,271,3867,13,31/03/2011,07/03/2024,4.85 MB,Actor-based concurrent object framework for Ruby,Ruby,https://github.com/celluloid/celluloid,4.85 MB
208,docs,3866,447,3866,52,04/10/2011,18/03/2024,16.53 MB,Curriculum for RailsBridge workshops,Ruby,https://github.com/railsbridge/docs,16.53 MB
209,homeland,3858,1175,3858,27,27/03/2012,08/08/2026,28.98 MB,":circus_tent: An open source forum/community system based on Rails, developed based on Ruby China.",Ruby,https://github.com/ruby-china/homeland,28.98 MB
210,letter_opener,3838,246,3838,2,07/09/2011,25/04/2026,234.00 KB,Preview mail in the browser instead of sending.,Ruby,https://github.com/ryanb/letter_opener,234.00 KB
211,haml,3830,588,3830,13,11/02/2008,01/09/2026,10.41 MB,HTML Abstraction Markup Language - A Markup Haiku,Ruby,https://github.com/haml/haml,10.41 MB
212,i18n-js,3809,504,3809,6,02/09/2009,14/07/2026,2.89 MB,It's a small library to provide the I18n translations on the Javascript. It comes with Rails support.,Ruby,https://github.com/fnando/i18n-js,2.89 MB
213,gist,3807,345,3807,55,10/10/2008,19/06/2026,1.37 MB,Potentially the best command line gister.,Ruby,https://github.com/defunkt/gist,1.37 MB
214,dryrun,3788,276,3788,0,19/08/2015,31/10/2025,6.45 MB,☁️ Try the demo project of any Android Library,Ruby,https://github.com/cesarferreira/dryrun,6.45 MB
215,awesome-blockchains,3781,465,3781,7,13/09/2017,10/02/2023,2.53 MB,A collection about awesome blockchains - open distributed public databases w/ crypto hashes incl. git ;-).  Blockchains are the new tulips :tulip::tulip::tulip:. Distributed is the new centralized. ,Ruby,https://github.com/openblockchains/awesome-blockchains,2.53 MB
216,feedbin,3779,290,3779,182,24/08/2013,07/10/2026,25.10 MB,A nice place to read on the web.,Ruby,https://github.com/feedbin/feedbin,25.10 MB
217,xiki,3752,206,3752,118,05/06/2008,03/01/2020,6.34 MB,A shell console with GUI features,Ruby,https://github.com/trogdoro/xiki,6.34 MB
218,virtus,3745,231,3745,71,02/04/2011,10/08/2021,1.81 MB,[DISCONTINUED ] Attributes on Steroids for Plain Old Ruby Objects,Ruby,https://github.com/solnic/virtus,1.81 MB
219,figaro,3744,278,3744,60,02/04/2012,29/06/2025,381.00 KB,Simple Rails app configuration,Ruby,https://github.com/laserlemon/figaro,381.00 KB
220,clearance,3734,462,3734,37,24/09/2008,16/07/2026,6.71 MB,Rails authentication with email & password.,Ruby,https://github.com/thoughtbot/clearance,6.71 MB
221,state_machine,3719,515,3719,89,25/06/2008,12/03/2024,5.65 MB,Adds support for creating state machines for attributes on any Ruby class,Ruby,https://github.com/pluginaweek/state_machine,5.65 MB
222,ruby-jwt,3685,382,3685,12,23/02/2011,08/10/2026,2.84 MB,A ruby implementation of the RFC 7519 OAuth JSON Web Token (JWT) standard.,Ruby,https://github.com/jwt/ruby-jwt,2.84 MB
223,scss-lint,3678,455,3678,67,18/12/2012,16/01/2024,2.42 MB,"Configurable tool for writing clean, consistent SCSS",Ruby,https://github.com/sds/scss-lint,2.42 MB
224,mail,3670,937,3670,217,22/11/2008,01/07/2026,6.94 MB,A Really Ruby Mail Library,Ruby,https://github.com/mikel/mail,6.94 MB
225,aws-sdk-ruby,3657,1234,3657,24,14/07/2011,08/10/2026,770.48 MB,The official AWS SDK for Ruby,Ruby,https://github.com/aws/aws-sdk-ruby,770.48 MB
226,fat_free_crm,3633,1317,3633,72,25/11/2008,28/09/2026,21.09 MB,Ruby on Rails CRM platform,Ruby,https://github.com/fatfreecrm/fat_free_crm,21.09 MB
227,rabl,3627,333,3627,121,08/04/2011,01/10/2026,1.96 MB,"General ruby templating with json, bson, xml, plist and msgpack support",Ruby,https://github.com/nesquena/rabl,1.96 MB
228,scenic,3627,243,3627,35,29/04/2014,29/06/2026,515.00 KB,Versioned database views for Rails,Ruby,https://github.com/scenic-views/scenic,515.00 KB
229,peatio,3603,2717,3603,302,12/02/2014,09/07/2026,5.84 MB,An open-source assets exchange.,Ruby,https://github.com/hpyhacking/peatio,5.84 MB
230,oxidized,3601,1057,3601,71,17/04/2013,05/10/2026,4.23 MB,Oxidized is a network device configuration backup tool. It's a RANCID replacement!,Ruby,https://github.com/ytti/oxidized,4.23 MB
231,shoulda-matchers,3580,916,3580,43,15/12/2010,10/08/2026,16.05 MB,Simple one-liner tests for common Rails functionality,Ruby,https://github.com/thoughtbot/shoulda-matchers,16.05 MB
232,lograge,3573,298,3573,66,10/03/2012,29/09/2026,415.00 KB,An attempt to tame Rails' default policy to log everything.,Ruby,https://github.com/roidrage/lograge,415.00 KB
233,koala,3572,456,3572,44,22/04/2010,28/09/2026,7.30 MB,"A lightweight Facebook library supporting the Graph, Marketing, and Atlas APIs, realtime updates, test users, and OAuth.",Ruby,https://github.com/arsduo/koala,7.30 MB
234,wicked_pdf,3572,636,3572,313,16/06/2009,24/07/2025,853.00 KB,PDF generator (from HTML) plugin for Ruby on Rails,Ruby,https://github.com/mileszs/wicked_pdf,853.00 KB
235,view_component,3571,486,3571,4,02/08/2019,24/09/2026,5.33 MB,"A framework for building reusable, testable & encapsulated view components in Ruby on Rails.",Ruby,https://github.com/ViewComponent/view_component,5.33 MB
236,devise_token_auth,3569,1125,3569,207,29/06/2014,31/07/2026,8.87 MB,Token based authentication for Rails JSON APIs. Designed to work with jToker and ng-token-auth.,Ruby,https://github.com/lynndylanhurley/devise_token_auth,8.87 MB
237,docker-sync,3555,279,3555,5,08/07/2016,30/11/2025,2.95 MB,"Run your application at full speed while syncing your code for development, finally empowering you to utilize docker for development under OSX/Windows/*Linux",Ruby,https://github.com/EugenMayer/docker-sync,2.95 MB
238,parallel_tests,3524,510,3524,123,17/05/2009,15/09/2026,31.46 MB,"Ruby: 2 CPUs = 2x Testing Speed for RSpec, Test::Unit and Cucumber",Ruby,https://github.com/grosser/parallel_tests,31.46 MB
239,rubycritic,3504,234,3504,35,09/10/2013,05/10/2026,3.34 MB,A Ruby code quality reporter,Ruby,https://github.com/whitesmith/rubycritic,3.34 MB
240,audited,3499,658,3499,208,09/02/2008,18/11/2025,1.17 MB,Audited (formerly acts_as_audited) is an ORM extension that logs all changes to your Rails models.,Ruby,https://github.com/collectiveidea/audited,1.17 MB
241,blog,3498,303,3498,13,25/01/2014,22/05/2016,21.77 MB,"Too young, too simple. Sometimes, naive.",Ruby,https://github.com/livoras/blog,21.77 MB
242,pgsync,3475,219,3475,14,08/12/2015,15/08/2026,472.00 KB,Sync data from one Postgres database to another,Ruby,https://github.com/ankane/pgsync,472.00 KB
243,trailblazer,3473,147,3473,38,26/06/2013,15/07/2025,1.58 MB,The advanced business logic framework for Ruby.,Ruby,https://github.com/trailblazer/trailblazer,1.58 MB
244,interactor,3456,211,3456,28,25/07/2013,10/07/2025,183.00 KB,Interactor provides a common interface for performing complex user interactions.,Ruby,https://github.com/collectiveidea/interactor,183.00 KB
245,rouge,3453,817,3453,222,31/08/2012,22/09/2026,5.52 MB,A pure Ruby code highlighter that is compatible with Pygments,Ruby,https://github.com/rouge-ruby/rouge,5.52 MB
246,timecop,3426,226,3426,7,07/11/2008,16/09/2026,420.00 KB,"A gem providing ""time travel"", ""time freezing"", and ""time acceleration"" capabilities, making it simple to test time-dependent code. It provides a unified method to mock Time.now, Date.today, and DateTime.now in a single call.",Ruby,https://github.com/travisjeffery/timecop,420.00 KB
247,minitest,3415,584,3415,11,18/02/2009,22/07/2026,1.79 MB,"minitest provides a complete suite of testing facilities supporting TDD, BDD, and benchmarking.",Ruby,https://github.com/minitest/minitest,1.79 MB
248,padrino-framework,3404,495,3404,41,18/11/2009,22/06/2026,11.02 MB,Padrino is a full-stack ruby framework built upon Sinatra. ,Ruby,https://github.com/padrino/padrino-framework,11.02 MB
249,sha256-animation,3398,167,3398,3,11/05/2020,06/03/2024,7.86 MB,Animation of the SHA-256 hash function in your terminal.,Ruby,https://github.com/in3rsha/sha256-animation,7.86 MB
250,endoflife.date,3397,1322,3397,443,27/05/2019,09/10/2026,16.67 MB,Informative site with EoL dates of everything,Ruby,https://github.com/endoflife-date/endoflife.date,16.67 MB
251,objc-zen-book-cn,3386,794,3386,3,16/03/2015,01/05/2018,802.00 KB,ObjC Zen Book 中文翻译,Ruby,https://github.com/oa414/objc-zen-book-cn,802.00 KB
252,plugin-directory,3381,688,3381,7,11/05/2014,04/10/2026,6.06 MB,Official Sketch Plugin directory,Ruby,https://github.com/sketchplugins/plugin-directory,6.06 MB
253,rails-composer,3360,476,3360,45,24/07/2012,30/05/2019,760.00 KB,Rails Composer. The Rails generator on steroids for starter apps.,Ruby,https://github.com/RailsApps/rails-composer,760.00 KB
254,byebug,3351,329,3351,101,18/03/2013,27/07/2026,4.26 MB,Debugging in Ruby,Ruby,https://github.com/deivid-rodriguez/byebug,4.26 MB
255,wisper,3331,154,3331,2,29/03/2013,15/08/2024,327.00 KB,A micro library providing Ruby objects with Publish-Subscribe capabilities,Ruby,https://github.com/krisleech/wisper,327.00 KB
256,jekyll-bootstrap,3324,1662,3324,57,30/12/2011,30/11/2024,810.00 KB,The quickest way to start and publish your Jekyll powered blog. 100% compatible with GitHub pages.,Ruby,https://github.com/plusjade/jekyll-bootstrap,810.00 KB
257,fontcustom,3296,418,3296,134,08/10/2012,09/01/2026,1.61 MB,Generate custom icon webfonts from the comfort of the command line.,Ruby,https://github.com/FontCustom/fontcustom,1.61 MB
258,shrine,3285,279,3285,1,25/10/2015,20/09/2026,18.75 MB,File Attachment toolkit for Ruby applications,Ruby,https://github.com/shrinerb/shrine,18.75 MB
259,sstoolkit,3282,567,3282,1,19/08/2010,30/10/2015,5.24 MB,A collection of well-documented iOS classes for making life easier,Ruby,https://github.com/soffes/sstoolkit,5.24 MB
260,chronic,3252,451,3252,147,29/01/2008,28/09/2023,689.00 KB,Chronic is a pure Ruby natural language date parser.,Ruby,https://github.com/mojombo/chronic,689.00 KB
261,algorithms,3242,351,3242,1,10/11/2014,18/08/2022,117.00 KB,algorithms playground for common questions,Ruby,https://github.com/sagivo/algorithms,117.00 KB
262,high_voltage,3230,147,3230,1,21/04/2009,01/10/2026,988.00 KB,Easily include static pages in your Rails app.,Ruby,https://github.com/thoughtbot/high_voltage,988.00 KB
263,awesome-xcode-extensions,3227,207,3227,1,17/08/2016,24/09/2023,140.00 KB,Awesome native Xcode extensions.,Ruby,https://github.com/theswiftdev/awesome-xcode-extensions,140.00 KB
264,truffleruby,3227,213,3227,183,05/02/2016,26/09/2026,312.12 MB,"A high performance implementation of the Ruby programming language, built on GraalVM.",Ruby,https://github.com/truffleruby/truffleruby,312.12 MB
265,secure_headers,3227,251,3227,13,12/12/2012,08/10/2026,10.52 MB,Manages application of security headers with many safe defaults,Ruby,https://github.com/github/secure_headers,10.52 MB
266,ruby-openai,3223,382,3223,56,03/08/2020,01/05/2026,3.86 MB,OpenAI API + Ruby! 🤖❤️ GPT-5 & Realtime WebRTC compatible!,Ruby,https://github.com/alexrudall/ruby-openai,3.86 MB
267,PasswordPusher,3215,463,3215,105,28/12/2011,08/10/2026,86.71 MB,"🔐   Securely share sensitive information with automatic expiration & deletion after a set number of views or duration.  Track who, what and when with full audit logs.",Ruby,https://github.com/pglombardo/PasswordPusher,86.71 MB
268,volt,3195,191,3195,76,10/01/2014,23/01/2018,3.45 MB,A Ruby web framework where your Ruby runs on both server and client,Ruby,https://github.com/voltrb/volt,3.45 MB
269,peek,3176,144,3176,18,09/03/2013,26/04/2024,232.00 KB,Take a peek into your Rails applications.,Ruby,https://github.com/peek/peek,232.00 KB
270,rolify,3175,396,3175,152,03/06/2011,24/01/2026,733.00 KB,Role management library with resource scoping,Ruby,https://github.com/RolifyCommunity/rolify,733.00 KB
271,selfstarter,3150,1566,3150,47,11/10/2012,27/10/2022,10.37 MB,Roll your own crowdfunding,Ruby,https://github.com/apigy/selfstarter,10.37 MB
272,factory_bot_rails,3139,376,3139,8,24/05/2010,21/07/2026,425.00 KB,Factory Bot ♥ Rails,Ruby,https://github.com/thoughtbot/factory_bot_rails,425.00 KB
273,dotjs,3137,332,3137,20,07/02/2011,26/07/2018,579.00 KB,~/.js,Ruby,https://github.com/defunkt/dotjs,579.00 KB
274,kubelabs,3136,1126,3136,10,27/12/2019,20/03/2026,61.81 MB,Get Started with Kubernetes,Ruby,https://github.com/collabnix/kubelabs,61.81 MB
275,psd.rb,3115,196,3115,25,08/05/2013,08/01/2021,8.17 MB,Parse Photoshop files in Ruby with ease,Ruby,https://github.com/layervault/psd.rb,8.17 MB
276,dalli,3114,470,3114,1,17/08/2010,06/10/2026,2.39 MB,High performance memcached client for Ruby,Ruby,https://github.com/petergoldstein/dalli,2.39 MB
277,gon,3105,184,3105,40,09/05/2011,04/10/2026,985.00 KB,Your Rails variables in your JS,Ruby,https://github.com/gazay/gon,985.00 KB
278,inspec,3098,678,3098,460,28/08/2015,08/10/2026,59.86 MB,InSpec: Auditing and Testing Framework,Ruby,https://github.com/inspec/inspec,59.86 MB
279,mustache,3084,276,3084,44,24/09/2009,20/08/2026,1.17 MB,Logic-less Ruby templates.,Ruby,https://github.com/mustache/mustache,1.17 MB
280,http,3082,329,3082,31,06/10/2011,08/10/2026,2.37 MB,"HTTP (The Gem! a.k.a. http.rb) - a fast Ruby HTTP client with a chainable API, streaming support, and timeouts",Ruby,https://github.com/httprb/http,2.37 MB
281,elasticsearch-rails,3082,794,3082,53,08/11/2013,08/10/2025,5.67 MB,Elasticsearch integrations for ActiveModel/Record and Ruby on Rails,Ruby,https://github.com/elastic/elasticsearch-rails,5.67 MB
282,gharchive.org,3080,231,3080,38,11/03/2012,25/05/2025,551.00 KB,"GH Archive is a project to record the public GitHub timeline, archive it, and make it easily accessible for further analysis.",Ruby,https://github.com/igrigorik/gharchive.org,551.00 KB
283,cocoon,3070,376,3070,34,09/02/2011,08/08/2023,375.00 KB,"Dynamic nested forms using jQuery made easy; works with formtastic, simple_form or default forms",Ruby,https://github.com/nathanvda/cocoon,375.00 KB
284,cells,3068,235,3068,38,06/08/2008,02/12/2024,1.70 MB,View components for Ruby and Rails.,Ruby,https://github.com/trailblazer/cells,1.70 MB
285,derailed_benchmarks,3068,141,3068,13,15/10/2014,01/01/2025,589.00 KB,"Go faster, off the Rails - Benchmarks for your whole Rails app",Ruby,https://github.com/zombocom/derailed_benchmarks,589.00 KB
286,falcon,3047,104,3047,34,15/06/2017,11/08/2026,5.33 MB,"A high-performance web server for Ruby, supporting HTTP/1, HTTP/2 and TLS.",Ruby,https://github.com/socketry/falcon,5.33 MB
287,hashie,3038,314,3038,43,12/11/2009,04/10/2026,1.25 MB,Hashie is a collection of classes and mixins that make Ruby hashes more powerful.,Ruby,https://github.com/hashie/hashie,1.25 MB
288,lunchy,3002,114,3002,4,23/03/2011,15/02/2021,59.00 KB,A friendly wrapper for launchctl,Ruby,https://github.com/eddiezane/lunchy,59.00 KB
289,good_job,3000,258,3000,114,24/02/2020,08/10/2026,22.35 MB,"Multithreaded, Postgres-based, Active Job backend for Ruby on Rails.",Ruby,https://github.com/bensheldon/good_job,22.35 MB
290,Web-CTF-Cheatsheet,2994,575,2994,1,14/12/2017,28/10/2025,362.00 KB,Web CTF CheatSheet 🐈,Ruby,https://github.com/w181496/Web-CTF-Cheatsheet,362.00 KB
291,JXA-Cookbook,2993,119,2993,8,28/10/2014,06/06/2025,6.00 KB,Cookbook for JavaScript for Automation in Mac OS X Yosemite,Ruby,https://github.com/JXA-Cookbook/JXA-Cookbook,6.00 KB
292,public_activity,2991,329,2991,22,28/02/2011,08/06/2026,651.00 KB,Easy activity tracking for models - similar to Github's Public Activity,Ruby,https://github.com/public-activity/public_activity,651.00 KB
293,Portus,2980,454,2980,155,13/04/2015,19/01/2023,36.61 MB,Authorization service and frontend for Docker registry (v2),Ruby,https://github.com/SUSE/Portus,36.61 MB
294,foreman,2974,1051,2974,134,23/07/2009,08/10/2026,148.99 MB,an application that automates the lifecycle of servers ,Ruby,https://github.com/theforeman/foreman,148.99 MB
295,database_cleaner,2967,484,2967,32,05/03/2009,01/06/2026,1.36 MB,Strategies for cleaning databases in Ruby.  Can be used to ensure a clean state for testing.,Ruby,https://github.com/DatabaseCleaner/database_cleaner,1.36 MB
296,onetimesecret,2956,455,2956,259,30/01/2013,09/10/2026,123.08 MB,Keep passwords and other sensitive information out of your chat logs and inboxes.,Ruby,https://github.com/onetimesecret/onetimesecret,123.08 MB
297,houston,2947,223,2947,0,07/09/2012,20/06/2021,149.00 KB,Apple Push Notifications; No Dirigible Required,Ruby,https://github.com/nomad-cli/houston,149.00 KB
298,homebrew-emacs-plus,2944,221,2944,7,02/04/2016,08/10/2026,139.21 MB,Emacs Plus formulae for the Homebrew package manager,Ruby,https://github.com/d12frosted/homebrew-emacs-plus,139.21 MB
299,pdfkit,2939,418,2939,0,21/05/2010,22/08/2023,16.13 MB,A Ruby gem to transform HTML + CSS into PDFs using the command-line utility wkhtmltopdf,Ruby,https://github.com/pdfkit/pdfkit,16.13 MB
300,canine,2938,124,2938,47,22/08/2024,07/10/2026,134.90 MB,A developer friendly PaaS for your Kubernetes,Ruby,https://github.com/CanineHQ/canine,134.90 MB
301,standard,2925,233,2925,43,07/11/2018,05/10/2026,1.16 MB,Ruby's bikeshed-proof linter and formatter 🚲,Ruby,https://github.com/standardrb/standard,1.16 MB
302,fake-s3,2923,349,2923,117,13/04/2012,13/04/2023,226.00 KB,A lightweight server clone of Amazon S3 that simulates most of the commands supported by S3 with minimal dependencies,Ruby,https://github.com/curtis0x/fake-s3,226.00 KB
303,paranoia,2914,523,2914,105,12/09/2010,07/11/2025,457.00 KB,"acts_as_paranoid for Rails 5, 6 and 7",Ruby,https://github.com/rubysherpas/paranoia,457.00 KB
304,rollout,2903,211,2903,0,18/07/2010,01/10/2026,391.00 KB,Feature flippers.,Ruby,https://github.com/fetlife/rollout,391.00 KB
305,google-api-ruby-client,2900,888,2900,50,26/01/2012,05/10/2026,4.97 GB,REST client for Google APIs,Ruby,https://github.com/googleapis/google-api-ruby-client,4.97 GB
306,csscss,2890,148,2890,16,01/03/2013,27/11/2018,226.00 KB,A CSS redundancy analyzer that analyzes redundancy.,Ruby,https://github.com/zmoazeni/csscss,226.00 KB
307,money,2884,647,2884,13,31/10/2008,29/09/2026,3.45 MB,A Ruby Library for dealing with money and currency conversion.,Ruby,https://github.com/RubyMoney/money,3.45 MB
308,roo,2879,501,2879,122,07/03/2012,17/09/2026,6.69 MB,Roo provides an interface to spreadsheets of several sorts.,Ruby,https://github.com/roo-rb/roo,6.69 MB
309,homebrew-php,2874,183,2874,0,20/12/2019,07/10/2026,8.62 MB,Homebrew tap for PHP 5.6 to 8.7. PHP 8.6 and 8.7 are built nightly :beer:,Ruby,https://github.com/shivammathur/homebrew-php,8.62 MB
310,minimagick,2864,349,2864,1,06/03/2008,31/08/2026,3.71 MB,mini replacement for RMagick,Ruby,https://github.com/minimagick/minimagick,3.71 MB
311,vagrant-vbguest,2862,219,2862,0,06/09/2011,17/12/2023,633.00 KB,A Vagrant plugin to keep your VirtualBox Guest Additions up to date,Ruby,https://github.com/dotless-de/vagrant-vbguest,633.00 KB
312,sensu,2862,377,2862,50,11/07/2011,31/12/2019,3.96 MB,Monitoring for today's infrastructure. ,Ruby,https://github.com/sensu/sensu,3.96 MB
313,CeWL,2860,321,2860,4,22/04/2016,24/06/2026,283.00 KB,CeWL is a Custom Word List Generator,Ruby,https://github.com/digininja/CeWL,283.00 KB
314,wicked,2851,189,2851,18,27/12/2011,21/09/2026,411.00 KB,Use wicked to turn your controller into a wizard,Ruby,https://github.com/zombocom/wicked,411.00 KB
315,openstreetmap-website,2839,1094,2839,667,01/05/2010,08/10/2026,490.66 MB,The Rails application that powers OpenStreetMap,Ruby,https://github.com/openstreetmap/openstreetmap-website,490.66 MB
316,rspec-metagem,2827,223,2827,0,29/06/2009,27/11/2024,139.00 KB,RSpec meta-gem that depends on the other components,Ruby,https://github.com/rspec/rspec-metagem,139.00 KB
317,danbooru,2819,449,2819,479,04/02/2010,08/10/2026,79.11 MB,A taggable image board written in Rails.,Ruby,https://github.com/danbooru/danbooru,79.11 MB
318,spring,2814,342,2814,55,29/12/2012,30/06/2026,1.20 MB,Rails application preloader,Ruby,https://github.com/rails/spring,1.20 MB
319,awesome-rails-gem,2805,281,2805,27,13/12/2014,12/03/2024,140.00 KB,A collection of awesome Ruby Gems for Rails development.,Ruby,https://github.com/hothero/awesome-rails-gem,140.00 KB
320,meta-tags,2801,280,2801,13,17/09/2008,02/10/2026,1.37 MB,Search Engine Optimization (SEO) for Ruby on Rails applications.,Ruby,https://github.com/kpumuk/meta-tags,1.37 MB
321,bundler-audit,2762,247,2762,48,11/02/2013,02/10/2026,636.00 KB,Patch-level verification for Bundler,Ruby,https://github.com/rubysec/bundler-audit,636.00 KB
322,janky,2743,207,2743,0,19/12/2011,04/04/2022,619.00 KB,Continuous integration server built on top of Jenkins and Hubot,Ruby,https://github.com/github/janky,619.00 KB
323,bootsnap,2739,211,2739,5,06/02/2017,02/10/2026,3.15 MB,Boot large Ruby/Rails apps faster,Ruby,https://github.com/rails/bootsnap,3.15 MB
324,inherited_resources,2717,380,2717,2,04/02/2009,06/10/2026,1.43 MB,,Ruby,https://github.com/activeadmin/inherited_resources,1.43 MB
325,split,2708,369,2708,35,14/05/2011,28/09/2026,1.43 MB,:chart_with_upwards_trend: The Rack Based A/B testing framework,Ruby,https://github.com/splitrb/split,1.43 MB
326,comfortable-mexican-sofa,2707,616,2707,52,29/11/2010,27/05/2024,9.79 MB,ComfortableMexicanSofa is a powerful Ruby on Rails 5.2+ CMS (Content Management System) Engine,Ruby,https://github.com/comfy/comfortable-mexican-sofa,9.79 MB
327,noticed,2704,202,2704,0,27/07/2020,01/10/2026,1.76 MB,Notifications for Ruby on Rails applications,Ruby,https://github.com/excid3/noticed,1.76 MB
328,play,2698,359,2698,35,29/03/2011,06/04/2017,6.66 MB,play ► — your company's dj,Ruby,https://github.com/play/play,6.66 MB
329,homebrew-cask-upgrade,2697,92,2697,16,06/11/2015,30/09/2026,253.00 KB,A command line tool for upgrading every outdated app installed by Homebrew Cask,Ruby,https://github.com/buo/homebrew-cask-upgrade,253.00 KB
330,algorithms,2695,340,2695,16,10/07/2008,28/02/2026,1.01 MB,Ruby algorithms and data structures. C extensions,Ruby,https://github.com/kanwei/algorithms,1.01 MB
331,coverband,2691,170,2691,0,04/11/2013,18/09/2026,29.96 MB,Ruby production code coverage collection and reporting (line of code usage),Ruby,https://github.com/danmayer/coverband,29.96 MB
332,apartment,2682,455,2682,136,26/09/2012,12/06/2024,1.24 MB,Database multi-tenancy for Rack (and Rails) applications,Ruby,https://github.com/influitive/apartment,1.24 MB
333,client_side_validations,2681,395,2681,11,30/01/2011,30/09/2026,2.30 MB,Client Side Validations made easy for Ruby on Rails,Ruby,https://github.com/DavyJonesLocker/client_side_validations,2.30 MB
334,devise_invitable,2674,542,2674,73,09/12/2009,08/10/2026,1.48 MB,An invitation strategy for devise,Ruby,https://github.com/scambra/devise_invitable,1.48 MB
335,pronto,2671,250,2671,15,02/07/2013,30/08/2026,5.45 MB,Quick automated code review of your changes,Ruby,https://github.com/prontolabs/pronto,5.45 MB
336,brew,2653,234,2653,0,23/04/2016,20/02/2019,29.82 MB,:beer::penguin: The Homebrew package manager for Linux,Ruby,https://github.com/Linuxbrew/brew,29.82 MB
337,objc-zen-book,2641,346,2641,10,08/07/2014,22/07/2021,437.00 KB,Zen and the Art of the Objective-C Craftsmanship,Ruby,https://github.com/objc-zen/objc-zen-book,437.00 KB
338,Scumblr,2640,309,2640,38,06/08/2014,10/01/2020,1.87 MB,Web framework that allows performing periodic syncs of data sources and performing analysis on the identified results,Ruby,https://github.com/Netflix-Skunkworks/Scumblr,1.87 MB
339,axlsx,2629,684,2629,218,20/11/2011,21/02/2023,9.62 MB,"    xlsx generation with charts, images, automated column width, customizable styles and full schema validation. Axlsx excels at helping you generate beautiful Office Open XML Spreadsheet documents without having to understand the entire ECMA specification. Check out the README for some examples of how easy it is. Best of all, you can validate your xlsx file before serialization so you know for sure that anything generated is going to load on your client's machine.",Ruby,https://github.com/randym/axlsx,9.62 MB
340,Developing_iOS_8_Apps_With_Swift,2629,464,2629,2,25/01/2015,30/12/2019,7.95 MB,Stanford 公开课，Developing iOS 8 Apps with Swift 字幕翻译,Ruby,https://github.com/X140Yu/Developing_iOS_8_Apps_With_Swift,7.95 MB
341,sucker_punch,2628,108,2628,2,19/01/2013,24/12/2025,301.00 KB,"Sucker Punch is a Ruby asynchronous processing library using concurrent-ruby, heavily influenced by Sidekiq and girl_friday.",Ruby,https://github.com/brandonhilkert/sucker_punch,301.00 KB
342,cupertino,2619,184,2619,0,05/07/2012,20/06/2021,207.00 KB,CLI for the Apple Dev Center,Ruby,https://github.com/nomad-cli/cupertino,207.00 KB
343,git-internals-pdf,2616,200,2616,10,06/09/2013,27/03/2023,44.91 MB,PDF on Git Internals,Ruby,https://github.com/pluralsight/git-internals-pdf,44.91 MB
344,loomio,2610,706,2610,73,08/11/2011,08/10/2026,609.54 MB,Loomio is a collaborative decision-making tool,Ruby,https://github.com/loomio/loomio,609.54 MB
345,xcode-install,2603,249,2603,138,08/04/2015,04/05/2024,587.00 KB,🔽 Install and update your Xcodes,Ruby,https://github.com/xcpretty/xcode-install,587.00 KB
346,betty,2600,210,2600,49,04/05/2014,24/06/2021,634.00 KB,Friendly English-like interface for your command line. Don't remember a command? Ask Betty.,Ruby,https://github.com/pickhardt/betty,634.00 KB
347,jets,2589,180,2589,7,26/10/2017,06/11/2025,16.61 MB,Ruby on Jets,Ruby,https://github.com/rubyonjets/jets,16.61 MB
348,vagrant-aws,2585,565,2585,267,06/02/2013,04/06/2021,420.00 KB,Use Vagrant to manage your EC2 and VPC instances.,Ruby,https://github.com/mitchellh/vagrant-aws,420.00 KB
349,git-up,2583,140,2583,36,06/10/2009,07/11/2017,87.00 KB,NOT MAINTAINED,Ruby,https://github.com/aanand/git-up,87.00 KB
350,our-boxen,2569,851,2569,7,02/10/2012,09/04/2018,100.20 MB,Copy me for your team.,Ruby,https://github.com/boxen/our-boxen,100.20 MB
351,design-patterns-in-ruby,2556,504,2556,0,07/10/2012,13/05/2026,63.00 KB,Examples from the book Design Patterns in Ruby by Russ Olsen.  # ruby 2.2.0,Ruby,https://github.com/design-patterns-in-ruby/design-patterns-in-ruby,63.00 KB
352,fixer,2549,194,2549,19,20/11/2012,03/09/2022,1.30 MB,A foreign exchange rates and currency conversion API,Ruby,https://github.com/fixerAPI/fixer,1.30 MB
353,octopus,2541,497,2541,122,15/05/2010,16/02/2024,1.21 MB,Database Sharding for ActiveRecord,Ruby,https://github.com/thiagopradi/octopus,1.21 MB
354,tty,2529,82,2529,13,30/09/2012,31/12/2022,4.64 MB,Toolkit for developing sleek command line apps.,Ruby,https://github.com/piotrmurach/tty,4.64 MB
355,chromebrew,2521,421,2521,41,05/08/2013,08/10/2026,133.77 MB,Package manager for Chrome OS,Ruby,https://github.com/chromebrew/chromebrew,133.77 MB
356,serverspec,2520,359,2520,2,24/03/2013,30/08/2026,2.04 MB,"RSpec tests for your servers configured by CFEngine, Puppet, Chef, Ansible, Itamae or anything else even by hand",Ruby,https://github.com/mizzy/serverspec,2.04 MB
357,video_transcoding,2518,167,2518,4,06/05/2015,30/08/2026,489.00 KB,"Tools to transcode, inspect and convert videos.",Ruby,https://github.com/lisamelton/video_transcoding,489.00 KB
358,warden,2515,205,2515,22,23/04/2009,04/09/2026,636.00 KB,General Rack Authentication Framework,Ruby,https://github.com/wardencommunity/warden,636.00 KB
359,murder,2509,258,2509,8,21/01/2010,04/01/2017,168.00 KB,Large scale server deploys using BitTorrent and the BitTornado library (NOTE: project no longer maintained),Ruby,https://github.com/lg/murder,168.00 KB
360,videos-pt.br-tecnologia,2507,282,2507,0,31/10/2018,24/03/2025,419.00 KB,Repositório de canais no Youtube BR sobre desenvolvimento,Ruby,https://github.com/lucasgomide/videos-pt.br-tecnologia,419.00 KB
361,apipie-rails,2506,454,2506,232,25/10/2011,02/09/2026,33.25 MB,Ruby on Rails API documentation tool,Ruby,https://github.com/Apipie/apipie-rails,33.25 MB
362,solid_queue,2502,257,2502,31,13/01/2023,12/09/2026,1.17 MB,Database-backed Active Job backend,Ruby,https://github.com/rails/solid_queue,1.17 MB
363,the-ultimate-guide-to-ruby-timeouts,2501,100,2501,0,27/07/2015,07/09/2026,549.00 KB,Timeouts for popular Ruby gems,Ruby,https://github.com/ankane/the-ultimate-guide-to-ruby-timeouts,549.00 KB
364,browser,2496,364,2496,18,16/07/2010,10/06/2025,965.00 KB,Do some browser detection with Ruby. Includes ActionController integration.,Ruby,https://github.com/fnando/browser,965.00 KB
365,reform,2486,180,2486,41,30/04/2013,25/08/2025,1.89 MB,Form objects decoupled from models.,Ruby,https://github.com/trailblazer/reform,1.89 MB
366,poltergeist,2479,407,2479,12,27/10/2011,27/09/2019,1.86 MB,A PhantomJS driver for Capybara,Ruby,https://github.com/teampoltergeist/poltergeist,1.86 MB
367,PokeAssistant,2472,199,2472,2,11/04/2021,20/10/2025,1.32 MB,"Amazing Free Pokétwo Assistant that identifies Pokémons from Pokétwo spawns, pings a role if a legendary spawns and pins them, pings you if your Shiny Hunt Pokémon spawns and other features like Quest Ping! Every features are automated.",Ruby,https://github.com/TrashUwU/PokeAssistant,1.32 MB
368,ISO-3166-Countries-with-Regional-Codes,2471,3270,2471,15,21/04/2011,29/06/2024,193.00 KB,"ISO 3166-1 country lists merged with their UN Geoscheme regional codes in ready-to-use JSON, XML, CSV data sets",Ruby,https://github.com/lukes/ISO-3166-Countries-with-Regional-Codes,193.00 KB
369,ice_cube,2469,356,2469,58,10/03/2010,20/01/2026,4.33 MB,Ruby Date Recurrence Library - Allows easy creation of recurrence rules and fast querying,Ruby,https://github.com/ice-cube-ruby/ice_cube,4.33 MB
370,helpy,2469,489,2469,230,01/04/2015,08/03/2023,88.42 MB,"Helpy is a modern, open source helpdesk customer support application. Features include knowledgebase, community discussions and support tickets integrated with email.",Ruby,https://github.com/helpyio/helpy,88.42 MB
371,rake,2464,649,2464,70,21/05/2014,28/09/2026,3.83 MB,A make-like build utility for Ruby.,Ruby,https://github.com/ruby/rake,3.83 MB
372,async,2460,112,2460,26,06/04/2017,14/09/2026,10.93 MB,An awesome asynchronous event-driven reactor for Ruby.,Ruby,https://github.com/socketry/async,10.93 MB
373,bashly,2460,94,2460,1,19/11/2019,27/09/2026,4.00 MB,Bash command line framework and CLI generator,Ruby,https://github.com/bashly-framework/bashly,4.00 MB
374,iStats,2458,168,2458,32,13/04/2014,29/01/2023,293.00 KB,Ruby gem for your mac stats,Ruby,https://github.com/Chris911/iStats,293.00 KB
375,homesick,2453,128,2453,14,04/03/2010,17/07/2026,468.00 KB,Your home directory is your castle. Don't leave your dotfiles behind.,Ruby,https://github.com/technicalpickles/homesick,468.00 KB
376,sharetribe,2448,1326,2448,3,25/05/2012,11/05/2026,139.99 MB,"Sharetribe Go is Sharetribe's old source-available marketplace software, which was also available as a hosted SaaS product. Sharetribe Go is no longer actively maintained.",Ruby,https://github.com/sharetribe/sharetribe,139.99 MB
377,rufus-scheduler,2446,200,2446,12,01/04/2008,22/06/2026,1.85 MB,"scheduler for Ruby (at, in, cron and every jobs)",Ruby,https://github.com/jmettraux/rufus-scheduler,1.85 MB
378,Xcodeproj,2444,489,2444,202,07/11/2011,06/07/2026,4.07 MB,Create and modify Xcode projects from Ruby.,Ruby,https://github.com/CocoaPods/Xcodeproj,4.07 MB
379,rubygems.org,2441,1028,2441,100,29/01/2009,09/10/2026,29.76 MB,The Ruby community's gem hosting service.,Ruby,https://github.com/rubygems/rubygems.org,29.76 MB
380,web-app-theme,2440,383,2440,34,18/01/2009,01/03/2024,1.25 MB,A simple theme for web apps,Ruby,https://github.com/gravityblast/web-app-theme,1.25 MB
381,redmine,2437,661,2437,24,02/06/2008,10/04/2022,85.13 MB,Redmine is a flexible project management web application written using Ruby on Rails framework.  http://github.com/edavis10/redmine is the official git mirror of the svn repository,Ruby,https://github.com/edavis10/redmine,85.13 MB
382,refile,2434,294,2434,26,19/11/2014,01/07/2024,958.00 KB,"Ruby file uploads, take 3",Ruby,https://github.com/refile/refile,958.00 KB
383,discard,2425,94,2425,0,19/04/2017,22/06/2026,114.00 KB,🃏🗑 Soft deletes for ActiveRecord done right,Ruby,https://github.com/jhawthorn/discard,114.00 KB
384,goliath,2423,214,2423,33,06/01/2011,08/10/2023,1010.00 KB,Goliath is a non-blocking Ruby web server framework,Ruby,https://github.com/postrank-labs/goliath,1010.00 KB
385,premailer,2417,362,2417,96,26/11/2009,07/10/2026,1.08 MB,Preflight for HTML email,Ruby,https://github.com/premailer/premailer,1.08 MB
386,awesome_nested_set,2410,488,2410,3,21/02/2008,27/04/2026,683.00 KB,An awesome replacement for acts_as_nested_set and better_nested_set.,Ruby,https://github.com/collectiveidea/awesome_nested_set,683.00 KB
387,teamocil,2409,101,2409,22,05/02/2011,10/03/2021,208.00 KB,There's no I in Teamocil. At least not where you think. Teamocil is a simple tool used to automatically create windows and panes in tmux with YAML files.,Ruby,https://github.com/remi/teamocil,208.00 KB
388,coltrane,2402,69,2402,14,30/05/2017,29/01/2025,26.42 MB,🎹🎸A music theory library with a command-line interface,Ruby,https://github.com/pedrozath/coltrane,26.42 MB
389,turbo-rails,2396,362,2396,128,02/12/2020,01/07/2026,2.42 MB,Use Turbo in your Ruby on Rails app,Ruby,https://github.com/hotwired/turbo-rails,2.42 MB
390,vagrant-libvirt,2391,516,2391,142,26/03/2013,17/08/2024,4.08 MB,Vagrant provider for libvirt.,Ruby,https://github.com/vagrant-libvirt/vagrant-libvirt,4.08 MB
391,best-ruby,2382,212,2382,6,31/10/2015,12/04/2023,1.29 MB,"Ruby Tricks, Idiomatic Ruby, Refactoring and Best Practices",Ruby,https://github.com/franzejr/best-ruby,1.29 MB
392,squeel,2378,207,2378,81,09/04/2011,29/03/2022,622.00 KB,"Active Record, improved. Live again :)",Ruby,https://github.com/activerecord-hackery/squeel,622.00 KB
393,countries,2364,679,2364,22,18/12/2009,05/09/2026,13.51 MB,"All sorts of useful information about every country packaged as convenient little country objects. It includes data from ISO 3166 (countries and states/subdivisions ), ISO 4217 (currency), and E.164 (phone numbers).",Ruby,https://github.com/countries/countries,13.51 MB
394,one_gadget,2359,150,2359,0,07/02/2017,07/10/2026,23.63 MB,The best tool for finding one gadget RCE in libc.so.6,Ruby,https://github.com/david942j/one_gadget,23.63 MB
395,stimulus_reflex,2335,172,2335,18,14/10/2018,13/09/2026,5.78 MB,Build reactive applications with the Rails tooling you already know and love.,Ruby,https://github.com/stimulusreflex/stimulus_reflex,5.78 MB
396,que,2326,195,2326,62,30/10/2013,08/09/2026,2.21 MB,A Ruby job queue that uses PostgreSQL's advisory locks for speed and reliability.,Ruby,https://github.com/que-rb/que,2.21 MB
397,html-pipeline,2323,385,2323,2,01/08/2012,02/06/2026,42.83 MB,HTML processing filters and utilities,Ruby,https://github.com/gjtorikian/html-pipeline,42.83 MB
398,jsonapi-resources,2322,547,2322,262,29/03/2014,09/10/2026,3.58 MB,A resource-focused Rails library for developing JSON:API compliant servers.,Ruby,https://github.com/JSONAPI-Resources/jsonapi-resources,3.58 MB
399,engine,2320,613,2320,101,22/07/2010,07/08/2025,31.41 MB,"A platform to create, publish and edit sites",Ruby,https://github.com/locomotivecms/engine,31.41 MB
400,minicron,2318,150,2318,45,03/02/2014,16/05/2021,10.56 MB,🕰️ Monitor your cron jobs,Ruby,https://github.com/jamesrwhite/minicron,10.56 MB
401,sorcery,2299,373,2299,75,29/01/2011,29/12/2016,2.63 MB,Magical authentication for Rails 3 & 4,Ruby,https://github.com/NoamB/sorcery,2.63 MB
402,homebrew-apple,2281,95,2281,0,18/05/2023,15/06/2024,13.00 KB,,Ruby,https://github.com/apple/homebrew-apple,13.00 KB
403,thin,2275,343,2275,21,19/01/2008,15/07/2026,2.01 MB,A very fast & simple Ruby web server,Ruby,https://github.com/macournoyer/thin,2.01 MB
404,mysql2,2273,562,2273,78,31/03/2010,09/09/2026,2.46 MB,"A modern, simple and very fast Mysql library for Ruby - binding to libmysql",Ruby,https://github.com/brianmario/mysql2,2.46 MB
405,otwarchive,2265,863,2265,148,07/02/2011,02/10/2026,69.82 MB,The Organization for Transformative Works (OTW) - Archive Of Our Own (AO3) Project,Ruby,https://github.com/otwcode/otwarchive,69.82 MB
406,pay,2257,358,2257,0,01/02/2017,06/10/2026,8.37 MB,Payments for Ruby on Rails apps,Ruby,https://github.com/pay-rails/pay,8.37 MB
407,karafka,2251,187,2251,84,30/07/2015,08/10/2026,11.46 MB,Ruby and Rails efficient Kafka processing framework,Ruby,https://github.com/karafka/karafka,11.46 MB
408,request-log-analyzer,2236,187,2236,22,25/07/2008,18/11/2020,1.47 MB,"Create reports based on your log files. Supports Rails, Apache, MySQL, Delayed::Job, and other formats.",Ruby,https://github.com/wvanbergen/request-log-analyzer,1.47 MB
409,sneakers,2235,319,2235,59,09/10/2013,26/06/2024,1.50 MB,A fast background processing framework for Ruby and RabbitMQ,Ruby,https://github.com/jondot/sneakers,1.50 MB
410,machine-learning-with-ruby,2228,184,2228,7,20/04/2017,26/12/2024,472.00 KB,Curated list: Resources for machine learning in Ruby,Ruby,https://github.com/arbox/machine-learning-with-ruby,472.00 KB
411,awesome-space,2227,208,2227,11,17/06/2019,07/10/2026,257.00 KB,🛰️🚀A list of awesome space-related packages and resources maintained by The Orbital Index,Ruby,https://github.com/orbitalindex/awesome-space,257.00 KB
412,ckeditor,2223,858,2223,16,23/06/2011,23/01/2025,10.15 MB,Ckeditor 4.x integration gem for rails,Ruby,https://github.com/galetahub/ckeditor,10.15 MB
413,god,2219,508,2219,123,13/01/2008,29/03/2024,2.58 MB,Ruby process monitor,Ruby,https://github.com/mojombo/god,2.58 MB
414,legacy-linuxbrew,2212,293,2212,0,04/04/2013,28/09/2017,67.99 MB,":skull: This repository is defunct, because it has been split into https://github.com/Linuxbrew/brew and https://github.com/Linuxbrew/homebrew-core",Ruby,https://github.com/Linuxbrew/legacy-linuxbrew,67.99 MB
415,mutant,2207,161,2207,127,23/07/2012,02/10/2026,6.37 MB,Mutation testing for Ruby. AI writes your code. AI writes your tests. But who tests the tests?,Ruby,https://github.com/mbj/mutant,6.37 MB
416,shoulda,2204,182,2204,3,14/04/2008,23/05/2025,1.31 MB,Makes tests easy on the fingers and the eyes,Ruby,https://github.com/thoughtbot/shoulda,1.31 MB
417,rswag,2203,453,2203,26,12/01/2015,24/08/2026,9.08 MB,Seamlessly adds a Swagger to Rails-based API's,Ruby,https://github.com/rswag/rswag,9.08 MB
418,xerosploit,2202,655,2202,289,30/07/2016,23/03/2023,795.00 KB,Efficient and advanced man in the middle framework,Ruby,https://github.com/LionSec/xerosploit,795.00 KB
419,rpush,2202,382,2202,39,02/01/2013,01/07/2025,27.09 MB,The push notification service for Ruby.,Ruby,https://github.com/rpush/rpush,27.09 MB
420,api-umbrella,2201,373,2201,256,30/08/2012,26/09/2026,31.17 MB,Open source API management platform,Ruby,https://github.com/NatLabRockies/api-umbrella,31.17 MB
421,manyfold,2196,145,2196,523,05/02/2021,08/10/2026,28.70 MB,A self-hosted digital asset manager for 3d print files.,Ruby,https://github.com/manyfold3d/manyfold,28.70 MB
422,stackprof,2195,135,2195,59,10/10/2013,24/03/2026,349.00 KB,a sampling call-stack profiler for ruby 2.2+,Ruby,https://github.com/tmm1/stackprof,349.00 KB
423,pact-ruby,2192,219,2192,3,26/11/2013,05/10/2026,6.44 MB,"Enables consumer driven contract testing, providing a mock service and DSL for the consumer project, and interaction playback and verification for the service provider project.",Ruby,https://github.com/pact-foundation/pact-ruby,6.44 MB
424,logstash-patterns-core,2186,960,2186,87,02/11/2014,29/07/2026,300.00 KB,,Ruby,https://github.com/logstash-plugins/logstash-patterns-core,300.00 KB
425,rbs,2183,258,2183,219,10/03/2019,08/10/2026,14.41 MB,The type signature language for Ruby,Ruby,https://github.com/ruby/rbs,14.41 MB
426,oauth2,2180,627,2180,3,22/04/2010,29/09/2026,3.80 MB,"🔐 oauth2 - A Ruby wrapper for the OAuth 2.0, & 2.1 Authorization Frameworks, including OpenID Connect (OIDC)",Ruby,https://github.com/ruby-oauth/oauth2,3.80 MB
427,delayed_job,2176,1233,2176,48,17/02/2008,07/11/2020,4.72 MB,Database backed asynchronous priority queue -- Extracted from Shopify ,Ruby,https://github.com/tobi/delayed_job,4.72 MB
428,staytus,2173,276,2173,61,19/02/2015,19/01/2023,522.00 KB,💡 An open source solution for publishing the status of your services,Ruby,https://github.com/adamcooke/staytus,522.00 KB
429,config,2169,231,2169,25,21/03/2010,28/07/2026,779.00 KB,"Easiest way to add multi-environment yaml settings to Rails, Sinatra, Padrino and other Ruby projects.",Ruby,https://github.com/rubyconfig/config,779.00 KB
430,stripe-ruby,2169,687,2169,25,25/06/2011,08/10/2026,120.54 MB,Ruby library for the Stripe API.    ,Ruby,https://github.com/stripe/stripe-ruby,120.54 MB
431,motor-admin,2165,171,2165,22,06/08/2021,30/05/2024,545.00 KB,"Deploy a no-code admin panel for any application in less than a minute. Search, create, update, and delete data entries, create custom actions, and build reports.",Ruby,https://github.com/motor-admin/motor-admin,545.00 KB
432,hologram,2162,201,2162,43,04/04/2013,10/08/2023,2.64 MB,A markdown based documentation system for style guides.,Ruby,https://github.com/trulia/hologram,2.64 MB
433,nanoc,2159,251,2159,17,17/07/2009,28/09/2026,14.82 MB,A powerful web publishing system,Ruby,https://github.com/nanoc/nanoc,14.82 MB
434,i18n-tasks,2158,283,2158,67,23/06/2013,07/10/2026,3.17 MB,"Manage translation and localization with static analysis, for Ruby i18n",Ruby,https://github.com/glebm/i18n-tasks,3.17 MB
435,globalize,2156,500,2156,11,30/07/2010,16/09/2026,1.71 MB,Rails I18n de-facto standard library for ActiveRecord model/data translation.,Ruby,https://github.com/globalize/globalize,1.71 MB
436,rspec-rails-examples,2148,308,2148,39,18/11/2014,26/07/2020,387.00 KB,RSpec cheatsheet & Rails app: Learn how to expertly test Rails apps from a model codebase,Ruby,https://github.com/eliotsykes/rspec-rails-examples,387.00 KB
437,active_interaction,2148,147,2148,27,26/06/2013,28/11/2025,1.94 MB,:briefcase: Manage application specific business logic.,Ruby,https://github.com/AaronLasseigne/active_interaction,1.94 MB
438,zeitwerk,2141,129,2141,0,11/01/2019,30/08/2026,1.03 MB,Efficient and thread-safe code loader for Ruby,Ruby,https://github.com/fxn/zeitwerk,1.03 MB
439,ffi,2129,348,2129,163,05/08/2009,26/09/2026,5.60 MB,Ruby FFI,Ruby,https://github.com/ffi/ffi,5.60 MB
440,shoryuken,2125,286,2125,19,02/09/2014,01/10/2026,2.47 MB,A super efficient Amazon SQS thread based message processor for Ruby.,Ruby,https://github.com/ruby-shoryuken/shoryuken,2.47 MB
441,greasyfork,2122,573,2122,10,18/02/2014,08/10/2026,23.41 MB,An online repository of user scripts.,Ruby,https://github.com/greasyfork-org/greasyfork,23.41 MB
442,counter_culture,2119,224,2119,3,24/05/2012,08/07/2026,893.00 KB,Turbo-charged counter caches for your Rails app.,Ruby,https://github.com/magnusvk/counter_culture,893.00 KB
443,ghi,2116,132,2116,84,22/04/2009,03/03/2022,1.09 MB,"GitHub Issues on the command line. Use your $EDITOR, not your browser.",Ruby,https://github.com/stephencelis/ghi,1.09 MB
444,awesome-web-desktops,2112,123,2112,1,08/10/2019,08/10/2026,2.27 MB,"Websites, web apps, portfolios that look like desktop operating systems",Ruby,https://github.com/syxanash/awesome-web-desktops,2.27 MB
445,SiriProxy,2112,336,2112,22,19/11/2011,30/09/2016,4.81 MB,A (tampering) proxy server for Apple's Siri,Ruby,https://github.com/plamoni/SiriProxy,4.81 MB
446,rom,2107,170,2107,27,15/06/2013,05/10/2026,8.49 MB,Data mapping and persistence toolkit for Ruby,Ruby,https://github.com/hanakai-rb/rom,8.49 MB
447,dragonfly,2105,241,2105,71,29/08/2009,21/07/2026,6.60 MB,"A Ruby gem for on-the-fly processing - suitable for image uploading in Rails, Sinatra and much more!",Ruby,https://github.com/markevans/dragonfly,6.60 MB
448,feedjira,2101,367,2101,19,16/01/2009,14/09/2026,4.04 MB,A feed parsing library,Ruby,https://github.com/feedjira/feedjira,4.04 MB
449,dinghy,2100,105,2100,33,05/11/2014,16/04/2019,419.00 KB,"faster, friendlier Docker on OS X. Deprecated.",Ruby,https://github.com/codekitchen/dinghy,419.00 KB
450,app-host,2097,417,2097,41,23/12/2017,19/01/2023,10.57 MB,应用内网发布 | iOS OTA (Over-the-Air) | APP publish website like fir.im  | 适用于企业 iOS & Android 内网发布测试使用，方便管理和分发 APP 包,Ruby,https://github.com/pluosi/app-host,10.57 MB
451,dexter,2095,57,2095,2,24/06/2017,15/08/2026,493.00 KB,The automatic indexer for Postgres,Ruby,https://github.com/ankane/dexter,493.00 KB
452,redis-objects,2092,231,2092,17,10/11/2009,23/09/2026,795.00 KB,Map Redis types directly to Ruby objects,Ruby,https://github.com/nateware/redis-objects,795.00 KB
453,rxswift-to-combine-cheatsheet,2090,128,2090,8,08/06/2019,20/01/2026,8.12 MB,RxSwift to Apple’s Combine Cheat Sheet,Ruby,https://github.com/CombineCommunity/rxswift-to-combine-cheatsheet,8.12 MB
454,prmd,2089,169,2089,75,19/12/2013,06/02/2025,536.00 KB,JSON Schema tools and doc generation for HTTP APIs,Ruby,https://github.com/interagent/prmd,536.00 KB
455,savon,2086,610,2086,9,02/07/2009,02/10/2026,3.58 MB,Heavy metal SOAP client,Ruby,https://github.com/savonrb/savon,3.58 MB
456,markdownlint,2085,248,2085,109,01/06/2014,01/10/2026,655.00 KB,Markdown lint tool,Ruby,https://github.com/markdownlint/markdownlint,655.00 KB
457,git-deploy,2081,128,2081,18,08/09/2009,22/03/2019,80.00 KB,git deployment made easy,Ruby,https://github.com/mislav/git-deploy,80.00 KB
458,acts_as_list,2079,357,2079,1,05/02/2011,22/06/2026,764.00 KB,An ActiveRecord plugin for managing lists.,Ruby,https://github.com/brendon/acts_as_list,764.00 KB
459,bosh,2079,663,2079,34,02/04/2012,08/10/2026,551.75 MB,"Cloud Foundry BOSH is an open source tool chain for release engineering, deployment and lifecycle management of large scale distributed services.",Ruby,https://github.com/cloudfoundry/bosh,551.75 MB
460,her,2070,323,2070,115,08/04/2012,17/05/2024,1.12 MB,Her is an ORM (Object Relational Mapper) that maps REST resources to Ruby objects. It is designed to build applications that are powered by a RESTful API instead of a database.,Ruby,https://github.com/remi/her,1.12 MB
461,ci,2066,92,2066,0,14/12/2017,13/09/2018,3.36 MB,"Open source, self hosted, mobile optimized CI powered by fastlane",Ruby,https://github.com/fastlane/ci,3.36 MB
462,tesla-api,2066,533,2066,23,03/02/2013,04/03/2026,1.00 MB,"🚘 A Ruby gem and unofficial documentation of Tesla's JSON API for the Model S, 3, X, and Y.",Ruby,https://github.com/timdorr/tesla-api,1.00 MB
463,ferrum,2061,170,2061,11,23/07/2019,05/10/2026,1.48 MB,Headless Chrome Ruby API,Ruby,https://github.com/rubycdp/ferrum,1.48 MB
464,synapse,2060,248,2060,46,09/11/2012,21/10/2023,915.00 KB,A transparent service discovery framework for connecting an SOA,Ruby,https://github.com/airbnb/synapse,915.00 KB
465,responders,2058,162,2058,11,02/12/2009,06/10/2026,459.00 KB,A set of Rails responders to dry up your application,Ruby,https://github.com/heartcombo/responders,459.00 KB
466,sanitize,2057,143,2057,2,25/12/2008,23/08/2026,2.02 MB,Ruby HTML and CSS sanitizer.,Ruby,https://github.com/rgrove/sanitize,2.02 MB
467,knock,2052,254,2052,61,13/07/2015,21/03/2021,174.00 KB,Seamless JWT authentication for Rails API,Ruby,https://github.com/nsarno/knock,174.00 KB
468,test-prof,2050,174,2050,7,18/05/2017,08/09/2026,19.03 MB,Ruby Tests Profiling Toolbox,Ruby,https://github.com/test-prof/test-prof,19.03 MB
469,fui,2045,178,2045,10,22/01/2014,12/04/2026,91.00 KB,Find unused Objective-C imports.,Ruby,https://github.com/dblock/fui,91.00 KB
470,grit,2042,508,2042,67,29/10/2007,17/08/2023,7.77 MB,**Grit is no longer maintained. Check out libgit2/rugged.** Grit gives you object oriented read/write access to Git repositories via Ruby.,Ruby,https://github.com/mojombo/grit,7.77 MB
471,ruby-lsp,2039,284,2039,144,25/02/2022,08/10/2026,72.42 MB,An opinionated language server for Ruby,Ruby,https://github.com/Shopify/ruby-lsp,72.42 MB
472,ruby-prof,2034,210,2034,4,14/11/2009,22/06/2026,3.01 MB,A ruby profiler.  See https://ruby-prof.github.io for more information.,Ruby,https://github.com/ruby-prof/ruby-prof,3.01 MB
473,pry-byebug,2030,147,2030,51,02/05/2013,18/05/2026,578.00 KB,Step-by-step debugging and stack navigation in Pry,Ruby,https://github.com/deivid-rodriguez/pry-byebug,578.00 KB
474,ruboto,2030,161,2030,81,17/06/2010,15/05/2023,114.94 MB,A platform for developing apps using JRuby on Android.,Ruby,https://github.com/ruboto/ruboto,114.94 MB
475,attr_encrypted,2017,418,2017,84,08/01/2009,12/10/2025,424.00 KB,Generates attr_accessors that encrypt and decrypt attributes,Ruby,https://github.com/attr-encrypted/attr_encrypted,424.00 KB
476,yard,2010,433,2010,16,26/02/2008,25/08/2026,9.25 MB,"YARD is a Ruby Documentation tool. The Y stands for ""Yay!""",Ruby,https://github.com/lsegal/yard,9.25 MB
477,solargraph,2009,167,2009,265,18/03/2017,08/10/2026,34.79 MB,A Ruby language server.,Ruby,https://github.com/castwide/solargraph,34.79 MB
478,recaptcha,2006,437,2006,50,11/04/2008,19/06/2026,822.00 KB,ReCaptcha helpers for ruby apps,Ruby,https://github.com/ambethia/recaptcha,822.00 KB
479,redis-stat,2006,334,2006,24,22/07/2012,12/12/2016,2.06 MB,(UNMAINTAINED) A real-time Redis monitoring tool,Ruby,https://github.com/junegunn/redis-stat,2.06 MB
480,langchainrb,2001,265,2001,74,18/04/2023,09/09/2026,3.05 MB,Build LLM-powered applications in Ruby,Ruby,https://github.com/patterns-ai-core/langchainrb,3.05 MB
481,rqrcode,2001,242,2001,0,03/04/2008,01/06/2026,595.00 KB,A Ruby library that encodes QR Codes,Ruby,https://github.com/whomwah/rqrcode,595.00 KB
482,trestle,1992,175,1992,122,11/09/2016,25/09/2025,16.78 MB,"A modern, responsive admin framework for Ruby on Rails",Ruby,https://github.com/TrestleAdmin/trestle,16.78 MB
483,remote-in-japan,1990,318,1990,7,04/09/2015,03/10/2026,14.00 MB,Tech companies in Japan that hire remote workers.,Ruby,https://github.com/remote-jp/remote-in-japan,14.00 MB
484,ciao,1983,109,1983,2,15/07/2019,16/07/2026,3.04 MB,HTTP checks & tests (private & public) monitoring - check the status of your URL,Ruby,https://github.com/brotandgames/ciao,3.04 MB
485,elasticsearch-ruby,1976,616,1976,29,03/05/2013,05/10/2026,19.21 MB,Ruby integrations for Elasticsearch,Ruby,https://github.com/elastic/elasticsearch-ruby,19.21 MB
486,identity_cache,1969,175,1969,43,28/02/2013,24/08/2026,1.42 MB,"IdentityCache is a blob level caching solution to plug into Active Record. Don't #find, #fetch!",Ruby,https://github.com/Shopify/identity_cache,1.42 MB
487,nifty-generators,1967,276,1967,64,06/05/2008,11/12/2021,376.00 KB,A collection of useful Rails generator scripts.,Ruby,https://github.com/ryanb/nifty-generators,376.00 KB
488,illacceptanything,1961,590,1961,26,07/04/2015,20/04/2026,1.51 GB,The project where literally anything* goes.,Ruby,https://github.com/illacceptanything/illacceptanything,1.51 GB
489,frankfurter,1960,185,1960,3,08/03/2018,02/10/2026,33.53 MB,💱 Currency data API,Ruby,https://github.com/lineofflight/frankfurter,33.53 MB
490,listen,1959,254,1959,23,10/01/2012,01/10/2026,1.63 MB,The Listen gem listens to file modifications and notifies you about the changes.,Ruby,https://github.com/guard/listen,1.63 MB
491,capybara-webkit,1956,417,1956,30,25/02/2011,03/03/2020,1.60 MB,A Capybara driver for headless WebKit to test JavaScript web apps,Ruby,https://github.com/thoughtbot/capybara-webkit,1.60 MB
492,gitsh,1955,103,1955,40,02/11/2013,07/04/2024,6.17 MB,An interactive shell for git,Ruby,https://github.com/thoughtbot/gitsh,6.17 MB
493,sidekiq-cron,1945,303,1945,3,25/08/2013,27/05/2026,1.20 MB,Scheduler / Cron for Sidekiq jobs,Ruby,https://github.com/sidekiq-cron/sidekiq-cron,1.20 MB
494,closure_tree,1944,246,1944,74,18/05/2011,06/10/2026,1.41 MB,Easily and efficiently make your ActiveRecord models support hierarchies,Ruby,https://github.com/ClosureTree/closure_tree,1.41 MB
495,tilt,1944,225,1944,0,29/01/2009,13/05/2026,993.00 KB,Generic interface to multiple Ruby template engines,Ruby,https://github.com/rtomayko/tilt,993.00 KB
496,rodauth,1943,110,1943,0,12/08/2015,06/10/2026,5.85 MB,Ruby's Most Advanced Authentication Framework,Ruby,https://github.com/jeremyevans/rodauth,5.85 MB
497,shopify_app,1933,739,1933,59,09/10/2008,22/09/2026,6.76 MB,A Rails Engine for building Shopify Apps,Ruby,https://github.com/Shopify/shopify_app,6.76 MB
498,pdf-reader,1931,289,1931,65,03/06/2008,13/08/2026,27.26 MB,The PDF::Reader library implements a PDF parser conforming as much as possible to the PDF specification from Adobe.,Ruby,https://github.com/yob/pdf-reader,27.26 MB
499,slacktyping,1927,58,1927,0,25/04/2018,27/04/2018,487.00 KB,i'm typing when you're typing,Ruby,https://github.com/will/slacktyping,487.00 KB
500,joss,1925,217,1925,120,24/01/2016,07/10/2026,30.55 MB,The Journal of Open Source Software,Ruby,https://github.com/openjournals/joss,30.55 MB
501,active_record_doctor,1923,71,1923,29,13/02/2016,07/10/2026,446.00 KB,Identify database issues before they hit production.,Ruby,https://github.com/gregnavis/active_record_doctor,446.00 KB
502,packwerk,1922,122,1922,36,23/09/2020,26/08/2026,11.92 MB,Good things come in small packages.,Ruby,https://github.com/Shopify/packwerk,11.92 MB
503,prosopite,1915,60,1915,28,17/02/2021,07/06/2026,74.00 KB,Rails N+1 queries auto-detection with zero false positives / false negatives,Ruby,https://github.com/charkost/prosopite,74.00 KB
504,statesman,1911,158,1911,23,05/09/2013,08/10/2026,1.28 MB,A statesmanlike state machine library.,Ruby,https://github.com/gocardless/statesman,1.28 MB
505,Red-Teaming-TTPs,1910,246,1910,0,16/08/2021,09/09/2026,57.47 MB,"Useful Techniques, Tactics, and Procedures for red teamers and defenders, alike!",Ruby,https://github.com/RoseSecurity/Red-Teaming-TTPs,57.47 MB
506,maid,1910,86,1910,46,21/05/2011,10/09/2026,892.00 KB,"Be lazy.  Let Maid clean up after you, based on rules you define.  Think of it as ""Hazel for hackers"".",Ruby,https://github.com/maid/maid,892.00 KB
507,chewy,1900,375,1900,4,09/12/2013,07/10/2026,2.67 MB,High-level Elasticsearch Ruby framework based on the official elasticsearch-ruby client,Ruby,https://github.com/toptal/chewy,2.67 MB
508,hamster,1897,93,1897,16,21/10/2009,30/11/2021,2.83 MB,"Efficient, Immutable, Thread-Safe Collection classes for Ruby",Ruby,https://github.com/hamstergem/hamster,2.83 MB
509,money-rails,1893,387,1893,12,26/03/2012,29/09/2026,1.06 MB,Integration of RubyMoney - Money with Rails,Ruby,https://github.com/RubyMoney/money-rails,1.06 MB
510,asset_sync,1892,331,1892,62,30/07/2011,30/09/2026,779.00 KB,Synchronises Assets between Rails and S3,Ruby,https://github.com/AssetSync/asset_sync,779.00 KB
511,test-kitchen,1892,576,1892,24,25/04/2012,01/10/2026,8.67 MB,Test Kitchen is an integration tool for developing and testing infrastructure code and software on isolated target platforms,Ruby,https://github.com/test-kitchen/test-kitchen,8.67 MB
512,github-services,1890,1250,1890,0,14/05/2010,31/01/2019,97.16 MB,Legacy GitHub Services Integration,Ruby,https://github.com/github/github-services,97.16 MB
513,bullet_train,1889,303,1889,99,07/03/2022,29/09/2026,6.73 MB,The Open Source Ruby on Rails SaaS Template,Ruby,https://github.com/bullet-train-co/bullet_train,6.73 MB
514,did_you_mean,1881,113,1881,7,02/02/2014,23/06/2026,2.06 MB,The gem that has been saving people from typos since 2014,Ruby,https://github.com/ruby/did_you_mean,2.06 MB
515,wordmove,1879,168,1879,27,30/11/2011,22/06/2026,961.00 KB,Multi-stage command line deploy/mirroring and task runner for Wordpress,Ruby,https://github.com/welaika/wordmove,961.00 KB
516,authentication-zero,1874,66,1874,19,14/02/2022,05/12/2024,529.00 KB,An authentication system generator for Rails applications. ,Ruby,https://github.com/lazaronixon/authentication-zero,529.00 KB
517,pages-gem,1874,362,1874,106,08/08/2013,10/09/2026,1.51 MB,A simple Ruby Gem to bootstrap dependencies for setting up and maintaining a local Jekyll environment in sync with GitHub Pages,Ruby,https://github.com/github/pages-gem,1.51 MB
518,rime-auto-deploy,1870,102,1870,5,06/04/2023,18/12/2024,2.56 MB,Rime输入法安装脚本，让一切更轻松。Make using Rime easy. ,Ruby,https://github.com/Mark24Code/rime-auto-deploy,2.56 MB
519,deployinator,1861,155,1861,5,29/07/2011,27/09/2019,1.40 MB,Deployinate!,Ruby,https://github.com/etsy/deployinator,1.40 MB
520,lhm,1849,193,1849,35,04/05/2011,09/07/2026,457.00 KB,Online MySQL schema migrations,Ruby,https://github.com/soundcloud/lhm,457.00 KB
521,retire,1847,517,1847,96,07/02/2011,18/04/2018,4.88 MB,A rich Ruby API and DSL for the Elasticsearch search engine,Ruby,https://github.com/karmi/retire,4.88 MB
522,teambox,1837,395,1837,15,28/08/2009,06/05/2013,42.52 MB,"This is the legacy version of Teambox - the award-winning collaboration solution, inspired by Basecamp, Yammer and Twitter.",Ruby,https://github.com/redbooth/teambox,42.52 MB
523,roar,1836,136,1836,18,01/01/2011,17/01/2023,1.07 MB,Parse and render REST API documents using representers.,Ruby,https://github.com/trailblazer/roar,1.07 MB
524,decidim,1830,487,1830,391,17/08/2016,08/10/2026,319.03 MB,The participatory democracy framework. A generator and multiple gems made with Ruby on Rails,Ruby,https://github.com/decidim/decidim,319.03 MB
525,homoiconic,1828,108,1828,12,28/10/2008,23/02/2018,6.25 MB,An experiment in publishing code and words about code on a small scale.,Ruby,https://github.com/raganwald-deprecated/homoiconic,6.25 MB
526,india,1823,414,1823,65,21/09/2020,06/10/2026,1.60 MB,GitHub resources and information for the developer community in India,Ruby,https://github.com/github/india,1.60 MB
527,real-world-rails,1823,148,1823,84,02/05/2015,10/05/2026,12.61 MB,Real World Rails applications and their open source codebases for developers to learn from,Ruby,https://github.com/eliotsykes/real-world-rails,12.61 MB
528,fasterer,1822,75,1822,10,17/02/2015,14/06/2024,218.00 KB,:zap: Don't make your Rubies go fast. Make them go fasterer ™. :zap: ,Ruby,https://github.com/DamirSvrtan/fasterer,218.00 KB
529,um,1819,43,1819,7,26/12/2015,26/05/2021,93.00 KB,Create and maintain your own man pages so you can remember how to do stuff,Ruby,https://github.com/sinclairtarget/um,93.00 KB
530,snibox,1813,116,1813,43,02/01/2018,12/12/2022,916.00 KB,Self-hosted snippet manager,Ruby,https://github.com/snibox/snibox,916.00 KB
531,zen-rails-security-checklist,1813,143,1813,1,10/04/2017,09/03/2020,82.00 KB,Checklist of security precautions for Ruby on Rails applications.,Ruby,https://github.com/brunofacca/zen-rails-security-checklist,82.00 KB
532,Generamba,1810,176,1810,35,04/11/2015,24/05/2023,793.00 KB,This codegenerator is too brilliant to be real!,Ruby,https://github.com/strongself/Generamba,793.00 KB
533,avo,1810,317,1810,156,26/04/2020,08/10/2026,32.20 MB,The Essential Toolkit for building Internal Tools and admin panels with Ruby on Rails,Ruby,https://github.com/avo-hq/avo,32.20 MB
534,XXEinjector,1806,324,1806,0,16/05/2015,01/12/2024,94.00 KB,Tool for automatic exploitation of XXE vulnerability using direct and different out of band methods.,Ruby,https://github.com/enjoiz/XXEinjector,94.00 KB
535,homebrew-openjdk,1803,94,1803,4,25/03/2018,07/09/2023,374.00 KB,AdoptOpenJDK HomeBrew Tap,Ruby,https://github.com/AdoptOpenJDK/homebrew-openjdk,374.00 KB
536,workflow,1802,205,1802,13,23/01/2009,16/10/2025,481.00 KB,Ruby finite-state-machine-inspired API for modeling workflow,Ruby,https://github.com/geekq/workflow,481.00 KB
537,LicenseFinder,1799,351,1799,150,17/01/2011,22/07/2024,5.69 MB,Find licenses for your project's dependencies.,Ruby,https://github.com/pivotal/LicenseFinder,5.69 MB
538,ruby-git,1799,527,1799,38,27/01/2008,02/10/2026,7.02 MB,"Ruby/Git is a Ruby library that can be used to create, read and manipulate Git repositories by wrapping system calls to the git binary.",Ruby,https://github.com/ruby-git/ruby-git,7.02 MB
539,decent_exposure,1798,107,1798,9,12/01/2010,11/04/2023,448.00 KB,A helper for creating declarative interfaces in controllers,Ruby,https://github.com/hashrocket/decent_exposure,448.00 KB
540,twurl,1797,296,1797,14,18/10/2009,20/07/2023,209.00 KB,OAuth-enabled curl for the Twitter API,Ruby,https://github.com/twitter/twurl,209.00 KB
541,innodb_ruby,1796,326,1796,21,11/11/2012,28/04/2026,40.52 MB,"A parser for InnoDB file formats, in Ruby",Ruby,https://github.com/jeremycole/innodb_ruby,40.52 MB
542,MacRuby,1793,188,1793,87,10/10/2010,03/01/2015,60.01 MB,"MacRuby is an implementation of Ruby 1.9 directly on top of Mac OS X core technologies such as the Objective-C runtime and garbage collector, the LLVM compiler infrastructure and the Foundation and ICU frameworks.",Ruby,https://github.com/MacRuby/MacRuby,60.01 MB
543,calabash-ios,1791,358,1791,120,03/03/2012,04/07/2023,163.49 MB,Calabash for iOS,Ruby,https://github.com/calabash/calabash-ios,163.49 MB
544,kramdown,1782,278,1782,19,30/11/2008,31/01/2026,3.36 MB,"kramdown is a fast, pure Ruby Markdown superset converter, using a strict syntax definition and supporting several common extensions.",Ruby,https://github.com/gettalong/kramdown,3.36 MB
545,nested_form,1781,500,1781,83,12/01/2010,11/12/2021,420.00 KB,Rails plugin to conveniently handle multiple models in a single form.,Ruby,https://github.com/ryanb/nested_form,420.00 KB
546,google-drive-ruby,1776,502,1776,69,29/04/2012,08/08/2024,789.00 KB,A Ruby library to read/write files/spreadsheets in Google Drive/Docs.,Ruby,https://github.com/gimite/google-drive-ruby,789.00 KB
547,benchmark-ips,1776,105,1776,6,24/03/2012,18/06/2026,292.00 KB,Provides iteration per second benchmarking for Ruby,Ruby,https://github.com/evanphx/benchmark-ips,292.00 KB
548,kiba,1775,90,1775,0,18/07/2013,10/01/2026,231.00 KB,Data processing & ETL framework for Ruby,Ruby,https://github.com/thbar/kiba,231.00 KB
549,marginalia,1769,147,1769,12,11/03/2012,24/08/2026,222.00 KB,Attach comments to ActiveRecord's SQL queries,Ruby,https://github.com/basecamp/marginalia,222.00 KB
550,htty,1768,64,1768,34,06/09/2010,03/01/2021,1.70 MB,"htty is the HTTP TTY, a console application for interacting with web servers.",Ruby,https://github.com/htty/htty,1.70 MB
551,memory_profiler,1767,91,1767,10,04/09/2013,22/03/2026,250.00 KB,memory_profiler for ruby,Ruby,https://github.com/SamSaffron/memory_profiler,250.00 KB
552,premailer-rails,1766,257,1766,14,03/04/2011,17/06/2024,339.00 KB,CSS styled emails without the hassle.,Ruby,https://github.com/fphilipe/premailer-rails,339.00 KB
553,homebrew-emacsmacport,1765,135,1765,86,25/02/2013,02/10/2026,15.82 MB,Emacs mac port formulae for the Homebrew package manager,Ruby,https://github.com/railwaycat/homebrew-emacsmacport,15.82 MB
554,enumerize,1762,202,1762,12,25/01/2012,04/08/2026,697.00 KB,Enumerated attributes with I18n and ActiveRecord/Mongoid support,Ruby,https://github.com/brainspec/enumerize,697.00 KB
555,sof-elk,1759,304,1759,33,30/12/2014,15/09/2026,5.01 MB,Configuration files for the SOF-ELK VM,Ruby,https://github.com/philhagen/sof-elk,5.01 MB
556,centurion,1755,113,1755,0,04/06/2014,11/09/2025,517.00 KB,A mass deployment tool for Docker fleets,Ruby,https://github.com/newrelic/centurion,517.00 KB
557,sidekiq-scheduler,1753,241,1753,10,12/03/2012,08/09/2026,1.63 MB,Lightweight job scheduler extension for Sidekiq,Ruby,https://github.com/sidekiq-scheduler/sidekiq-scheduler,1.63 MB
558,alan-sdk-flutter,1753,41,1753,3,22/04/2020,22/04/2025,306.00 KB,The Self-Coding System for Your App — Alan AI SDK for Flutter,Ruby,https://github.com/alan-ai/alan-sdk-flutter,306.00 KB
559,resque-scheduler,1746,478,1746,87,21/12/2009,24/09/2026,1.14 MB,A light-weight job scheduling system built on top of Resque,Ruby,https://github.com/resque/resque-scheduler,1.14 MB
560,octopress,1744,175,1744,53,17/11/2013,15/06/2022,433.00 KB,Octopress 3.0 – Jekyll's Ferrari,Ruby,https://github.com/octopress/octopress,433.00 KB
561,OpenFarm,1734,279,1734,134,27/10/2013,22/04/2025,85.26 MB,A free and open database for farming and gardening knowledge. You can grow anything!,Ruby,https://github.com/openfarmcc/OpenFarm,85.26 MB
562,rspec,1729,167,1729,16,29/02/2008,03/05/2015,18.08 MB,Behaviour Driven Development framework for Ruby,Ruby,https://github.com/dchelimsky/rspec,18.08 MB
563,rbtrace,1726,72,1726,28,10/02/2011,06/10/2026,1.50 MB,"like strace, but for ruby code",Ruby,https://github.com/tmm1/rbtrace,1.50 MB
564,jekyll-seo-tag,1725,306,1725,39,25/10/2015,29/09/2026,613.00 KB,A Jekyll plugin to add metadata tags for search engines and social networks to better index and display your site's content.,Ruby,https://github.com/jekyll/jekyll-seo-tag,613.00 KB
565,has_scope,1724,92,1724,3,04/12/2009,27/03/2026,183.00 KB,Map incoming controller parameters to named scopes in your resources,Ruby,https://github.com/heartcombo/has_scope,183.00 KB
566,websocket-rails,1715,280,1715,200,26/03/2012,14/02/2024,1.38 MB,Plug and play websocket support for ruby on rails.,Ruby,https://github.com/websocket-rails/websocket-rails,1.38 MB
567,imap-backup,1715,93,1715,12,10/06/2012,30/03/2026,2.83 MB,Backup and Migrate IMAP Email Accounts,Ruby,https://github.com/joeyates/imap-backup,2.83 MB
568,duckrails,1709,105,1709,34,05/03/2016,11/12/2025,3.72 MB,Development tool to mock API endpoints quickly and easily - NOT MAINTAINED,Ruby,https://github.com/iridakos/duckrails,3.72 MB
569,vagrant-digitalocean,1708,177,1708,41,27/02/2013,07/09/2023,310.00 KB,:droplet: A Vagrant provider plugin that manages DigitalOcean droplets.,Ruby,https://github.com/devopsgroup-io/vagrant-digitalocean,310.00 KB
570,acts_as_tenant,1708,269,1708,0,08/08/2011,07/10/2026,643.00 KB,Easy multi-tenancy for Rails in a shared database setup.,Ruby,https://github.com/ErwinM/acts_as_tenant,643.00 KB
571,24pullrequests,1704,534,1704,17,13/11/2012,08/10/2026,14.78 MB,:christmas_tree: Giving back to open source for the holidays,Ruby,https://github.com/24pullrequests/24pullrequests,14.78 MB
572,js-routes,1701,158,1701,3,03/08/2011,21/06/2026,2.20 MB,Brings Rails named routes to javascript,Ruby,https://github.com/railsware/js-routes,2.20 MB
573,connection_pool,1692,144,1692,0,14/05/2011,30/08/2026,237.00 KB,Generic connection pooling for Ruby,Ruby,https://github.com/mperham/connection_pool,237.00 KB
574,hirb,1690,70,1690,18,07/03/2009,28/02/2024,1.21 MB,"A mini view framework for console/irb that's easy to use, even while under its influence. Console goodies include a no-wrap table, auto-pager, tree and menu.",Ruby,https://github.com/cldwalker/hirb,1.21 MB
575,em-websocket,1689,187,1689,26,21/12/2009,11/11/2021,396.00 KB,EventMachine based WebSocket server,Ruby,https://github.com/igrigorik/em-websocket,396.00 KB
576,logidze,1688,84,1688,21,13/04/2016,25/07/2026,736.00 KB,Database changes log for Rails,Ruby,https://github.com/palkan/logidze,736.00 KB
577,slanger,1687,197,1687,29,14/06/2011,21/07/2022,563.00 KB,Open Pusher implementation compatible with Pusher libraries,Ruby,https://github.com/stevegraham/slanger,563.00 KB
578,streamio-ffmpeg,1687,418,1687,67,06/04/2010,08/05/2024,56.82 MB,Simple yet powerful ruby ffmpeg wrapper for reading metadata and transcoding movies,Ruby,https://github.com/streamio/streamio-ffmpeg,56.82 MB
579,calabash-android,1683,600,1683,98,05/02/2012,08/08/2024,57.22 MB,Automated Functional testing for Android using cucumber,Ruby,https://github.com/calabash/calabash-android,57.22 MB
580,radiant,1680,338,1680,78,20/06/2008,11/03/2026,15.17 MB,"Radiant is a no-fluff, open source content management system designed for small teams.",Ruby,https://github.com/radiant/radiant,15.17 MB
581,multiwoven,1679,96,1679,199,20/10/2023,06/10/2026,8.50 MB,🔥🔥🔥 Open source Reverse ETL -  alternative to hightouch and census. ,Ruby,https://github.com/Multiwoven/multiwoven,8.50 MB
582,goldiloader,1674,53,1674,7,12/06/2014,19/03/2026,266.00 KB,Just the right amount of Rails eager loading,Ruby,https://github.com/salsify/goldiloader,266.00 KB
583,lita,1673,175,1673,15,20/04/2013,14/06/2022,1.06 MB,ChatOps for Ruby.,Ruby,https://github.com/litaio/lita,1.06 MB
584,simple_calendar,1666,270,1666,4,04/02/2012,08/05/2025,491.00 KB,A wonderfully simple calendar gem for Rails,Ruby,https://github.com/excid3/simple_calendar,491.00 KB
585,message_bus,1659,129,1659,23,15/05/2013,04/09/2026,1.84 MB,A reliable and robust messaging bus for Ruby and Rack,Ruby,https://github.com/discourse/message_bus,1.84 MB
586,rotp,1658,483,1658,11,13/02/2011,24/11/2025,297.00 KB,Ruby One Time Password library,Ruby,https://github.com/mdp/rotp,297.00 KB
587,recommendify,1649,143,1649,17,29/01/2012,08/05/2014,1.87 MB,Generate recommendations using collaborative filtering,Ruby,https://github.com/asmuth/recommendify,1.87 MB
588,json-schema,1646,252,1646,104,24/11/2010,03/10/2026,1.22 MB,Ruby JSON Schema Validator,Ruby,https://github.com/voxpupuli/json-schema,1.22 MB
589,ifme,1646,762,1646,30,19/04/2014,05/10/2026,97.69 MB,"Free, open source mental health communication web app to share experiences with loved ones",Ruby,https://github.com/ifmeorg/ifme,97.69 MB
590,ch340g-ch34g-ch34x-mac-os-x-driver,1645,227,1645,4,26/09/2016,15/05/2023,854.00 KB,CH340G CH34G CH34X Mac OS X driver,Ruby,https://github.com/adrianmihalko/ch340g-ch34g-ch34x-mac-os-x-driver,854.00 KB
591,einhorn,1645,47,1645,1,25/05/2012,13/08/2026,493.00 KB,Einhorn: the language-independent shared socket manager           ,Ruby,https://github.com/contribsys/einhorn,493.00 KB
592,html-proofer,1643,216,1643,15,27/02/2013,28/07/2026,8.62 MB,Test your rendered HTML files to make sure they're accurate.,Ruby,https://github.com/gjtorikian/html-proofer,8.62 MB
593,bootstrap_form,1638,351,1638,48,06/01/2012,03/10/2026,6.18 MB,"Official repository of the bootstrap_form gem, a Rails form builder that makes it super easy to create beautiful-looking forms using Bootstrap 5.",Ruby,https://github.com/bootstrap-ruby/bootstrap_form,6.18 MB
594,catarse,1638,811,1638,71,11/11/2010,28/03/2023,71.76 MB,The first open source crowdfunding platform for creative projects in the world,Ruby,https://github.com/catarse/catarse,71.76 MB
595,ioctocat,1636,250,1636,29,28/03/2009,29/01/2014,17.54 MB,"iOctocat v1 - GitHub for iOS (works on the iPhone, iPad, and iPod Touch)",Objective-C,https://github.com/dennisreimann/ioctocat,17.54 MB
596,mailboxer,1633,453,1633,148,07/03/2011,11/04/2024,687.00 KB,A Rails gem to send messages inside a web application,Ruby,https://github.com/mailboxer/mailboxer,687.00 KB
597,zsteg,1630,166,1630,6,06/01/2013,28/01/2026,9.44 MB,detect stegano-hidden data in PNG & BMP,Ruby,https://github.com/zed-0xff/zsteg,9.44 MB
598,terraform-landscape,1626,154,1626,32,28/02/2017,20/03/2024,778.00 KB,Improve Terraform's plan output to be easier to read and understand,Ruby,https://github.com/coinbase/terraform-landscape,778.00 KB
599,geokit,1626,358,1626,21,01/12/2008,29/07/2024,12.87 MB,Official Geokit Gem. Geokit gem provides geocoding and distance/heading calculations. Pair with the geokit-rails plugin for full-fledged location-based app functionality.,Ruby,https://github.com/geokit/geokit,12.87 MB
600,cuttlefish,1625,181,1625,150,30/03/2013,27/06/2024,26.14 MB,Transactional email server with a lovely web interface,Ruby,https://github.com/mlandauer/cuttlefish,26.14 MB
601,rails-assets,1620,66,1620,27,06/07/2013,29/07/2022,3.57 MB,The solution to assets management in Rails,Ruby,https://github.com/tenex/rails-assets,3.57 MB
602,thinking-sphinx,1620,464,1620,18,14/04/2008,11/01/2026,5.20 MB,Sphinx/Manticore plugin for ActiveRecord/Rails,Ruby,https://github.com/pat/thinking-sphinx,5.20 MB
603,awesome-geek-podcasts,1619,204,1619,1,20/05/2015,27/03/2023,372.00 KB,A curated list of podcasts we like to listen to. ,Ruby,https://github.com/guipdutra/awesome-geek-podcasts,372.00 KB
604,validates_timeliness,1615,236,1615,23,25/07/2008,03/10/2026,1.36 MB,Date and time validation plugin for ActiveModel and Rails.  Supports multiple ORMs and allows custom date/time formats.,Ruby,https://github.com/adzap/validates_timeliness,1.36 MB
605,mosql,1614,215,1614,58,14/01/2013,07/04/2020,260.00 KB,MongoDB → PostgreSQL streaming replication        ,Ruby,https://github.com/stripe-archive/mosql,260.00 KB
606,lockbox,1609,80,1609,5,02/01/2019,22/09/2026,764.00 KB,Modern encryption for Ruby and Rails,Ruby,https://github.com/ankane/lockbox,764.00 KB
607,addressable,1608,282,1608,69,05/06/2008,27/06/2026,1.94 MB,"Addressable is an alternative implementation to the URI implementation that is part of Ruby's standard library. It is flexible, offers heuristic parsing, and additionally provides extensive support for IRIs and URI templates.",Ruby,https://github.com/sporkmonger/addressable,1.94 MB
608,shoes4,1608,189,1608,98,24/05/2012,17/11/2023,58.41 MB,Shoes 4 : the next version of Shoes,Ruby,https://github.com/shoes/shoes4,58.41 MB
609,anemone,1603,314,1603,50,14/04/2009,20/03/2020,591.00 KB,Anemone web-spider framework,Ruby,https://github.com/chriskite/anemone,591.00 KB
610,mongomapper,1598,381,1598,71,27/05/2009,31/12/2025,2.80 MB,A Ruby Object Mapper for Mongo,Ruby,https://github.com/mongomapper/mongomapper,2.80 MB
611,thredded,1598,214,1598,36,09/05/2013,22/06/2026,3.68 MB,The best Rails forums engine ever.,Ruby,https://github.com/thredded/thredded,3.68 MB
612,ruby-progressbar,1598,130,1598,7,16/02/2009,08/01/2026,1.00 MB,Ruby/ProgressBar is a text progress bar library for Ruby.,Ruby,https://github.com/jfelchner/ruby-progressbar,1.00 MB
613,clean-code-ruby,1597,162,1597,7,07/09/2017,10/09/2022,321.00 KB,🛁 Clean Code concepts adapted for Ruby,Ruby,https://github.com/uohzxela/clean-code-ruby,321.00 KB
614,backbone-rails,1595,253,1595,48,11/05/2011,15/06/2021,1.40 MB,Easily use backbone.js with rails 3.1,Ruby,https://github.com/codebrew/backbone-rails,1.40 MB
615,lol_dba,1595,70,1595,15,28/02/2012,23/03/2026,416.00 KB,"lol_dba is a small package of rake tasks that scan your application models and displays a list of columns that probably should be indexed. Also, it can generate .sql migration scripts.",Ruby,https://github.com/plentz/lol_dba,416.00 KB
616,liftoff,1595,102,1595,30,19/10/2012,27/06/2020,17.92 MB,CLI for creating and configuring new Xcode projects,Ruby,https://github.com/liftoffcli/liftoff,17.92 MB
617,slather,1594,238,1594,168,12/06/2014,01/10/2025,1.18 MB,Generate test coverage reports for Xcode projects & hook it into CI.,Ruby,https://github.com/SlatherOrg/slather,1.18 MB
618,travis.rb,1591,410,1591,201,09/01/2013,25/10/2024,2.00 MB,Travis CI Client (CLI and Ruby library),Ruby,https://github.com/travis-ci/travis.rb,2.00 MB
619,vite_ruby,1590,153,1590,33,19/01/2021,29/09/2026,3.50 MB,"⚡️ Vite.js in Ruby, bringing joy to your JavaScript experience",Ruby,https://github.com/ElMassimo/vite_ruby,3.50 MB
620,pg_search,1588,380,1588,157,14/01/2011,21/09/2026,1.25 MB,pg_search builds ActiveRecord named scopes that take advantage of PostgreSQL’s full text search ,Ruby,https://github.com/Casecommons/pg_search,1.25 MB
621,geokit-rails,1587,242,1587,40,19/12/2008,23/02/2024,389.00 KB,Official Geokit plugin for Rails/ActiveRecord. Provides location-based goodness for your Rails app. Requires the Geokit gem.,Ruby,https://github.com/geokit/geokit-rails,389.00 KB
622,ansible-elasticsearch,1587,853,1587,13,30/04/2015,24/06/2022,1.19 MB,Ansible playbook for Elasticsearch,Ruby,https://github.com/elastic/ansible-elasticsearch,1.19 MB
623,tailwindcss-rails,1587,191,1587,6,09/01/2021,08/10/2026,4.46 MB,,Ruby,https://github.com/rails/tailwindcss-rails,4.46 MB
624,github-awards,1577,117,1577,102,25/01/2015,03/01/2023,2.81 MB,Discover your ranking on github :,Ruby,https://github.com/vdaubry/github-awards,2.81 MB
625,terminal-table,1576,124,1576,4,07/01/2009,22/06/2026,302.00 KB,"Ruby ASCII Table Generator, simple and feature rich.",Ruby,https://github.com/tj/terminal-table,302.00 KB
626,ffaker,1572,556,1572,11,15/01/2010,24/04/2026,5.46 MB,Faker refactored.,Ruby,https://github.com/ffaker/ffaker,5.46 MB
627,tty-prompt,1571,137,1571,30,01/11/2015,20/07/2024,1.71 MB,A beautiful and powerful interactive command line prompt,Ruby,https://github.com/piotrmurach/tty-prompt,1.71 MB
628,boxen,1569,136,1569,15,30/09/2012,25/03/2018,383.00 KB,Manage Mac development boxes with love (and Puppet).,Ruby,https://github.com/boxen/boxen,383.00 KB
629,insoshi,1566,525,1566,2,02/04/2008,01/08/2022,13.55 MB,An open source social networking platform in Ruby on Rails,Ruby,https://github.com/insoshi/insoshi,13.55 MB
630,action_policy,1565,89,1565,4,29/03/2018,03/09/2026,2.89 MB,Authorization framework for Ruby/Rails applications,Ruby,https://github.com/palkan/action_policy,2.89 MB
631,restful-authentication,1564,265,1564,27,14/01/2008,31/07/2015,1.18 MB,inactive project,Ruby,https://github.com/technoweenie/restful-authentication,1.18 MB
632,redmon,1562,120,1562,25,05/01/2012,16/05/2020,2.84 MB,"A web interface for managing redis: cli, admin, and live monitoring",Ruby,https://github.com/steelThread/redmon,2.84 MB
633,rails_event_store,1555,130,1555,15,31/03/2015,29/09/2026,16.87 MB,A Ruby implementation of an Event Store based on Active Record,Ruby,https://github.com/RailsEventStore/rails_event_store,16.87 MB
634,data-migrate,1553,197,1553,37,19/04/2011,19/07/2026,691.00 KB,Migrate and update data alongside your database structure.,Ruby,https://github.com/ilyakatz/data-migrate,691.00 KB
635,smarter_csv,1552,187,1552,0,29/07/2012,08/10/2026,2.84 MB,"Fastest end-to-end CSV ingestion for Ruby (with C acceleration). SmarterCSV auto-detects formats, applies smart defaults, and returns Rails-ready hashes for seamless use with ActiveRecord, Sidekiq, parallel jobs, and S3 pipelines — even for messy user-uploaded real-world data.",Ruby,https://github.com/tilo/smarter_csv,2.84 MB
636,consuldemocracy,1551,1123,1551,201,15/07/2015,08/10/2026,121.69 MB,Consul Democracy - Open Government and E-Participation Web Software,Ruby,https://github.com/consuldemocracy/consuldemocracy,121.69 MB
637,word-to-markdown,1550,157,1550,1,22/03/2014,04/10/2026,20.10 MB,Ruby gem & CLI to convert Word (.docx) documents to Markdown. Superseded by word-to-markdown-js at word2md.com,Ruby,https://github.com/benbalter/word-to-markdown,20.10 MB
638,image_optim,1549,106,1549,39,05/01/2012,04/10/2026,4.02 MB,Optimize images using multiple utilities,Ruby,https://github.com/toy/image_optim,4.02 MB
639,rustboot,1548,223,1548,7,26/05/2013,01/01/2026,30.00 KB,A tiny 32 bit kernel written in Rust,Ruby,https://github.com/haileys/rustboot,30.00 KB
640,cocoapods-keys,1548,91,1548,50,16/08/2014,01/09/2023,281.00 KB,A key value store for storing per-developer environment and application keys,Ruby,https://github.com/orta/cocoapods-keys,281.00 KB
641,geminabox,1548,323,1548,1,07/01/2010,28/09/2026,1.08 MB,Really simple rubygem hosting,Ruby,https://github.com/geminabox/geminabox,1.08 MB
642,forem,1547,411,1547,47,20/02/2011,05/10/2016,25.85 MB,The best Rails 3 and Rails 4 forum engine. Ever.,Ruby,https://github.com/rubysherpas/forem,25.85 MB
643,watir,1546,244,1546,12,09/11/2009,31/05/2024,8.67 MB,Watir Powered By Selenium,Ruby,https://github.com/watir/watir,8.67 MB
644,sidekiq-unique-jobs,1546,292,1546,24,26/07/2012,06/10/2026,20.32 MB,Prevents duplicate Sidekiq jobs,Ruby,https://github.com/zoolutions/sidekiq-unique-jobs,20.32 MB
645,artoo,1541,140,1541,21,14/08/2012,19/12/2023,1.10 MB,"Ruby framework for robotics, drones, and the Internet of Things (IoT)",Ruby,https://github.com/hybridgroup/artoo,1.10 MB
646,squasher,1536,58,1536,9,19/01/2014,16/12/2024,104.00 KB,Squasher - squash your old migrations in a single command,Ruby,https://github.com/jalkoby/squasher,104.00 KB
647,merit,1529,195,1529,1,25/11/2011,19/08/2025,920.00 KB,Reputation engine for Rails apps,Ruby,https://github.com/tute/merit,920.00 KB
648,webrat,1529,269,1529,15,02/03/2008,28/06/2016,60.68 MB,Webrat - Ruby Acceptance Testing for Web applications,Ruby,https://github.com/brynary/webrat,60.68 MB
649,phlex,1529,107,1529,6,01/06/2022,01/10/2026,1.96 MB,Object-oriented views in Ruby.,Ruby,https://github.com/yippee-fun/phlex,1.96 MB
650,acts_as_votable,1529,212,1529,15,30/12/2010,12/12/2022,278.00 KB,Votable ActiveRecord for Rails,Ruby,https://github.com/ryanto/acts_as_votable,278.00 KB
651,impressionist,1527,305,1527,81,04/02/2011,08/02/2026,758.00 KB,Rails Plugin that tracks impressions and page views,Ruby,https://github.com/charlotte-ruby/impressionist,758.00 KB
652,vanity,1526,267,1526,36,04/11/2009,16/03/2023,3.26 MB,Experiment Driven Development for Ruby,Ruby,https://github.com/assaf/vanity,3.26 MB
653,omniauth-google-oauth2,1524,417,1524,0,03/11/2011,31/08/2026,586.00 KB,Oauth2 strategy for Google,Ruby,https://github.com/zquestz/omniauth-google-oauth2,586.00 KB
654,rails-footnotes,1521,163,1521,17,18/12/2008,08/10/2026,740.00 KB,Every Rails page has footnotes that gives information about your application and links back to your editor,Ruby,https://github.com/indirect/rails-footnotes,740.00 KB
655,guides-old,1513,161,1513,11,01/10/2010,05/03/2018,3.65 MB,Guides for Ruby and Elixir and whatever else I feel like,Ruby,https://github.com/radar/guides-old,3.65 MB
656,timetrap,1510,130,1510,33,13/04/2009,12/03/2025,625.00 KB,Simple command line timetracker,Ruby,https://github.com/samg/timetrap,625.00 KB
657,homebrew-autoupdate,1508,75,1508,5,22/04/2015,17/09/2026,1022.00 KB,":tropical_drink: An easy, convenient way to automatically update Homebrew.",Ruby,https://github.com/DomT4/homebrew-autoupdate,1022.00 KB
658,acts_as_paranoid,1507,193,1507,47,04/03/2008,05/10/2026,760.00 KB,ActiveRecord plugin allowing you to hide and restore records without actually deleting them.,Ruby,https://github.com/ActsAsParanoid/acts_as_paranoid,760.00 KB
659,simple_token_authentication,1504,234,1504,81,15/12/2013,03/12/2024,777.00 KB,Simple (and safe*) token authentication for Rails apps or API with Devise.,Ruby,https://github.com/gonzalo-bulnes/simple_token_authentication,777.00 KB
660,usbarmory,1501,219,1501,1,03/10/2014,28/08/2026,21.46 MB,USB armory - The open source compact secure computer,Ruby,https://github.com/usbarmory/usbarmory,21.46 MB
661,request_store,1499,90,1499,9,17/12/2012,01/05/2024,84.00 KB,Per-request global storage for Rack.,Ruby,https://github.com/steveklabnik/request_store,84.00 KB
662,redis-store,1498,340,1498,4,11/04/2009,07/08/2026,3.07 MB,"Namespaced Rack::Session, Rack::Cache, I18n and cache Redis stores for Ruby web frameworks",Ruby,https://github.com/redis-store/redis-store,3.07 MB
663,decisiontree,1497,132,1497,10,23/02/2009,31/10/2018,56.00 KB,ID3-based implementation of the ML Decision Tree algorithm,Ruby,https://github.com/igrigorik/decisiontree,56.00 KB
664,toto,1494,239,1494,61,27/10/2009,08/11/2015,589.00 KB,the 10 second blog-engine for hackers,Ruby,https://github.com/cloudhead/toto,589.00 KB
665,shipit-engine,1493,155,1493,97,26/02/2014,07/10/2026,5.99 MB,Deployment coordination,Ruby,https://github.com/Shopify/shipit-engine,5.99 MB
666,steep,1491,120,1491,225,27/03/2017,06/10/2026,7.95 MB,Static type checker for Ruby,Ruby,https://github.com/soutaro/steep,7.95 MB
667,semian,1489,89,1489,87,23/09/2014,07/09/2026,170.01 MB,:monkey: Resiliency toolkit for Ruby for failing fast,Ruby,https://github.com/Shopify/semian,170.01 MB
668,rb,1488,41,1488,1,14/08/2018,16/02/2023,21.00 KB,Turns Ruby into a versatile command line utility,Ruby,https://github.com/thisredone/rb,21.00 KB
669,jsduck,1488,234,1488,86,04/10/2010,16/04/2020,6.06 MB,Simple JavaScript Duckumentation generator.,Ruby,https://github.com/senchalabs/jsduck,6.06 MB
670,gitreflow,1488,58,1488,14,10/01/2012,01/03/2022,704.00 KB,"Reflow automatically creates pull requests, ensures the code review is approved, and squash merges finished branches to master with a great commit message template.",Ruby,https://github.com/reenhanced/gitreflow,704.00 KB
671,slack-notifier,1486,154,1486,23,05/09/2013,24/04/2023,204.00 KB,A simple wrapper for posting to slack channels,Ruby,https://github.com/slack-notifier/slack-notifier,204.00 KB
672,username-anarchy,1483,167,1483,2,07/11/2012,20/09/2024,16.82 MB,Username tools for penetration testing,Ruby,https://github.com/urbanadventurer/username-anarchy,16.82 MB
673,unicorn,1476,270,1476,5,04/09/2009,09/04/2025,8.59 MB,Unofficial Unicorn Mirror.,Ruby,https://github.com/defunkt/unicorn,8.59 MB
674,jeweler,1472,160,1472,20,12/10/2008,03/01/2021,1.43 MB,Opinionated tool for creating and managing Rubygem projects,Ruby,https://github.com/technicalpickles/jeweler,1.43 MB
675,CodeTriage,1468,381,1468,114,21/07/2012,01/10/2026,10.84 MB,Discover the best way to get started contributing to Open Source projects,Ruby,https://github.com/codetriage/CodeTriage,10.84 MB
676,ActiveRecordExtended,1464,50,1464,13,29/04/2018,23/06/2026,444.00 KB,Adds additional postgres functionality to an ActiveRecord / Rails application,Ruby,https://github.com/GeorgeKaraszi/ActiveRecordExtended,444.00 KB
677,sorcery,1462,227,1462,55,16/09/2016,08/07/2026,1.90 MB,Magical Authentication,Ruby,https://github.com/Sorcery/sorcery,1.90 MB
678,vagrant-hostmanager,1460,142,1460,77,27/03/2013,30/07/2023,192.00 KB,:pencil: A Vagrant plugin that manages hosts files within a multi-machine environment.,Ruby,https://github.com/devopsgroup-io/vagrant-hostmanager,192.00 KB
679,contracts.ruby,1457,83,1457,51,07/06/2012,30/09/2026,756.00 KB,Contracts for Ruby.,Ruby,https://github.com/egonSchiele/contracts.ruby,756.00 KB
680,kontena,1456,122,1456,433,22/03/2015,19/02/2019,8.91 MB,"The developer friendly container and micro services platform. Works on any cloud, easy to setup, simple to use.",Ruby,https://github.com/kontena/kontena,8.91 MB
681,litestack,1453,69,1453,22,20/02/2023,04/12/2024,4.81 MB,,Ruby,https://github.com/oldmoe/litestack,4.81 MB
682,rspec_api_documentation,1451,368,1451,108,15/11/2011,24/07/2025,1.66 MB,Automatically generate API documentation from RSpec,Ruby,https://github.com/zipmark/rspec_api_documentation,1.66 MB
683,rubber,1450,242,1450,108,03/06/2008,23/11/2020,3.79 MB,"A capistrano/rails plugin that makes it easy to deploy/manage/scale to various service providers, including EC2, DigitalOcean, vSphere, and bare metal servers.",Ruby,https://github.com/rubber/rubber,3.79 MB
684,cuba,1447,263,1447,4,25/04/2010,24/01/2024,311.00 KB,Rum based microframework for web development.,Ruby,https://github.com/soveran/cuba,311.00 KB
685,dashing-rails,1447,144,1447,18,03/08/2013,06/01/2020,1.52 MB,The exceptionally handsome dashboard framework for Rails.,Ruby,https://github.com/gottfrois/dashing-rails,1.52 MB
686,bower-rails,1447,125,1447,35,21/10/2012,24/04/2023,304.00 KB,Bundler-like DSL + rake tasks for Bower on Rails,Ruby,https://github.com/rharriso/bower-rails,304.00 KB
687,jsonapi-serializer,1446,144,1446,65,03/10/2019,12/01/2026,472.00 KB,A fast JSON:API serializer for Ruby (fork of Netflix/fast_jsonapi),Ruby,https://github.com/jsonapi-serializer/jsonapi-serializer,472.00 KB
688,instagram-ruby-gem,1446,610,1446,65,02/02/2011,28/02/2019,347.00 KB,The official gem for the Instagram API,Ruby,https://github.com/facebookarchive/instagram-ruby-gem,347.00 KB
689,gitdown,1445,26,1445,5,06/04/2013,08/08/2016,427.00 KB,Don't commit when you're drunk,Ruby,https://github.com/noidontdig/gitdown,427.00 KB
690,gitlab-ci,1444,310,1444,70,10/10/2012,14/05/2016,5.58 MB,DEPRECATED - Please use the GitLab.com issue tracker,Ruby,https://github.com/gitlabhq/gitlab-ci,5.58 MB
691,graphql-batch,1443,108,1443,16,20/09/2015,27/07/2026,291.00 KB,A query batching executor for the graphql gem,Ruby,https://github.com/Shopify/graphql-batch,291.00 KB
692,samson,1442,233,1442,83,27/05/2014,30/01/2026,355.23 MB,"Web interface for deployments, with plugin architecture and kubernetes support",Ruby,https://github.com/zendesk/samson,355.23 MB
693,monocle,1438,114,1438,20,30/09/2013,16/07/2014,776.00 KB,Link and news sharing,Ruby,https://github.com/maccman/monocle,776.00 KB
694,tugboat,1438,86,1438,12,13/04/2013,11/03/2018,709.00 KB,A command line tool for interacting with your DigitalOcean droplets.,Ruby,https://github.com/petems/tugboat,709.00 KB
695,rage,1435,43,1435,16,15/09/2023,01/10/2026,1.94 MB,Fiber-based Ruby web framework combining Rails ergonomics with a unified runtime,Ruby,https://github.com/rage-rb/rage,1.94 MB
696,rubyzip,1431,331,1431,20,24/09/2010,03/10/2026,2.93 MB,Official Rubyzip repository,Ruby,https://github.com/rubyzip/rubyzip,2.93 MB
697,mongo-ruby-driver,1429,536,1429,14,15/01/2009,07/10/2026,45.06 MB,The Official MongoDB Ruby Driver,Ruby,https://github.com/mongodb/mongo-ruby-driver,45.06 MB
698,google-cloud-ruby,1428,579,1428,57,30/05/2014,08/10/2026,326.73 MB,Google Cloud Client Library for Ruby,Ruby,https://github.com/googleapis/google-cloud-ruby,326.73 MB
699,genghis,1428,158,1428,76,17/09/2011,26/01/2016,21.38 MB,The single-file MongoDB admin app,Ruby,https://github.com/bobthecow/genghis,21.38 MB
700,telegram-bot-ruby,1425,223,1425,1,27/06/2015,25/08/2026,767.00 KB,Ruby wrapper for Telegram's Bot API,Ruby,https://github.com/atipugin/telegram-bot-ruby,767.00 KB
701,bunny,1425,315,1425,5,02/03/2011,07/10/2026,4.17 MB,"Bunny is a popular, easy to use, mature Ruby client for RabbitMQ",Ruby,https://github.com/ruby-amqp/bunny,4.17 MB
702,pretender,1425,56,1425,0,05/03/2013,02/04/2026,83.00 KB,Log in as another user in Rails,Ruby,https://github.com/ankane/pretender,83.00 KB
703,dry-validation,1424,197,1424,28,22/07/2015,01/10/2026,2.33 MB,Validation library with type-safe schemas and rules,Ruby,https://github.com/dry-rb/dry-validation,2.33 MB
704,suture,1423,27,1423,8,18/08/2016,18/09/2026,392.00 KB,🏥 A Ruby gem that helps you refactor your legacy code,Ruby,https://github.com/testdouble/suture,392.00 KB
705,examples,1421,359,1421,3,07/05/2015,16/11/2021,1.88 MB,📝 A collection of example fastlane setups,Ruby,https://github.com/fastlane/examples,1.88 MB
706,krane,1419,117,1419,70,17/01/2017,29/09/2026,9.33 MB,A command-line tool that helps you ship changes to a Kubernetes namespace and understand the result,Ruby,https://github.com/Shopify/krane,9.33 MB
707,rails_apps_composer,1416,293,1416,53,17/05/2011,01/10/2020,1.71 MB,A gem with recipes to create Rails application templates for Rails starter apps.,Ruby,https://github.com/RailsApps/rails_apps_composer,1.71 MB
708,seed_dump,1413,221,1413,0,27/07/2010,13/05/2026,446.00 KB,Rails task to dump your data to db/seeds.rb,Ruby,https://github.com/rroblak/seed_dump,446.00 KB
709,activeresource,1410,359,1410,9,13/03/2012,09/09/2026,1.22 MB,Connects business objects and REST web services,Ruby,https://github.com/rails/activeresource,1.22 MB
710,review,1409,214,1409,91,16/01/2010,21/07/2026,45.01 MB,Re:VIEW is flexible document format/conversion system,Ruby,https://github.com/kmuto/review,45.01 MB
711,vimdeck,1407,53,1407,11,17/09/2013,11/01/2021,1.99 MB,VIM as a presentation tool,Ruby,https://github.com/tybenz/vimdeck,1.99 MB
712,clearskies,1407,50,1407,4,14/09/2013,09/12/2014,1.80 MB,Open source btsync clone,Ruby,https://github.com/jewel/clearskies,1.80 MB
713,quiet_assets,1406,83,1406,0,13/02/2012,28/06/2021,45.00 KB,"DEPRECATED: As of sprockets-rails version 3.1.0, used in current versions of rails, this gem is deprecated",Ruby,https://github.com/evrone/quiet_assets,45.00 KB
714,activegraph,1406,272,1406,242,30/05/2008,18/08/2026,47.79 MB,An active model wrapper for the Neo4j Graph Database for Ruby.,Ruby,https://github.com/neo4jrb/activegraph,47.79 MB
715,soundcloud2000,1405,84,1405,27,19/01/2013,15/08/2019,196.00 KB,A terminal client for https://soundcloud.com,Ruby,https://github.com/grobie/soundcloud2000,196.00 KB
716,ronn,1404,84,1404,48,02/11/2009,29/01/2022,535.00 KB,the opposite of roff,Ruby,https://github.com/rtomayko/ronn,535.00 KB
717,manageiq,1402,941,1402,366,13/06/2014,08/10/2026,412.38 MB,ManageIQ Open-Source Management Platform,Ruby,https://github.com/ManageIQ/manageiq,412.38 MB
718,apple-knowledge,1399,111,1399,4,06/12/2021,05/10/2026,237.17 MB,"A collection of reverse engineered Apple things, as well as a machine-readable database of Apple hardware",Ruby,https://github.com/hack-different/apple-knowledge,237.17 MB
719,kredis,1399,84,1399,17,30/01/2021,01/12/2025,363.00 KB,Higher-level data structures built on Redis,Ruby,https://github.com/rails/kredis,363.00 KB
720,cuprite,1398,99,1398,33,17/07/2018,05/10/2026,854.00 KB,Headless Chrome/Chromium driver for Capybara,Ruby,https://github.com/rubycdp/cuprite,854.00 KB
721,gruff,1398,240,1398,14,11/03/2008,06/09/2026,490.10 MB,Gruff graphing library for Ruby,Ruby,https://github.com/topfunky/gruff,490.10 MB
722,docker,1396,781,1396,12,11/05/2013,15/09/2026,5.19 MB,Development repository for the docker cookbook,Ruby,https://github.com/sous-chefs/docker,5.19 MB
723,mutations,1393,92,1393,29,19/10/2012,15/01/2026,270.00 KB,Compose your business logic into commands that sanitize and validate input.,Ruby,https://github.com/cypriss/mutations,270.00 KB
724,settingslogic,1390,185,1390,42,31/10/2008,23/04/2024,529.00 KB,A simple and straightforward settings solution that uses an ERB enabled YAML file and a singleton design pattern.,Ruby,https://github.com/binarylogic/settingslogic,529.00 KB
725,twilio-ruby,1390,472,1390,51,15/09/2009,06/10/2026,55.23 MB,A Ruby gem for communicating with the Twilio API and generating TwiML,Ruby,https://github.com/twilio/twilio-ruby,55.23 MB
726,onebody,1388,279,1388,12,23/02/2008,29/01/2021,29.73 MB,"private member portal for churches, built with Ruby on Rails",Ruby,https://github.com/seven1m/onebody,29.73 MB
727,Mars,1385,280,1385,18,21/01/2019,22/06/2020,15.35 MB,Mars(战神)——资产发现、子域名枚举、C段扫描、资产变更监测、端口变更监测、域名解析变更监测、Awvs扫描、POC检测、web指纹探测、端口指纹探测、CDN探测、操作系统指纹探测、泛解析探测、WAF探测、敏感信息检测等等,Ruby,https://github.com/TideSec/Mars,15.35 MB
728,render_sync,1384,105,1384,39,06/04/2013,25/05/2019,367.00 KB,Real-time Rails Partials,Ruby,https://github.com/chrismccord/render_sync,367.00 KB
729,spork,1383,199,1383,112,20/05/2009,26/04/2018,1.90 MB,A DRb server for testing frameworks (RSpec / Cucumber currently) that forks before each run to ensure a clean testing state.,Ruby,https://github.com/sporkrb/spork,1.90 MB
730,ohm,1383,163,1383,12,26/05/2009,20/12/2022,1.13 MB,Object-Hash Mapping for Redis,Ruby,https://github.com/soveran/ohm,1.13 MB
731,hexapdf,1382,82,1382,4,11/09/2014,06/10/2026,7.67 MB,Versatile PDF creation and manipulation for Ruby,Ruby,https://github.com/gettalong/hexapdf,7.67 MB
732,searchlogic,1382,134,1382,114,25/08/2008,19/07/2022,6.46 MB,"Searchlogic provides object based searching, common named scopes, and other useful tools.",Ruby,https://github.com/binarylogic/searchlogic,6.46 MB
733,fastimage,1380,119,1380,5,10/06/2009,01/08/2026,25.07 MB,FastImage finds the size or type of an image given its uri by fetching as little as needed,Ruby,https://github.com/sdsykes/fastimage,25.07 MB
734,classroom,1379,569,1379,224,05/05/2015,12/03/2020,165.73 MB,"GitHub Classroom automates repository creation and access control, making it easy for teachers to distribute starter code and collect assignments on GitHub.",Ruby,https://github.com/github-education-resources/classroom,165.73 MB
735,obtvse,1376,250,1376,19,23/03/2012,19/10/2022,5.34 MB,Deprecated: See natew/obtvse2,Ruby,https://github.com/natew/obtvse,5.34 MB
736,bodyapps-web,1371,10,1371,17,23/05/2014,29/11/2017,8.73 MB,Web service and web application components of #bodyapps project,Ruby,https://github.com/OpnTec/bodyapps-web,8.73 MB
737,treat,1367,122,1367,35,24/01/2012,16/05/2025,4.84 MB,Natural language processing framework for Ruby.,Ruby,https://github.com/louismullie/treat,4.84 MB
738,best-practices-badge,1366,236,1366,231,22/07/2015,08/10/2026,78.55 MB,🏆Open Source Security Foundation (OpenSSF) Best Practices Badge (formerly Core Infrastructure Initiative (CII) Best Practices Badge),Ruby,https://github.com/ossf/best-practices-badge,78.55 MB
739,bridgetown,1366,132,1366,44,07/04/2020,08/10/2026,18.79 MB,"A next-generation progressive site generator & fullstack framework, powered by Ruby",Ruby,https://github.com/bridgetownrb/bridgetown,18.79 MB
740,brimir,1365,290,1365,0,23/11/2012,22/12/2018,2.55 MB,Email helpdesk built using Ruby on Rails and Zurb Foundation,Ruby,https://github.com/ivaldi/brimir,2.55 MB
741,json_resume,1364,117,1364,9,24/01/2014,18/06/2018,2.36 MB,"Generates pretty HTML, LaTeX, markdown, with biodata feeded as input in JSON",Ruby,https://github.com/prat0318/json_resume,2.36 MB
742,rails-security-checklist,1361,93,1361,83,31/12/2016,17/07/2022,39.00 KB,:key: Community-driven Rails Security Checklist (see our GitHub Issues for the newest checks that aren't yet in the README),Ruby,https://github.com/eliotsykes/rails-security-checklist,39.00 KB
743,pry-rails,1361,91,1361,32,27/08/2011,20/06/2024,132.00 KB,Rails >= 3 pry initializer,Ruby,https://github.com/pry/pry-rails,132.00 KB
744,wombat,1360,128,1360,24,14/11/2011,07/04/2026,2.61 MB,Lightweight Ruby web crawler/scraper with an elegant DSL which extracts structured data from pages.,Ruby,https://github.com/felipecsl/wombat,2.61 MB
745,griddler,1359,197,1359,0,26/10/2012,12/07/2024,592.00 KB,Simplify receiving email in Rails (deprecated),Ruby,https://github.com/thoughtbot/griddler,592.00 KB
746,selecta,1358,82,1358,6,11/10/2013,31/03/2026,638.00 KB,"A fuzzy text selector for files and anything else you need to select. Use it from vim, from the command line, or anywhere you can run a shell command.",Ruby,https://github.com/garybernhardt/selecta,638.00 KB
747,XSpear,1357,235,1357,21,12/07/2019,03/03/2026,1.10 MB,🔱 Powerfull XSS Scanning and Parameter analysis tool&gem,Ruby,https://github.com/hahwul/XSpear,1.10 MB
748,zealot,1357,182,1357,13,25/01/2019,08/10/2026,234.24 MB,"Self-hosted Beta App Distribution for Android, iOS, macOS, Linux and Windows apps | 开源自部署移动应用、 macOS、Linux 和 Windows 应用分发平台，提供 iOS、Android SDK、fastlane 等丰富组件库",Ruby,https://github.com/tryzealot/zealot,234.24 MB
749,lamernews,1355,198,1355,46,15/10/2011,27/05/2022,330.00 KB,Lamer News -- an HN style social news site written in Ruby/Sinatra/Redis/JQuery,Ruby,https://github.com/antirez/lamernews,330.00 KB
750,recommendable,1355,110,1355,18,20/01/2012,24/04/2018,522.00 KB,:+1::-1: A recommendation engine using Likes and Dislikes for your Ruby app,Ruby,https://github.com/davidcelis/recommendable,522.00 KB
751,active_hash,1355,185,1355,19,22/07/2009,21/07/2026,713.00 KB,"A readonly ActiveRecord-esque base class that lets you use a hash, a Yaml file or a custom file as the datasource",Ruby,https://github.com/active-hash/active_hash,713.00 KB
752,legacy-cli,1353,373,1353,315,18/03/2009,12/02/2022,6.73 MB,Heroku CLI,Ruby,https://github.com/heroku/legacy-cli,6.73 MB
753,abba,1351,70,1351,11,25/01/2013,12/08/2020,470.00 KB,A/B testing framework,Ruby,https://github.com/maccman/abba,470.00 KB
754,awesome-juce,1350,72,1350,13,08/05/2022,08/10/2026,1.69 MB,"A curated list of JUCE modules, templates, plugins, oh my!",Ruby,https://github.com/sudara/awesome-juce,1.69 MB
755,dip,1350,50,1350,14,06/10/2016,13/09/2026,628.00 KB,The dip is a CLI dev–tool that provides native-like interaction with a Dockerized application.,Ruby,https://github.com/bibendi/dip,628.00 KB
756,spreadsheet_architect,1350,44,1350,5,26/02/2016,04/08/2026,1.12 MB,"Spreadsheet Architect is a library that allows you to create XLSX, ODS, or CSV spreadsheets super easily from ActiveRecord relations, plain Ruby objects, or tabular data.",Ruby,https://github.com/westonganger/spreadsheet_architect,1.12 MB
757,roadie,1349,84,1349,6,26/10/2010,04/10/2026,1.07 MB,Making HTML emails comfortable for the Ruby rockstars,Ruby,https://github.com/Mange/roadie,1.07 MB
758,wechat,1348,364,1348,13,28/03/2014,03/07/2026,1.61 MB,"API, command and message handling for WeChat in Rails",Ruby,https://github.com/Eric-Guo/wechat,1.61 MB
759,ember-rails,1343,247,1343,17,03/01/2012,20/06/2018,17.93 MB,Ember for Rails 3.1+,Ruby,https://github.com/emberjs/ember-rails,17.93 MB
760,developer.github.com,1339,1115,1339,0,26/04/2011,11/10/2017,144.19 MB,GitHub Developer site,Ruby,https://github.com/github/developer.github.com,144.19 MB
761,passwordless,1339,90,1339,23,05/11/2017,22/06/2026,406.00 KB,🗝 Authentication for your Rails app without the icky-ness of passwords,Ruby,https://github.com/mikker/passwordless,406.00 KB
762,SIMP,1338,277,1338,0,28/04/2015,05/11/2019,71.00 KB,A system automation and configuration management stack targeted toward operational flexibility and policy compliance.,Ruby,https://github.com/NationalSecurityAgency/SIMP,71.00 KB
763,curb,1332,235,1332,0,15/07/2008,27/09/2026,1.94 MB,Ruby bindings for libcurl,Ruby,https://github.com/taf2/curb,1.94 MB
764,business_time,1330,218,1330,31,13/04/2010,19/04/2026,332.00 KB,Support for doing time math in business hours and days,Ruby,https://github.com/bokmann/business_time,332.00 KB
765,wbench,1330,56,1330,7,03/02/2013,02/10/2020,863.00 KB,"It benchmarks websites, YO!",Ruby,https://github.com/desktoppr/wbench,863.00 KB
766,appraisal,1326,116,1326,12,11/11/2010,08/09/2025,358.00 KB,A Ruby library for testing your library against different versions of dependencies.,Ruby,https://github.com/thoughtbot/appraisal,358.00 KB
767,vim-elixir,1326,154,1326,38,06/03/2012,02/08/2025,669.00 KB,Vim configuration files for Elixir,Ruby,https://github.com/elixir-editors/vim-elixir,669.00 KB
768,activerecord-reputation-system,1323,118,1323,28,17/05/2012,14/01/2016,745.00 KB,An Active Record Reputation System for Rails,Ruby,https://github.com/twitter/activerecord-reputation-system,745.00 KB
769,guard-rspec,1323,245,1323,51,03/10/2010,10/08/2021,673.00 KB,Guard::RSpec automatically run your specs (much like autotest),Ruby,https://github.com/guard/guard-rspec,673.00 KB
770,cocoapods-binary,1321,204,1321,100,24/03/2018,23/06/2026,268.00 KB,"integrate pods in form of prebuilt frameworks conveniently, reducing compile time",Ruby,https://github.com/leavez/cocoapods-binary,268.00 KB
771,mail_view,1321,130,1321,11,21/04/2010,08/02/2018,441.00 KB,Visual email testing,Ruby,https://github.com/basecamp/mail_view,441.00 KB
772,boom,1319,113,1319,7,19/10/2010,19/02/2023,356.00 KB,Motherfucking TEXT SNIPPETS! On the COMMAND LINE!,Ruby,https://github.com/holman/boom,356.00 KB
773,Ruby,1318,312,1318,10,25/07/2016,31/01/2026,546.00 KB,All algorithms implemented in Ruby,Ruby,https://github.com/TheAlgorithms/Ruby,546.00 KB
774,seeing_is_believing,1317,54,1317,30,02/01/2013,15/03/2026,21.37 MB,Displays the results of every line of code in your file,Ruby,https://github.com/JoshCheek/seeing_is_believing,21.37 MB
775,job-iteration,1316,62,1316,51,13/06/2018,07/10/2026,1.19 MB,Makes your background jobs interruptible and resumable by design.,Ruby,https://github.com/Shopify/job-iteration,1.19 MB
776,omnibus,1315,293,1315,69,14/02/2012,09/12/2025,36.12 MB,Easily create full-stack installers for your project across a variety of platforms.,Ruby,https://github.com/chef/omnibus,36.12 MB
777,foreigner,1315,122,1315,4,16/04/2009,06/02/2019,395.00 KB,Adds foreign key helpers to migrations and correctly dumps foreign keys to schema.rb,Ruby,https://github.com/matthuhiggins/foreigner,395.00 KB
778,jb,1314,42,1314,19,01/07/2016,22/09/2026,160.00 KB,A simple and fast JSON API template engine for Ruby on Rails,Ruby,https://github.com/amatsuda/jb,160.00 KB
779,blueprinter,1313,117,1313,10,03/08/2017,15/09/2026,3.40 MB,"Simple, Fast, and Declarative Serialization Library for Ruby",Ruby,https://github.com/procore-oss/blueprinter,3.40 MB
780,cfn_nag,1313,208,1313,84,11/02/2016,01/08/2024,1.47 MB,Linting tool for CloudFormation templates,Ruby,https://github.com/stelligent/cfn_nag,1.47 MB
781,devise-two-factor,1312,260,1312,46,12/05/2014,08/10/2026,370.00 KB,Barebones two-factor authentication with Devise,Ruby,https://github.com/devise-two-factor/devise-two-factor,370.00 KB
782,YosemiteSanFranciscoFont,1312,170,1312,1,19/11/2014,25/06/2015,13.82 MB,Replace Helvetica Neue on your 10.10 Yosemite Mac with San Francisco – the Watch font.,Ruby,https://github.com/supermarin/YosemiteSanFranciscoFont,13.82 MB
783,maintenance_tasks,1310,112,1310,8,22/09/2020,01/10/2026,3.27 MB,A Rails engine for queueing and managing data migrations.,Ruby,https://github.com/Shopify/maintenance_tasks,3.27 MB
784,highline,1308,136,1308,0,02/02/2009,01/09/2026,2.31 MB,A higher level command-line oriented interface.,Ruby,https://github.com/JEG2/highline,2.31 MB
785,screengif,1308,53,1308,16,20/02/2013,31/07/2020,5.11 MB,Create animated gif screencasts.,Ruby,https://github.com/dergachev/screengif,5.11 MB
786,diffy,1306,103,1306,40,29/06/2010,09/06/2025,163.00 KB,Easy Diffing in Ruby,Ruby,https://github.com/samg/diffy,163.00 KB
787,MobileHackersWeapons,1305,215,1305,3,12/01/2021,01/03/2026,2.54 MB,"Mobile Hacker's Weapons / A collection of cool tools used by Mobile hackers. Happy hacking , Happy bug-hunting",Ruby,https://github.com/hahwul/MobileHackersWeapons,2.54 MB
788,cane,1305,73,1305,9,14/01/2012,06/02/2023,333.00 KB,Code quality threshold checking as part of your build,Ruby,https://github.com/square/cane,333.00 KB
789,vcap,1302,347,1302,0,12/04/2011,28/08/2013,942.41 MB,Cloud Foundry - the open platform as a service project,Ruby,https://github.com/cloudfoundry-attic/vcap,942.41 MB
790,dpl,1298,367,1298,65,27/05/2013,25/08/2025,4.54 MB,Dpl (dee-pee-ell) is a deploy tool made for continuous deployment.,Ruby,https://github.com/travis-ci/dpl,4.54 MB
791,fluentd-kubernetes-daemonset,1297,969,1297,18,21/01/2017,07/10/2026,3.03 MB,Fluentd daemonset for Kubernetes and it Docker image,Ruby,https://github.com/fluent/fluentd-kubernetes-daemonset,3.03 MB
792,doing,1296,94,1296,2,15/03/2014,27/07/2026,9.76 MB,,Ruby,https://github.com/ttscoff/doing,9.76 MB
793,anystyle,1292,102,1292,69,31/08/2011,11/05/2025,17.68 MB,Fast citation reference parsing,Ruby,https://github.com/inukshuk/anystyle,17.68 MB
794,devise-jwt,1292,130,1292,3,12/01/2017,22/06/2026,278.00 KB,JWT token authentication with devise and rails,Ruby,https://github.com/waiting-for-dev/devise-jwt,278.00 KB
795,openfoodnetwork,1289,800,1289,645,17/10/2012,08/10/2026,126.39 MB,"Connect suppliers, distributors and consumers to trade local produce.",Ruby,https://github.com/openfoodfoundation/openfoodnetwork,126.39 MB
796,awesome-vapor,1286,64,1286,8,16/02/2018,14/10/2023,173.00 KB,A curated list of Vapor-related awesome projects.,Ruby,https://github.com/vapor-community/awesome-vapor,173.00 KB
797,cocoapods-playgrounds,1285,37,1285,17,10/02/2016,11/03/2019,273.00 KB,:black_joker: Generate Swift Playgrounds for any library.,Ruby,https://github.com/asmallteapot/cocoapods-playgrounds,273.00 KB
798,colorize,1285,141,1285,4,23/11/2009,21/05/2024,207.00 KB,"Ruby string class extension. It add some methods to set color, background color and text effect on console easier using ANSI escape sequences.",Ruby,https://github.com/fazibear/colorize,207.00 KB
799,FxLifeSheet,1285,88,1285,26,01/04/2019,13/01/2024,3.05 MB,Tracking the key metrics of my life,Ruby,https://github.com/KrauseFx/FxLifeSheet,3.05 MB
800,mocha,1285,160,1285,126,04/10/2008,22/09/2026,4.29 MB,A mocking and stubbing library for Ruby,Ruby,https://github.com/freerange/mocha,4.29 MB
801,truemail,1284,70,1284,3,04/03/2019,23/04/2024,643.00 KB,"🚀 Configurable framework agnostic plain Ruby 📨 email validator/verifier. Verify email via Regex, DNS, SMTP and even more. Be sure that email address valid and exists.",Ruby,https://github.com/truemail-rb/truemail,643.00 KB
802,ruby-processing,1282,89,1282,0,13/04/2008,31/08/2020,78.70 MB,"Code as Art, Art as Code. Processing and Ruby are meant for each other.",Ruby,https://github.com/jashkenas/ruby-processing,78.70 MB
803,ruby-kafka,1281,332,1281,2,18/01/2016,08/10/2026,2.15 MB,A Ruby client library for Apache Kafka,Ruby,https://github.com/zendesk/ruby-kafka,2.15 MB
804,powder,1278,64,1278,13,08/04/2011,08/10/2019,180.00 KB,"Makes Pow even easier. I mean really, really, ridiculously easy",Ruby,https://github.com/powder-rb/powder,180.00 KB
805,globalid,1278,138,1278,4,15/08/2014,30/08/2026,378.00 KB,Identify app models with a URI,Ruby,https://github.com/rails/globalid,378.00 KB
806,debug,1275,148,1275,95,20/09/2019,12/06/2026,1.68 MB,Debugging functionality for Ruby,Ruby,https://github.com/ruby/debug,1.68 MB
807,gli,1274,103,1274,10,05/02/2009,09/03/2025,2.09 MB,Make awesome command-line applications the easy way,Ruby,https://github.com/davetron5000/gli,2.09 MB
808,geo_pattern,1272,86,1272,1,27/01/2014,22/04/2025,1.71 MB,Create beautiful generative geometric background images from a string.,Ruby,https://github.com/jasonlong/geo_pattern,1.71 MB
809,watchr,1272,74,1272,33,18/08/2009,15/10/2011,1.13 MB,Modern continuous testing (flexible alternative to Autotest),Ruby,https://github.com/mynyml/watchr,1.13 MB
810,omniauth-facebook,1264,395,1264,2,15/10/2011,11/08/2026,370.00 KB,Facebook OAuth2 Strategy for OmniAuth,Ruby,https://github.com/simi/omniauth-facebook,370.00 KB
811,slack-ruby-client,1261,223,1261,44,24/07/2015,05/10/2026,2.83 MB,A ruby client for the Slack Web and Event APIs.,Ruby,https://github.com/slack-ruby/slack-ruby-client,2.83 MB
812,strong_parameters,1260,160,1260,65,13/03/2012,08/08/2017,169.00 KB,Taint and required checking for Action Pack and enforcement in Active Model,Ruby,https://github.com/rails/strong_parameters,169.00 KB
813,rack-contrib,1255,222,1255,5,24/12/2008,15/11/2024,447.00 KB,Contributed Rack Middleware and Utilities,Ruby,https://github.com/rack/rack-contrib,447.00 KB
814,invisible_captcha,1254,67,1254,1,06/06/2012,15/07/2026,241.00 KB,🍯 Unobtrusive and flexible spam protection for Rails apps,Ruby,https://github.com/markets/invisible_captcha,241.00 KB
815,ProMotion,1253,142,1253,25,30/08/2012,04/02/2025,2.07 MB,ProMotion is a RubyMotion gem that makes iPhone development less like Objective-C and more like Ruby.,Ruby,https://github.com/jamonholmgren/ProMotion,2.07 MB
816,rspec-expectations,1251,383,1251,0,29/06/2009,30/11/2024,5.57 MB,Provides a readable API to express expected outcomes of a code example,Ruby,https://github.com/rspec/rspec-expectations,5.57 MB
817,roast,1250,78,1250,43,09/04/2025,06/10/2026,8.86 MB,Structured AI workflows made easy,Ruby,https://github.com/Shopify/roast,8.86 MB
818,rails-pg-extras,1248,39,1248,1,25/12/2019,16/06/2026,1.82 MB,"Rails PostgreSQL database performance insights. Locks, index usage, buffer cache hit ratios, vacuum stats and more.",Ruby,https://github.com/pawurb/rails-pg-extras,1.82 MB
819,pgslice,1247,68,1247,4,24/04/2016,29/06/2026,288.00 KB,Postgres partitioning as easy as pie,Ruby,https://github.com/ankane/pgslice,288.00 KB
820,rails_performance,1246,92,1246,19,24/01/2020,22/06/2026,6.87 MB,Monitor performance of you Rails applications (self-hosted and free),Ruby,https://github.com/igorkasyanchuk/rails_performance,6.87 MB
821,tracks,1240,530,1240,252,16/07/2011,03/08/2026,22.34 MB,"Tracks is a GTD™ web application, built with Ruby on Rails",Ruby,https://github.com/TracksApp/tracks,22.34 MB
822,inertia-rails,1240,103,1240,8,10/09/2019,03/10/2026,2.29 MB,The Rails adapter for Inertia.js.,Ruby,https://github.com/inertiajs/inertia-rails,2.29 MB
823,camaleon-cms,1237,287,1237,22,09/07/2015,08/10/2026,61.00 MB,Camaleon CMS is a dynamic and advanced content management system based on Ruby on Rails,Ruby,https://github.com/owen2345/camaleon-cms,61.00 MB
824,store_model,1234,110,1234,31,12/02/2019,06/09/2026,392.00 KB,Work with JSON-backed attributes as ActiveRecord-ish models,Ruby,https://github.com/DmitryTsepelev/store_model,392.00 KB
825,declarative_authorization,1234,224,1234,62,14/08/2008,01/09/2020,1.02 MB,An unmaintained authorization plugin for Rails. Please fork to support current versions of Rails,Ruby,https://github.com/stffn/declarative_authorization,1.02 MB
826,seed-fu,1232,155,1232,58,01/04/2008,09/08/2022,170.00 KB,"Advanced seed data handling for Rails, combining the best practices of several methods together.",Ruby,https://github.com/mbleigh/seed-fu,170.00 KB
827,asciidoctor-pdf,1230,502,1230,13,11/01/2014,05/10/2026,31.91 MB,":page_with_curl: Asciidoctor PDF: A native PDF converter for AsciiDoc based on Asciidoctor and Prawn, written entirely in Ruby.",Ruby,https://github.com/asciidoctor/asciidoctor-pdf,31.91 MB
828,fresh,1229,85,1229,42,03/09/2012,24/06/2026,1.37 MB,Keep your dotfiles fresh.,Ruby,https://github.com/freshshell/fresh,1.37 MB
829,rspec-core,1228,747,1228,0,29/06/2009,30/11/2024,11.75 MB,RSpec runner and formatters,Ruby,https://github.com/rspec/rspec-core,11.75 MB
830,heroku-accounts,1224,62,1224,1,23/12/2009,23/04/2016,35.00 KB,Multiple account management for Heroku,Ruby,https://github.com/ddollar/heroku-accounts,35.00 KB
831,rotating-proxy,1222,252,1222,24,11/04/2014,25/04/2024,30.00 KB,Rotating TOR proxy with Docker,Ruby,https://github.com/mattes/rotating-proxy,30.00 KB
832,sshkit,1219,256,1219,65,09/03/2012,25/07/2026,1.55 MB,"A toolkit for deploying code and assets to servers in a repeatable, testable, reliable way.",Ruby,https://github.com/capistrano/sshkit,1.55 MB
833,Home-Network-Note,1216,96,1216,3,28/11/2014,30/12/2024,14.81 MB,🚧 持续更新 🚧 记录搭建兼顾学习娱乐的家用网络环境的过程，折腾过的一些软硬件小经验。,Ruby,https://github.com/soulteary/Home-Network-Note,14.81 MB
834,em-http-request,1216,229,1216,17,22/08/2008,10/11/2024,922.00 KB,Asynchronous HTTP Client (EventMachine + Ruby),Ruby,https://github.com/igrigorik/em-http-request,922.00 KB
835,xray-rails,1214,76,1214,33,06/03/2013,07/12/2024,425.00 KB,☠️ A development tool that reveals your UI's bones,Ruby,https://github.com/brentd/xray-rails,425.00 KB
836,autoprefixer-rails,1210,109,1210,7,04/04/2013,05/10/2026,28.05 MB,Autoprefixer for Ruby and Ruby on Rails,Ruby,https://github.com/ai/autoprefixer-rails,28.05 MB
837,newrelic-ruby-agent,1209,609,1209,81,31/10/2008,08/10/2026,42.49 MB,New Relic RPM Ruby Agent,Ruby,https://github.com/newrelic/newrelic-ruby-agent,42.49 MB
838,ror_ecommerce,1208,402,1208,23,16/10/2010,14/03/2026,25.28 MB,"Ruby on Rails Ecommerce platform, perfect for your small business solution.",Ruby,https://github.com/drhenner/ror_ecommerce,25.28 MB
839,alba,1207,63,1207,8,21/01/2020,08/10/2026,30.87 MB,"Alba is a JSON serializer for Ruby, JRuby and TruffleRuby.",Ruby,https://github.com/okuramasafumi/alba,30.87 MB
840,icalendar,1205,201,1205,18,28/12/2008,25/09/2026,942.00 KB,icalendar.rb main repository,Ruby,https://github.com/icalendar/icalendar,942.00 KB
841,homebrew-macos-cross-toolchains,1205,76,1205,7,28/02/2021,15/02/2026,163.00 KB,macOS cross compiler toolchains,Ruby,https://github.com/messense/homebrew-macos-cross-toolchains,163.00 KB
842,RubyMotionSamples,1204,330,1204,11,03/05/2012,28/04/2021,21.25 MB,A collection of RubyMotion applications for code samples.,Ruby,https://github.com/HipByte/RubyMotionSamples,21.25 MB
843,openclacky,1204,113,1204,48,30/12/2025,08/10/2026,10.15 MB,The most Token-efficient open-source AI Agent,Ruby,https://github.com/clacky-ai/openclacky,10.15 MB
844,github,1201,317,1201,29,25/09/2011,13/05/2023,7.21 MB,Ruby interface to GitHub API,Ruby,https://github.com/piotrmurach/github,7.21 MB
845,fucking_shell_scripts,1200,86,1200,2,16/08/2013,17/02/2015,324.00 KB,"The easiest, most common sense configuration management tool... because you just use fucking shell scripts.",Ruby,https://github.com/brandonhilkert/fucking_shell_scripts,324.00 KB
846,authority,1196,68,1196,0,09/03/2012,18/11/2019,790.00 KB,*CURRENTLY UNMAINTAINED*. Authority helps you authorize actions in your Rails app. It's ORM-neutral and has very little fancy syntax; just group your models under one or more Authorizer classes and write plain Ruby methods on them.,Ruby,https://github.com/nathanl/authority,790.00 KB
847,ahoy_email,1195,144,1195,1,28/04/2014,21/09/2026,381.00 KB,First-party email analytics for Rails,Ruby,https://github.com/ankane/ahoy_email,381.00 KB
848,active_attr,1194,90,1194,51,29/09/2011,01/03/2026,522.00 KB,What ActiveModel left out,Ruby,https://github.com/cgriego/active_attr,522.00 KB
849,database_consistency,1193,66,1193,3,30/10/2018,08/10/2026,1.04 MB,The tool to avoid various issues due to inconsistencies and inefficiencies between a database schema and application models.,Ruby,https://github.com/djezzzl/database_consistency,1.04 MB
850,eye,1193,87,1193,19,29/12/2012,13/11/2021,2.14 MB,Process monitoring tool. Inspired from Bluepill and God.,Ruby,https://github.com/kostya/eye,2.14 MB
851,active_storage_validations,1193,149,1193,3,28/08/2018,02/10/2026,3.11 MB,"Do it like => validates :photos, attached: true, content_type: ['image/png', 'image/jpg', 'image/jpeg'], size: { less_than: 500.kilobytes }, limit: { min: 1, max: 3 }, aspect_ratio: :landscape, dimension: { width: { in: 800..1600 }",Ruby,https://github.com/igorkasyanchuk/active_storage_validations,3.11 MB
852,fast-mcp,1192,107,1192,66,10/03/2025,15/12/2025,482.00 KB,A Ruby Implementation of the Model Context Protocol,Ruby,https://github.com/yjacquin/fast-mcp,482.00 KB
853,vagrant-lxc,1191,173,1191,1,25/02/2013,24/11/2022,1.20 MB,LXC provider for Vagrant,Ruby,https://github.com/fgrehm/vagrant-lxc,1.20 MB
854,taps,1191,139,1191,69,07/02/2009,20/03/2018,672.00 KB,simple database import/export app,Ruby,https://github.com/ricardochimal/taps,672.00 KB
855,email-spec,1188,171,1188,33,09/12/2008,21/03/2026,791.00 KB,Collection of RSpec/MiniTest matchers and Cucumber steps for testing email in a ruby app using ActionMailer or Pony,Ruby,https://github.com/email-spec/email-spec,791.00 KB
856,queue_classic,1187,152,1187,13,26/01/2011,22/03/2024,752.00 KB,"Simple, efficient worker queue for Ruby & PostgreSQL.",Ruby,https://github.com/QueueClassic/queue_classic,752.00 KB
857,rubyinstaller,1186,296,1186,26,15/02/2009,22/05/2021,969.00 KB,RubyInstaller for Windows - Build recipes,Ruby,https://github.com/oneclick/rubyinstaller,969.00 KB
858,autoresearch-genealogy,1182,120,1182,1,18/03/2026,30/06/2026,343.00 KB,"Structured prompts, vault templates, and archive guides for AI-assisted genealogy research. Built for Claude Code.",Ruby,https://github.com/mattprusak/autoresearch-genealogy,343.00 KB
859,swot,1181,37894,1181,0,31/01/2012,13/09/2025,2.48 MB,Archived — SWOT delighted millions of students with GitHub discounts and saved bazillions of review hours. Follow JetBrains/swot  for future updates.,Ruby,https://github.com/leereilly/swot,2.48 MB
860,deadweight,1180,50,1180,14,21/07/2009,27/04/2016,149.00 KB,NOT MAINTAINED,Ruby,https://github.com/aanand/deadweight,149.00 KB
861,Xaddress,1180,44,1180,6,09/08/2016,30/09/2022,18.42 MB,Xaddress - Give 7 billion people an instant physical address,Ruby,https://github.com/roberdam/Xaddress,18.42 MB
862,oxml_xxe,1178,237,1178,2,06/03/2015,16/12/2024,2.64 MB,A tool for embedding XXE/XML exploits into different filetypes,Ruby,https://github.com/BuffaloWill/oxml_xxe,2.64 MB
863,update_xcode_plugins,1178,79,1178,11,25/02/2016,06/06/2018,70.00 KB,No more messing with plugin UUIDs; Plugins on Xcode 8+!,Ruby,https://github.com/inket/update_xcode_plugins,70.00 KB
864,BubbleWrap,1178,205,1178,32,03/05/2012,25/04/2021,1.82 MB,"Cocoa wrappers and helpers for RubyMotion (Ruby for iOS and OS X) - Making Cocoa APIs more Ruby like, one API at a time. Fork away and send your pull requests",Ruby,https://github.com/rubymotion-community/BubbleWrap,1.82 MB
865,excon,1174,288,1174,19,25/10/2009,28/09/2026,3.05 MB,"Usable, fast, simple HTTP 1.1 for Ruby",Ruby,https://github.com/excon/excon,3.05 MB
866,awspec,1174,188,1174,40,27/07/2015,27/09/2026,2.92 MB,RSpec tests for your AWS resources.,Ruby,https://github.com/k1LoW/awspec,2.92 MB
867,whois,1172,287,1172,14,27/06/2009,14/09/2026,10.60 MB,An intelligent — pure Ruby — WHOIS client and parser.,Ruby,https://github.com/weppos/whois,10.60 MB
868,oga,1169,45,1169,1,26/02/2014,10/06/2026,8.46 MB,Oga is an XML/HTML parser written in Ruby.,Ruby,https://github.com/yorickpeterse/oga,8.46 MB
869,carmen,1167,270,1167,19,17/03/2009,31/01/2022,1.33 MB,A repository of geographic regions for Ruby,Ruby,https://github.com/carmen-ruby/carmen,1.33 MB
870,browsercms,1167,255,1167,319,31/03/2009,21/07/2022,13.99 MB,BrowserCMS: Humane Content Management for Rails,Ruby,https://github.com/browsermedia/browsercms,13.99 MB
871,oink,1166,69,1166,23,10/02/2009,30/01/2018,191.00 KB,Log parser to identify actions which significantly increase VM heap size,Ruby,https://github.com/noahd1/oink,191.00 KB
872,pleaserun,1165,76,1165,44,12/07/2013,25/05/2026,366.00 KB,"An attempt to abstract this ""init"" script madness.",Ruby,https://github.com/jordansissel/pleaserun,366.00 KB
873,importmap-rails,1165,126,1165,31,29/07/2021,07/01/2026,955.00 KB,Use ESM with importmap to manage modern JavaScript in Rails without transpiling or bundling.,Ruby,https://github.com/rails/importmap-rails,955.00 KB
874,phonelib,1164,142,1164,10,08/10/2012,26/08/2026,54.80 MB,Ruby gem for phone validation and formatting using google libphonenumber library data,Ruby,https://github.com/daddyz/phonelib,54.80 MB
875,libraries.io,1159,213,1159,187,30/09/2014,02/10/2026,64.06 MB,:books: The Open Source Discovery Service,Ruby,https://github.com/librariesio/libraries.io,64.06 MB
876,koudoku,1154,179,1154,71,27/12/2012,04/01/2021,229.00 KB,Robust subscription support for Rails with Stripe.,Ruby,https://github.com/andrewculver/koudoku,229.00 KB
877,jammit,1153,195,1153,41,08/11/2009,26/08/2021,2.68 MB,Industrial Strength Asset Packaging for Rails,Ruby,https://github.com/documentcloud/jammit,2.68 MB
878,dstk,1153,182,1153,50,07/03/2011,29/08/2016,3.73 MB,A collection of the best open data sets and open-source tools for data science,Ruby,https://github.com/petewarden/dstk,3.73 MB
879,cocoapods-packager,1151,225,1151,116,17/03/2014,16/03/2023,316.00 KB,CocoaPods plugin which allows you to generate a static library from a podspec.,Ruby,https://github.com/CocoaPods/cocoapods-packager,316.00 KB
880,vagrant-hostsupdater,1150,128,1150,35,28/04/2013,01/12/2021,136.00 KB,,Ruby,https://github.com/agiledivider/vagrant-hostsupdater,136.00 KB
881,spreadsheet,1149,235,1149,13,13/04/2012,21/04/2026,5.36 MB,The Ruby Spreadsheet by ywesee GmbH,Ruby,https://github.com/zdavatz/spreadsheet,5.36 MB
882,rspec-mocks,1149,353,1149,0,29/06/2009,30/11/2024,7.33 MB,"RSpec's 'test double' framework, with support for stubbing and mocking",Ruby,https://github.com/rspec/rspec-mocks,7.33 MB
883,net-http-cheat-sheet,1148,160,1148,0,07/01/2010,03/04/2019,20.00 KB,A collection of Ruby Net::HTTP examples.,Ruby,https://github.com/augustl/net-http-cheat-sheet,20.00 KB
884,Eternalblue-Doublepulsar-Metasploit,1148,509,1148,83,24/04/2017,31/03/2021,2.83 MB,Module of Metasploit to exploit the vulnerability Eternalblue-Doublepulsar.,Ruby,https://github.com/Telefonica/Eternalblue-Doublepulsar-Metasploit,2.83 MB
885,seedbank,1146,89,1146,24,21/03/2011,07/12/2023,457.00 KB,"Seedbank gives your seed data a little structure. Create seeds for each environment, share seeds between environments and specify dependencies to load your seeds in order. All nicely integrated with simple rake tasks.",Ruby,https://github.com/james2m/seedbank,457.00 KB
886,sprinkle,1143,135,1143,20,26/02/2008,24/01/2018,891.00 KB,"Sprinkle is a software provisioning tool you can use to build remote servers with. eg. to install a Rails, or Sinatra stack on a brand new slice directly after its been created",Ruby,https://github.com/sprinkle-tool/sprinkle,891.00 KB
887,cryptosphere,1142,47,1142,1,30/11/2011,30/01/2016,1.43 MB,"Encrypted peer-to-peer web application platform for decentralized, privacy-preserving applications",Ruby,https://github.com/cryptosphere/cryptosphere,1.43 MB
888,seccomp-tools,1142,74,1142,1,27/05/2017,03/10/2026,3.10 MB,Provide powerful tools for seccomp analysis,Ruby,https://github.com/david942j/seccomp-tools,3.10 MB
889,mobility,1140,96,1140,30,22/02/2017,30/03/2026,2.87 MB,Pluggable Ruby translation framework,Ruby,https://github.com/shioyama/mobility,2.87 MB
890,airborne,1138,123,1138,44,12/09/2014,16/01/2024,324.00 KB,RSpec driven API testing framework,Ruby,https://github.com/brooklynDev/airborne,324.00 KB
891,itamae,1134,118,1134,36,23/12/2013,06/10/2026,1.06 MB,"Configuration management tool inspired by Chef, but simpler and lightweight. Formerly known as Lightchef.",Ruby,https://github.com/itamae-kitchen/itamae,1.06 MB
892,active_scaffold,1134,329,1134,11,21/05/2008,06/10/2026,11.51 MB,"Save time and headaches, and create a more easily maintainable set of pages, with ActiveScaffold. ActiveScaffold handles all your CRUD (create, read, update, delete) user interface needs, leaving you more time to focus on more challenging (and interesting!) problems.",Ruby,https://github.com/activescaffold/active_scaffold,11.51 MB
893,rails-stripe-membership-saas,1133,226,1133,21,17/10/2012,13/10/2017,914.00 KB,An example Rails 4.2 app with Stripe and the Payola gem for a membership or subscription site.,Ruby,https://github.com/RailsApps/rails-stripe-membership-saas,914.00 KB
894,communityengine,1133,310,1133,0,25/03/2008,05/04/2021,9.19 MB,"Adds basic social networking capabilities to your existing application, including users, blogs, photos, clippings, favorites, and more.",Ruby,https://github.com/bborn/communityengine,9.19 MB
895,alan-sdk-cordova,1132,6,1132,4,23/10/2019,22/04/2025,13.81 MB,The Self-Coding System for Your App — Alan AI SDK for Cordova,Ruby,https://github.com/alan-ai/alan-sdk-cordova,13.81 MB
896,cli-ui,1131,57,1131,23,31/05/2017,15/09/2026,1.73 MB,CLI tooling framework with simple interactive widgets,Ruby,https://github.com/Shopify/cli-ui,1.73 MB
897,github-gem,1131,187,1131,80,28/02/2008,01/04/2024,673.00 KB,`github` command line helper for simplifying your GitHub experience.,Ruby,https://github.com/defunkt/github-gem,673.00 KB
898,active_decorator,1130,108,1130,12,02/12/2011,22/09/2026,355.00 KB,"ORM agnostic truly Object-Oriented view helper for Rails 4, 5, 6, 7, and 8",Ruby,https://github.com/amatsuda/active_decorator,355.00 KB
899,jsonb_accessor,1127,98,1127,11,02/04/2015,22/06/2026,583.00 KB,Adds typed jsonb backed fields to your ActiveRecord models.,Ruby,https://github.com/madeintandem/jsonb_accessor,583.00 KB
900,jetpants,1126,80,1126,3,24/05/2012,15/06/2017,26.88 MB,MySQL toolkit for managing billions of rows and hundreds of database machines,Ruby,https://github.com/tumblr/jetpants,26.88 MB
901,slop,1126,72,1126,4,26/11/2010,06/10/2025,1.19 MB,Simple Lightweight Option Parsing - ✨ new contributors welcome ✨,Ruby,https://github.com/leejarvis/slop,1.19 MB
902,kitchen-terraform,1124,145,1124,0,23/06/2016,22/10/2024,4.96 MB,Test Kitchen plugins for testing Terraform configurations,Ruby,https://github.com/newcontext-oss/kitchen-terraform,4.96 MB
903,batch-loader,1124,51,1124,11,31/07/2017,09/12/2025,250.00 KB,:zap: Powerful tool for avoiding N+1 DB or HTTP queries,Ruby,https://github.com/exAspArk/batch-loader,250.00 KB
904,docker-api,1124,288,1124,64,13/06/2013,01/04/2025,16.21 MB,A lightweight Ruby client for the Docker Remote API,Ruby,https://github.com/upserve/docker-api,16.21 MB
905,rails-settings-cached,1124,205,1124,8,20/01/2011,16/09/2026,422.00 KB,Global settings for your Rails application.,Ruby,https://github.com/huacnlee/rails-settings-cached,422.00 KB
906,isolator,1124,32,1124,6,28/01/2018,11/09/2026,295.00 KB,Detect non-atomic interactions within DB transactions,Ruby,https://github.com/palkan/isolator,295.00 KB
907,active_type,1122,76,1122,1,21/02/2014,22/01/2026,534.00 KB,Make any Ruby object quack like ActiveRecord,Ruby,https://github.com/makandra/active_type,534.00 KB
908,ridgepole,1121,137,1121,0,29/06/2014,28/09/2026,2.24 MB,"Ridgepole is a tool to manage DB schema.  It defines DB schema using Rails DSL, and updates DB schema according to DSL. (like Chef/Puppet)",Ruby,https://github.com/ridgepole/ridgepole,2.24 MB
909,social_stream,1121,294,1121,49,24/09/2010,17/10/2020,21.84 MB,A framework for building distributed social network websites,Ruby,https://github.com/ging/social_stream,21.84 MB
910,jekyll-assets,1120,168,1120,52,21/10/2012,20/02/2024,6.72 MB,:art: Asset pipelines for Jekyll.,Ruby,https://github.com/envygeeks/jekyll-assets,6.72 MB
911,jquery-ui-rails,1119,240,1119,13,17/02/2012,22/09/2026,906.00 KB,jQuery UI for the Rails asset pipeline,Ruby,https://github.com/jquery-ui-rails/jquery-ui-rails,906.00 KB
912,vernier,1119,37,1119,15,26/04/2022,28/08/2026,620.00 KB,📏 next generation CRuby profiler,Ruby,https://github.com/jhawthorn/vernier,620.00 KB
913,passbolt_docker,1115,218,1115,11,18/02/2016,05/10/2026,1.25 MB,Get started with Passbolt CE using docker!,Ruby,https://github.com/passbolt/passbolt_docker,1.25 MB
914,moneta,1114,87,1114,21,18/11/2012,02/08/2024,3.05 MB,a unified interface to key/value stores,Ruby,https://github.com/moneta-rb/moneta,3.05 MB
915,machinist,1113,135,1113,31,06/10/2008,23/06/2023,2.11 MB,Fixtures aren't fun. Machinist is.,Ruby,https://github.com/notahat/machinist,2.11 MB
916,awesome-style-guide,1113,69,1113,0,01/05/2016,19/01/2023,68.00 KB,A list of awesome style guide.,Ruby,https://github.com/kciter/awesome-style-guide,68.00 KB
917,slack-ruby-bot,1112,181,1112,37,02/07/2015,02/05/2021,5.71 MB,The easiest way to write a Slack bot in Ruby.,Ruby,https://github.com/slack-ruby/slack-ruby-bot,5.71 MB
918,datagrid,1112,112,1112,4,13/06/2011,15/07/2026,1.46 MB,Gem to create tables grids with sortable columns and filters,Ruby,https://github.com/bogdan/datagrid,1.46 MB
919,tkn,1111,83,1111,4,10/09/2012,19/01/2023,2.15 MB,Terminal Keynote - A hack for terminal-based talks,Ruby,https://github.com/fxn/tkn,2.15 MB
920,shopify-api-ruby,1110,486,1110,41,12/06/2009,22/09/2026,7.50 MB,ShopifyAPI is a lightweight gem for accessing the Shopify admin REST and GraphQL web services.,Ruby,https://github.com/Shopify/shopify-api-ruby,7.50 MB
921,homebrew-virt-manager,1107,265,1107,69,19/12/2014,25/03/2023,124.00 KB,A set of homebrew formulae to install virt-manager and virt-viewer on MAC OSX,Ruby,https://github.com/jeffreywildman/homebrew-virt-manager,124.00 KB
922,tweetstream,1103,153,1103,26,22/09/2009,24/08/2021,413.00 KB,A simple EventMachine-based library for consuming Twitter's Streaming API.,Ruby,https://github.com/tweetstream/tweetstream,413.00 KB
923,grape-swagger,1101,478,1101,133,19/07/2012,08/10/2026,2.24 MB,Add OAPI/swagger v2.0 compliant documentation to your grape API,Ruby,https://github.com/ruby-grape/grape-swagger,2.24 MB
924,gush,1101,111,1101,18,18/03/2014,20/11/2025,459.00 KB,Fast and distributed workflow runner using ActiveJob and Redis,Ruby,https://github.com/chaps-io/gush,459.00 KB
925,docker-rails,1097,170,1097,1,27/10/2016,29/10/2024,13.80 MB,"Dockerize Rails 7 with ActionCable, Webpacker, Stimulus, Elasticsearch, Sidekiq",Ruby,https://github.com/ledermann/docker-rails,13.80 MB
926,ranked-model,1094,134,1094,3,28/01/2011,22/06/2026,204.00 KB,An acts_as_sortable/acts_as_list replacement built for Rails 4+,Ruby,https://github.com/brendon/ranked-model,204.00 KB
927,phony,1093,236,1093,4,16/03/2010,20/08/2026,6.25 MB,"E164 international phone number normalizing, splitting, formatting. ",Ruby,https://github.com/floere/phony,6.25 MB
928,fakeweb,1086,130,1086,32,13/10/2008,15/02/2019,513.00 KB,Ruby test helper for injecting fake responses to web requests,Ruby,https://github.com/chrisk/fakeweb,513.00 KB
929,gitlab,1086,399,1086,13,21/09/2012,01/10/2026,1.77 MB,Ruby wrapper and CLI for the GitLab REST API,Ruby,https://github.com/NARKOZ/gitlab,1.77 MB
930,commander,1085,61,1085,0,16/10/2008,01/04/2015,1.85 MB,The complete solution for Ruby command-line executables,Ruby,https://github.com/tj/commander,1.85 MB
931,grover,1085,125,1085,27,22/08/2018,02/04/2026,855.00 KB,"A Ruby gem to transform HTML into PDFs, PNGs or JPEGs using Google Puppeteer/Chromium",Ruby,https://github.com/Studiosity/grover,855.00 KB
932,open-build-service,1083,494,1083,1229,14/07/2011,08/10/2026,851.15 MB,"Build and distribute Linux packages from sources in an automatic, consistent and reproducible way #obs",Ruby,https://github.com/openSUSE/open-build-service,851.15 MB
933,charlock_holmes,1083,152,1083,66,23/08/2011,01/07/2026,83.23 MB,"Character encoding detection, brought to you by ICU",Ruby,https://github.com/brianmario/charlock_holmes,83.23 MB
934,git_stats,1082,157,1082,53,06/10/2012,07/11/2025,33.25 MB,GitStats is a git repository statistics generator.,Ruby,https://github.com/tomgi/git_stats,33.25 MB
935,docker-rails-example,1079,227,1079,10,22/12/2020,15/09/2026,1.64 MB,A production ready example Rails app that's using Docker and Docker Compose.,Ruby,https://github.com/nickjj/docker-rails-example,1.64 MB
936,tamzen-font,1078,36,1078,13,17/12/2011,28/02/2023,1.49 MB,"💌 Bitmapped programming font, based on Tamsyn",Ruby,https://github.com/sunaku/tamzen-font,1.49 MB
937,hotwire-example-template,1076,80,1076,4,05/04/2021,04/01/2025,1.29 MB,A collection of branches that transmit HTML over the wire.,Ruby,https://github.com/thoughtbot/hotwire-example-template,1.29 MB
938,ruby-advisory-db,1075,246,1075,2,12/02/2013,08/10/2026,3.31 MB,A database of vulnerable Ruby Gems,Ruby,https://github.com/rubysec/ruby-advisory-db,3.31 MB
939,chunky_png,1075,104,1075,16,04/01/2010,03/06/2024,1.22 MB,Read/write access to PNG images in pure Ruby.,Ruby,https://github.com/wvanbergen/chunky_png,1.22 MB
940,nlp-with-ruby,1075,71,1075,7,15/03/2016,27/06/2023,1.22 MB,Curated List: Practical Natural Language Processing done in Ruby,Ruby,https://github.com/arbox/nlp-with-ruby,1.22 MB
941,rack-bug,1072,102,1072,17,09/03/2009,27/04/2016,1.27 MB,Debugging toolbar for Rack applications implemented as middleware,Ruby,https://github.com/brynary/rack-bug,1.27 MB
942,cocoapods-deintegrate,1072,44,1072,5,01/10/2014,05/04/2022,271.00 KB,A CocoaPods plugin to remove and de-integrate CocoaPods from your project.,Ruby,https://github.com/CocoaPods/cocoapods-deintegrate,271.00 KB
943,Kintsugi,1071,30,1071,3,19/04/2021,19/09/2026,320.00 KB,A tool to automatically resolve Git conflicts that occur in Xcode project files,Ruby,https://github.com/Lightricks/Kintsugi,320.00 KB
944,rails-template,1071,218,1071,0,30/01/2015,18/12/2023,645.00 KB,My former app template for Rails 7. All recommendations you see here have been moved to https://github.com/mattbrictson/nextgen,Ruby,https://github.com/mattbrictson/rails-template,645.00 KB
945,render_async,1070,71,1070,13,20/03/2017,11/11/2024,612.00 KB,render_async lets you include pages asynchronously with AJAX,Ruby,https://github.com/nikolalsvk/render_async,612.00 KB
946,berkshelf,1070,310,1070,46,01/05/2012,14/08/2024,6.87 MB,A Chef Cookbook manager,Ruby,https://github.com/berkshelf/berkshelf,6.87 MB
947,mission_control-jobs,1069,140,1069,44,03/08/2022,09/09/2026,2.08 MB,Dashboard and Active Job extensions to operate and troubleshoot background jobs,Ruby,https://github.com/rails/mission_control-jobs,2.08 MB
948,graphiti,1069,157,1069,47,22/09/2016,24/09/2026,25.89 MB,"Stylish Graph APIs, built on JSON:API",Ruby,https://github.com/graphiti-api/graphiti,25.89 MB
949,cocoapods-imy-bin,1068,243,1068,84,14/06/2020,24/06/2026,56.79 MB,,Ruby,https://github.com/MeetYouDevs/cocoapods-imy-bin,56.79 MB
950,gibbon,1065,162,1065,4,12/11/2010,25/07/2026,434.00 KB,Gibbon is an API wrapper for MailChimp's API,Ruby,https://github.com/amro/gibbon,434.00 KB
951,airplay,1064,67,1064,28,05/07/2011,23/10/2022,1.26 MB,Airplay bindings to Ruby,Ruby,https://github.com/elcuervo/airplay,1.26 MB
952,down,1064,53,1064,0,25/09/2015,06/05/2026,496.00 KB,"Streaming downloads using Net::HTTP, http.rb or HTTPX",Ruby,https://github.com/janko/down,496.00 KB
953,faye-websocket-ruby,1062,95,1062,6,22/11/2011,25/05/2025,441.00 KB,Standards-compliant WebSocket client and server,Ruby,https://github.com/faye/faye-websocket-ruby,441.00 KB
954,fir-cli,1062,226,1062,4,07/04/2015,11/05/2026,1.84 MB,fir.im(betaqr.com) command-line interface,Ruby,https://github.com/PGYER/fir-cli,1.84 MB
955,fakefs,1061,191,1061,39,29/05/2009,30/03/2026,1.73 MB,A fake filesystem. Use it in your tests.,Ruby,https://github.com/fakefs/fakefs,1.73 MB
956,vagrant-cachier,1061,107,1061,0,21/03/2013,05/12/2022,261.00 KB,Caffeine reducer,Ruby,https://github.com/fgrehm/vagrant-cachier,261.00 KB
957,daru,1061,138,1061,92,04/10/2014,15/08/2023,4.54 MB,Data Analysis in RUby,Ruby,https://github.com/SciRuby/daru,4.54 MB
958,rgeo,1060,158,1060,37,19/10/2010,28/04/2026,15.96 MB,Geospatial data library for Ruby,Ruby,https://github.com/rgeo/rgeo,15.96 MB
959,naught,1058,48,1058,1,26/05/2013,13/07/2026,282.00 KB,A toolkit for building Null Object classes in Ruby,Ruby,https://github.com/avdi/naught,282.00 KB
960,image-builder-rpi,1056,161,1056,47,07/01/2016,18/02/2022,498.00 KB,SD card image for Raspberry Pi with Docker: HypriotOS,Ruby,https://github.com/hypriot/image-builder-rpi,498.00 KB
961,quranic-universal-library,1054,135,1054,206,11/06/2024,08/10/2026,681.70 MB,A comprehensive collection of Quran resources,Ruby,https://github.com/TarteelAI/quranic-universal-library,681.70 MB
962,shopify-cli,1051,217,1051,0,11/12/2018,01/06/2023,20.80 MB,Shopify CLI helps you build against the Shopify platform faster.,Ruby,https://github.com/Shopify/shopify-cli,20.80 MB
963,metainspector,1049,165,1049,2,25/06/2008,21/09/2026,1.23 MB,"Ruby gem for web scraping purposes. It scrapes a given URL, and returns you its title, meta description, meta keywords, links, images...",Ruby,https://github.com/jaimeiniesta/metainspector,1.23 MB
964,thingspeak,1049,331,1049,36,19/12/2010,21/09/2023,3.55 MB,"ThingSpeak is an open source “Internet of Things” application and API to store and retrieve data from things using HTTP over the Internet or via a Local Area Network. With ThingSpeak, you can create sensor logging applications, location tracking applications, and a social network of things with status updates.",Ruby,https://github.com/iobridge/thingspeak,3.55 MB
965,soulmate,1049,124,1049,0,14/02/2011,28/03/2017,79.00 KB,"Unmaintained, use Soulheart!",Ruby,https://github.com/seatgeek/soulmate,79.00 KB
966,super_diff,1048,63,1048,44,18/01/2011,18/09/2026,5.65 MB,A more helpful way to view differences between complex data structures in RSpec.,Ruby,https://github.com/splitwise/super_diff,5.65 MB
967,licensed,1047,137,1047,1,02/02/2018,02/10/2026,19.20 MB,A Ruby gem to cache and verify the licenses of dependencies,Ruby,https://github.com/licensee/licensed,19.20 MB
968,haml-rails,1047,175,1047,27,13/08/2010,05/09/2026,225.00 KB,let your Gemfile do the talking,Ruby,https://github.com/haml/haml-rails,225.00 KB
969,cijoe,1046,124,1046,18,06/08/2009,01/10/2011,425.00 KB,CI Joe is a fun Continuous Integration server. Unmaintained.,Ruby,https://github.com/defunkt/cijoe,425.00 KB
970,by_star,1046,72,1046,11,24/11/2008,18/01/2023,483.00 KB,"Lets you find ActiveRecord + Mongoid objects by year, month, fortnight, week and more!",Ruby,https://github.com/radar/by_star,483.00 KB
971,lazy_high_charts,1045,238,1045,39,28/12/2009,11/02/2023,1.77 MB,"Make highcharts a la ruby , works in rails 5.X / 4.X / 3.X, and other ruby web frameworks",Ruby,https://github.com/michelson/lazy_high_charts,1.77 MB
972,wordpress-exploit-framework,1044,263,1044,1,27/11/2015,24/11/2019,1.91 MB,A Ruby framework designed to aid in the penetration testing of WordPress systems. ,Ruby,https://github.com/rastating/wordpress-exploit-framework,1.91 MB
973,propshaft,1044,119,1044,21,18/09/2021,02/09/2026,631.00 KB,Deliver assets for Rails,Ruby,https://github.com/rails/propshaft,631.00 KB
974,opsworks-cookbooks,1041,1185,1041,100,18/02/2013,10/04/2023,5.57 MB,Chef Cookbooks for the AWS OpsWorks Service,Ruby,https://github.com/aws/opsworks-cookbooks,5.57 MB
975,gitnub,1041,62,1041,9,02/03/2008,26/05/2015,3.42 MB,A Gitk-like application written in RubyCocoa that looks like it belongs on a Mac.  See the wiki for downloads and screenshots.,Ruby,https://github.com/caged/gitnub,3.42 MB
976,cucumber-rails,1039,324,1039,4,09/11/2009,08/10/2026,1.91 MB,Rails Generators for Cucumber with special support for Capybara and DatabaseCleaner,Ruby,https://github.com/cucumber/cucumber-rails,1.91 MB
977,pg_easy_replicate,1039,23,1039,19,29/05/2023,27/07/2026,718.00 KB,Easily setup logical replication and switchover to new database with minimal downtime,Ruby,https://github.com/shayonj/pg_easy_replicate,718.00 KB
978,Kaffeine,1039,106,1039,18,14/04/2014,19/01/2023,588.00 KB,Keeping free Heroku apps awake.,Ruby,https://github.com/romainbutteaud/Kaffeine,588.00 KB
979,konacha,1039,111,1039,20,12/02/2012,16/03/2019,1018.00 KB,Test your Rails application's JavaScript with the mocha test framework and chai assertion library,Ruby,https://github.com/jfirebaugh/konacha,1018.00 KB
980,solid_cache,1038,82,1038,11,17/11/2022,31/07/2026,656.00 KB,A database-backed ActiveSupport::Cache::Store,Ruby,https://github.com/rails/solid_cache,656.00 KB
981,em-synchrony,1035,144,1035,22,15/03/2010,26/01/2018,253.00 KB,Fiber aware EventMachine clients and convenience classes,Ruby,https://github.com/igrigorik/em-synchrony,253.00 KB
982,ruby_ui,1035,68,1035,24,07/11/2023,05/10/2026,14.63 MB,Ruby gem for RubyUI Components,Ruby,https://github.com/ruby-ui/ruby_ui,14.63 MB
983,whitehall,1034,199,1034,46,19/09/2011,08/10/2026,204.55 MB,Publishes government content on GOV.UK,Ruby,https://github.com/alphagov/whitehall,204.55 MB
984,i18n,1033,418,1033,71,13/06/2008,01/09/2026,1.72 MB,Internationalization (i18n) library for Ruby,Ruby,https://github.com/ruby-i18n/i18n,1.72 MB
985,Hours,1033,257,1033,71,24/02/2014,20/01/2023,7.76 MB,Time registration that doesn't suck,Ruby,https://github.com/DefactoSoftware/Hours,7.76 MB
986,natalie,1031,70,1031,28,12/11/2019,17/08/2026,18.10 MB,"a work-in-progress Ruby compiler, written in Ruby and C++",Ruby,https://github.com/natalie-lang/natalie,18.10 MB
987,md2key,1030,45,1030,0,06/08/2015,13/01/2026,6.41 MB,Convert markdown to keynote,Ruby,https://github.com/k0kubun/md2key,6.41 MB
988,fb_graph,1028,184,1028,0,23/04/2010,25/06/2022,2.64 MB,This gem doesn't support FB Graph API v2.0+. Please use fb_graph2 gem instead.,Ruby,https://github.com/nov/fb_graph,2.64 MB
989,rails-settings,1027,142,1027,22,16/05/2009,17/10/2025,323.00 KB,Manage settings with Ruby on Rails,Ruby,https://github.com/ledermann/rails-settings,323.00 KB
990,plots2,1026,1866,1026,581,05/06/2013,04/12/2025,30.12 MB,a collaborative knowledge-exchange platform in Rails; we welcome first-time contributors! :balloon:,Ruby,https://github.com/publiclab/plots2,30.12 MB
991,juvia,1025,90,1025,28,11/08/2011,03/01/2024,719.00 KB,A commenting server similar to Disqus and IntenseDebate.,Ruby,https://github.com/phusion/juvia,719.00 KB
992,net-ssh,1024,481,1024,110,19/06/2009,05/10/2026,7.62 MB,Pure Ruby implementation of an SSH (protocol 2) client,Ruby,https://github.com/net-ssh/net-ssh,7.62 MB
993,attachment_fu,1024,335,1024,34,14/01/2008,28/03/2017,1008.00 KB,"Treat an ActiveRecord model as a file attachment, storing its patch, size, content type, etc.",Ruby,https://github.com/technoweenie/attachment_fu,1008.00 KB
994,capybara-screenshot,1022,168,1022,52,12/10/2011,25/02/2026,429.00 KB,Automatically save screen shots when a Capybara scenario fails,Ruby,https://github.com/mattheworiordan/capybara-screenshot,429.00 KB
995,composite_primary_keys,1022,350,1022,7,04/03/2008,12/12/2025,2.37 MB,Composite Primary Keys support for Active Record,Ruby,https://github.com/composite-primary-keys/composite_primary_keys,2.37 MB
996,Stethoscope,1019,112,1019,19,20/11/2013,28/04/2026,59.27 MB,A research-validated stethoscope whose plans are available Freely and openly. The cost of the entire stethoscope is between $2.5 to $5 to produce,Ruby,https://github.com/GliaX/Stethoscope,59.27 MB
997,capsulecorp-pentest,1013,179,1013,9,17/03/2020,05/06/2023,2.69 MB,Vagrant VirtualBox environment for conducting an internal network penetration test,Ruby,https://github.com/R3dy/capsulecorp-pentest,2.69 MB
998,treetop,1010,108,1010,0,29/02/2008,09/05/2018,2.54 MB,A Ruby-based parsing DSL based on parsing expression grammars.,Ruby,https://github.com/nathansobo/treetop,2.54 MB
999,transpec,1010,48,1010,13,27/07/2013,21/02/2023,3.13 MB,The RSpec syntax converter,Ruby,https://github.com/yujinakayama/transpec,3.13 MB
1000,vagrant-parallels,1009,85,1009,25,07/06/2013,07/09/2026,71.07 MB,Vagrant Parallels Provider,Ruby,https://github.com/Parallels/vagrant-parallels,71.07 MB
