Ranking,Project Name,Stars,Forks,Watchers,Open Issues,Created At,Last Commit,Size,Description,Language,Repo URL
1,the-algorithm,73955,13269,73955,526,27/03/2023,08/09/2025,8.22 MB,Source code for the X Recommendation Algorithm,Scala,https://github.com/twitter/the-algorithm
2,spark,44148,29415,44148,615,25/02/2014,08/10/2026,605.82 MB,Apache Spark - A unified analytics engine for large-scale data processing,Scala,https://github.com/apache/spark
3,lila,18809,2817,18809,1269,21/02/2012,08/10/2026,700.04 MB,"♞ lichess.org: the forever free, adless and open source chess server ♞",Scala,https://github.com/lichess-org/lila
4,prisma1,16375,838,16375,2,25/09/2016,01/09/2022,189.37 MB,"💾 Database Tools incl. ORM, Migrations and Admin UI (Postgres, MySQL & MongoDB) [deprecated]",Scala,https://github.com/prisma/prisma1
5,scala,14566,3206,14566,16,01/12/2011,29/09/2026,158.67 MB,Scala 2 compiler and standard library. Scala 2 bugs at https://github.com/scala/bug; Scala 3 at https://github.com/scala/scala3,Scala,https://github.com/scala/scala
6,akka-core,13280,3531,13280,905,16/02/2009,08/10/2026,276.62 MB,"A platform to build and run apps that are elastic, agile, and resilient. SDK, libraries, and hosted environments.",Scala,https://github.com/akka/akka-core
7,playframework,12616,4013,12616,497,07/09/2011,08/10/2026,114.15 MB,The Community Maintained High Velocity Web Framework For Java and Scala.,Scala,https://github.com/playframework/playframework
8,predictionio,12520,1895,12520,80,25/01/2013,09/01/2021,35.44 MB,"PredictionIO, a machine learning server for developers and ML engineers.",Scala,https://github.com/apache/predictionio
9,bfg-repo-cleaner,12199,583,12199,275,21/12/2012,19/01/2025,1.95 MB,"Removes large or troublesome blobs like git-filter-branch does, but faster. And written in Scala",Scala,https://github.com/rtyley/bfg-repo-cleaner
10,CMAK,11920,2471,11920,521,28/01/2015,02/08/2023,3.97 MB,CMAK is a tool for managing Apache Kafka clusters,Scala,https://github.com/yahoo/CMAK
11,gitbucket,9402,1264,9402,338,10/04/2013,08/10/2026,42.48 MB,"A Git platform powered by Scala with easy installation, high extensibility & GitHub API compatibility",Scala,https://github.com/gitbucket/gitbucket
12,delta,9040,2193,9040,972,22/04/2019,08/10/2026,57.02 MB,"An open-source storage framework that enables building a Lakehouse architecture with compute engines including Spark, PrestoDB, Flink, Trino, and Hive and APIs",Scala,https://github.com/delta-io/delta
13,finagle,8867,1428,8867,65,19/10/2010,13/08/2026,104.63 MB,"A fault tolerant, protocol-agnostic RPC system",Scala,https://github.com/twitter/finagle
14,snowflake,7755,1110,7755,4,01/06/2010,22/07/2020,5.14 MB,Snowflake is a network service for generating unique ID numbers at high scale with some simple guarantees.,Scala,https://github.com/twitter-archive/snowflake
15,XiangShan,7295,956,7295,319,13/06/2020,08/10/2026,123.43 MB,Open-source high-performance RISC-V processor,Scala,https://github.com/OpenXiangShan/XiangShan
16,snowplow,7035,1171,7035,59,01/03/2012,26/06/2026,26.21 MB,The leader in Customer Data Infrastructure,Scala,https://github.com/snowplow/snowplow
17,gatling,6955,1207,6955,18,31/05/2011,06/10/2026,74.81 MB,Modern Load Testing as Code,Scala,https://github.com/gatling/gatling
18,ArnoldC,6888,294,6888,73,09/10/2013,31/01/2024,92.00 KB,Arnold Schwarzenegger based programming language,Scala,https://github.com/lhartikk/ArnoldC
19,openwhisk,6803,1178,6803,437,18/02/2016,08/09/2026,69.06 MB,Apache OpenWhisk is an open source serverless cloud platform,Scala,https://github.com/apache/openwhisk
20,scala3,6312,1180,6312,1812,06/12/2012,08/10/2026,228.05 MB,"The Scala 3 compiler, also known as Dotty.",Scala,https://github.com/scala/scala3
21,frontend,5900,573,5900,197,18/05/2012,08/10/2026,687.31 MB,The Guardian DotCom.,Scala,https://github.com/guardian/frontend
22,fpinscala,5872,3035,5872,130,23/02/2012,11/12/2024,5.62 MB,"Code, exercises, answers, and hints to go along with the book ""Functional Programming in Scala""",Scala,https://github.com/fpinscala/fpinscala
23,cats,5472,1243,5472,279,28/01/2015,22/09/2026,57.20 MB,"Lightweight, modular, and extensible library for functional programming.",Scala,https://github.com/typelevel/cats
24,linkerd,5307,493,5307,147,13/01/2016,04/03/2023,18.68 MB,Old repo for Linkerd 1.x. See the linkerd2 repo for Linkerd   2.x.,Scala,https://github.com/linkerd/linkerd
25,SynapseML,5246,868,5246,142,05/06/2017,06/10/2026,180.71 MB,Simple and Distributed Machine Learning Python Library porting ML algorithms for Spark,Scala,https://github.com/microsoft/SynapseML
26,sbt,4954,1048,4954,482,17/08/2009,08/10/2026,55.81 MB,"sbt, the interactive build tool",Scala,https://github.com/sbt/sbt
27,aerosolve,4807,561,4807,10,12/05/2015,06/11/2025,6.73 MB,A machine learning package built for humans.,Scala,https://github.com/airbnb/aerosolve
28,chisel,4807,661,4807,512,27/04/2015,08/10/2026,1.51 GB,Chisel: A Modern Hardware Design Language,Scala,https://github.com/chipsalliance/chisel
29,scala-js,4709,406,4709,49,18/02/2013,07/10/2026,31.61 MB,"Scala.js, the Scala to JavaScript compiler",Scala,https://github.com/scala-js/scala-js
30,scala-native,4694,397,4694,394,27/11/2014,08/10/2026,25.21 MB,Your favorite language gets closer to bare metal.,Scala,https://github.com/scala-native/scala-native
31,scalaz,4668,696,4668,154,16/01/2010,03/10/2026,99.50 MB,Principled Functional Programming in Scala,Scala,https://github.com/scalaz/scalaz
32,zio,4419,1582,4419,194,19/05/2018,08/10/2026,3.79 GB,"ZIO — A type-safe, composable library for async and concurrent programming in Scala",Scala,https://github.com/zio/zio
33,chronos,4373,517,4373,232,13/02/2013,29/06/2022,7.31 MB,Fault tolerant job scheduler for Mesos which handles dependencies and ISO8601 based schedules,Scala,https://github.com/mesos/chronos
34,spark-nlp,4158,743,4158,34,24/09/2017,30/09/2026,3.80 GB,State of the Art Natural Language Processing,Scala,https://github.com/JohnSnowLabs/spark-nlp
35,marathon,4025,829,4025,29,25/06/2013,08/09/2022,70.16 MB,Deploy and manage containers (including Docker) on top of Apache Mesos at scale.,Scala,https://github.com/d2iq-archive/marathon
36,TheHive,3946,700,3946,834,03/11/2016,25/07/2025,42.14 MB,"TheHive is a Collaborative Case Management Platform, now distributed as a commercial version",Scala,https://github.com/TheHive-Project/TheHive
37,rocket-chip,3881,1306,3881,357,12/09/2014,13/09/2026,21.34 MB,Rocket Chip Generator,Scala,https://github.com/chipsalliance/rocket-chip
38,diffy,3811,360,3811,5,12/08/2015,01/07/2020,582.00 KB,Find potential bugs in your services with Diffy,Scala,https://github.com/twitter-archive/diffy
39,deequ,3648,586,3648,61,07/08/2018,16/09/2026,72.03 MB,"Deequ is a library built on top of Apache Spark for defining ""unit tests for data"", which measure data quality in large datasets.",Scala,https://github.com/awslabs/deequ
40,atlas,3571,359,3571,9,05/08/2014,01/10/2026,151.75 MB,In-memory dimensional time series database.,Scala,https://github.com/Netflix/atlas
41,joern,3556,468,3556,299,14/03/2019,08/10/2026,167.12 MB,Open-source code analysis platform for C/C++/Java/Binary/Javascript/Python/Kotlin based on code property graphs. Discord https://discord.gg/vv4MH284Hc,Scala,https://github.com/joernio/joern
42,scalding,3523,698,3523,317,10/01/2012,28/05/2023,19.51 MB,A Scala API for Cascading,Scala,https://github.com/twitter/scalding
43,CoolplaySpark,3473,1376,3473,35,03/12/2015,18/05/2022,9.77 MB,酷玩 Spark: Spark 源代码解析、Spark 类库等,Scala,https://github.com/lw-lin/CoolplaySpark
44,breeze,3453,689,3453,90,08/07/2009,04/10/2025,26.75 MB,Breeze is/was a numerical processing library for Scala.,Scala,https://github.com/scalanlp/breeze
45,shapeless,3402,519,3402,31,18/12/2011,23/09/2026,7.09 MB,Generic programming for Scala,Scala,https://github.com/milessabin/shapeless
46,flockdb,3312,244,3312,27,12/04/2010,16/03/2017,5.27 MB,"A distributed, fault-tolerant graph database",Scala,https://github.com/twitter-archive/flockdb
47,shadowsocksr-v2ray-trojan-android,3156,373,3156,93,06/12/2019,25/02/2024,91.96 MB,A simple client for Android,Scala,https://github.com/xxf098/shadowsocksr-v2ray-trojan-android
48,Spark-The-Definitive-Guide,3152,2910,3152,32,15/05/2017,26/08/2020,523.89 MB,Spark: The Definitive Guide's Code Repository,Scala,https://github.com/databricks/Spark-The-Definitive-Guide
49,elasticmq,2943,204,2943,21,25/06/2011,08/10/2026,4.69 MB,In-memory message queue with an Amazon SQS-compatible interface. Runs stand-alone or embedded.,Scala,https://github.com/softwaremill/elasticmq
50,spark-jobserver,2834,966,2834,111,21/08/2014,03/03/2026,4.78 MB,REST job server for Apache Spark,Scala,https://github.com/spark-jobserver/spark-jobserver
51,mill,2795,448,2795,274,17/10/2017,08/10/2026,2.33 GB,"A better build tool for Java, Scala and Kotlin: Simpler than Maven, easier than Gradle, with 3-7x faster dev workflows than other JVM build tools",Scala,https://github.com/com-lihaoyi/mill
52,kestrel,2752,307,2752,24,21/04/2008,22/01/2016,243.47 MB,"simple, distributed message queue system (inactive)",Scala,https://github.com/twitter-archive/kestrel
53,node2vec,2739,904,2739,95,28/06/2016,21/07/2022,52.00 KB,,Scala,https://github.com/aditya-grover/node2vec
54,util,2719,569,2719,16,26/03/2011,08/12/2025,30.79 MB,Wonderful reusable code from Twitter,Scala,https://github.com/twitter/util
55,slick,2665,611,2665,406,20/02/2009,08/10/2026,148.31 MB,Slick (Scala Language Integrated Connection Kit) is a modern database query and access library for Scala,Scala,https://github.com/slick/slick
56,scalatra,2648,334,2648,72,31/05/2009,08/10/2026,8.22 MB,"Tiny Scala high-performance, async web framework, inspired by Sinatra",Scala,https://github.com/scalatra/scalatra
57,scala-exercises,2645,535,2645,70,03/09/2014,23/09/2025,16.35 MB,The easy way to learn Scala.,Scala,https://github.com/scala-exercises/scala-exercises
58,Ammonite,2629,363,2629,167,13/01/2015,31/08/2026,671.11 MB,Scala Scripting,Scala,https://github.com/com-lihaoyi/Ammonite
59,scio,2628,536,2628,136,26/03/2015,08/10/2026,104.00 MB,A Scala API for Apache Beam and Google Cloud Dataflow.,Scala,https://github.com/spotify/scio
60,lagom,2628,617,2628,454,23/02/2016,14/08/2023,14.85 MB,Reactive Microservices for the JVM,Scala,https://github.com/lagom/lagom
61,http4s,2626,820,2626,371,12/03/2012,08/10/2026,99.67 MB,"A minimal, idiomatic Scala interface for HTTP",Scala,https://github.com/http4s/http4s
62,circe,2539,545,2539,125,31/07/2015,06/10/2026,12.81 MB,Yet another JSON library for Scala,Scala,https://github.com/circe/circe
63,spray,2493,547,2493,80,25/03/2011,21/02/2017,20.26 MB,"A suite of scala libraries for building and consuming RESTful web services on top of Akka: lightweight, asynchronous, non-blocking, actor-based, testable",Scala,https://github.com/spray/spray
64,SZT-bigdata,2473,611,2473,4,13/04/2020,12/05/2026,43.11 MB,深圳地铁大数据客流分析系统🚇🚄🌟,Scala,https://github.com/geekyouth/SZT-bigdata
65,fs2,2453,633,2453,145,06/03/2013,28/09/2026,20.69 MB,"Compositional, streaming I/O library for Scala",Scala,https://github.com/typelevel/fs2
66,metarank,2449,111,2449,109,19/08/2020,06/10/2026,24.71 MB,"A low code Machine Learning personalized ranking service for articles, listings, search results, recommendations that boosts user engagement. A friendly Learn-to-Rank engine",Scala,https://github.com/metarank/metarank
67,chipyard,2416,924,2416,202,24/10/2016,08/10/2026,64.38 MB,"An Agile RISC-V SoC Design Framework with in-order cores, out-of-order cores, accelerators, and more",Scala,https://github.com/ucb-bar/chipyard
68,kyuubi,2369,1023,2369,534,18/12/2017,08/10/2026,67.60 MB,Apache Kyuubi is a distributed and multi-tenant gateway to provide serverless SQL on data warehouses and lakehouses.,Scala,https://github.com/apache/kyuubi
69,metals,2333,445,2333,281,03/11/2017,08/10/2026,2.96 GB,Scala language server with rich IDE features 🚀 ,Scala,https://github.com/scalameta/metals
70,algebird,2295,346,2295,117,02/08/2012,21/11/2025,9.34 MB,Abstract Algebra for Scala,Scala,https://github.com/twitter/algebird
71,TransmogrifAI,2277,398,2277,46,02/11/2017,02/06/2026,125.49 MB,"TransmogrifAI (pronounced trăns-mŏgˈrə-fī) is an AutoML library for building modular, reusable, strongly typed machine learning workflows on Apache Spark with minimal hand-tuning",Scala,https://github.com/salesforce/TransmogrifAI
72,finatra,2274,402,2274,22,16/02/2012,18/08/2025,32.71 MB,"Fast, testable, Scala services built on TwitterServer and Finagle",Scala,https://github.com/twitter/finatra
73,riscv-boom,2257,532,2257,178,21/01/2014,08/10/2026,12.62 MB,SonicBOOM: The Berkeley Out-of-Order Machine,Scala,https://github.com/riscv-boom/riscv-boom
74,gizzard,2243,206,2243,11,06/04/2010,16/03/2017,2.67 MB,[Archived] A flexible sharding framework for creating eventually-consistent distributed datastores,Scala,https://github.com/twitter-archive/gizzard
75,cats-effect,2242,582,2242,238,08/04/2017,02/10/2026,136.19 MB,The pure asynchronous runtime for Scala,Scala,https://github.com/typelevel/cats-effect
76,doobie,2224,377,2224,140,25/11/2013,08/10/2026,11.98 MB,Functional JDBC layer for Scala.,Scala,https://github.com/typelevel/doobie
77,s3_website,2216,175,2216,74,24/06/2013,23/03/2023,2.23 MB,"Manage an S3 website: sync, deliver via CloudFront, benefit from advanced S3 website features.",Scala,https://github.com/laurilehmijoki/s3_website
78,zio-quill,2166,352,2166,351,20/07/2015,08/10/2026,13.61 MB,Compile-time Language Integrated Queries for Scala,Scala,https://github.com/zio/zio-quill
79,coursier,2137,332,2137,425,16/06/2015,08/10/2026,74.94 MB,Pure Scala Artifact Fetching,Scala,https://github.com/coursier/coursier
80,summingbird,2121,256,2121,162,25/09/2012,19/01/2022,6.46 MB,Streaming MapReduce with Scalding and Storm,Scala,https://github.com/twitter/summingbird
81,scaloid,2089,156,2089,17,08/10/2012,20/08/2026,3.98 MB,Scaloid makes your Android code easy to understand and maintain.,Scala,https://github.com/pocorall/scaloid
82,SpinalHDL,2051,396,2051,183,25/01/2015,06/10/2026,106.39 MB,Scala based HDL,Scala,https://github.com/SpinalHDL/SpinalHDL
83,Vale,2026,59,2026,250,28/06/2020,23/09/2026,210.94 MB,Compiler for the Vale programming language - http://vale.dev/,Scala,https://github.com/ValeLang/Vale
84,textteaser,1965,247,1965,5,02/10/2013,07/02/2018,275.00 KB,TextTeaser is an automatic summarization algorithm.,Scala,https://github.com/MojoJolo/textteaser
85,scalacheck,1964,392,1964,75,26/05/2011,05/10/2026,73.25 MB,Property-based testing for Scala,Scala,https://github.com/typelevel/scalacheck
86,sangria,1960,219,1960,70,05/07/2015,07/10/2026,8.27 MB,Scala GraphQL implementation,Scala,https://github.com/sangria-graphql/sangria
87,cassandra-spark-connector,1955,930,1955,27,27/06/2014,29/04/2025,20.84 MB,Apache Spark to Apache Cassandra connector,Scala,https://github.com/apache/cassandra-spark-connector
88,feathr,1944,247,1944,165,18/02/2022,04/04/2024,30.12 MB,"Feathr – A scalable, unified data and AI engineering platform for enterprise",Scala,https://github.com/feathr-ai/feathr
89,monix,1929,244,1929,86,06/01/2014,08/10/2026,17.74 MB,"Asynchronous, Reactive Programming for Scala and Scala.js.",Scala,https://github.com/monix/monix
90,byzer-lang,1835,537,1835,121,28/04/2016,29/05/2024,55.97 MB,"Byzer (former MLSQL): A low-code open-source programming language for data pipeline, analytics and AI.",Scala,https://github.com/byzer-org/byzer-lang
91,spire,1772,239,1772,165,03/11/2011,27/07/2026,22.12 MB,Powerful new number types and numeric abstractions for Scala.,Scala,https://github.com/typelevel/spire
92,graphcool-framework,1754,125,1754,533,16/01/2018,04/09/2020,12.09 MB,,Scala,https://github.com/Graphcool/graphcool-framework
93,giter8,1751,225,1751,50,10/08/2010,06/10/2026,2.26 MB,a command line tool to apply templates defined on GitHub ,Scala,https://github.com/foundweekends/giter8
94,OpenComputers,1741,515,1741,154,04/12/2013,04/08/2026,58.93 MB,Home of the OpenComputers mod for Minecraft.,Scala,https://github.com/MightyPirates/OpenComputers
95,OBP-API,1740,483,1740,216,20/11/2012,07/10/2026,66.07 MB,"An open source RESTful API platform for banks that supports Open Banking, XS2A, PSD2 and Open Finance through access to accounts, transactions, counterparties, payments, entitlements and metadata - plus a host of internal banking and management APIs.",Scala,https://github.com/OpenBankProject/OBP-API
96,refined,1733,151,1733,80,10/05/2015,22/09/2026,3.84 MB,Refinement types for Scala,Scala,https://github.com/fthomas/refined
97,Monocle,1699,208,1699,54,17/01/2014,23/09/2026,26.11 MB,Optics library for Scala,Scala,https://github.com/optics-dev/Monocle
98,skunk,1666,175,1666,94,21/09/2018,08/10/2026,4.04 MB,A data access library for Scala + Postgres.,Scala,https://github.com/typelevel/skunk
99,scalajs-react,1660,230,1660,17,03/07/2014,08/10/2026,17.55 MB,Facebook's React on Scala.JS,Scala,https://github.com/japgolly/scalajs-react
100,pekko,1643,211,1643,187,31/10/2022,08/10/2026,269.08 MB,"Build highly concurrent, distributed, and resilient message-driven applications using Java/Scala",Scala,https://github.com/apache/pekko
101,elastic4s,1638,684,1638,13,10/06/2013,07/10/2026,14.20 MB,"🔍 Elasticsearch Scala Client - Reactive, Non Blocking, Type Safe, HTTP Client",Scala,https://github.com/Philippus/elastic4s
102,Cortex,1632,264,1632,175,10/01/2017,30/06/2026,5.01 MB,Cortex: a Powerful Observable Analysis and Active Response Engine,Scala,https://github.com/TheHive-Project/Cortex
103,almond,1628,245,1628,42,10/03/2015,08/10/2026,20.79 MB,A Scala kernel for Jupyter,Scala,https://github.com/almond-sh/almond
104,twitter-server,1605,282,1605,5,22/04/2013,13/02/2026,5.75 MB,Twitter-Server defines a template from which services at Twitter are built,Scala,https://github.com/twitter/twitter-server
105,sbt-native-packager,1605,444,1605,151,20/12/2011,09/10/2026,21.86 MB,sbt Native Packager,Scala,https://github.com/sbt/sbt-native-packager
106,gluten,1602,662,1602,1040,06/12/2021,08/10/2026,220.67 MB,Gluten is a middle layer responsible for offloading JVM-based SQL engines' execution to native engines.,Scala,https://github.com/apache/gluten
107,finch,1598,216,1598,47,15/04/2014,14/09/2025,9.01 MB,Scala combinator library for building Finagle HTTP services,Scala,https://github.com/finagle/finch
108,Binding.scala,1574,101,1574,46,06/01/2016,14/06/2026,19.84 MB,Reactive data-binding for Scala,Scala,https://github.com/ThoughtWorksInc/Binding.scala
109,NutShell,1560,262,1560,83,07/07/2020,22/09/2026,18.26 MB,RISC-V SoC designed by students in UCAS,Scala,https://github.com/OSCPU/NutShell
110,spark-testing-base,1554,357,1554,99,30/01/2015,28/09/2026,1.14 MB,Base classes to use when writing tests with Spark,Scala,https://github.com/holdenk/spark-testing-base
111,mleap,1546,313,1546,111,23/08/2016,05/10/2026,3.59 MB,MLeap: Deploy ML Pipelines to Production,Scala,https://github.com/combust/mleap
112,pureconfig,1540,182,1540,51,29/08/2015,07/10/2026,5.67 MB,A boilerplate-free library for loading configuration files,Scala,https://github.com/pureconfig/pureconfig
113,aas,1526,1005,1526,4,08/11/2014,25/09/2024,70.95 MB,Code to accompany Advanced Analytics with Spark from O'Reilly Media,Scala,https://github.com/sryza/aas
114,goose,1524,309,1524,63,16/12/2010,18/04/2017,2.81 MB,Html Content / Article Extractor in Scala - open sourced from Gravity Labs ,Scala,https://github.com/GravityLabs/goose
115,sttp,1506,336,1506,21,30/06/2017,08/10/2026,11.98 MB,The Scala HTTP client you always wanted!,Scala,https://github.com/softwaremill/sttp
116,C1000K-Servers,1504,344,1504,0,22/05/2015,16/08/2016,8.73 MB,":zap: High performance websocket servers implemented by Spray-can, Netty, undertow, jetty, Vert.x, Grizzly, node.js and Go. It supports 1,200,000 active websocket connections",Scala,https://github.com/smallnest/C1000K-Servers
117,gemmini,1501,298,1501,109,31/10/2018,08/10/2026,5.41 MB,Berkeley's Spatial Array Generator,Scala,https://github.com/ucb-bar/gemmini
118,geomesa,1499,446,1499,201,30/09/2013,08/10/2026,79.05 MB,GeoMesa is a suite of tools for working with big geo-spatial data in a distributed fashion.,Scala,https://github.com/locationtech/geomesa
119,scalafmt,1490,289,1490,8,02/11/2015,03/10/2026,31.57 MB,Code formatter for Scala,Scala,https://github.com/scalameta/scalafmt
120,json4s,1485,323,1485,165,23/08/2012,04/10/2026,4.06 MB,JSON library,Scala,https://github.com/json4s/json4s
121,tapir,1475,469,1475,167,09/12/2018,08/10/2026,24.28 MB,Rapid development of self-documenting APIs,Scala,https://github.com/softwaremill/tapir
122,scalacaster,1474,315,1474,8,26/12/2012,14/08/2023,227.00 KB,Purely Functional Algorithms and Data Structures in Scala,Scala,https://github.com/vkostyukov/scalacaster
123,better-files,1472,133,1472,50,12/09/2015,13/08/2024,6.45 MB,"Simple, safe and intuitive Scala I/O",Scala,https://github.com/pathikrit/better-files
124,FiloDB,1467,239,1467,69,14/01/2015,05/10/2026,35.40 MB,Distributed Prometheus time series database,Scala,https://github.com/filodb/FiloDB
125,grid,1462,121,1462,159,22/08/2013,08/10/2026,57.49 MB,The Guardian’s image management system,Scala,https://github.com/guardian/grid
126,carbondata,1451,695,1451,129,28/06/2016,02/10/2026,84.79 MB,High performance data store solution,Scala,https://github.com/apache/carbondata
127,squbs,1429,233,1429,70,07/07/2015,17/04/2024,7.72 MB,Akka Streams & Akka HTTP for Large-Scale Production Deployments,Scala,https://github.com/paypal/squbs
128,Kamon,1427,331,1427,205,03/05/2013,03/09/2026,15.48 MB,"Distributed Tracing, Metrics and Context Propagation for applications running on the JVM",Scala,https://github.com/kamon-io/Kamon
129,alpakka-kafka,1419,369,1419,108,30/12/2014,01/10/2026,4.43 MB,"Alpakka Kafka connector - Alpakka is a Reactive Enterprise Integration library for Java and Scala, based on Reactive Streams and Akka.",Scala,https://github.com/akka/alpakka-kafka
130,spark,1419,379,1419,14,29/03/2010,08/04/2014,71.21 MB,"Lightning-fast cluster computing in Java, Scala and Python.",Scala,https://github.com/mesos/spark
131,postgresql-async,1416,216,1416,68,26/02/2012,26/01/2019,1.40 MB,"Async, Netty based, database drivers for PostgreSQL and MySQL written in Scala",Scala,https://github.com/mauricio/postgresql-async
132,LearningSparkV2,1408,800,1408,3,10/02/2019,28/01/2025,76.97 MB,This is the github repo for Learning Spark: Lightning-Fast Data Analytics [2nd Edition],Scala,https://github.com/databricks/LearningSparkV2
133,geotrellis,1377,359,1377,247,23/12/2011,07/10/2026,725.93 MB,GeoTrellis is a geographic data processing engine for high performance applications.,Scala,https://github.com/locationtech/geotrellis
134,ecosystem,1377,388,1377,72,14/10/2016,25/09/2024,804.00 KB,Integration of TensorFlow with other open-source frameworks,Scala,https://github.com/tensorflow/ecosystem
135,akka-http,1349,581,1349,581,19/08/2016,06/10/2026,18.65 MB,The Streaming-first HTTP server/module of Akka,Scala,https://github.com/akka/akka-http
136,eclair,1346,285,1346,38,19/08/2015,08/10/2026,87.01 MB,A scala implementation of the Lightning Network.,Scala,https://github.com/ACINQ/eclair
137,ScalaPB,1341,290,1341,64,02/10/2014,08/10/2026,10.86 MB,Protocol buffer compiler for Scala.,Scala,https://github.com/scalapb/ScalaPB
138,iago,1332,136,1332,6,22/06/2012,11/02/2020,1.05 MB,"A load generator, built for engineers",Scala,https://github.com/twitter-archive/iago
139,macwire,1315,77,1315,57,17/03/2013,08/10/2026,1.53 MB,"Zero-cost, compile-time, type-safe dependency injection library.",Scala,https://github.com/softwaremill/macwire
140,intellij-haskell,1306,94,1306,111,12/05/2014,07/04/2024,8.67 MB,IntelliJ plugin for Haskell,Scala,https://github.com/rikvdkleij/intellij-haskell
141,datafusion-comet,1288,387,1288,790,15/01/2024,08/10/2026,82.11 MB,Apache DataFusion Comet Spark Accelerator,Scala,https://github.com/apache/datafusion-comet
142,framework,1283,275,1283,94,26/01/2011,21/09/2026,16.86 MB,Lift Framework,Scala,https://github.com/lift/framework
143,scalikejdbc,1279,226,1279,41,18/11/2011,08/10/2026,7.50 MB,A tidy SQL-based DB access library for Scala developers. This library naturally wraps JDBC APIs and provides you easy-to-use APIs.,Scala,https://github.com/scalikejdbc/scalikejdbc
144,lcamera,1272,210,1272,103,16/10/2014,01/06/2016,6.46 MB,A camera app using the new camera2 API in Android Lollipop,Scala,https://github.com/PkmX/lcamera
145,alpakka,1269,629,1269,236,13/10/2016,08/10/2026,94.73 MB,"Alpakka is a Reactive Enterprise Integration library for Java and Scala, based on Reactive Streams and Akka.",Scala,https://github.com/akka/alpakka
146,chimney,1256,113,1256,7,23/05/2017,05/10/2026,13.59 MB,"Scala library for boilerplate-free, type-safe data transformations",Scala,https://github.com/scalalandio/chimney
147,sbt-dependency-graph,1243,110,1243,56,15/11/2011,02/04/2021,552.00 KB,sbt plugin to create a dependency graph for your project,Scala,https://github.com/sbt/sbt-dependency-graph
148,AppCrawler,1241,472,1241,7,16/02/2016,20/04/2026,63.75 MB,基于appium的app自动遍历工具,Scala,https://github.com/seveniruby/AppCrawler
149,rsc,1232,48,1232,82,17/08/2017,21/10/2021,3.26 MB,Experimental Scala compiler focused on compilation speed,Scala,https://github.com/twitter/rsc
150,intellij-scala,1227,433,1227,10,11/11/2011,07/10/2026,269.45 MB,Scala plugin for IntelliJ IDEA,Scala,https://github.com/JetBrains/intellij-scala
151,enumeratum,1223,152,1223,12,05/12/2014,13/06/2026,1.52 MB,"A type-safe, reflection-free, powerful enumeration implementation for Scala with exhaustive pattern match warnings and helpful integrations.",Scala,https://github.com/lloydmeta/enumeratum
152,graphframes,1209,275,1209,50,20/01/2016,05/10/2026,6.74 MB,GraphFrames is a package for Apache Spark which provides DataFrame-based Graphs,Scala,https://github.com/graphframes/graphframes
153,scala-steward,1199,521,1199,122,06/09/2018,08/10/2026,10.44 MB,:robot: A bot that helps you keep your projects up-to-date,Scala,https://github.com/scala-steward-org/scala-steward
154,spark-timeseries,1194,412,1194,85,11/03/2015,13/10/2020,1.95 MB,A library for time series analysis on Apache Spark,Scala,https://github.com/sryza/spark-timeseries
155,NetLogo,1186,274,1186,365,17/10/2011,08/10/2026,111.83 MB,"turtles, patches, and links for kids, teachers, and scientists",Scala,https://github.com/NetLogo/NetLogo
156,Metascala,1186,95,1186,0,03/03/2013,23/07/2023,2.34 MB,A JVM written in Scala,Scala,https://github.com/lihaoyi/Metascala
157,securesocial,1183,491,1183,63,10/11/2011,09/10/2020,7.35 MB,"A module that provides OAuth, OAuth2 and OpenID authentication for Play Framework applications",Scala,https://github.com/jaliss/securesocial
158,flint,1181,199,1181,44,19/10/2016,03/07/2020,1.47 MB,A Time Series Library for Apache Spark,Scala,https://github.com/twosigma/flint
159,killrweather,1178,390,1178,19,07/10/2014,05/01/2017,16.07 MB,"KillrWeather is a reference application (work in progress) showing how to easily integrate streaming and batch data processing with Apache Spark Streaming, Apache Cassandra, Apache Kafka and Akka for fast, streaming computations on time series data in asynchronous event-driven environments. ",Scala,https://github.com/killrweather/killrweather
160,griffin,1171,585,1171,0,15/02/2017,03/08/2025,27.81 MB,Mirror of Apache griffin ,Scala,https://github.com/apache/griffin
161,scalatest,1169,335,1169,542,07/04/2013,08/10/2026,53.12 MB,A testing tool for Scala and Java developers,Scala,https://github.com/scalatest/scalatest
162,Waves,1165,428,1165,24,17/04/2016,02/09/2026,61.47 MB,⛓️ Reference Waves Blockchain Node (client) implementation on Scala,Scala,https://github.com/wavesplatform/Waves
163,scala-async,1162,84,1162,13,01/04/2013,05/09/2026,1.79 MB,An asynchronous programming facility for Scala,Scala,https://github.com/scala/scala-async
164,scalameta,1157,247,1157,92,16/06/2014,08/10/2026,28.39 MB,"Library to read, analyze, transform and generate Scala programs",Scala,https://github.com/scalameta/scalameta
165,freedom,1148,279,1148,70,24/11/2016,17/07/2026,210.00 KB,Source files for SiFive's Freedom platforms,Scala,https://github.com/sifive/freedom
166,fastparse,1134,164,1134,23,29/11/2014,20/08/2026,13.34 MB,Writing Fast Parsers Fast in Scala,Scala,https://github.com/com-lihaoyi/fastparse
167,colossus,1128,94,1128,4,11/11/2014,14/08/2021,8.84 MB,I/O and Microservice library for Scala,Scala,https://github.com/tumblr/colossus
168,Scala,1105,401,1105,23,16/07/2016,06/10/2024,282.00 KB,All Algorithms implemented in Scala,Scala,https://github.com/TheAlgorithms/Scala
169,wartremover,1103,116,1103,100,05/01/2013,07/10/2026,1.97 MB,Flexible Scala code linting tool,Scala,https://github.com/wartremover/wartremover
170,cromwell,1083,381,1083,815,17/04/2015,15/09/2026,50.07 MB,Scientific workflow engine designed for simplicity & scalability. Trivially transition between one off use cases to massive scale production environments,Scala,https://github.com/broadinstitute/cromwell
171,utils4s,1077,416,1077,5,24/09/2015,09/02/2019,10.53 MB,scala、spark使用过程中，各种测试用例以及相关资料整理,Scala,https://github.com/jacksu/utils4s
172,scala-pet-store,1075,203,1075,54,21/05/2017,13/04/2026,1.31 MB,An implementation of the java pet store using FP techniques in scala,Scala,https://github.com/pauljamescleary/scala-pet-store
173,stream-reactor,1069,377,1069,178,17/01/2016,06/10/2026,26.61 MB,A collection of Kafka Connect sinks and sources maintained by Lenses.io.,Scala,https://github.com/lensesio/stream-reactor
174,chronon,1063,107,1063,93,30/09/2020,08/10/2026,13.86 MB,Chronon is a data platform for serving for AI/ML applications.,Scala,https://github.com/airbnb/chronon
175,sbt-idea,1062,143,1062,94,04/01/2010,27/12/2017,12.51 MB,A simple-build-tool (sbt) plugin/processor for creating IntelliJ IDEA project files,Scala,https://github.com/mpeltonen/sbt-idea
176,adam,1061,312,1061,43,19/11/2013,17/03/2026,12.77 MB,"ADAM is a genomics analysis platform with specialized file formats built using Apache Avro, Apache Spark, and Apache Parquet. Apache 2 licensed.",Scala,https://github.com/bigdatagenomics/adam
177,spark-csv,1056,434,1056,204,03/12/2014,13/12/2018,438.00 KB,CSV Data Source for Apache Spark 1.x,Scala,https://github.com/databricks/spark-csv
178,cassovary,1053,146,1053,33,21/02/2012,08/10/2021,51.54 MB,Cassovary is a simple big graph processing library for the JVM,Scala,https://github.com/twitter/cassovary
179,firesim,1045,275,1045,238,13/05/2018,08/10/2026,62.62 MB,FireSim: Fast and Effortless FPGA-accelerated Hardware Simulation with On-Prem and Cloud Flexibility,Scala,https://github.com/firesim/firesim
180,phantom,1043,184,1043,20,19/11/2013,05/04/2023,6.93 MB,"Schema safe, type-safe, reactive Scala driver for Cassandra/Datastax Enterprise",Scala,https://github.com/outworkers/phantom
181,snappydata,1033,197,1033,117,16/09/2015,21/11/2022,574.44 MB,"Project SnappyData - memory optimized analytics database, based on Apache Spark™ and Apache Geode™. Stream, Transact, Analyze, Predict in one cluster ",Scala,https://github.com/TIBCOSoftware/snappydata
182,cudf-spark,1009,309,1009,2054,14/05/2020,08/10/2026,73.55 MB,NVIDIA cuDF for Apache Spark plugin - accelerate Apache Spark with GPUs,Scala,https://github.com/NVIDIA/cudf-spark
183,livy,1006,311,1006,24,17/11/2015,05/10/2022,2.25 MB,Livy is an open source REST interface for interacting with Apache Spark from anywhere,Scala,https://github.com/cloudera/livy
184,caliban,994,261,994,25,12/09/2019,08/10/2026,18.66 MB,Functional GraphQL library for Scala,Scala,https://github.com/ghostdogpr/caliban
185,shark,990,321,990,20,14/04/2012,11/08/2015,12.31 MB,Development in Shark has been ended.,Scala,https://github.com/amplab/shark
186,scala.rx,985,75,985,29,26/09/2012,10/06/2023,2.68 MB,An experimental library for Functional Reactive Programming in Scala,Scala,https://github.com/lihaoyi/scala.rx
187,gamebub,983,80,983,33,25/04/2023,27/09/2026,12.09 MB,Open-source FPGA retro emulation handheld ,Scala,https://github.com/elipsitz/gamebub
188,sparkling-water,982,357,982,43,13/10/2014,05/11/2025,47.96 MB,Sparkling Water provides H2O functionality inside Spark cluster,Scala,https://github.com/h2oai/sparkling-water
189,spray-json,971,184,971,101,06/05/2011,10/01/2024,924.00 KB,"A lightweight, clean and simple JSON implementation in Scala",Scala,https://github.com/spray/spray-json
190,scalaj-http,966,118,966,28,23/08/2010,03/04/2022,645.00 KB,Simple scala wrapper for HttpURLConnection.  OAuth included.,Scala,https://github.com/scalaj/scalaj-http
191,livy,962,624,962,38,25/06/2017,06/10/2026,4.30 MB,Apache Livy is an open source REST interface for interacting with Apache Spark from anywhere.,Scala,https://github.com/apache/livy
192,delta-sharing,960,242,960,149,08/04/2021,01/09/2026,3.60 MB,An open protocol for secure data sharing,Scala,https://github.com/delta-io/delta-sharing
193,elasticsearch-readonlyrest-plugin,958,162,958,10,06/12/2013,08/10/2026,107.27 MB,"Free Elasticsearch security plugin and Kibana security plugin: super-easy Kibana multi-tenancy, Encryption, Authentication, Authorization, Auditing",Scala,https://github.com/sscarduzio/elasticsearch-readonlyrest-plugin
194,ventus-gpgpu,955,135,955,19,08/08/2022,29/09/2026,39.01 MB,"GPGPU processor supporting RISCV-V extension, developed with Chisel HDL",Scala,https://github.com/THU-DSP-LAB/ventus-gpgpu
195,extraction-framework,945,306,945,197,07/02/2013,28/09/2026,189.19 MB,The software used to extract structured data from Wikipedia,Scala,https://github.com/dbpedia/extraction-framework
196,spark-redis,944,362,944,144,16/08/2015,28/09/2026,2.22 MB,A connector for Spark that allows reading and writing to/from Redis cluster,Scala,https://github.com/RedisLabs/spark-redis
197,bloop,942,213,942,57,11/11/2017,08/10/2026,105.90 MB,"Bloop is a build server and CLI tool to compile, test and run Scala fast from any editor or build tool.",Scala,https://github.com/scalacenter/bloop
198,tensorflow_scala,937,89,937,29,01/04/2017,22/06/2022,45.83 MB,TensorFlow API for the Scala Programming Language,Scala,https://github.com/eaplatanios/tensorflow_scala
199,squants,931,122,931,68,06/03/2014,03/09/2026,5.22 MB,"The Scala API for Quantities, Units of Measure and Dimensional Analysis",Scala,https://github.com/typelevel/squants
200,simulacrum,926,57,926,30,17/01/2015,27/03/2024,382.00 KB,First class syntax support for type classes in Scala,Scala,https://github.com/typelevel/simulacrum
201,scala-logging,924,126,924,32,16/07/2013,31/07/2026,397.00 KB,Convenient and performant logging library for Scala wrapping SLF4J.,Scala,https://github.com/scala-garden/scala-logging
202,kind-projector,922,75,922,10,24/02/2012,28/09/2026,460.00 KB,Compiler plugin for making type lambdas (type projections) easier to write,Scala,https://github.com/typelevel/kind-projector
203,SparkCTR,922,254,922,7,16/03/2017,06/03/2020,35.88 MB,"CTR prediction model based on spark(LR, GBDT, DNN)",Scala,https://github.com/wzhe06/SparkCTR
204,BIDMach,918,169,918,67,22/10/2012,04/10/2022,39.68 MB,CPU and GPU-accelerated Machine Learning Library,Scala,https://github.com/BIDData/BIDMach
205,frameless,896,135,896,48,28/03/2015,08/10/2026,3.44 MB,Expressive types for Spark.,Scala,https://github.com/typelevel/frameless
206,twitter-korean-text,891,168,891,21,29/10/2014,10/04/2023,28.26 MB,Korean tokenizer,Scala,https://github.com/twitter/twitter-korean-text
207,tispark,889,251,889,122,02/05/2017,20/08/2026,30.08 MB,TiSpark is built for running Apache Spark on top of TiDB/TiKV,Scala,https://github.com/pingcap/tispark
208,RxScala,882,108,882,2,19/08/2014,08/01/2020,1.97 MB,RxScala – Reactive Extensions for Scala – a library for composing asynchronous and event-based programs using observable sequences,Scala,https://github.com/ReactiveX/RxScala
209,zio-http,877,490,877,58,17/02/2021,08/10/2026,89.66 MB,"A next-generation Scala framework for building scalable, correct, and efficient HTTP clients and servers",Scala,https://github.com/zio/zio-http
210,Antox,875,187,875,150,19/11/2014,05/04/2024,25.22 MB,Android client for Project Tox - Secure Peer to Peer Messaging,Scala,https://github.com/Antox/Antox
211,scalafix,875,204,875,75,08/08/2016,14/09/2026,13.91 MB,Refactoring and linting tool for Scala,Scala,https://github.com/scalacenter/scalafix
212,sbt-revolver,867,57,867,28,15/12/2011,18/10/2024,445.00 KB,An SBT plugin for dangerously fast development turnaround in Scala,Scala,https://github.com/spray/sbt-revolver
213,nscala-time,865,78,865,7,06/12/2012,03/10/2026,1.49 MB,A new Scala wrapper for Joda Time based on scala-time,Scala,https://github.com/nscala-time/nscala-time
214,ReactiveMongo,854,226,854,9,20/07/2012,08/10/2026,7.62 MB,":leaves: Non-blocking, Reactive MongoDB Driver for Scala",Scala,https://github.com/ReactiveMongo/ReactiveMongo
215,quicklens,851,53,851,45,28/02/2015,08/10/2026,775.00 KB,Modify deeply nested case class fields,Scala,https://github.com/softwaremill/quicklens
216,slick-pg,843,183,843,127,09/05/2013,14/08/2026,2.63 MB,Slick extensions for PostgreSQL,Scala,https://github.com/tminglei/slick-pg
217,Laminar,835,59,835,30,06/04/2017,24/09/2026,10.57 MB,"Simple, expressive, and safe UI library for Scala.js",Scala,https://github.com/raquo/Laminar
218,sparkMeasure,830,161,830,2,16/03/2017,19/05/2026,1.98 MB,"This repository contains the development code for sparkMeasure, an Apache Spark performance analysis and troubleshooting library. It simplifies collecting, aggregating, and exporting Spark task/stage metrics, and is designed for practical use by developers and data engineers in interactive analysis, testing, and production monitoring workflows.",Scala,https://github.com/LucaCanali/sparkMeasure
219,pickling,827,75,827,122,08/06/2013,06/06/2017,10.51 MB,"Fast, customizable, boilerplate-free pickling support for Scala",Scala,https://github.com/scala/pickling
220,eventsourced,825,92,825,22,09/07/2012,13/05/2014,7.67 MB,"A library for building reliable, scalable and distributed event-sourced applications in Scala",JavaScript,https://github.com/eligosource/eventsourced
221,matryoshka,824,87,824,19,19/01/2016,01/04/2020,6.65 MB,Generalized recursion schemes and traversals for Scala.,Scala,https://github.com/precog/matryoshka
222,jsoniter-scala,818,113,818,99,26/09/2017,08/10/2026,7.68 GB,Scala macros for compile-time generation of safe and ultra-fast JSON codecs + circe booster,Scala,https://github.com/plokhotnyuk/jsoniter-scala
223,kyo,817,124,817,60,08/03/2022,08/10/2026,86.58 MB,Toolkit for Scala Development,Scala,https://github.com/getkyo/kyo
224,scodec,816,104,816,8,22/04/2013,08/09/2026,7.67 MB,Scala combinator library for working with binary data,Scala,https://github.com/scodec/scodec
225,play-silhouette,810,138,810,11,30/12/2013,12/09/2021,18.24 MB,"Silhouette is an authentication library for Play Framework applications that supports several authentication methods, including OAuth1, OAuth2, OpenID, CAS, 2FA, TOTP, Credentials, Basic Authentication or custom authentication schemes.",Scala,https://github.com/mohiva/play-silhouette
226,MiNLP,808,88,808,16,09/11/2020,27/11/2025,108.57 MB,XiaoMi Natural Language Processing Toolkits ,Scala,https://github.com/XiaoMi/MiNLP
227,magnolia,800,128,800,77,06/06/2017,06/10/2026,2.08 MB,"Easy, fast, transparent generic derivation of typeclass instances",Scala,https://github.com/softwaremill/magnolia
228,sbt-jmh,797,86,797,28,19/05/2014,03/10/2026,566.00 KB,"""Trust no one, bench everything."" - sbt plugin for JMH (Java Microbenchmark Harness)",Scala,https://github.com/sbt/sbt-jmh
229,akka-samples,794,431,794,15,03/05/2011,07/04/2024,1.77 MB,Akka Sample Projects,Scala,https://github.com/akka/akka-samples
230,play-slick,794,272,794,22,11/01/2013,01/10/2026,2.36 MB,Slick Plugin for Play,Scala,https://github.com/playframework/play-slick
231,scrooge,793,246,793,46,22/08/2011,02/04/2025,21.19 MB,A Thrift parser/generator,Scala,https://github.com/twitter/scrooge
232,scalachess,784,230,784,10,16/05/2012,05/10/2026,10.10 MB,Chess API written in scala. Immutable and free of side effects.,Scala,https://github.com/lichess-org/scalachess
233,rediscala,783,139,783,84,15/04/2013,07/05/2024,4.61 MB,"Non-blocking, Reactive Redis driver for Scala (with Sentinel support)",Scala,https://github.com/etaty/rediscala
234,scalatags,773,116,773,39,01/11/2012,11/07/2025,9.71 MB,ScalaTags is a small XML/HTML construction library for Scala. ,Scala,https://github.com/com-lihaoyi/scalatags
235,sbt-updates,770,58,770,15,07/10/2012,08/10/2026,754.00 KB,sbt plugin that can check Maven and Ivy repositories for dependency updates,Scala,https://github.com/rtimush/sbt-updates
236,progressed.io,769,165,769,8,17/07/2014,18/02/2019,29.00 KB,progressbar microservice,Scala,https://github.com/fehmicansaglam/progressed.io
237,upickle,768,177,768,40,23/04/2014,27/02/2026,14.04 MB,"uPickle: a simple, fast, dependency-free JSON & Binary (MessagePack) serialization library for Scala",Scala,https://github.com/com-lihaoyi/upickle
238,spark-daria,767,150,767,18,16/02/2017,01/10/2026,3.14 MB,Essential Spark extensions and helper methods ✨😲,Scala,https://github.com/mrpowers-io/spark-daria
239,DeepLearning.scala,766,86,766,35,21/11/2016,30/07/2024,8.18 MB,A simple library for creating complex neural networks,Scala,https://github.com/ThoughtWorksInc/DeepLearning.scala
240,ostrich,765,89,765,0,04/08/2010,06/06/2019,3.62 MB,A stats collector & reporter for Scala servers (deprecated),Scala,https://github.com/twitter-archive/ostrich
241,cloudstate,764,96,764,95,27/03/2019,11/03/2022,7.65 MB,Distributed State Management for Serverless,Scala,https://github.com/cloudstateio/cloudstate
242,scalacache,762,120,762,74,17/02/2013,24/04/2025,2.23 MB,Simple caching in Scala,Scala,https://github.com/cb372/scalacache
243,pdffigures2,761,131,761,35,09/05/2016,10/03/2024,6.45 MB,"Given a scholarly PDF, extract figures, tables, captions, and section titles.",Scala,https://github.com/allenai/pdffigures2
244,dbpedia-spotlight,760,191,760,48,22/04/2012,08/03/2018,327.07 MB,DBpedia Spotlight is a tool for automatically annotating mentions of DBpedia resources in text.,Scala,https://github.com/dbpedia-spotlight/dbpedia-spotlight
245,riscv-sodor,759,164,759,15,17/07/2013,01/09/2025,7.86 MB,educational microarchitectures for risc-v isa,Scala,https://github.com/ucb-bar/riscv-sodor
246,chisel-tutorial,757,195,757,40,16/07/2012,06/01/2022,3.80 MB,chisel tutorial exercises and answers,Scala,https://github.com/ucb-bar/chisel-tutorial
247,gearpump,755,150,755,39,23/07/2014,08/10/2026,27.85 MB,Lightweight real-time big data streaming engine over Akka,Scala,https://github.com/gearpump/gearpump
248,requests-scala,752,98,752,36,19/07/2018,01/04/2026,273.00 KB,"A Scala port of the popular Python Requests HTTP client: flexible, intuitive, and straightforward to use.",Scala,https://github.com/com-lihaoyi/requests-scala
249,incubator-toree,750,225,750,14,07/01/2016,02/10/2026,11.38 MB,Mirror of Apache Toree (Incubating),Scala,https://github.com/apache/incubator-toree
250,firrtl,747,180,747,287,13/02/2015,20/08/2024,57.39 MB,Flexible Intermediate Representation for RTL,Scala,https://github.com/chipsalliance/firrtl
251,berkeley-doc-summarizer,746,58,746,6,20/06/2016,25/02/2019,17.11 MB,"The Berkeley Document Summarizer is a learning-based, single-document summarization system that extracts source document content, exploits syntactic information to compress it, and uses coreference constraints to ensure clarity.",Scala,https://github.com/gregdurrett/berkeley-doc-summarizer
252,akka-in-action,745,409,745,3,12/04/2013,19/08/2022,663.00 KB,Accompanying source code for akka in action ,Scala,https://github.com/RayRoestenburg/akka-in-action
253,orderbook-dynamics,744,294,744,3,29/08/2014,29/01/2016,297.00 KB,Modeling high-frequency limit order book dynamics with support vector machines,Scala,https://github.com/ezhulenev/orderbook-dynamics
254,akka-http-microservice,743,228,743,8,12/01/2015,15/08/2024,247.00 KB,Example of http (micro)service in Scala & akka-http,Scala,https://github.com/theiterators/akka-http-microservice
255,nussknacker,743,104,743,23,29/06/2017,30/09/2026,207.06 MB,Low-code tool for automating actions on real time data | Stream processing for the users.,Scala,https://github.com/TouK/nussknacker
256,os-lib,743,90,743,43,30/10/2018,01/06/2026,802.00 KB,"OS-Lib is a simple, flexible, high-performance Scala interface to common OS filesystem and subprocess APIs",Scala,https://github.com/com-lihaoyi/os-lib
257,tensorframes,743,158,743,54,04/03/2016,30/07/2024,1.79 MB,[DEPRECATED] Tensorflow wrapper for DataFrames on Apache Spark,Scala,https://github.com/databricks/tensorframes
258,skinny-framework,737,68,737,20,24/09/2013,14/12/2022,12.51 MB,":monorail: ""Scala on Rails"" - A full-stack web app framework for rapid development in Scala",Scala,https://github.com/skinny-framework/skinny-framework
259,blueeyes,736,44,736,11,12/10/2010,22/09/2014,11.66 MB,"A lightweight Web 3.0 framework for Scala, featuring a purely asynchronous architecture, extremely high-performance, massive scalability, high usability, and a functional, composable design.",Scala,https://github.com/jdegoes/blueeyes
260,specs2,734,213,734,1,03/09/2010,04/10/2026,180.05 MB,Software Specifications for Scala,Scala,https://github.com/etorreborre/specs2
261,scala-scraper,731,104,731,8,12/10/2014,23/09/2026,996.00 KB,A Scala library for scraping content from HTML pages,Scala,https://github.com/ruippeixotog/scala-scraper
262,sbt-docker,731,113,731,34,12/01/2014,12/12/2024,430.00 KB,Create Docker images directly from sbt,Scala,https://github.com/marcus-drake/sbt-docker
263,avro4s,730,238,730,34,16/09/2015,22/05/2026,2.83 MB,Avro schema generation and serialization / deserialization for Scala,Scala,https://github.com/sksamuel/avro4s
264,Vegas,729,95,729,52,14/04/2016,30/01/2022,888.00 KB,The missing MatPlotLib for Scala + Spark,Scala,https://github.com/vegas-viz/Vegas
265,AWScala,727,219,727,71,24/08/2013,13/06/2023,1.12 MB,Using AWS SDK on the Scala REPL,Scala,https://github.com/seratch/AWScala
266,kafka-storm-starter,722,323,722,0,23/05/2014,22/03/2022,402.00 KB,"[PROJECT IS NO LONGER MAINTAINED] Code examples that show to integrate Apache Kafka 0.8+ with Apache Storm 0.9+ and Apache Spark Streaming 1.1+, while using Apache Avro as the data serialization format.",Scala,https://github.com/miguno/kafka-storm-starter
267,parboiled2,717,85,717,35,18/04/2013,03/10/2026,1.89 MB,A macro-based PEG parser generator for Scala 2.10+,Scala,https://github.com/sirthias/parboiled2
268,indigo,716,69,716,154,30/05/2020,20/11/2025,135.08 MB,An FP game engine for Scala.,Scala,https://github.com/PurpleKingdomGames/indigo
269,rudder,716,93,716,35,06/10/2011,08/10/2026,98.39 MB,"Rudder is a configuration and security automation platform. Manage your Cloud, hybrid or on-premises infrastructure in a simple, scalable and dynamic way.",Scala,https://github.com/Normation/rudder
270,sbt-eclipse,712,163,712,78,04/06/2011,24/09/2026,1.34 MB,Plugin for sbt to create Eclipse project definitions,Scala,https://github.com/sbt/sbt-eclipse
271,unfiltered,710,111,710,77,19/05/2010,06/10/2026,3.33 MB,A toolkit for servicing HTTP requests in Scala,Scala,https://github.com/unfiltered/unfiltered
272,handsonscala,710,170,710,22,10/05/2020,02/01/2026,58.20 MB,Discussion and and code examples for the book Hands-on Scala Programming,Scala,https://github.com/handsonscala/handsonscala
273,better-monadic-for,710,31,710,11,29/03/2018,07/05/2024,106.00 KB,Desugaring scala `for` without implicit `withFilter`s,Scala,https://github.com/oleg-py/better-monadic-for
274,scala-csv,707,148,707,37,08/03/2012,02/10/2026,6.05 MB,CSV Reader/Writer for Scala,Scala,https://github.com/tototoshi/scala-csv
275,eventuate,703,99,703,37,12/01/2015,27/05/2021,10.10 MB,"Global-scale event sourcing and event collaboration with causal consistency (This project is in maintenance mode. Only critical bugs will be fixed, but there is no more feature development.).",Scala,https://github.com/RBMHTechnology/eventuate
276,scalafx,701,66,701,26,18/05/2014,05/10/2026,13.58 MB,ScalaFX simplifies creation of JavaFX-based user interfaces in Scala,Scala,https://github.com/scalafx/scalafx
277,HouseMD,697,212,697,34,06/09/2011,27/07/2015,2.11 MB,HouseMD is an awesome diagnosing tool better than BTrace,Scala,https://github.com/CSUG/HouseMD
278,rchain,691,212,691,131,09/03/2017,30/05/2024,41.17 MB,Blockchain (smart contract) platform using CBC-Casper proof of stake + Rholang for concurrent execution.,Scala,https://github.com/rchain/rchain
279,scallop,684,57,684,9,22/03/2012,05/10/2026,3.75 MB,a simple Scala CLI parsing library,Scala,https://github.com/scallop/scallop
280,scala-parser-combinators,679,131,679,26,15/08/2013,23/09/2026,1.21 MB,"simple combinator-based parsing for Scala. formerly part of the Scala standard library, now a separate community-maintained module",Scala,https://github.com/scala/scala-parser-combinators
281,decline,678,73,678,36,23/10/2016,08/04/2026,3.02 MB,A composable command-line parser for Scala.,Scala,https://github.com/bkirwi/decline
282,jwt-scala,677,145,677,41,08/09/2014,09/08/2026,5.43 MB,"JWT support for Scala. Bonus extensions for Play, Play JSON, Json4s, Circe, uPickle, Spray and Argonaut",Scala,https://github.com/jwt-scala/jwt-scala
283,Fregata,677,182,677,6,20/09/2016,23/03/2018,200.00 KB,"A light weight, super fast, large scale machine learning library on spark .",Scala,https://github.com/TalkingData/Fregata
284,universal-recommender,673,171,673,36,13/07/2013,18/06/2019,2.70 MB,Highly configurable recommender based on PredictionIO and Mahout's Correlated Cross-Occurrence algorithm,Scala,https://github.com/actionml/universal-recommender
285,scalajs-spa-tutorial,671,220,671,21,06/02/2015,24/06/2019,1.70 MB,Tutorial for creating a simple Single Page Application in ScalaJS,Scala,https://github.com/ochrons/scalajs-spa-tutorial
286,slinky,671,55,671,58,09/11/2016,07/03/2025,1.37 MB,Write Scala.js React apps just like you would in ES6,Scala,https://github.com/shadaj/slinky
287,scalastyle,671,210,671,85,20/10/2011,16/09/2022,1.67 MB,scalastyle,Scala,https://github.com/scalastyle/scalastyle
288,open-korean-text,668,95,668,11,24/01/2017,12/03/2024,33.49 MB,Open Korean Text Processor - An Open-source Korean Text Processor,Scala,https://github.com/open-korean-text/open-korean-text
289,spline,668,154,668,48,30/05/2017,08/10/2026,10.56 MB,Data Lineage Tracking And Visualization Solution,Scala,https://github.com/AbsaOSS/spline
290,testcontainers-scala,667,136,667,75,16/01/2017,23/09/2026,1.79 MB,Docker containers for testing in scala,Scala,https://github.com/testcontainers/testcontainers-scala
291,airframe,665,67,665,107,14/08/2016,08/10/2026,159.00 MB,Essential Building Blocks for Scala,Scala,https://github.com/wvlet/airframe
292,kafka-lag-exporter,665,202,665,77,26/11/2018,28/02/2024,2.55 MB,Monitor Kafka Consumer Group Latency with Kafka Lag Exporter,Scala,https://github.com/seglo/kafka-lag-exporter
293,trading,664,77,664,33,17/09/2021,20/09/2026,24.12 MB,💱 Trading application written in Scala 3 that showcases an Event-Driven Architecture (EDA) and Functional Programming (FP),Scala,https://github.com/gvolpe/trading
294,kaitai_struct_compiler,664,183,664,79,21/02/2016,04/05/2026,5.33 MB,Kaitai Struct: compiler to translate .ksy => .cpp / .cs / .dot / .go / .java / .js / .lua / .nim / .php / .pm / .py / .rb / .rs,Scala,https://github.com/kaitai-io/kaitai_struct_compiler
295,blinkdb,660,121,660,9,07/10/2011,06/02/2014,309.50 MB,BlinkDB: Sub-Second Approximate Queries on Very Large Data.,Scala,https://github.com/sameeragarwal/blinkdb
296,bijection,656,119,656,55,30/12/2012,22/11/2024,2.43 MB,Reversible conversions between types,Scala,https://github.com/twitter/bijection
297,sbt-scoverage,653,156,653,42,16/05/2014,02/10/2026,732.00 KB,sbt plugin for scoverage,Scala,https://github.com/scoverage/sbt-scoverage
298,reference-apps,650,334,650,33,19/08/2014,03/10/2024,5.95 MB,Spark reference applications,Scala,https://github.com/databricks/reference-apps
299,programming-scala-book-code-examples,649,403,649,0,20/06/2014,02/10/2026,24.65 MB,"The code examples used in Programming Scala, 2nd and 3rd Editions (O'Reilly)",Scala,https://github.com/deanwampler/programming-scala-book-code-examples
300,sbt-release,648,160,648,91,15/10/2011,29/09/2026,509.00 KB,A release plugin for sbt,Scala,https://github.com/sbt/sbt-release
301,scala-cli,645,169,645,303,10/05/2021,08/10/2026,131.62 MB,"Scala CLI is a command-line tool to interact with the Scala language. It lets you compile, run, test, and package your Scala code (and more!)",Scala,https://github.com/VirtusLab/scala-cli
302,codebrag,644,93,644,68,12/03/2013,09/07/2018,14.84 MB,Your daily code review tool,Scala,https://github.com/softwaremill/codebrag
303,diode,643,86,643,15,18/11/2015,07/12/2024,5.00 MB,Scala library for managing immutable application model,Scala,https://github.com/suzaku-io/diode
304,sri,636,29,636,9,29/07/2015,01/09/2025,40.08 MB,"Build truly native cross platform (web,ios,android) apps using scalajs and react, react-native ",Scala,https://github.com/chandu0101/sri
305,izumi,628,73,628,75,03/11/2017,08/10/2026,23.38 MB,Productivity-oriented collection of lightweight fancy stuff for Scala toolchain,Scala,https://github.com/7mind/izumi
306,riscv-mini,621,126,621,8,28/09/2016,09/08/2024,1.33 MB,Simple RISC-V 3-stage Pipeline in Chisel,Scala,https://github.com/ucb-bar/riscv-mini
307,vamp,620,55,620,106,29/03/2015,21/04/2020,6.53 MB,Vamp - canary releasing and autoscaling for microservice systems,Scala,https://github.com/CircleCI-Archived/vamp
308,nixiesearch,618,14,618,75,14/07/2023,06/01/2026,14.76 MB,"Hybrid search engine, combining best features of text and semantic search worlds",Scala,https://github.com/nixiesearch/nixiesearch
309,chill,617,153,617,74,15/10/2012,19/08/2024,1.22 MB,Scala extensions for the Kryo serialization library,Scala,https://github.com/twitter/chill
310,freestyle,614,51,614,34,19/10/2016,13/08/2019,8.74 MB,A cohesive & pragmatic framework of FP centric Scala libraries,Scala,https://github.com/frees-io/freestyle
311,SparkNet,609,169,609,30,16/11/2015,23/07/2020,7.49 MB,Distributed Neural Networks for Spark,Scala,https://github.com/amplab/SparkNet
312,PkpmSpark,609,1,609,1,23/10/2019,17/06/2022,57.00 KB,awesome 三维数据挖掘 数据分析 & 推荐,Scala,https://github.com/MethodJiao/PkpmSpark
313,codepropertygraph,608,84,608,26,28/06/2018,28/09/2026,9.52 MB,"Code Property Graph: specification, query language, and utilities",Scala,https://github.com/ShiftLeftSecurity/codepropertygraph
314,spark-redshift,608,345,608,150,13/11/2014,10/08/2023,796.00 KB,Redshift data source for Apache Spark,Scala,https://github.com/databricks/spark-redshift
315,apalache,606,55,606,263,03/07/2015,03/10/2026,70.42 MB,APALACHE: symbolic model checker for TLA+ and Quint,Scala,https://github.com/apalache-mc/apalache
316,learn-fp,605,119,605,4,05/12/2017,07/02/2020,1.22 MB,learn-by-doing course/tutorial for functional programming on scala,Scala,https://github.com/dehun/learn-fp
317,scalate,605,103,605,39,27/01/2010,05/10/2026,51.55 MB,"Scalate is a Scala based template engine which supports HAML, Mustache and JSP, Erb and Velocity style syntaxes.",Scala,https://github.com/scalate/scalate
318,play2-auth,605,135,605,23,23/04/2012,10/09/2019,564.00 KB,Play2.x Authentication and Authorization module,Scala,https://github.com/t2v/play2-auth
319,aprsdroid,605,127,605,215,05/01/2010,22/12/2025,7.06 MB,APRSdroid - Geo-Location for Radio Amateurs,Scala,https://github.com/ge0rg/aprsdroid
320,simple-docker-ui,604,95,604,20,11/04/2015,06/09/2024,1.90 MB,Native Docker UI implemented using Scala.js and React - DEPRECATED,Scala,https://github.com/felixgborrego/simple-docker-ui
321,SparkLearning,595,306,595,3,30/03/2016,04/11/2021,405.10 MB,"Learning Apache spark,including code and data .Most part can run local.",Scala,https://github.com/xubo245/SparkLearning
322,scalatron,593,172,593,31,25/04/2012,19/08/2022,5.63 MB,"Scalatron, a multi-player programming game in which coders pit bot programs (written in Scala) against each other",Scala,https://github.com/scalatron/scalatron
323,cask,593,67,593,20,20/07/2018,14/01/2026,899.00 KB,"Cask: a Scala HTTP micro-framework. Cask makes it easy to set up a website, backend server, or REST API using Scala",Scala,https://github.com/com-lihaoyi/cask
324,sparklens,593,142,593,52,16/03/2018,26/06/2024,179.00 KB,Qubole Sparklens tool for performance tuning Apache Spark,Scala,https://github.com/qubole/sparklens
325,reftree,590,35,590,4,23/02/2016,18/08/2024,244.95 MB,Automatically generated diagrams and animations for Scala data structures,Scala,https://github.com/stanch/reftree
326,metorikku,589,156,589,65,10/10/2017,01/09/2026,4.27 MB,"A simplified, lightweight ETL Framework based on Apache Spark",Scala,https://github.com/YotpoLtd/metorikku
327,eff,588,80,588,6,04/01/2016,08/10/2026,3.92 MB,Eff monad for cats - https://atnos-org.github.io/eff,Scala,https://github.com/atnos-org/eff
328,squeryl,588,136,588,44,30/01/2010,08/10/2026,12.31 MB,A Scala DSL for talking with databases with minimum verbosity and maximum type safety,Scala,https://github.com/squeryl/squeryl
329,akka-http-json,586,135,586,41,27/02/2015,30/07/2024,704.00 KB,Integrate some of the best JSON libs in Scala with Akka HTTP,Scala,https://github.com/hseeberger/akka-http-json
330,scala-graph,575,72,575,19,29/01/2013,01/05/2026,3.15 MB,"Graph for Scala is intended to provide basic graph functionality seamlessly fitting into the Scala Collection Library. Like the well known members of scala.collection, Graph for Scala is an in-memory graph library aiming at editing and traversing graphs, finding cycles etc. in a user-friendly way.",Scala,https://github.com/scala-graph/scala-graph
331,korolev,575,49,575,16,10/08/2016,13/08/2023,2.93 MB,Single Page Applications running on the server side.,Scala,https://github.com/fomkin/korolev
332,collins,574,96,574,67,31/07/2012,01/03/2021,218.82 MB,groovy kind of love,Scala,https://github.com/tumblr/collins
333,apibuilder,574,86,574,85,06/04/2014,10/07/2026,13.14 MB,"Simple, Comprehensive Tooling for Modern APIs",Scala,https://github.com/apicollective/apibuilder
334,scalapy,573,44,573,49,31/12/2016,27/09/2024,1.19 MB,Use the world of Python from the comfort of Scala!,Scala,https://github.com/scalapy/scalapy
335,tut,572,59,572,64,25/10/2013,12/04/2021,2.08 MB,doc/tutorial generator for scala,Scala,https://github.com/tpolecat/tut
336,edda,567,129,567,11,18/08/2012,19/01/2024,3.10 MB,AWS API Read Cache,Scala,https://github.com/Netflix/edda
337,spark-scala-examples,564,552,564,10,26/11/2019,20/03/2024,3.36 MB,"This project provides Apache Spark SQL, RDD, DataFrame and Dataset examples in Scala language",Scala,https://github.com/spark-examples/spark-scala-examples
338,java-webauthn-server,564,168,564,28,08/05/2018,08/10/2026,10.38 MB,Server-side Web Authentication library for Java https://www.w3.org/TR/webauthn/#rp-operations,Scala,https://github.com/Yubico/java-webauthn-server
339,cats-collections,563,108,563,28,19/09/2015,15/09/2026,2.94 MB,Data structures for pure functional programming in Scala,Scala,https://github.com/typelevel/cats-collections
340,twirl,561,118,561,31,22/09/2013,05/10/2026,3.47 MB,Twirl is Play's default template engine,Scala,https://github.com/playframework/twirl
341,iron,558,71,558,6,13/01/2021,02/10/2026,1.66 MB,Strong type constraints for Scala,Scala,https://github.com/Iltotore/iron
342,scapegoat,557,95,557,47,21/11/2013,06/10/2026,2.51 MB,Scala compiler plugin for static code analysis,Scala,https://github.com/scapegoat-scala/scapegoat
343,akka-quartz-scheduler,557,113,557,10,13/04/2013,27/11/2023,224.00 KB,Quartz Extension and utilities for cron-style scheduling in Akka,Scala,https://github.com/enragedginger/akka-quartz-scheduler
344,sbt-buildinfo,557,90,557,14,03/03/2012,24/09/2026,486.00 KB,I know this because build.sbt knows this.,Scala,https://github.com/sbt/sbt-buildinfo
345,scalamock,555,104,555,2,24/10/2011,03/10/2026,8.44 MB,Native Scala mocking framework,Scala,https://github.com/scalamock/scalamock
346,scribe,553,43,553,30,26/01/2016,07/10/2026,2.85 MB,The fastest logging library in the world. Built from scratch in Scala and programmatically configurable.,Scala,https://github.com/outr/scribe
347,build-server-protocol,551,74,551,40,10/01/2018,01/08/2026,8.25 MB,"Protocol for IDEs and build tools to communicate about compile, run, test, debug and more.",Scala,https://github.com/build-server-protocol/build-server-protocol
348,eventsim,551,141,551,5,05/09/2014,27/01/2026,83.61 MB,"Event data simulator. Generates a stream of pseudo-random events from a set of users, designed to simulate web traffic.",Scala,https://github.com/Interana/eventsim
349,factorie,551,143,551,26,25/06/2013,19/12/2017,44.96 MB,"FACTORIE is a toolkit for deployable probabilistic modeling, implemented as a software library in Scala. It provides its users with a succinct language for creating relational factor graphs, estimating parameters and performing inference.",Scala,https://github.com/factorie/factorie
350,pfps-shopping-cart,550,169,550,38,03/10/2019,04/10/2026,1.67 MB,":shopping_cart: The Shopping Cart application developed in the book ""Practical FP in Scala: A hands-on approach""",Scala,https://github.com/gvolpe/pfps-shopping-cart
351,eqwalizer,546,41,546,0,22/06/2022,26/06/2026,2.27 MB,A type-checker for Erlang,Scala,https://github.com/WhatsApp/eqwalizer
352,shc,545,273,545,164,01/10/2015,10/05/2021,583.00 KB,The Apache Spark - Apache HBase Connector is a library to support Spark accessing HBase table as external data source or sink. ,Scala,https://github.com/hortonworks-spark/shc
353,orbeon-forms,545,214,545,1990,20/07/2009,08/10/2026,717.26 MB,"Orbeon Forms - Build, run, and manage web forms on-premises or in the cloud.",Scala,https://github.com/orbeon/orbeon-forms
354,kittens,545,66,545,12,09/07/2015,20/09/2026,1.33 MB,Automatic type class derivation for Cats,Scala,https://github.com/typelevel/kittens
355,argonaut,544,107,544,27,09/12/2012,03/10/2026,13.54 MB,Purely functional JSON parser and library in scala.,Scala,https://github.com/argonaut-io/argonaut
356,sourcecode,543,77,543,33,26/01/2016,15/10/2025,475.00 KB,"Scala library providing ""source"" metadata to your program, similar to Python's __name__, C++'s __LINE__ or Ruby's __FILE__. ",Scala,https://github.com/com-lihaoyi/sourcecode
357,scala-arm,542,46,542,15,27/09/2009,26/10/2020,570.00 KB,This project aims to be the Scala Incubator project for Automatic-Resource-Management in the scala library,Scala,https://github.com/jsuereth/scala-arm
358,scala-oauth2-provider,541,95,541,5,17/09/2013,17/09/2026,358.00 KB,OAuth 2.0 server-side implementation written in Scala,Scala,https://github.com/nulab/scala-oauth2-provider
359,guardrail,541,138,541,195,01/09/2017,18/07/2026,13.19 MB,Principled code generation from OpenAPI specifications,Scala,https://github.com/guardrail-dev/guardrail
360,scala-newtype,541,31,541,25,05/05/2017,10/02/2022,159.00 KB,NewTypes for Scala with no runtime overhead,Scala,https://github.com/estatico/scala-newtype
361,tofu,540,96,540,61,04/04/2019,07/10/2026,26.62 MB,Functional programming toolbox ,Scala,https://github.com/tofu-tf/tofu
362,PortEx,538,90,538,3,27/09/2013,03/04/2026,227.03 MB,Java library to analyse Portable Executable files with a special focus on malware analysis and PE malformation robustness,Scala,https://github.com/struppigel/PortEx
363,Scorex,537,115,537,48,28/06/2016,13/04/2022,11.63 MB,Scorex 2.0 Core,Scala,https://github.com/hyperledger-labs/Scorex
364,high-performance-spark-examples,536,239,536,10,06/10/2015,03/05/2026,1.74 MB,Examples for High Performance Spark,Scala,https://github.com/high-performance-spark/high-performance-spark-examples
365,spark-avro,535,299,535,77,30/09/2014,19/12/2018,405.00 KB,Avro Data Source for Apache Spark,Scala,https://github.com/databricks/spark-avro
366,magellan,533,142,533,75,01/06/2015,26/08/2021,13.32 MB,Geo Spatial Data Analytics on Spark,Scala,https://github.com/harsha2010/magellan
367,accord,532,48,532,24,13/11/2013,23/11/2022,1.55 MB,Accord: A sane validation library for Scala,Scala,https://github.com/wix-incubator/accord
368,sparta,531,192,531,8,04/02/2015,24/10/2019,125.86 MB,Real Time Analytics and Data Pipelines based on Spark Streaming,Scala,https://github.com/Stratio/sparta
369,scala-offheap,530,33,530,15,08/10/2014,08/04/2019,7.71 MB,Experimental type-safe off-heap memory for Scala.,Scala,https://github.com/densh/scala-offheap
370,macroid,528,33,528,26,24/07/2013,30/09/2017,13.07 MB,A modular functional UI language for Android,Scala,https://github.com/xebia-functional/macroid
371,ox,525,36,525,14,18/01/2023,08/10/2026,2.05 MB,"Safe direct-style streaming, concurrency and resiliency for Scala on the JVM",Scala,https://github.com/softwaremill/ox
372,spark-excel,524,164,524,108,03/09/2016,28/09/2026,1.47 MB,A Spark plugin for reading and writing Excel files,Scala,https://github.com/nightscape/spark-excel
373,scalariform,522,146,522,67,10/04/2010,11/05/2024,11.12 MB,Scala source code formatter,Scala,https://github.com/scala-ide/scalariform
374,ergo,520,204,520,468,13/06/2017,08/10/2026,66.15 MB,Ergo protocol description & reference client implementation,Scala,https://github.com/ergoplatform/ergo
375,tranquility,518,220,518,103,13/02/2014,13/01/2020,1.03 MB,"Tranquility helps you send real-time event streams to Druid and handles partitioning, replication, service discovery, and schema rollover, seamlessly and without downtime.",Scala,https://github.com/druid-io/tranquility
376,casbah,512,126,512,7,29/10/2010,20/01/2022,33.67 MB,Casbah is now officially end-of-life (EOL).,Scala,https://github.com/mongodb/casbah
377,curiodb,510,46,510,5,26/04/2015,04/11/2018,1.19 MB,Distributed NoSQL Database,Scala,https://github.com/stephenmcd/curiodb
378,spark-xml,510,223,510,0,26/11/2015,11/08/2024,912.00 KB,XML data source for Spark SQL and DataFrames,Scala,https://github.com/databricks/spark-xml
379,scalameter,509,66,509,50,18/11/2012,22/08/2022,16.53 MB,Microbenchmarking and performance regression testing framework for the JVM platform.,Scala,https://github.com/scalameter/scalameter
380,utest,509,87,509,21,27/01/2014,22/01/2026,2.76 MB,A simple testing framework for Scala,Scala,https://github.com/com-lihaoyi/utest
381,HashtagCashtag,507,131,507,2,25/01/2015,24/08/2022,20.47 MB,"My Insight Data Engineering Fellowship project. I implemented a big data processing pipeline based on ​lambda architecture​, that aggregates Twitter and US stock market data for user sentiment analysis using open source tools - ​Apache Kafka ​for data ingestions, Apache Spark ​& ​Spark Streaming ​for batch & real-time processing, ​Apache Cassandra f​ or storage, ​Flask​, ​Bootstrap and ​HighCharts f​ or frontend.",Scala,https://github.com/shafiab/HashtagCashtag
382,Antox,505,178,505,20,30/01/2014,18/04/2017,17.58 MB,Scala android client for Project Tox - secure p2p messaging,Scala,https://github.com/markwinter/Antox
383,jackson-module-scala,505,140,505,49,29/11/2010,06/10/2026,20.76 MB,Add-on module for Jackson (https://github.com/FasterXML/jackson) to support Scala-specific datatypes,Scala,https://github.com/FasterXML/jackson-module-scala
384,sbt-pack,503,77,503,33,19/11/2012,03/10/2026,2.08 MB,A sbt plugin for creating distributable Scala packages.,Scala,https://github.com/xerial/sbt-pack
385,scala-ide,500,303,500,2,04/10/2011,25/01/2023,142.56 MB,Scala IDE for Eclipse,Scala,https://github.com/scala-ide/scala-ide
386,streamDM,497,141,497,4,08/06/2015,16/04/2023,3.22 MB,Stream Data Mining Library for Spark Streaming,Scala,https://github.com/huawei-noah/streamDM
387,fetch,496,50,496,17,04/03/2016,06/10/2026,4.44 MB,Simple & Efficient data access for Scala and Scala.js,Scala,https://github.com/xebia-functional/fetch
388,resy-booking-bot,493,230,493,37,13/02/2018,28/04/2024,65.00 KB,🔫 Helps to snipe hard to get reservations at restaurants that use resy,Scala,https://github.com/Alkaar/resy-booking-bot
389,cbt,489,56,489,224,29/09/2015,28/05/2018,1.34 MB,"CBT - fun, fast, intuitive, compositional, statically checked builds written in Scala",Scala,https://github.com/cvogt/cbt
390,stringmetric,489,79,489,22,07/10/2012,28/07/2017,2.12 MB,":dart: String metrics and phonetic algorithms for Scala (e.g. Dice/Sorensen, Hamming, Jaccard, Jaro, Jaro-Winkler, Levenshtein, Metaphone, N-Gram, NYSIIS, Overlap, Ratcliff/Obershelp, Refined NYSIIS, Refined Soundex, Soundex, Weighted Levenshtein).",Scala,https://github.com/rockymadden/stringmetric
391,rogue,487,74,487,6,16/01/2011,08/06/2016,3.65 MB,MOVED - The project is still under development but this page is deprecated.,Scala,https://github.com/foursquare/rogue
392,salat,485,105,485,34,12/01/2011,03/03/2019,2.93 MB,Salat is a simple serialization library for case classes.,Scala,https://github.com/salat/salat
393,scalaz-and-cats,484,26,484,1,07/06/2017,18/12/2021,573.00 KB,Usage examples and benchmarks between Scalaz and Cats (w/ Haskell ground-truth).,Scala,https://github.com/fosskers/scalaz-and-cats
394,mima,482,77,482,17,24/05/2012,23/09/2026,3.08 MB,A tool for catching binary incompatibility in Scala,Scala,https://github.com/scala-garden/mima
395,topshell,479,10,479,2,14/07/2018,23/08/2021,1.67 MB,"TopShell - a purely functional, reactive scripting language",Scala,https://github.com/topshell-language/topshell
396,akka.js,478,39,478,9,17/04/2015,20/02/2022,4.75 MB,"Akka, for Scala.js",Scala,https://github.com/akka-js/akka.js
397,scoobi,478,93,478,21,25/10/2011,01/07/2022,50.64 MB,A Scala productivity framework for Hadoop.,Scala,https://github.com/NICTA/scoobi
398,gremlin-scala,477,73,477,34,09/01/2013,20/10/2022,2.60 MB,[unmaintained] Scala wrapper for Apache TinkerPop 3 Graph DSL,Scala,https://github.com/mpollmeier/gremlin-scala
399,conscript,477,59,477,25,22/02/2011,03/10/2026,1.11 MB,Scala at your command,Scala,https://github.com/foundweekends/conscript
400,android-plugin,476,106,476,52,09/11/2009,31/10/2014,4.65 MB,An sbt plugin for Android development in Scala,Scala,https://github.com/jberkel/android-plugin
401,featran,475,68,475,12,08/05/2017,23/09/2026,2.99 MB,A Scala feature transformation library for data science and machine learning,Scala,https://github.com/spotify/featran
402,concurrency-in-scala-with-ce,473,43,473,4,05/06/2020,27/07/2021,309.00 KB,"Introduction to concepts of asynchronous and concurrent programming in Scala, based on the Cats Effect library.",Scala,https://github.com/slouc/concurrency-in-scala-with-ce
403,keystone,473,117,473,39,10/04/2015,18/04/2017,19.26 MB,Simplifying robust end-to-end machine learning on Apache Spark.,Scala,https://github.com/amplab/keystone
404,epic,473,80,473,30,20/04/2011,19/02/2020,22.54 MB,"**Archived** Epic is a high performance statistical parser written in Scala, along with a framework for building complex structured prediction models.",Scala,https://github.com/dlwh/epic
405,munit,472,107,472,39,03/01/2020,04/10/2026,3.74 MB,Scala testing library with actionable errors and extensible APIs,Scala,https://github.com/scalameta/munit
406,zio-prelude,472,117,472,90,02/03/2020,06/10/2026,16.63 MB,"A lightweight, distinctly Scala take on functional abstractions, with tight ZIO integration",Scala,https://github.com/zio/zio-prelude
407,effekt,472,42,472,237,05/03/2020,05/10/2026,24.39 MB,A language with lexical effect handlers and lightweight effect polymorphism,Scala,https://github.com/effekt-lang/effekt
408,outwatch,470,40,470,89,04/11/2016,10/04/2025,2.13 MB,The Functional and Reactive Web-Frontend Library for Scala.js,Scala,https://github.com/outwatch/outwatch
409,openie,469,107,469,5,05/07/2013,27/12/2018,90.00 KB,Quality information extraction at web scale.,Scala,https://github.com/knowitall/openie
410,frdomain,466,134,466,12,26/10/2014,08/12/2019,209.00 KB,Code repo for Functional and Reactive Domain Modeling,Scala,https://github.com/debasishg/frdomain
411,storehaus,465,81,465,78,22/01/2013,17/07/2020,2.30 MB,Storehaus is a library that makes it easy to work with asynchronous key value stores,Scala,https://github.com/twitter/storehaus
412,spring-scala,458,122,458,8,31/08/2011,13/04/2022,603.00 KB,,Scala,https://github.com/spring-attic/spring-scala
413,spark-fast-tests,456,77,456,22,06/04/2017,02/04/2026,2.60 MB,"Apache Spark testing helpers (dependency free & works with Scalatest, uTest, and MUnit)",Scala,https://github.com/mrpowers-io/spark-fast-tests
414,Laika,455,57,455,36,22/12/2012,29/09/2026,97.61 MB,"Site and E-book Generator and Customizable Text Markup Transformer for sbt, Scala and Scala.js",Scala,https://github.com/typelevel/Laika
415,repox,455,86,455,20,19/11/2014,03/08/2018,569.00 KB,Make sbt more responsive,Scala,https://github.com/Centaur/repox
416,papa-carlo,453,23,453,6,05/10/2013,15/12/2020,362.00 KB,Constructor of incremental parsers in Scala,Scala,https://github.com/Eliah-Lakhin/papa-carlo
417,rainier,452,48,452,31,12/03/2018,14/09/2026,5.55 MB,Bayesian inference in Scala.,Scala,https://github.com/stripe/rainier
418,udash-core,452,39,452,40,25/02/2016,08/10/2026,12.92 MB,Scala framework for building beautiful and maintainable web applications.,Scala,https://github.com/UdashFramework/udash-core
419,shardcake,448,38,448,4,22/07/2022,02/06/2026,15.65 MB,Sharding and location transparency for Scala,Scala,https://github.com/devsisters/shardcake
420,xitrum,446,49,446,56,19/07/2010,28/02/2023,12.73 MB,Async and clustered Scala web framework and HTTP(S) server,Scala,https://github.com/xitrum-framework/xitrum
421,spark-solr,444,252,444,66,15/01/2015,24/09/2026,9.97 MB,Tools for reading data from Solr as a Spark RDD and indexing objects from Spark into Solr using SolrJ.,Scala,https://github.com/lucidworks/spark-solr
422,LearningSpark,441,281,441,1,28/09/2014,17/09/2020,494.00 KB,Scala examples for learning to use Spark,Scala,https://github.com/spirom/LearningSpark
423,ducktape,440,8,440,4,05/10/2021,26/09/2026,1.93 MB,"Automatic and customizable compile time transformations between similar case classes and sealed traits/enums, essentially a thing that glues your code. Scala 3 only. Or is it duct 🤔",Scala,https://github.com/arainko/ducktape
424,play2-war-plugin,439,70,439,33,26/03/2012,07/09/2019,80.86 MB,WAR Plugin for Play framework 2.x,Scala,https://github.com/play2war/play2-war-plugin
425,scastie,439,101,439,124,22/11/2016,11/09/2026,21.25 MB,An interactive playground for Scala,Scala,https://github.com/scalacenter/scastie
426,scala-java8-compat,438,63,438,13,11/03/2014,05/09/2026,846.00 KB,A Java 8 (and up) compatibility kit for Scala.,Scala,https://github.com/scala/scala-java8-compat
427,scalac-scoverage-plugin,438,130,438,55,26/11/2013,01/10/2026,6.33 MB,Scoverage Scala Code Coverage Core Libs,Scala,https://github.com/scoverage/scalac-scoverage-plugin
428,akka-http-session,437,56,437,11,30/06/2015,29/08/2023,809.00 KB,"Web & mobile client-side akka-http sessions, with optional JWT support",Scala,https://github.com/softwaremill/akka-http-session
429,jawn,436,72,436,17,01/10/2012,01/10/2026,4.99 MB,Jawn is for parsing jay-sawn (JSON),Scala,https://github.com/typelevel/jawn
430,twofishes,434,61,434,15,17/02/2012,15/01/2019,50.65 MB,MOVED - The project is still under development but this page is deprecated.,Scala,https://github.com/foursquare/twofishes
431,docker-it-scala,433,88,433,27,26/01/2015,14/02/2024,443.00 KB,Docker integration testing kit with Scala,Scala,https://github.com/whisklabs/docker-it-scala
432,woof,433,19,433,13,11/10/2021,28/09/2026,543.00 KB,A pure Scala 3 logging library with no reflection,Scala,https://github.com/LEGO/woof
433,telegram,432,104,432,10,01/08/2015,07/10/2026,2.45 MB,Telegram Bot API Wrapper for Scala,Scala,https://github.com/bot4s/telegram
434,akka-grpc,432,125,432,174,08/02/2018,30/09/2026,4.71 MB,"A platform to build and run apps that are elastic, agile, and resilient. SDK, libraries, and hosted environments.",Scala,https://github.com/akka/akka-grpc
435,hyperspace,431,116,431,135,07/05/2020,14/01/2022,4.98 MB,An open source indexing subsystem that brings index-based query acceleration to Apache Spark™ and big data workloads.,Scala,https://github.com/microsoft/hyperspace
436,lc-core,430,19,430,22,02/01/2018,07/09/2026,12.93 MB,"The LibreCaptcha framework, for self-hosted, privacy respecting CAPTCHAs",Scala,https://github.com/librecaptcha/lc-core
437,zio-json,430,163,430,76,03/07/2020,07/10/2026,8.98 MB,"Fast, secure JSON library with tight ZIO integration.",Scala,https://github.com/zio/zio-json
438,scalgos,430,88,430,13,25/03/2013,04/04/2024,2.71 MB,algorithms in scala,Scala,https://github.com/pathikrit/scalgos
439,play-scalajs.g8,429,110,429,8,13/02/2014,15/05/2025,1.64 MB, Giter8 template to get started with Play and Scala.js.,Scala,https://github.com/vmunier/play-scalajs.g8
440,fury-old,428,34,428,135,29/09/2018,03/09/2024,5.32 MB,A new build tool for JVM languages,Scala,https://github.com/propensive/fury-old
441,reboot,428,103,428,5,11/12/2011,25/08/2024,1.85 MB,Scala wrapper for the Java AsyncHttpClient.,Scala,https://github.com/dispatch/reboot
442,mypipe,427,78,427,18,15/03/2014,22/02/2023,6.07 MB,MySQL binary log consumer with the ability to act on changed rows and publish changes to different systems with emphasis on Apache Kafka.,Scala,https://github.com/mardambey/mypipe
443,metrics-scala,425,62,425,12,10/09/2012,05/02/2026,5.58 MB,The scala API for Dropwizard's Metrics.,Scala,https://github.com/erikvanoosten/metrics-scala
444,scala,422,102,422,0,20/07/2013,31/12/2021,2.51 MB,Scala reference (as seen by Java developer),Scala,https://github.com/mbonaci/scala
445,fact-graph,420,53,420,2,19/09/2025,01/09/2026,2.58 MB,Fact Graph ,Scala,https://github.com/IRS-Public/fact-graph
446,embedded-kafka,419,46,419,8,23/11/2018,04/10/2026,910.00 KB,A library that provides an in-memory Kafka instance to run your tests against.,Scala,https://github.com/embeddedkafka/embedded-kafka
447,endpoints4s,418,92,418,62,25/04/2016,08/10/2026,10.79 MB,"Describe HTTP endpoints in Scala and derive clients, servers, and documentation",Scala,https://github.com/endpoints4s/endpoints4s
448,log4cats,416,77,416,30,24/04/2018,19/09/2026,2.55 MB,Logging Tools For Interaction with cats-effect,Scala,https://github.com/typelevel/log4cats
449,kafka,413,135,413,49,06/02/2015,03/05/2018,1.44 MB,Apache Kafka on Apache Mesos,Scala,https://github.com/mesos/kafka
450,sbt-tpolecat,410,57,410,20,19/07/2017,08/10/2026,481.00 KB,scalac options for the enlightened,Scala,https://github.com/typelevel/sbt-tpolecat
451,Play-ReactiveMongo,409,126,409,1,30/08/2012,03/10/2026,1.72 MB,:leaves: ReactiveMongo plugin for Playframework,Scala,https://github.com/ReactiveMongo/Play-ReactiveMongo
452,ciris,408,47,408,0,27/04/2017,07/10/2026,9.14 MB,Functional Configurations for Scala,Scala,https://github.com/vlovgr/ciris
453,spray-template,408,195,408,3,25/03/2011,24/03/2015,742.00 KB,SBT template project for quickly getting started with spray-server,Scala,https://github.com/spray/spray-template
454,examples-scala,406,204,406,6,24/11/2016,20/11/2023,95.00 KB,Stream Processing with Apache Flink - Scala Examples,Scala,https://github.com/streaming-with-flink/examples-scala
455,larray,406,41,406,26,18/03/2013,30/11/2022,1.69 MB,Large off-heap arrays and mmap files for Scala and Java,Scala,https://github.com/xerial/larray
456,shard,405,58,405,4,07/07/2016,05/10/2016,221.00 KB,A command line tool to detect shared passwords,Scala,https://github.com/philwantsfish/shard
457,platform,405,61,405,18,06/12/2011,15/11/2013,82.36 MB,Advanced Analytics Engine for NoSQL Data,Scala,https://github.com/precog/platform
458,stainless,404,59,404,345,17/08/2016,18/09/2026,170.19 MB,Verification framework and tool for higher-order Scala programs. https://gitlab.epfl.ch/lara/stainless,Scala,https://github.com/epfl-lara/stainless
459,nelson,404,39,404,42,14/06/2017,31/08/2022,27.57 MB,"Automated, multi-region container deployment",Scala,https://github.com/getnelson/nelson
460,sql-differential-privacy,402,70,402,5,15/06/2017,03/12/2019,228.00 KB,Dataflow analysis & differential privacy for SQL queries. This project is deprecated and not maintained.,Scala,https://github.com/uber-archive/sql-differential-privacy
461,smithy4s,402,98,402,115,22/12/2021,06/10/2026,45.09 MB,https://disneystreaming.github.io/smithy4s/,Scala,https://github.com/disneystreaming/smithy4s
462,flink-notes,402,135,402,3,07/01/2020,01/07/2022,102.65 MB,flink学习笔记,Scala,https://github.com/pierre94/flink-notes
463,mdoc,402,89,402,60,23/10/2017,08/10/2026,7.45 MB,Typechecked markdown documentation for Scala,Scala,https://github.com/scalameta/mdoc
464,play-swagger,402,142,402,22,17/09/2015,10/11/2023,881.00 KB,Swagger spec generator for play framework,Scala,https://github.com/iheartradio/play-swagger
465,tensil,400,35,400,19,26/02/2022,24/03/2024,2.87 MB,Open source machine learning accelerators,Scala,https://github.com/tensil-ai/tensil
466,spark-training,397,351,397,3,25/08/2014,24/11/2015,666.22 MB,Apache Spark training material,Scala,https://github.com/databricks/spark-training
467,REPLesent,396,34,396,5,02/02/2015,05/03/2026,136.00 KB,A neat little tool to build presentations using the Scala REPL,Scala,https://github.com/marconilanna/REPLesent
468,droste,396,51,396,17,12/01/2018,12/04/2026,1.53 MB,"recursion schemes for cats; to iterate is human, to recurse, divine",Scala,https://github.com/higherkindness/droste
469,elastiknn,395,50,395,25,29/10/2019,06/07/2026,141.47 MB,Elasticsearch plugin for nearest neighbor search. Store vectors and run similarity search using exact and approximate algorithms.,Scala,https://github.com/alexklibisz/elastiknn
470,ScienceWorld,395,42,395,14,04/03/2022,20/08/2026,71.23 MB,ScienceWorld is a text-based virtual environment centered around accomplishing tasks from the standardized elementary science curriculum.,Scala,https://github.com/allenai/ScienceWorld
471,intellij-lsp,394,47,394,90,04/10/2017,15/06/2023,23.88 MB,Plugin adding Language Server Protocol support for IntelliJ,Scala,https://github.com/gtache/intellij-lsp
472,berkeley-hardfloat,393,110,393,23,08/09/2014,19/08/2026,1.34 MB,,Scala,https://github.com/ucb-bar/berkeley-hardfloat
473,tyrian,392,31,392,26,04/06/2021,20/11/2025,18.21 MB,Elm-inspired Scala UI library.,Scala,https://github.com/PurpleKingdomGames/tyrian
474,s3mock,390,107,390,80,10/08/2016,14/11/2023,299.00 KB,Embedded S3 server for easy mocking,Scala,https://github.com/findify/s3mock
475,pilon,390,60,390,86,30/03/2013,10/04/2022,4.46 MB,Pilon is an automated genome assembly improvement and variant detection tool,Scala,https://github.com/broadinstitute/pilon
476,brushfire,389,43,389,32,20/11/2014,09/01/2019,1.48 MB,Distributed decision tree ensemble learning in Scala                          ,Scala,https://github.com/stripe-archive/brushfire
477,norbert,388,126,388,9,16/12/2009,04/10/2022,2.68 MB,Norbert is a cluster manager and networking layer built on top of Zookeeper.,Scala,https://github.com/rhavyn/norbert
478,chisel2-deprecated,387,89,387,122,08/02/2012,18/04/2018,57.02 MB,,Scala,https://github.com/ucb-bar/chisel2-deprecated
479,webjars,386,67,386,107,29/09/2012,07/10/2026,7.35 MB,Client-side web libraries packaged into JARs,Scala,https://github.com/webjars/webjars
480,News_recommend,386,91,386,12,19/05/2019,21/06/2022,17.46 MB,基于Spark的新闻推荐系统，包含爬虫项目、web网站以及spark推荐系统,Scala,https://github.com/luochana/News_recommend
481,scala_typeclassopedia,385,37,385,34,18/02/2017,05/12/2024,1.75 MB,"Abstractions from Category theory with simple description & implementation, links to further resources.",Scala,https://github.com/lemastero/scala_typeclassopedia
482,subcut,384,28,384,8,30/05/2011,12/10/2020,542.00 KB,Scala Uniquely Bound Classes Under Traits,Scala,https://github.com/dickwall/subcut
483,links,383,46,383,0,06/06/2013,22/09/2026,3.00 MB,Just a bunch of useful links,Scala,https://github.com/velvia/links
484,bitcoin-s,383,106,383,380,28/04/2016,08/10/2026,655.66 MB,Bitcoin Implementation in Scala,Scala,https://github.com/bitcoin-s/bitcoin-s
485,bloom-filter-scala,383,54,383,19,07/02/2016,19/03/2021,284.00 KB,"Bloom filter for Scala, the fastest for JVM",Scala,https://github.com/alexandrnikitin/bloom-filter-scala
486,autowire,382,46,382,34,05/07/2014,04/01/2022,174.00 KB,"Macros for simple/safe RPCs between Scala applications, including ScalaJS/ScalaJVM",Scala,https://github.com/lihaoyi/autowire
487,sbt-war,381,102,381,2,24/04/2011,03/10/2026,2.09 MB,Package and run WAR files from sbt,Scala,https://github.com/earldouglas/sbt-war
488,osstracker,380,54,380,18,08/02/2016,10/03/2024,1.08 MB,Github organization OSS metrics collector and metrics dashboard,Scala,https://github.com/Netflix/osstracker
489,sse-chat,379,85,379,1,11/06/2013,08/02/2015,3.92 MB,"Chat example app using Server Sent Events plus REST calls. Scala, Play Framework 2.3, AngularJS or React (alternatively).",Scala,https://github.com/matthiasn/sse-chat
490,ddd-leaven-akka-v2,379,68,379,2,03/01/2015,21/07/2018,1.20 MB,Sample e-commerce system #Microservices #Akka #Reactive-DDD #CQRS,Scala,https://github.com/pawelkaczor/ddd-leaven-akka-v2
491,raydp,378,84,378,66,17/04/2020,11/09/2026,1.39 MB,RayDP provides simple APIs for running Spark on Ray and integrating Spark with AI libraries.,Scala,https://github.com/ray-project/raydp
492,algebra,378,64,378,37,18/10/2013,05/11/2021,4.66 MB,Experimental project to lay out basic algebra type classes,Scala,https://github.com/typelevel/algebra
493,mouse,376,66,376,7,05/05/2016,04/10/2026,977.00 KB,A small companion to cats,Scala,https://github.com/typelevel/mouse
494,play-json,375,141,375,23,06/12/2016,07/10/2026,2.80 MB,The Play JSON library,Scala,https://github.com/playframework/play-json
495,fgbio,373,79,373,81,03/03/2016,07/10/2026,10.27 MB,Tools for working with genomic and high throughput sequencing data.,Scala,https://github.com/fulcrumgenomics/fgbio
496,kafka-security-manager,372,164,372,33,01/03/2018,01/02/2024,270.00 KB,Manage your Kafka ACL at scale,Scala,https://github.com/conduktor/kafka-security-manager
497,sbt-web,372,65,372,23,18/11/2013,24/09/2026,715.00 KB,Library for building sbt plugins for the web,Scala,https://github.com/sbt/sbt-web
498,splain,372,27,372,9,18/12/2016,16/01/2026,1.17 MB,better implicit errors for scala,Scala,https://github.com/tek/splain
499,blaze,371,63,371,88,06/01/2014,08/10/2026,7.25 MB,Blazing fast NIO microframework and Http Parser,Scala,https://github.com/http4s/blaze
500,facto,370,8,370,5,16/03/2015,29/08/2026,7.03 MB,Family Accounting Tool,Scala,https://github.com/nymanjens/facto
501,boopickle,369,36,369,30,10/04/2015,11/08/2025,1.24 MB,Binary serialization library for efficient network communication,Scala,https://github.com/suzaku-io/boopickle
502,redis4cats,368,92,368,5,17/06/2018,05/10/2026,11.01 MB,":bookmark: Redis client built on top of Cats Effect, Fs2 and Lettuce",Scala,https://github.com/profunktor/redis4cats
503,mockito-scala,368,59,368,28,23/06/2018,01/10/2026,6.20 MB,Mockito for Scala language,Scala,https://github.com/mockito/mockito-scala
504,layoutz,367,13,367,19,05/07/2025,01/09/2026,173.35 MB,"Simple, beautiful CLI output",Scala,https://github.com/mattlianje/layoutz
505,tvm-vta,367,98,367,5,30/03/2020,10/04/2024,1.32 MB,"Open, Modular, Deep Learning Accelerator",Scala,https://github.com/apache/tvm-vta
506,legacy-svn-scala,366,56,366,0,16/08/2010,08/01/2014,289.75 MB,"OBSOLETE, we're over there:",Scala,https://github.com/scala/legacy-svn-scala
507,zio-kafka,365,147,365,21,28/02/2019,06/10/2026,665.69 MB,A fast Kafka client for ZIO and ZIO Streams,Scala,https://github.com/zio/zio-kafka
508,watchlistarr,364,31,364,58,26/10/2023,08/11/2025,1.23 MB,Customizable sync of Plex Watchlist to Sonarr/Radarr,Scala,https://github.com/nylonee/watchlistarr
509,quine,363,58,363,8,05/02/2022,08/10/2026,28.24 MB,Quine • the streaming graph • https://quine.io • Discord: https://discord.gg/GMhd8TE4MR,Scala,https://github.com/thatdot/quine
510,gps-overlay-on-video,361,43,361,30,02/04/2014,08/10/2026,7.49 MB,Telemetry (GPS) data overlay on videos,Scala,https://github.com/peregin/gps-overlay-on-video
511,baker,360,88,360,35,05/12/2016,08/10/2026,172.76 MB,Orchestrate microservice-based process flows,Scala,https://github.com/ing-bank/baker
512,akka-ddd,360,58,360,5,20/10/2014,01/06/2025,2.97 MB,Akka CQRS/ES framework,Scala,https://github.com/pawelkaczor/akka-ddd
513,retry,360,36,360,25,25/04/2013,08/10/2026,207.00 KB,"because you should never give up, at least not on the first try",Scala,https://github.com/softwaremill/retry
514,graphx,359,99,359,31,17/09/2013,05/12/2022,64.80 MB,Former GraphX development repository. GraphX has been merged into Apache Spark; please submit pull requests there.,Scala,https://github.com/amplab/graphx
515,akka-http-rest,359,99,359,0,09/07/2015,28/03/2021,107.00 KB,Example of reactive REST service written on akka-http with slick,Scala,https://github.com/arhelmus/akka-http-rest
516,akka-streams-example,357,71,357,2,06/10/2014,17/10/2022,613.00 KB,,Scala,https://github.com/inanna-malick/akka-streams-example
517,vinyldns,356,109,356,163,26/07/2018,21/09/2026,35.39 MB,DNS automation and governance for streamlining DNS operations and enabling safe and secure DNS self-service,Scala,https://github.com/vinyldns/vinyldns
518,atto,355,58,355,32,04/09/2013,19/08/2024,2.44 MB,friendly little parsers,Scala,https://github.com/tpolecat/atto
519,sbt-git,355,104,355,32,26/10/2011,15/09/2026,572.00 KB,A git plugin for sbt,Scala,https://github.com/sbt/sbt-git
520,javacv-examples,354,155,354,0,03/05/2014,19/03/2026,41.82 MB,Examples of using JavaCV / OpenCV library on Java Virtual Machine,Scala,https://github.com/bytedeco/javacv-examples
521,zinc,352,133,352,81,04/08/2015,08/10/2026,34.46 MB,"Scala incremental compiler library, used by sbt and other build tools",Scala,https://github.com/sbt/zinc
522,Bigdata,352,70,352,10,27/06/2018,15/01/2024,7.62 MB,大数据处理相关技术学习之路(持续更新中...)。        Bigdata整理  -->  慢慢滴~ 大数据相关技术包括离线处理，实时处理，OLAP等，如hadoop、spark、flink、hive、hbase、oozie...以及大数据项目，如用户画像、数据仓库等，欢迎感兴趣的小伙伴一起来开发...,Scala,https://github.com/baolibin/Bigdata
523,kantan.csv,351,38,351,60,22/07/2015,12/04/2025,10.25 MB,CSV handling library for Scala,Scala,https://github.com/nrinaudo/kantan.csv
524,tsec,350,54,350,65,04/08/2017,26/11/2021,3.05 MB,Type-safe general-cryptography library - https://jmcardon.github.io/tsec/,Scala,https://github.com/jmcardon/tsec
525,morpheus,350,64,350,29,02/08/2016,14/01/2026,31.51 MB,"Morpheus brings the leading graph query language, Cypher, onto the leading distributed processing platform, Spark.",Scala,https://github.com/opencypher/morpheus
526,scala-kafka-client,350,113,350,20,15/01/2016,10/08/2022,526.00 KB,Scala helper modules for operating the Apache Kafka client library (0.9.x - 2.1.0),Scala,https://github.com/cakesolutions/scala-kafka-client
527,ratatool,349,56,349,45,01/08/2016,23/09/2026,1.35 MB,"A tool for data sampling, data generation, and data diffing",Scala,https://github.com/spotify/ratatool
528,scala-tutorials,349,210,349,0,30/11/2019,06/07/2026,4.71 MB,Supporting code for the tutorials on https://www.baeldung.com/scala,Scala,https://github.com/Baeldung/scala-tutorials
529,doodle,349,92,349,38,10/12/2014,07/09/2026,33.71 MB,Compositional vector graphics in Scala / Scala.JS,Scala,https://github.com/creativescala/doodle
530,ordasity,344,26,344,13,19/10/2011,11/10/2023,297.00 KB,Ordasity is Boundary's library for building stateful clustered services on the JVM.,Scala,https://github.com/boundary/ordasity
531,scalaxb,344,162,344,161,05/02/2010,01/10/2026,4.35 MB,scalaxb is an XML data binding tool for Scala.,Scala,https://github.com/eed3si9n/scalaxb
532,delight,344,58,344,0,26/10/2020,31/05/2024,2.37 MB,"A Spark UI and Spark History Server alternative with CPU and Memory metrics! Delight is free, cross-platform, and open-source.",Scala,https://github.com/datamechanics/delight
533,diffx,343,28,343,21,03/05/2019,03/12/2024,1.33 MB,Pretty diffs for scala case classes,Scala,https://github.com/softwaremill/diffx
534,kmq,343,42,343,32,11/02/2017,06/10/2026,472.00 KB,Kafka-based message queue,Scala,https://github.com/softwaremill/kmq
535,generalized-kmeans-clustering,343,53,343,5,03/09/2014,14/02/2026,10.07 MB,"Production-ready K-Means clustering for Apache Spark with pluggable Bregman divergences (KL, Itakura-Saito, L1, etc). 6 algorithms, 740      tests, cross-version persistence. Drop-in replacement for MLlib with mathematically correct distance functions for probability distributions,  spectral data, and count data.",Scala,https://github.com/derrickburns/generalized-kmeans-clustering
536,nak,342,83,342,10,15/01/2013,18/07/2017,5.77 MB,The Nak Machine Learning Library,Scala,https://github.com/scalanlp/nak
537,sbt-sonatype,341,63,341,34,20/01/2014,13/02/2026,797.00 KB,A sbt plugin for publishing Scala/Java projects to the Maven central.,Scala,https://github.com/xerial/sbt-sonatype
538,DeepLearningForFun,340,64,340,1,19/07/2016,30/08/2024,421.55 MB,Implementation of some interesting ideas of deeplearning.,Scala,https://github.com/Ldpe2G/DeepLearningForFun
539,scala_school2,340,74,340,51,21/06/2013,08/10/2021,1.07 MB,Scala School 2,Scala,https://github.com/twitter/scala_school2
540,natchez,340,76,340,33,23/05/2019,08/10/2026,2.37 MB,functional tracing for cats,Scala,https://github.com/typelevel/natchez
541,pekko-http-scala-js-websocket-chat,340,55,340,2,27/04/2015,03/10/2024,512.00 KB,An example app that integrates pekko-http and scala-js to implement a websocket chat,Scala,https://github.com/jrudolph/pekko-http-scala-js-websocket-chat
542,scala3-example-project,339,154,339,2,30/12/2015,20/09/2026,282.00 KB,An example sbt project that compiles using Dotty,Scala,https://github.com/scala/scala3-example-project
543,scalacss,339,40,339,55,07/03/2015,12/08/2024,12.64 MB,Super type-safe CSS for Scala and Scala.JS.,Scala,https://github.com/japgolly/scalacss
544,discipline,338,60,338,13,19/10/2013,04/09/2026,603.00 KB,Flexible law checking for Scala,Scala,https://github.com/typelevel/discipline
545,scala-2-beginners,336,281,336,1,15/06/2018,25/04/2024,22.00 KB,The official repository for the Rock the JVM Scala 2 for beginners course,Scala,https://github.com/rockthejvm/scala-2-beginners
546,bahir,336,193,336,6,29/05/2016,07/07/2023,1.11 MB,Mirror of Apache Bahir,Scala,https://github.com/apache/bahir
547,mu-scala,335,32,335,37,05/05/2017,19/09/2025,7.80 MB,Mu is a purely functional library for building RPC endpoint based services with support for RPC and HTTP/2,Scala,https://github.com/higherkindness/mu-scala
548,virtualization-lms-core,335,89,335,28,19/08/2010,27/02/2019,6.76 MB,A Framework for Runtime Code Generation and Compiled DSLs,Scala,https://github.com/TiarkRompf/virtualization-lms-core
549,koober,335,103,335,3,06/12/2016,14/01/2018,2.23 MB,,Scala,https://github.com/jamesward/koober
550,openie-standalone,334,51,334,3,27/05/2016,20/04/2017,540.00 KB,Quality information extraction at web scale. Edit,Scala,https://github.com/allenai/openie-standalone
551,little-book-of-pipelines,332,69,332,1,16/01/2023,16/01/2023,71.00 KB,This repository goes over how to handle massive variety in data engineering,Scala,https://github.com/EcZachly/little-book-of-pipelines
552,skuber,332,97,332,19,25/11/2015,29/08/2026,2.50 MB,A Scala Kubernetes client library,Scala,https://github.com/doriordan/skuber
553,idea-composer-plugin,332,9,332,10,05/12/2014,19/02/2020,1021.00 KB,PhpStorm plugin that adds code completion in composer.json file,Scala,https://github.com/psliwa/idea-composer-plugin
554,fun-cqrs,331,45,331,7,20/09/2015,30/06/2022,1.09 MB,Fun.CQRS is a Scala CQRS/ES framework. It provides the basic blocks to build event driven aggregates with Event Sourcing.,Scala,https://github.com/fun-cqrs/fun-cqrs
555,cloudflow,328,91,328,128,08/11/2019,13/08/2024,14.78 MB,"Cloudflow enables users to quickly develop, orchestrate, and operate distributed streaming applications on Kubernetes.",Scala,https://github.com/lightbend/cloudflow
556,scala-js-dom,328,157,328,42,15/10/2013,08/10/2026,11.26 MB,Statically typed DOM API for Scala.js,Scala,https://github.com/scala-js/scala-js-dom
557,NaxRiscv,327,53,327,51,04/10/2021,23/01/2026,3.54 MB,,Scala,https://github.com/SpinalHDL/NaxRiscv
558,rpgboss,327,149,327,174,18/10/2012,08/06/2021,40.36 MB,point and click rpg game editor and engine,Scala,https://github.com/rpgboss/rpgboss
559,scala-kafka,327,131,327,11,18/12/2013,02/07/2017,1.56 MB,Quick up and running using Scala for Apache Kafka,Scala,https://github.com/elodina/scala-kafka
560,lmvtfy,327,30,327,17,24/05/2014,12/03/2020,58.74 MB,LMVTFY: Let Me Validate That For You,Scala,https://github.com/cvrebert/lmvtfy
561,quizmaster,326,40,326,5,14/10/2019,12/07/2026,7.82 MB,A web-app for conducting a quiz over the internet,Scala,https://github.com/nymanjens/quizmaster
562,akka-persistence-cassandra,325,132,325,60,04/01/2016,08/10/2026,3.62 MB,A replicated Akka Persistence journal backed by Apache Cassandra,Scala,https://github.com/akka/akka-persistence-cassandra
563,aecor,325,35,325,79,05/06/2016,13/08/2024,20.46 MB,Pure functional event sourcing runtime,Scala,https://github.com/notxcain/aecor
564,mist,325,69,325,32,15/01/2016,13/04/2026,10.21 MB,Serverless proxy for Spark cluster,Scala,https://github.com/Hydrospheredata/mist
565,t1,324,50,324,55,18/09/2022,22/07/2026,28.16 MB,,Scala,https://github.com/chipsalliance/t1
566,TIP,323,155,323,4,21/11/2013,05/05/2025,3.41 MB,Static program analysis for TIP,Scala,https://github.com/cs-au-dk/TIP
567,otoroshi,323,49,323,16,27/11/2017,07/10/2026,583.68 MB,Lightweight api management on top of a modern http reverse proxy,Scala,https://github.com/MAIF/otoroshi
568,neo4j-spark-connector,323,119,323,8,03/03/2016,07/10/2026,4.02 MB,"Neo4j Connector for Apache Spark, which provides bi-directional read/write access to Neo4j from Spark, using the Spark DataSource APIs",Scala,https://github.com/neo4j/neo4j-spark-connector
569,diffson,323,52,323,11,30/08/2013,25/09/2026,875.00 KB,A scala diff/patch library for Json,Scala,https://github.com/gnieh/diffson
570,IScala,321,47,321,26,14/08/2013,09/01/2019,917.00 KB,Scala backend for IPython,Scala,https://github.com/mattpap/IScala
571,scala-activerecord,321,26,321,20,10/04/2012,08/01/2021,6.81 MB,ActiveRecord-like ORM library for Scala,Scala,https://github.com/aselab/scala-activerecord
572,cats-tagless,320,41,320,14,11/07/2018,06/10/2026,6.52 MB,Library of utilities for tagless final encoded algebras,Scala,https://github.com/typelevel/cats-tagless
573,texera,320,192,320,694,15/03/2016,08/10/2026,94.23 MB,Human-AI Collaborative Data Science Using Visual Workflows,Scala,https://github.com/apache/texera
574,scala-xml,320,90,320,27,17/07/2013,01/10/2026,6.86 MB,The standard Scala XML library,Scala,https://github.com/scala/scala-xml
575,scanamo,318,126,318,58,01/02/2016,25/05/2026,37.36 MB,Simpler DynamoDB access for Scala,Scala,https://github.com/scanamo/scanamo
576,sbt-dynver,318,51,318,29,17/09/2016,07/10/2026,624.00 KB,An sbt plugin to dynamically set your version from git,Scala,https://github.com/sbt/sbt-dynver
577,sjsonnet,318,68,318,6,15/06/2018,28/09/2026,6.14 MB,"A Scala implementation of the Jsonnet configuration language, running on JVM, GraalVM, Scala Native and JavaScript.",Scala,https://github.com/databricks/sjsonnet
578,chana,317,45,317,7,31/12/2014,05/03/2018,1.61 MB,Realtime Data Store Based on Akka,Scala,https://github.com/dcaoyuan/chana
579,spark-distributed-louvain-modularity,317,149,317,15,21/03/2014,02/09/2020,176.00 KB,Spark / graphX implementation of the distributed louvain modularity algorithm,Scala,https://github.com/Sotera/spark-distributed-louvain-modularity
580,Spark-SQL-on-HBase,316,153,316,7,15/07/2015,12/04/2022,1.03 MB,"Native, optimized access to HBase Data through Spark SQL/Dataframe Interfaces",Scala,https://github.com/Huawei-Spark/Spark-SQL-on-HBase
581,fs2-kafka,316,112,316,1,15/10/2018,02/10/2026,14.12 MB,Functional Kafka Streams for Scala,Scala,https://github.com/typelevel/fs2-kafka
582,Neutrino,314,41,314,9,29/12/2015,09/02/2018,254.00 KB,Neutrino is a software load balancer(SLB),Scala,https://github.com/eBay/Neutrino
583,scalikejdbc-async,314,36,314,10,25/07/2013,08/10/2026,2.28 MB,ScalikeJDBC Extension: Non-blocking APIs in the JDBC way,Scala,https://github.com/scalikejdbc/scalikejdbc-async
584,scala-at-light-speed,314,374,314,0,12/12/2019,31/05/2024,20.00 KB,The repository for the free Scala at Light Speed mini-course,Scala,https://github.com/rockthejvm/scala-at-light-speed
585,gll-combinators,312,26,312,16,23/04/2009,10/07/2024,626.00 KB,A parser combinator library based on the GLL algorithm,Scala,https://github.com/djspiewak/gll-combinators
586,degraph,312,33,312,21,01/09/2011,15/05/2021,14.69 MB,Test and Visualize and Manage Dependencies of classes and packages in JVM Byte Code (think Scala and Java),Scala,https://github.com/riy/degraph
587,odin,311,19,311,50,13/11/2019,06/08/2024,600.00 KB,Fast & Functional logger in Scala,Scala,https://github.com/valskalla/odin
588,cats-retry,311,51,311,23,04/05/2018,24/09/2026,3.87 MB,,Scala,https://github.com/cb372/cats-retry
589,case-app,311,48,311,38,23/10/2014,05/10/2026,1.70 MB,Type-level & seamless command-line argument parsing for Scala,Scala,https://github.com/alexarchambault/case-app
590,akka-persistence-jdbc,309,134,309,45,23/05/2014,06/10/2026,7.43 MB,Asynchronously writes journal and snapshot entries to configured JDBC databases so that Akka Actors can recover state,Scala,https://github.com/akka/akka-persistence-jdbc
591,glow,309,116,309,61,04/10/2019,17/09/2026,98.96 MB,An open-source toolkit for large-scale genomic analysis,Scala,https://github.com/projectglow/glow
592,cats-mtl,308,66,308,26,23/04/2017,14/09/2026,6.17 MB,cats transformer type classes.,Scala,https://github.com/typelevel/cats-mtl
593,remotely,308,32,308,14,01/12/2014,08/06/2017,797.00 KB,An elegant RPC system for reasonable people,Scala,https://github.com/Verizon/remotely
594,sbt-ci-release,308,76,308,5,10/06/2018,05/09/2026,1.81 MB,sbt plugin to automate Sonatype releases from GitHub Actions,Scala,https://github.com/sbt/sbt-ci-release
595,dicer,307,33,307,2,11/11/2025,07/10/2026,4.31 MB,Dicer auto-sharder: Infrastructure for building sharded services,Scala,https://github.com/databricks/dicer
596,akka-tracing,306,32,306,21,15/03/2014,31/01/2018,1.18 MB,"A distributed tracing extension for Akka. Provides integration with Play framework, Spray and Akka HTTP.",Scala,https://github.com/levkhomich/akka-tracing
597,Spark-MongoDB,306,94,306,45,02/02/2015,30/08/2016,910.00 KB,Spark library for easy MongoDB access,Scala,https://github.com/Stratio/Spark-MongoDB
598,gears,305,32,305,17,03/03/2023,25/09/2026,4.12 MB,A strawman for a low-level async library in Scala 3.,Scala,https://github.com/lampepfl/gears
599,Vyxal,305,35,305,3,02/04/2020,01/10/2026,67.81 MB,A code-golfing language experience that has aspects of traditional programming languages - terse yet convenient. ,Scala,https://github.com/Vyxal/Vyxal
600,scala-clippy,305,17,305,14,19/12/2015,14/03/2019,573.00 KB,Good advice for Scala compiler errors,Scala,https://github.com/softwaremill/scala-clippy
601,Scalala,303,30,303,16,29/06/2009,06/06/2012,26.86 MB,"Scalala has been superseded by dlwh/breeze. Scalala is a high performance numeric linear algebra library for Scala, with rich Matlab-like operators on vectors and matrices; a library of numerical routines; support for plotting.",Scala,https://github.com/scalala/Scalala
602,parquet4s,303,68,303,7,26/08/2018,13/07/2025,2.53 MB,Read and write Parquet in Scala. Use Scala classes as schema. No need to start a cluster.,Scala,https://github.com/mjakubowski84/parquet4s
603,ping-play,303,56,303,10,16/01/2014,06/11/2016,31.84 MB,BigPipe streaming for the Play Framework,Scala,https://github.com/brikis98/ping-play
604,zinc,302,53,302,13,11/06/2012,03/05/2017,519.00 KB,⛔️ [DEPRECATED] sbt's scala incremental compiler,Scala,https://github.com/typesafehub/zinc
605,sagemaker-spark,301,127,301,35,16/11/2017,06/08/2026,1010.00 KB,A Spark library for Amazon SageMaker.,Scala,https://github.com/aws/sagemaker-spark
606,recheck,301,17,301,33,24/10/2020,20/09/2026,9.29 MB,The trustworthy ReDoS checker,Scala,https://github.com/makenowjust-labs/recheck
607,nexus,301,76,301,256,12/09/2017,18/06/2025,145.54 MB,Blue Brain Nexus - A knowledge graph for data-driven science,Scala,https://github.com/BlueBrain/nexus
608,khipu,300,42,300,5,30/07/2018,05/07/2020,2.07 MB,An enterprise blockchain platform based on Ethereum,Scala,https://github.com/khipu-io/khipu
609,spark-tfrecord,300,57,300,18,07/04/2020,22/04/2024,102.00 KB,Read and write Tensorflow TFRecord data from Apache Spark.,Scala,https://github.com/linkedin/spark-tfrecord
610,SwayDB,299,17,299,83,11/02/2018,12/06/2024,20.42 MB,Persistent and in-memory key-value storage engine for JVM that scales on a single machine.,Scala,https://github.com/simerplaha/SwayDB
611,crjdt,298,18,298,7,23/08/2016,21/02/2021,1.54 MB,A conflict-free replicated JSON datatype (CRDT) in Scala,Scala,https://github.com/fthomas/crjdt
612,banana-rdf,298,67,298,100,30/04/2012,11/07/2023,5.52 MB,Banana RDF,Scala,https://github.com/banana-rdf/banana-rdf
613,activate,298,46,298,39,05/06/2011,27/02/2016,25.27 MB,Abandoned: Pluggable persistence in Scala,Scala,https://github.com/fwbrasil/activate
614,big-data-rosetta-code,297,33,297,18,18/02/2016,23/09/2026,321.00 KB,Code snippets for solving common big data problems in various platforms. Inspired by Rosetta Code,Scala,https://github.com/spotify/big-data-rosetta-code
615,sirius,296,48,296,28,01/11/2013,28/02/2025,4.91 MB,A distributed system library for managing application reference data,Scala,https://github.com/Comcast/sirius
616,spark-hbase-connector,296,106,296,38,09/01/2015,19/12/2017,130.00 KB,Connect Spark to HBase for reading and writing data with ease,Scala,https://github.com/nerdammer/spark-hbase-connector
617,scalatest-embedded-kafka,296,82,296,16,01/07/2015,12/11/2019,330.00 KB,A library that provides an in-memory Kafka instance to run your tests against.,Scala,https://github.com/manub/scalatest-embedded-kafka
618,hamsters,296,21,296,1,18/04/2016,29/06/2026,2.62 MB,A mini Scala utility library,Scala,https://github.com/scala-hamsters/hamsters
619,incubator-retired-gearpump,296,89,296,9,13/04/2016,27/08/2018,21.77 MB,Mirror of Apache Gearpump (Incubating),Scala,https://github.com/apache/incubator-retired-gearpump
620,harness,295,49,295,13,16/01/2017,02/02/2022,6.27 MB,Harness is a Machine Learning/AI Server with plugins for many algorithms including the Universal Recommender,Scala,https://github.com/actionml/harness
621,rho,295,63,295,132,29/06/2014,08/10/2026,9.16 MB,A self documenting DSL built on http4s,Scala,https://github.com/http4s/rho
622,sbt-explicit-dependencies,294,29,294,32,06/09/2018,21/08/2024,201.00 KB,,Scala,https://github.com/cb372/sbt-explicit-dependencies
623,udemy-scala-beginners,293,359,293,0,15/09/2021,07/05/2024,36.00 KB,,Scala,https://github.com/rockthejvm/udemy-scala-beginners
624,Scalatex,292,35,292,29,19/12/2014,21/02/2020,2.01 MB,"Programmable, Typesafe Document Generation",Scala,https://github.com/lihaoyi/Scalatex
625,spatial,292,32,292,71,23/03/2018,02/06/2024,100.99 MB,"Spatial: ""Specify Parameterized Accelerators Through Inordinately Abstract Language""",Scala,https://github.com/stanford-ppl/spatial
626,classic,291,54,291,0,08/12/2009,27/05/2017,3.52 MB,[UNSUPPORTED] Dispatch Classic. See dispatch/reboot for the modern Dispatch for Scala 2.11/2.12,Scala,https://github.com/dispatch/classic
627,scaldi,291,26,291,33,17/05/2010,13/08/2024,1.64 MB,Lightweight Scala Dependency Injection Library,Scala,https://github.com/scaldi/scaldi
628,sqltyped,291,14,291,5,08/08/2012,19/11/2016,684.00 KB,Embedding SQL as an external DSL into Scala,Scala,https://github.com/jonifreeman/sqltyped
629,Scala-Algorithms,289,78,289,2,29/03/2014,12/12/2017,475.00 KB,Scala translations of Robert Sedgewick's Java Algorthms,Scala,https://github.com/garyaiki/Scala-Algorithms
630,net-monitor,288,21,288,1,19/10/2014,30/11/2014,3.84 MB,"Toolkit for auditing ""phone home"" behavior on Mac OS X Yosemite.",Scala,https://github.com/fix-macosx/net-monitor
631,sql-spark-connector,288,134,288,62,02/06/2020,27/02/2025,2.17 MB,Apache Spark Connector for SQL Server and Azure SQL,Scala,https://github.com/microsoft/sql-spark-connector
632,magnum,285,26,285,6,07/02/2023,05/10/2026,1.64 MB,A 'new look' for database access in Scala,Scala,https://github.com/AugustNagro/magnum
633,fs2-grpc,284,66,284,15,31/03/2018,08/10/2026,1.30 MB,gRPC implementation for FS2/cats-effect,Scala,https://github.com/typelevel/fs2-grpc
634,scala-labs,283,157,283,12,24/08/2009,06/08/2023,5.83 MB,A collection of hands-on programming exercises aimed at teaching you to program in Scala,Scala,https://github.com/scala-labs/scala-labs
635,mongo-scala-driver,283,141,283,0,05/03/2014,16/07/2024,9.32 MB,Former repository of MongoDB Scala driver. Official Scala driver can now be found here: https://github.com/mongodb/mongo-java-driver,Scala,https://github.com/mongodb/mongo-scala-driver
636,spark-essentials,282,366,282,0,25/10/2019,03/06/2026,8.07 MB,The official repository for the Rock the JVM Spark Essentials with Scala course,Scala,https://github.com/rockthejvm/spark-essentials
637,scalaprops,282,21,282,12,05/05/2015,03/10/2026,2.09 MB,property based testing library for Scala,Scala,https://github.com/scalaprops/scalaprops
638,akka-raft,282,38,282,57,17/01/2014,09/08/2016,355.00 KB,A toy project implementing RAFT on top of Akka Cluster (not prod ready),Scala,https://github.com/ktoso/akka-raft
639,spark-druid-olap,281,89,281,0,09/07/2015,03/08/2018,129.89 MB,Sparkline BI Accelerator provides fast ad-hoc query capability over Logical Cubes. This has been folded into our SNAP Platform(http://bit.ly/2oBJSpP) an Integrated BI platform on Apache Spark.,Scala,https://github.com/hbutani/spark-druid-olap
640,supler,281,19,281,25,20/05/2014,10/11/2015,3.85 MB,Rapid Form Development library. Use your favourite JS frontend & Scala backend frameworks.,Scala,https://github.com/softwaremill/supler
641,jerkson,281,114,281,35,24/11/2010,07/06/2012,674.00 KB,[ABANDONED] The Scala applewood bacon to Jackson's chicken breast: JSON cordon bleu.,Scala,https://github.com/codahale/jerkson
642,translate-bubble-android,280,39,280,5,10/10/2014,08/01/2020,5.05 MB,Translations without interruptions,Scala,https://github.com/xebia-functional/translate-bubble-android
643,streamz,280,45,280,11,04/06/2014,03/09/2024,2.13 MB,"A combinator library for integrating Functional Streams for Scala (FS2), Akka Streams and Apache Camel",Scala,https://github.com/krasserm/streamz
644,millfork,280,21,280,26,06/12/2017,15/08/2023,3.92 MB,Millfork: a middle-level programming language targeting 6502- and Z80-based microcomputers and home consoles,Scala,https://github.com/KarolS/millfork
645,boilerplay,278,35,278,0,18/07/2015,02/06/2020,9.40 MB,"Using the latest technology in the Scala ecosystem, Boilerplay is a reactive web application built on Play Framework, ScalaJS, Silhouette, Sangria/GraphQL, and PostgreSQL. It provides a good starting point for whatever you want to build.",Scala,https://github.com/kyleu/boilerplay
646,SparkOnHBase,278,171,278,0,16/12/2014,30/03/2021,738.00 KB,SparkOnHBase ,Scala,https://github.com/cloudera-labs/SparkOnHBase
647,moe,277,47,277,19,12/01/2013,27/09/2013,6.68 MB,An -OFun prototype of an Ultra Modern Perl 5,Scala,https://github.com/MoeOrganization/moe
648,typerighter,277,10,277,75,26/10/2018,08/10/2026,31.93 MB,"Even if you’re the right typer, couldn’t hurt to use Typerighter!",Scala,https://github.com/guardian/typerighter
649,Airstream,277,34,277,24,13/04/2018,22/09/2026,1.84 MB,State propagation and event streams with mandatory ownership and no glitches,Scala,https://github.com/raquo/Airstream
650,monadless,276,14,276,16,13/04/2017,12/08/2024,333.00 KB,Syntactic sugar for monad composition in Scala,Scala,https://github.com/monadless/monadless
651,swagger-akka-http,276,57,276,15,27/01/2016,17/10/2023,37.67 MB,Support for generating Swagger REST API documentation for Akka-Http based services.,Scala,https://github.com/swagger-akka-http/swagger-akka-http
652,zio-grpc,274,84,274,51,30/01/2020,07/05/2026,8.09 MB,ScalaPB meets ZIO: write purely functional gRPC services and clients using ZIO,Scala,https://github.com/scalapb/zio-grpc
653,hbase-rdd,274,107,274,5,04/07/2014,22/01/2021,622.00 KB,"Spark RDD to read, write and delete from HBase",Scala,https://github.com/hbase-rdd/hbase-rdd
654,CT_from_Programmers.scala,273,37,273,6,15/09/2017,29/11/2018,61.00 KB,Scala sample code for Bartosz Milewski's CT for Programmers,Scala,https://github.com/typelevel/CT_from_Programmers.scala
655,riff-raff,273,17,273,23,19/08/2011,05/10/2026,14.95 MB,The Guardian's deployment platform,Scala,https://github.com/guardian/riff-raff
656,overview-server,270,35,270,84,18/05/2012,07/01/2023,51.12 MB,Open source large document set visualization platform,Scala,https://github.com/overview/overview-server
657,first-edition,270,187,270,4,25/03/2015,01/07/2017,8.10 MB,The book's repo,Scala,https://github.com/spark-in-action/first-edition
658,LayIM,270,158,270,2,28/11/2016,26/08/2017,19.09 MB,基于HTML5 WebSocket的一款IM即时通讯软件，使用Gradle集成了Scala、SpringBoot、Spring MVC、Mybatis、Redis等，前端使用了LayIm框架,Scala,https://github.com/scalad/LayIM
659,akka-analytics,270,34,270,0,29/07/2014,18/06/2016,48.00 KB,Large-scale event processing with Akka Persistence and Apache Spark,Scala,https://github.com/krasserm/akka-analytics
660,esmeta,269,27,269,19,06/01/2022,08/10/2026,109.69 MB,ECMAScript Specification (ECMA-262) Metalanguage,Scala,https://github.com/es-meta/esmeta
661,incubator-s2graph,269,64,269,17,08/01/2016,28/05/2020,14.10 MB,Mirror of Apache S2Graph (Incubating),Scala,https://github.com/apache/incubator-s2graph
662,BIDMat,269,71,269,23,17/10/2012,25/02/2021,6.90 MB,A CPU and GPU-accelerated matrix library for data mining,Scala,https://github.com/BIDData/BIDMat
663,Scurses,269,25,269,7,04/11/2015,19/12/2021,169.00 KB,"Scurses, terminal drawing API for Scala, and Onions, a Scurses framework for easy terminal UI",Scala,https://github.com/Tenchi2xh/Scurses
664,potigol,268,32,268,34,14/02/2012,19/09/2025,23.98 MB,Linguagem Potigol - Linguagem de programação funcional moderna para iniciantes - A Functional Programming Language for Beginners,Scala,https://github.com/potigol/potigol
665,scala-hedgehog,268,24,268,19,15/03/2017,17/09/2026,6.85 MB,"Release with confidence, state-of-the-art property testing for Scala.",Scala,https://github.com/hedgehogqa/scala-hedgehog
666,debox,268,20,268,13,16/05/2012,08/07/2021,258.00 KB,"Fast, deboxed, specialized data structures for Scala",Scala,https://github.com/non/debox
667,scala-dist,268,222,268,2,13/03/2011,13/01/2026,34.58 MB,sbt project that packages the Scala 2 distribution,Scala,https://github.com/scala/scala-dist
668,scalismo,268,66,268,9,13/02/2015,31/07/2025,143.01 MB,Scalable Image Analysis and Shape Modelling,Scala,https://github.com/unibas-gravis/scalismo
669,scaffeine,267,25,267,11,05/03/2016,25/04/2026,796.00 KB,Thin Scala wrapper for Caffeine (https://github.com/ben-manes/caffeine),Scala,https://github.com/blemale/scaffeine
670,spark-atlas-connector,267,149,267,52,21/11/2017,16/11/2022,925.00 KB,A Spark Atlas connector to track data lineage in Apache Atlas,Scala,https://github.com/hortonworks-spark/spark-atlas-connector
671,llm4s,267,117,267,227,29/01/2025,08/10/2026,178.40 MB,Agentic  and LLM Programming in Scala,Scala,https://github.com/llm4s/llm4s
672,zio-actors,266,55,266,41,08/07/2018,20/08/2024,1.87 MB,"A high-performance, purely-functional library for building, composing, and supervising typed actors based on ZIO",Scala,https://github.com/zio-archive/zio-actors
673,sbt-onejar,266,42,266,22,22/01/2011,22/01/2019,185.00 KB,Packages your project using One-JAR™,Scala,https://github.com/sbt/sbt-onejar
674,sbt-dependency-check,265,47,265,0,12/01/2016,11/10/2025,5.20 MB,SBT Plugin for OWASP DependencyCheck. Monitor your dependencies and report if there are any publicly known vulnerabilities (e.g. CVEs). :rainbow:,Scala,https://github.com/albuch/sbt-dependency-check
675,isolation-forest,265,54,265,1,26/07/2019,04/08/2026,3.29 MB,"A distributed Spark/Scala implementation of the isolation forest and extended isolation forest algorithms for unsupervised outlier detection, featuring support for scalable training and ONNX export for easy cross-platform inference.",Scala,https://github.com/linkedin/isolation-forest
676,AlbedoMM,265,36,265,3,11/03/2020,19/06/2020,4.43 MB,Albedo Morphable Model,Scala,https://github.com/waps101/AlbedoMM
677,linter,264,30,264,22,23/03/2013,10/07/2018,2.11 MB,Static Analysis Compiler Plugin for Scala,Scala,https://github.com/HairyFotr/linter
678,scanns,263,64,263,7,01/02/2018,29/03/2019,503.00 KB,A scalable nearest neighbor search library in Apache Spark ,Scala,https://github.com/LinkedInAttic/scanns
679,henkan,263,10,263,5,17/01/2016,18/10/2023,218.00 KB,A small library for converting between case classes.,Scala,https://github.com/kailuowang/henkan
680,probability-monad,262,37,262,0,31/12/2011,18/05/2022,111.00 KB,,Scala,https://github.com/jliszka/probability-monad
681,sizegame,262,18,262,8,22/02/2023,01/10/2025,104.00 KB,Compare binary sizes of canonical Hello World in 18 different languages,Scala,https://github.com/MichalStrehovsky/sizegame
682,curryhoward,262,18,262,5,12/12/2017,25/05/2025,438.00 KB,Automatic code generation for Scala functions and expressions via the Curry-Howard isomorphism,Scala,https://github.com/Chymyst/curryhoward
683,scala-time,262,55,262,19,24/04/2009,11/07/2013,207.00 KB,A Scala wrapper for Joda Time,Scala,https://github.com/jorgeortiz85/scala-time
684,chalk,261,48,261,7,02/12/2012,30/01/2017,5.14 MB,Chalk is a natural language processing library.,Scala,https://github.com/scalanlp/chalk
685,neotype,261,34,261,23,02/03/2023,02/09/2026,755.00 KB,A friendly newtype library for Scala 3,Scala,https://github.com/kitlangton/neotype
686,scala-ts,260,36,260,1,12/06/2016,06/10/2026,13.04 MB,:wrench: Scala datamodel transpiler,Scala,https://github.com/scala-ts/scala-ts
687,scalasql,260,37,260,27,30/09/2023,03/09/2026,2.16 MB,"Scala ORM to query SQL databases from Scala via concise, type-safe, and familiar case classes and collection operations. Connects to Postgres, MySql, H2, and Sqlite out of the box",Scala,https://github.com/com-lihaoyi/scalasql
688,bugatti,259,126,259,5,25/03/2015,13/05/2015,4.87 MB,运维自动化部署监控平台,Scala,https://github.com/QianmiOpen/bugatti
689,VexiiRiscv,259,69,259,31,13/11/2023,07/10/2026,5.79 MB,"Like VexRiscv, but, Harder, Better, Faster, Stronger",Scala,https://github.com/SpinalHDL/VexiiRiscv
690,fsqio,258,49,258,21,17/12/2015,30/07/2024,13.55 MB,A monorepo that holds all of Foursquare's opensource projects,Scala,https://github.com/foursquare/fsqio
691,reactors,258,32,258,3,13/12/2013,03/02/2018,10.36 MB,A foundational framework for distributed programming.,Scala,https://github.com/reactors-io/reactors
692,socko,257,45,257,15,29/03/2012,22/09/2023,9.76 MB,A Scala web server powered by Netty networking and AKKA processing.,Scala,https://github.com/mashupbots/socko
693,sbt-native-image,257,25,257,26,29/08/2020,01/09/2026,174.00 KB,Plugin to generate native-image binaries with sbt,Scala,https://github.com/scalameta/sbt-native-image
694,nexus,257,16,257,21,30/05/2017,12/09/2019,3.45 MB,Experimental tensor-typed deep learning ,Scala,https://github.com/ctongfei/nexus
695,spray-socketio,257,53,257,8,22/01/2014,28/11/2017,914.00 KB,socket.io for spray,Scala,https://github.com/dcaoyuan/spray-socketio
696,twitter4s,256,93,256,46,06/09/2015,10/03/2023,11.90 MB,An asynchronous non-blocking Scala client for both the Twitter Rest and Streaming API,Scala,https://github.com/DanielaSfregola/twitter4s
697,sample-applications,256,127,256,8,29/10/2012,18/01/2021,385.00 KB,Sample applications that go with the book Play for Scala,Scala,https://github.com/playforscala/sample-applications
698,mbknor-jackson-jsonSchema,255,79,255,68,14/06/2016,05/04/2023,310.00 KB,Generate JSON Schema with Polymorphism using Jackson annotations,Scala,https://github.com/mbknor/mbknor-jackson-jsonSchema
699,openai-scala-client,255,39,255,8,25/01/2023,05/10/2026,5.35 MB,Scala client for OpenAI API and other major LLM providers,Scala,https://github.com/cequence-io/openai-scala-client
700,each,255,26,255,20,05/05/2015,19/08/2024,622.00 KB,A macro library that converts native imperative syntax to scalaz's monadic expressions,Scala,https://github.com/ThoughtWorksInc/each
701,gazelle_plugin,255,73,255,215,28/12/2020,21/02/2023,36.57 MB,Native SQL Engine plugin for Spark SQL with vectorized SIMD optimizations.,Scala,https://github.com/oap-project/gazelle_plugin
702,Dsl.scala,255,29,255,26,14/10/2017,05/01/2025,4.41 MB,A framework to create embedded Domain-Specific Languages in Scala,Scala,https://github.com/ThoughtWorksInc/Dsl.scala
703,bazel-deps,254,118,254,107,15/06/2016,15/12/2025,991.00 KB,Generate bazel dependencies for maven artifacts ,Scala,https://github.com/bazeltools/bazel-deps
704,sbt-scalariform,254,62,254,8,04/10/2012,29/06/2019,137.00 KB,sbt plugin adding support for source code formatting using Scalariform,Scala,https://github.com/sbt/sbt-scalariform
705,anorm,254,77,254,4,05/12/2014,04/10/2026,2.30 MB,The Anorm database library,Scala,https://github.com/playframework/anorm
706,gimel,254,81,254,9,04/04/2018,10/07/2025,63.55 MB,Big Data Processing Framework - Unified Data API or SQL on Any Storage,Scala,https://github.com/paypal/gimel
707,clump,254,16,254,1,02/12/2014,07/11/2022,636.00 KB,A library for expressive and efficient service composition,Scala,https://github.com/getclump/clump
708,akka-management,253,157,253,110,09/11/2016,30/09/2026,17.20 MB,Akka Management is a suite of tools for operating Akka Clusters.,Scala,https://github.com/akka/akka-management
709,ollie,253,72,253,19,06/07/2012,19/01/2018,3.39 MB,Ollie is a open information extractor that uses bootstrapped dependency paths.,Scala,https://github.com/knowitall/ollie
710,silencer,253,32,253,8,10/04/2015,30/07/2026,212.00 KB,Scala compiler plugin for warning suppression,Scala,https://github.com/ghik/silencer
711,scalajs-angular,253,39,253,18,20/07/2014,18/01/2021,360.00 KB,AngularJS Binding for Scala.js,Scala,https://github.com/greencatsoft/scalajs-angular
712,zio-magic,253,20,253,21,17/01/2021,22/01/2024,300.00 KB,Construct ZLayers automagically (w/ helpful compile-time errors),Scala,https://github.com/kitlangton/zio-magic
713,spark-indexedrdd,253,75,253,21,10/12/2014,11/03/2017,103.00 KB,An efficient updatable key-value store for Apache Spark,Scala,https://github.com/amplab/spark-indexedrdd
714,puck,253,26,253,1,18/04/2013,01/11/2014,80.38 MB,Puck is a lightning-fast parser for natural languages using GPUs,Scala,https://github.com/dlwh/puck
715,ScalaCL,252,20,252,16,12/02/2013,11/08/2015,8.70 MB,ScalaCL - run Scala on your GPU!,Scala,https://github.com/nativelibs4java/ScalaCL
716,play-mailer,252,73,252,19,29/10/2014,01/10/2026,1.31 MB,Play mailer plugin,Scala,https://github.com/playframework/play-mailer
717,paradox,252,77,252,84,12/08/2016,30/09/2026,2.75 MB,Markdown documentation,Scala,https://github.com/lightbend/paradox
718,akka-http-cors,251,37,251,7,17/02/2016,27/03/2026,770.00 KB,Akka Http directives implementing the CORS specifications defined by W3C,Scala,https://github.com/lomigmegard/akka-http-cors
719,silk,251,59,251,73,13/02/2014,08/10/2026,102.63 MB,Silk Linked Data Integration Framework,Scala,https://github.com/silk-framework/silk
720,zio-todo-backend,251,46,251,5,19/03/2019,08/10/2026,798.00 KB,"Todo-Backend (https://www.todobackend.com/) implementation using ZIO, http4s, doobie and circe",Scala,https://github.com/mschuwalow/zio-todo-backend
721,acyclic,250,37,250,12,16/02/2014,31/03/2026,527.00 KB,Acyclic is a Scala compiler plugin to let you prohibit circular dependencies between files,Scala,https://github.com/com-lihaoyi/acyclic
722,dsptools,250,41,250,39,10/08/2016,29/04/2024,1.85 MB,A Library of Chisel3 Tools for Digital Signal Processing,Scala,https://github.com/ucb-bar/dsptools
723,Netflix-Recommender-with-Spark,250,104,250,3,23/04/2016,21/03/2017,792.00 KB,基于Apache Spark的Netflix电影的离线与实时推荐系统,Scala,https://github.com/LeechanX/Netflix-Recommender-with-Spark
724,dragos-vscode-scala,250,37,250,31,08/08/2016,08/06/2023,351.00 KB,,Scala,https://github.com/dragos/dragos-vscode-scala
725,contextual,249,20,249,0,24/11/2016,26/01/2025,4.77 MB,Statically-checked string interpolation in Scala,Scala,https://github.com/propensive/contextual
726,chaos,249,35,249,12,25/06/2013,15/04/2019,232.00 KB,A lightweight framework for writing REST services in Scala.,Scala,https://github.com/d2iq-archive/chaos
727,PPrint,248,43,248,21,12/05/2017,28/05/2026,1.68 MB,"Pretty-printing value, types and type-signatures in Scala",Scala,https://github.com/com-lihaoyi/PPrint
728,cosplay,248,9,248,29,09/08/2021,10/02/2026,380.29 MB,🕹 2D ASCII Game Engine for Scala3,Scala,https://github.com/nivanov/cosplay
729,scala-stm,248,39,248,9,08/07/2010,14/04/2023,9.05 MB,"A library-based Software Transactional Memory (STM) for Scala, coupled with transactional sets and maps",Scala,https://github.com/nbronson/scala-stm
730,s2graph,247,30,247,33,04/05/2015,25/03/2016,10.15 MB,"This code base is retained for historical interest only, please visit Apache Incubator Repo for latest one ",Scala,https://github.com/kakao/s2graph
731,ScalaStorm,247,48,247,5,07/10/2011,06/09/2016,131.00 KB,Harness the power and elegance of Scala with nathanmarz's Storm real-time system,Scala,https://github.com/velvia/ScalaStorm
732,spark-libFM,246,115,246,15,20/04/2015,13/08/2018,46.00 KB,An implement of Factorization Machines (LibFM),Scala,https://github.com/zhengruifeng/spark-libFM
733,hbase-connectors,246,180,246,10,31/07/2018,28/09/2026,1.16 MB,Apache HBase Connectors,Scala,https://github.com/apache/hbase-connectors
734,sbt-crossproject,246,31,246,10,27/05/2016,12/08/2026,219.00 KB,Cross-platform compilation support for sbt.,Scala,https://github.com/portable-scala/sbt-crossproject
735,cats-parse,245,51,245,31,30/10/2020,01/10/2026,5.57 MB,A parsing library for the cats ecosystem,Scala,https://github.com/typelevel/cats-parse
736,Apache-Kafka-poc-and-notes,245,93,245,1,05/08/2016,07/10/2019,22.30 MB,,Scala,https://github.com/vaquarkhan/Apache-Kafka-poc-and-notes
737,evilplot,245,23,245,16,02/05/2018,31/10/2024,13.79 MB,A Scala combinator-based plotting library.,Scala,https://github.com/cibotech/evilplot
738,parametric-face-image-generator,245,40,245,1,07/12/2017,06/07/2021,7.47 MB,Generate fully parametric face images from the Basel Face Model 2017,Scala,https://github.com/unibas-gravis/parametric-face-image-generator
739,cassie,245,36,245,10,12/01/2012,30/11/2012,15.53 MB,A Scala client for Cassandra,Scala,https://github.com/twitter-archive/cassie
740,baysick,244,38,244,5,13/03/2009,30/04/2019,73.00 KB,An embedded Insane-specific Language for Scala implementing the BASIC programming language,Scala,https://github.com/fogus/baysick
741,zio-config,244,118,244,105,23/09/2019,06/10/2026,2.43 MB,Easily use and document any config from anywhere in ZIO apps,Scala,https://github.com/zio/zio-config
742,json-lenses,243,22,243,12,29/05/2012,03/01/2022,1.50 MB,A library to query and update JSON data in Scala.,Scala,https://github.com/jrudolph/json-lenses
743,slick-joda-mapper,243,45,243,21,23/03/2013,28/09/2026,597.00 KB,Slick with JodaTime,Scala,https://github.com/tototoshi/slick-joda-mapper
744,wallet,243,78,243,0,15/07/2015,08/10/2026,114.03 MB,ECX and BTC wallet for Android. Account control tool for Tactical Advantage clients.,Scala,https://github.com/Tactical-Advantage-Trading/wallet
745,ABRiS,242,84,242,24,30/04/2018,02/09/2026,971.00 KB,Avro SerDe for Apache Spark structured APIs.,Scala,https://github.com/AbsaOSS/ABRiS
746,spark-bench,242,122,242,62,13/08/2015,12/04/2023,4.07 MB,Benchmark Suite for Apache Spark,Scala,https://github.com/CODAIT/spark-bench
747,borer,242,17,242,17,04/03/2019,28/08/2026,7.44 MB,Efficient CBOR and JSON (de)serialization in Scala,Scala,https://github.com/sirthias/borer
748,midonet,242,88,242,4,28/10/2014,27/12/2022,126.96 MB,MidoNet is an Open Source network virtualization system for Openstack clouds,Scala,https://github.com/midonet/midonet
749,riscv-chisel-book,242,46,242,1,27/07/2021,20/03/2023,1.99 MB,,Scala,https://github.com/chadyuu/riscv-chisel-book
750,scalania,242,117,242,7,30/06/2013,29/03/2018,3.68 MB,Learn Scala by examples,Scala,https://github.com/jaceklaskowski/scalania
751,spark-knn,241,106,241,23,09/09/2015,14/11/2023,567.00 KB,k-Nearest Neighbors algorithm on Spark,Scala,https://github.com/saurfang/spark-knn
752,kafka-exactly-once,241,87,241,4,25/12/2014,14/06/2018,2.18 MB,,Scala,https://github.com/koeninger/kafka-exactly-once
753,spark-extension,241,31,241,16,27/02/2020,10/09/2026,1.38 MB,A library that provides useful extensions to Apache Spark and PySpark.,Scala,https://github.com/G-Research/spark-extension
754,functional-design,240,100,240,1,26/04/2020,30/07/2024,161.00 KB,Exercises for the course 'Functional Design by John A. De Goes,Scala,https://github.com/jdegoes/functional-design
755,akka-kryo-serialization,240,72,240,3,31/05/2012,07/01/2025,850.00 KB,Kryo-based serialization for Akka,Scala,https://github.com/altoo-ag/akka-kryo-serialization
756,Converter,240,50,240,95,21/08/2018,14/09/2026,18.90 MB,Typescript to Scala.js converter,Scala,https://github.com/ScalablyTyped/Converter
757,sangria-akka-http-example,240,94,240,5,27/07/2015,05/10/2026,276.00 KB,"An example GraphQL server written with akka-http, circe and sangria",Scala,https://github.com/sangria-graphql/sangria-akka-http-example
758,flink-streaming-demo,239,132,239,8,19/11/2015,09/08/2021,94.44 MB,,Scala,https://github.com/dataArtisans/flink-streaming-demo
759,reactive-microservices,239,59,239,3,09/04/2015,29/01/2021,422.00 KB,"Project showcasing different microservice communication styles using Scala, Akka, Play and other tools from Scala ecosystem",Scala,https://github.com/theiterators/reactive-microservices
760,arrows,239,17,239,3,14/12/2017,17/09/2018,1.01 MB,High-performance Arrow and Task in Scala,Scala,https://github.com/traneio/arrows
761,seed,238,11,238,24,13/01/2019,11/12/2020,510.00 KB,Build tool for Scala projects,Scala,https://github.com/tindzk/seed
762,chisel-lab,238,94,238,1,15/07/2019,03/07/2026,1.30 MB,Lab exercises for Chisel in the digital electronics 2 course at DTU,Scala,https://github.com/schoeberl/chisel-lab
763,scalajs-bundler,238,97,238,114,21/09/2016,06/01/2026,4.11 MB,,Scala,https://github.com/scalacenter/scalajs-bundler
764,azure-event-hubs-spark,238,184,238,85,04/09/2015,14/02/2025,20.03 MB,Enabling Continuous Data Processing with Apache Spark and Azure Event Hubs,Scala,https://github.com/Azure/azure-event-hubs-spark
765,scalacheck-shapeless,237,35,237,28,06/01/2015,12/08/2024,367.00 KB,Generation of arbitrary case classes / ADTs instances with scalacheck and shapeless,Scala,https://github.com/alexarchambault/scalacheck-shapeless
766,constellation,237,40,237,28,04/10/2021,07/11/2025,1.71 MB,A Chisel RTL generator for network-on-chip interconnects,Scala,https://github.com/ucb-bar/constellation
767,spark-iforest,237,90,237,4,08/12/2017,15/10/2024,77.00 KB,Isolation Forest on Spark,Scala,https://github.com/titicaca/spark-iforest
768,fansi,237,26,237,25,26/05/2016,15/10/2025,1.89 MB,Scala/Scala.js library for manipulating Fancy Ansi colored strings,Scala,https://github.com/com-lihaoyi/fansi
769,ReactiveMessagingPatterns_ActorModel,237,81,237,3,08/10/2015,16/11/2018,51.00 KB,"The examples for the book ""Reactive Messaging Patterns with the Actor Model""",Scala,https://github.com/VaughnVernon/ReactiveMessagingPatterns_ActorModel
770,scala-3-migration-guide,236,48,236,27,16/04/2020,12/10/2023,3.38 MB,The Scala 3 migration guide for everyone.,Scala,https://github.com/scalacenter/scala-3-migration-guide
771,scala-ssh,235,50,235,19,28/10/2011,09/07/2021,459.00 KB,Remote shell access via SSH for your Scala applications,Scala,https://github.com/sirthias/scala-ssh
772,grafter,235,23,235,1,01/12/2016,17/01/2019,779.00 KB,Grafter is a library to configure and wire Scala applications,Scala,https://github.com/zalando/grafter
773,workbench,235,50,235,11,18/11/2013,01/08/2020,277.00 KB,Tooling around scala-js,Scala,https://github.com/lihaoyi/workbench
774,sbt-native-packager-examples,235,55,235,4,16/02/2014,08/04/2020,1.94 MB,A set of sbt-native-pakager examples,Scala,https://github.com/muuki88/sbt-native-packager-examples
775,scala-js-ts-importer,235,43,235,15,23/07/2013,21/12/2021,177.00 KB,TypeScript Importer for Scala.js,Scala,https://github.com/sjrd/scala-js-ts-importer
776,mantis,235,77,235,9,12/12/2016,15/12/2021,22.28 MB,A Scala based client for Ethereum-like Blockchains. ,Scala,https://github.com/input-output-hk/mantis
777,bosatsu,234,12,234,100,19/10/2017,08/10/2026,590.30 MB,A python-ish pure and total functional programming language,Scala,https://github.com/johnynek/bosatsu
778,chiseltest,234,74,234,63,24/08/2018,19/08/2024,1.44 MB,The batteries-included testing and formal verification library for Chisel-based RTL designs. ,Scala,https://github.com/ucb-bar/chiseltest
779,sorm,234,31,234,30,04/05/2012,18/04/2017,3.92 MB,A functional boilerplate-free Scala ORM,Scala,https://github.com/sorm/sorm
780,khronus,234,20,234,16,30/09/2014,05/06/2018,1.91 MB,A reactive time series database,Scala,https://github.com/khronus/khronus
781,pulsar4s,233,43,233,42,04/01/2018,24/03/2026,876.00 KB,"Idiomatic, typesafe, and reactive Scala client for Apache Pulsar",Scala,https://github.com/CleverCloud/pulsar4s
782,search,233,5,233,18,26/01/2024,01/06/2025,29.56 MB,"Search everything, instantly.",Scala,https://github.com/harana/search
783,basel-face-pipeline,233,34,233,7,25/09/2017,25/10/2023,54.00 KB,,Scala,https://github.com/unibas-gravis/basel-face-pipeline
784,qbeast-spark,233,23,233,51,23/09/2021,24/01/2025,38.22 MB,"Qbeast-spark: DataSource enabling multi-dimensional indexing and efficient data sampling.  Big Data, free from the unnecessary!",Scala,https://github.com/Qbeast-io/qbeast-spark
785,op-rabbit,233,68,233,40,11/05/2015,28/10/2021,654.00 KB,The Opinionated RabbitMQ Library for Scala and Akka,Scala,https://github.com/SpinGo/op-rabbit
786,cornichon,233,31,233,5,27/07/2015,08/10/2026,20.41 MB,Testing tool in Scala for HTTP JSON API,Scala,https://github.com/agourlay/cornichon
787,scads,232,15,232,1,29/07/2016,10/08/2016,20.00 KB,Scala Algorithms and Data Structures,Scala,https://github.com/chrisokasaki/scads
788,zio-sql,232,112,232,78,30/11/2019,20/08/2024,2.91 MB,"Type-safe, composable SQL for ZIO applications",Scala,https://github.com/zio-archive/zio-sql
789,ip4s,232,33,232,16,20/06/2018,13/07/2026,1.45 MB,"Defines immutable, safe data structures for describing IP addresses, multicast joins, socket addresses and similar IP & network related data types",Scala,https://github.com/Comcast/ip4s
790,scala,232,34,232,2,11/12/2010,12/10/2020,6.89 MB,LascoDan(Korea Scala Group) scala study  ,Scala,https://github.com/codeport/scala
791,sbt-fresh,232,22,232,6,09/02/2016,13/08/2024,520.00 KB,sbt-plugin to create an opinionated fresh sbt project,Scala,https://github.com/sbt/sbt-fresh
792,douban-recommender,231,116,231,2,28/03/2016,20/12/2017,6.23 MB,基于Spark ML实现的豆瓣电影推荐系统,Scala,https://github.com/smallnest/douban-recommender
793,spark-snowflake,231,111,231,72,20/10/2015,01/09/2026,31.34 MB,Snowflake Data Source for Apache Spark.,Scala,https://github.com/snowflakedb/spark-snowflake
794,github4s,231,72,231,30,07/03/2016,23/04/2025,8.10 MB,A GitHub API wrapper written in Scala,Scala,https://github.com/47degrees/github4s
795,exodus,230,21,230,17,10/04/2019,18/09/2023,13.50 MB,Easily migrate your JVM code from Maven to Bazel,Scala,https://github.com/wix-incubator/exodus
796,plotly-scala,229,47,229,57,26/08/2016,02/12/2024,1.56 MB,Scala bindings for plotly.js,Scala,https://github.com/alexarchambault/plotly-scala
797,overwatch,229,67,229,142,12/03/2020,08/01/2026,38.59 MB,THIS PROJECT IS DEPRECATED. Capture deep metrics on one or all assets within a Databricks workspace,Scala,https://github.com/databrickslabs/overwatch
798,sbt-scalafmt,229,49,229,1,10/06/2018,03/10/2026,547.00 KB,sbt plugin for Scalafmt,Scala,https://github.com/scalameta/sbt-scalafmt
799,dockerworker,229,44,229,4,18/12/2014,20/01/2020,12.06 MB,"The new IronWorker workflow examples. Test locally, then upload and start queuing jobs!",Scala,https://github.com/iron-io/dockerworker
800,mlscript,228,42,228,53,13/08/2021,02/10/2026,21.75 MB,The MLscript programming language. Functional and object-oriented; structurally typed and sound; with powerful type inference. Soon to have full interop with TypeScript!,Scala,https://github.com/hkust-taco/mlscript
801,zio-saga,228,20,228,0,17/05/2019,14/09/2023,456.00 KB,Purely Functional Transaction Management In Scala With ZIO,Scala,https://github.com/VladKopanev/zio-saga
802,akka-rabbitmq,228,63,228,11,04/03/2013,07/01/2022,216.00 KB,RabbitMq client in Scala and Akka actors,Scala,https://github.com/ShellRechargeSolutionsEU/akka-rabbitmq
803,zio-intellij,227,47,227,56,02/11/2019,21/07/2026,8.45 MB,A companion IntelliJ IDEA plugin for the ZIO library ecosystem.,Scala,https://github.com/zio/zio-intellij
804,sjson,227,28,227,12,24/08/2009,08/02/2015,25.81 MB,Scala Json with capabilities for Scala Object Serialization,Scala,https://github.com/debasishg/sjson
805,scala-abide,226,28,226,0,28/07/2014,16/10/2017,311.00 KB,obsolete; visit https://github.com/scalacenter/scalafix instead,Scala,https://github.com/scala/scala-abide
806,akka-crdt,226,28,226,0,11/02/2013,21/03/2016,255.00 KB,Server-managed CRDTs based on Akka,Scala,https://github.com/jboner/akka-crdt
807,zio-protoquill,226,63,226,80,01/03/2021,08/10/2026,30.78 MB,Quill for Scala 3,Scala,https://github.com/zio/zio-protoquill
808,csv-validator,225,57,225,38,28/03/2013,01/10/2026,84.28 MB,CSV Validation Tool and API (CSV Schema RI),Scala,https://github.com/digital-preservation/csv-validator
809,riscv-torture,225,51,225,14,26/01/2012,11/07/2024,3.52 MB,RISC-V Torture Test,Scala,https://github.com/ucb-bar/riscv-torture
810,play-ws,224,92,224,74,07/12/2016,07/10/2026,3.34 MB,"Standalone Play WS, an async HTTP client with fluent API",Scala,https://github.com/playframework/play-ws
811,akka-persistence-cassandra,224,56,224,12,26/12/2013,10/05/2017,444.00 KB,A replicated Akka Persistence journal backed by Apache Cassandra,Scala,https://github.com/krasserm/akka-persistence-cassandra
812,dana,224,37,224,24,21/02/2016,23/01/2020,1.86 MB,Dynamically Allocated Neural Network Accelerator for the RISC-V Rocket Microprocessor in Chisel,Scala,https://github.com/bu-icsg/dana
813,scaladex,223,91,223,111,26/04/2016,25/09/2026,107.77 MB,The Scala Package Index,Scala,https://github.com/scalacenter/scaladex
814,gu-who,223,51,223,26,31/01/2014,26/02/2025,545.00 KB,answering: who are all these users in my GitHub org?,Scala,https://github.com/guardian/gu-who
815,EventStore.JVM,222,36,222,55,15/07/2013,17/06/2024,1.81 MB,Event Store JVM Client ,Scala,https://github.com/kurrent-io/EventStore.JVM
816,monadic-html,222,24,222,13,11/10/2016,13/11/2022,1.08 MB,Tiny DOM binding library for Scala.js,Scala,https://github.com/OlivierBlanvillain/monadic-html
817,treelog,221,19,221,9,04/08/2013,18/07/2026,1.91 MB,Allows logging in a tree structure so that comprehensive logging does not become incomprehensible,Scala,https://github.com/lancewalton/treelog
818,courier,221,45,221,4,12/08/2013,29/07/2025,117.00 KB,send electronic mail with scala,Scala,https://github.com/dmurvihill/courier
819,CodeSamples,220,90,220,6,19/10/2014,13/10/2020,127.00 KB,Code snippets appearing in the book are excerpts from these complete and tested samples.,Scala,https://github.com/ReactiveDesignPatterns/CodeSamples
820,drunken-data-quality,220,66,220,25,14/07/2015,28/02/2020,446.00 KB,Spark package for checking data quality,Scala,https://github.com/FRosner/drunken-data-quality
821,scala-parallel-collections,219,31,219,14,16/12/2016,21/09/2026,1.28 MB,Parallel collections standard library module for Scala 2.13+,Scala,https://github.com/scala/scala-parallel-collections
822,neo4j-scala,219,67,219,5,14/03/2011,01/06/2017,272.00 KB,Scala wrapper for Neo4j Graph Database,Scala,https://github.com/FaKod/neo4j-scala
823,Delite,218,44,218,12,03/09/2010,28/02/2017,163.87 MB,The Delite Git Repo,Scala,https://github.com/stanford-ppl/Delite
824,flink-tensorflow,218,82,218,8,10/02/2017,16/12/2017,184.00 KB,flink-tensorflow - TensorFlow support for Apache Flink,Scala,https://github.com/FlinkML/flink-tensorflow
825,parsley,218,23,218,23,16/05/2018,20/06/2026,134.86 MB,A fast and modern parser combinator library for Scala,Scala,https://github.com/j-mie6/parsley
826,spray-websocket,218,50,218,7,22/01/2014,18/01/2016,4.66 MB,WebSocket for spray-can,Scala,https://github.com/dcaoyuan/spray-websocket
827,scalagen,218,32,218,21,18/12/2011,12/10/2018,870.00 KB,Java to Scala transformation,Scala,https://github.com/timowest/scalagen
828,ScalaBuff,217,71,217,41,26/05/2011,18/08/2017,1.47 MB,the scala protocol buffers (protobuf) compiler,Scala,https://github.com/SandroGrzicic/ScalaBuff
829,stryker4s,217,40,217,29,20/06/2018,08/10/2026,3.77 MB,Mutation testing for Scala,Scala,https://github.com/stryker-mutator/stryker4s
830,trifecta,217,47,217,22,29/07/2014,22/11/2018,140.64 MB,"Trifecta is a web-based and CLI tool that simplifies inspecting Kafka messages and Zookeeper data. Additionally, the CLI tool provides the capability to import/export data to/from ElasticSearch and MongoDB.",Scala,https://github.com/ldaniels528/trifecta
831,reactive,217,38,217,42,27/05/2010,30/06/2024,2.71 MB,A simple FRP library and a web UI framework built on it,Scala,https://github.com/nafg/reactive
832,Scalaxy,217,6,217,12,07/04/2012,09/04/2015,14.71 MB,Compiler plugin goodies for Scala (continuation of non-OpenCL part of ScalaCL),Scala,https://github.com/nativelibs4java/Scalaxy
833,spark-clickhouse-connector,217,88,217,60,22/05/2021,08/10/2026,4.59 MB,Spark ClickHouse Connector build on DataSourceV2 API,Scala,https://github.com/ClickHouse/spark-clickhouse-connector
834,querulous,216,56,216,17,05/02/2010,01/10/2010,690.00 KB,An agreeable way to talk to your database.,Scala,https://github.com/nkallen/querulous
835,ckite,216,25,216,5,30/09/2013,08/01/2019,536.00 KB,CKite - A JVM implementation of the Raft distributed consensus algorithm written in Scala,Scala,https://github.com/pablosmedina/ckite
836,lift,216,19,216,5,04/12/2016,25/02/2022,34.85 MB,The Lift programming language and compiler,Scala,https://github.com/lift-project/lift
837,otel4s,216,50,216,12,09/05/2022,06/10/2026,9.94 MB,An OpenTelemetry library for Scala based on Cats-Effect,Scala,https://github.com/typelevel/otel4s
838,akka-data-replication,215,17,215,3,08/06/2014,30/09/2015,991.00 KB,Replication of CRDTs in Akka Cluster,Scala,https://github.com/patriknw/akka-data-replication
839,mainargs,215,28,215,37,14/11/2020,14/01/2026,352.00 KB,"A small, convenient, dependency-free library for command-line argument parsing in Scala",Scala,https://github.com/com-lihaoyi/mainargs
840,libretto,215,7,215,58,15/04/2020,25/09/2026,16.14 MB,Declarative concurrency and stream processing library for Scala,Scala,https://github.com/TomasMikula/libretto
841,example-spark,215,133,215,2,24/02/2015,12/10/2016,100.00 KB,"Spark, Spark Streaming and Spark SQL unit testing strategies",Scala,https://github.com/mkuthan/example-spark
842,twirl,215,18,215,4,06/02/2012,06/06/2014,534.00 KB,"The Play framework Scala template engine, stand-alone and packaged as an SBT plugin",Scala,https://github.com/spray/twirl
843,lorsource,215,113,215,151,01/04/2009,07/10/2026,98.91 MB,Linux.org.ru website engine,Scala,https://github.com/maxcom/lorsource
844,starflow,214,30,214,54,18/09/2021,07/10/2026,184.79 MB,"Declarative text based tool for data analysts and engineers to extract, load, transform and orchestrate their data pipelines.",Scala,https://github.com/starlake-ai/starflow
845,play-auto-refresh,214,26,214,3,12/05/2013,19/05/2026,162.00 KB,,Scala,https://github.com/jamesward/play-auto-refresh
846,youi,213,26,213,45,26/06/2012,04/10/2026,101.33 MB,"Next generation user interface and application development in Scala and Scala.js for web, mobile, and desktop.",Scala,https://github.com/outr/youi
847,scheduler,213,37,213,7,05/08/2016,09/03/2022,488.00 KB,A Scala library for scheduling arbitrary code to run at an arbitrary time.,Scala,https://github.com/PagerDuty/scheduler
848,spark2.0-examples,213,185,213,1,11/05/2016,11/08/2021,348.00 KB,Examples of Spark 2.0 ,Scala,https://github.com/phatak-dev/spark2.0-examples
849,active-slick,213,21,213,8,27/01/2014,20/10/2022,348.00 KB,Slick extensions for record lifecycle management,Scala,https://github.com/strongtyped/active-slick
850,learning-examples,213,102,213,8,04/10/2014,13/11/2023,1.19 MB,Code examples for the book Learning Concurrent Programming in Scala,Scala,https://github.com/concurrent-programming-in-scala/learning-examples
851,apparat,213,53,213,2,23/01/2012,07/03/2013,5.63 MB,"A framework to optmize ABC, SWC and SWF files.",Scala,https://github.com/joa/apparat
852,scala-machines,212,23,212,4,17/08/2012,29/09/2016,167.00 KB,A stream processing library for Scala,Scala,https://github.com/runarorama/scala-machines
853,dl_accelerator,212,34,212,6,10/01/2020,25/06/2020,5.91 MB,Deep Learning Accelerator Based on Eyeriss V2 Architecture with custom RISC-V extended instructions,Scala,https://github.com/SingularityKChen/dl_accelerator
854,spark-elastic,212,72,212,1,28/07/2014,08/11/2014,1.06 MB,This project combines Apache Spark and Elasticsearch to enable mining & prediction for Elasticsearch.,Scala,https://github.com/skrusche63/spark-elastic
855,ocpp,212,64,212,7,01/08/2012,08/10/2021,2.63 MB,Open Charge Point Protocol,Scala,https://github.com/ShellRechargeSolutionsEU/ocpp
856,alephium,212,73,212,101,24/08/2020,28/09/2026,29.04 MB,Reference client for Alephium protocol,Scala,https://github.com/alephium/alephium
857,ddd-leaven-akka,211,29,211,0,09/04/2014,05/01/2015,719.00 KB,Reactive DDD with Akka,Scala,https://github.com/pawelkaczor/ddd-leaven-akka
858,spark-rabbitmq,210,75,210,25,14/05/2015,27/11/2023,318.00 KB,RabbitMQ Spark Streaming receiver,Scala,https://github.com/Stratio/spark-rabbitmq
859,scala-collection-compat,210,85,210,34,16/03/2018,24/09/2026,1.16 MB,"makes some Scala 2.13 APIs (primarily collections, also some others) available on 2.11 and 2.12, to aid cross-building",Scala,https://github.com/scala/scala-collection-compat
860,spline-spark-agent,209,102,209,76,02/01/2020,08/10/2026,2.57 MB,Spline agent for Apache Spark,Scala,https://github.com/AbsaOSS/spline-spark-agent
861,XSQL,209,58,209,30,30/08/2019,05/12/2022,15.62 MB,Unified SQL Analytics Engine Based on SparkSQL,Scala,https://github.com/Qihoo360/XSQL
862,creative-scala,209,65,209,36,06/02/2015,24/11/2025,45.92 MB,"Quick, graphical, fun introduction to programming in Scala.",Scala,https://github.com/creativescala/creative-scala
863,constructr,209,33,209,14,16/10/2015,12/03/2018,346.00 KB,"Coordinated (etcd, ...) cluster construction for dynamic (cloud, containers) environments",Scala,https://github.com/hseeberger/constructr
864,play-scala-rest-api-example,209,107,209,4,01/08/2016,23/04/2019,259.00 KB,Example Play Scala application showing REST API,Scala,https://github.com/playframework/play-scala-rest-api-example
865,SparkMLlibDeepLearn,209,139,209,2,28/05/2015,03/08/2015,545.00 KB,SparkMLlibDeepLearn深度学习,Scala,https://github.com/sunbow1/SparkMLlibDeepLearn
866,UpstateLiberty,208,11,208,5,05/02/2026,06/09/2026,851.01 MB,,Scala,https://github.com/Adi23041999/UpstateLiberty
867,kafka-with-akka-streams-kafka-streams-tutorial,208,71,208,2,14/11/2017,30/05/2019,81.73 MB,"Code samples for the Lightbend tutorial on writing microservices with Akka Streams, Kafka Streams, and Kafka",Scala,https://github.com/lightbend/kafka-with-akka-streams-kafka-streams-tutorial
868,cloudformation-template-generator,208,68,208,18,02/07/2015,29/07/2022,13.03 MB,A type-safe Scala DSL for generating CloudFormation templates,Scala,https://github.com/Bayer-Group/cloudformation-template-generator
869,learningSpark,207,103,207,3,09/10/2019,24/04/2026,28.17 MB,"学习spark写的scala代码，工具使用的是IDEA2017.1.6,欢迎star",Scala,https://github.com/daizikaikou/learningSpark
870,scalang,207,24,207,8,09/03/2011,10/02/2023,715.00 KB,Scalang is a scala wrapper that makes it easy to write services that interface with erlang.,Scala,https://github.com/boundary/scalang
871,kraps-rpc,207,103,207,6,29/07/2017,13/03/2019,119.00 KB,A RPC framework leveraging Spark RPC module,Scala,https://github.com/neoremind/kraps-rpc
872,bayes-scala,206,36,206,9,26/10/2012,10/11/2017,3.63 MB,Bayesian Networks in Scala,Scala,https://github.com/danielkorzekwa/bayes-scala
873,izanami,206,39,206,135,06/12/2017,03/10/2026,158.28 MB,"Izanami is a centralized versatile feature flag solution, well suited for micro service architectures.",Scala,https://github.com/MAIF/izanami
874,scala-design-patterns,206,32,206,0,23/10/2017,09/01/2019,750.00 KB,Design patterns implemented in Scala.,Scala,https://github.com/josephguan/scala-design-patterns
875,CourseraCodeSamplesReactiveProgramming,206,96,206,0,24/11/2013,03/05/2015,305.00 KB,,Scala,https://github.com/headinthebox/CourseraCodeSamplesReactiveProgramming
876,workbench-example-app,205,105,205,13,16/02/2014,13/01/2019,921.00 KB,An example application written in ScalaJS using scala-js-dom and scala-js-workbench,Scala,https://github.com/lihaoyi/workbench-example-app
877,squid,205,14,205,17,08/03/2016,01/02/2024,4.43 MB,Squid – type-safe metaprogramming and compilation framework for Scala,Scala,https://github.com/epfldata/squid
878,fs2-aws,205,51,205,19,13/01/2018,08/10/2026,7.58 MB,fs2 utilities to interact with AWS,Scala,https://github.com/laserdisc-io/fs2-aws
879,A-community-detect-System-based-on-GraphX,205,60,205,1,30/09/2015,23/12/2019,15.78 MB,图计算和图存储在国内兴起于2012年，此项目为我的本科毕业设计，本人现在TOP厂商工作，工作要求不方便公开透露公司，曾研究图数据库2年，实验室数据库技术从2000年以前开始积累，对外低调，如有工作需要可以推荐！,Scala,https://github.com/cld378632668/A-community-detect-System-based-on-GraphX
880,scala-redis-nb,204,38,204,35,07/07/2013,03/06/2018,456.00 KB,Implementation of a non blocking Redis client in Scala using Akka IO,Scala,https://github.com/debasishg/scala-redis-nb
881,avrohugger,204,124,204,29,07/01/2015,24/09/2026,1.67 MB,Generate Scala case class definitions from Avro schemas,Scala,https://github.com/julianpeeters/avrohugger
882,gbf-raidfinder,204,102,204,14,09/08/2016,16/05/2023,574.00 KB,Granblue Raid Finder (Archived: Granblue no longer has raid tweets),Scala,https://github.com/walfie/gbf-raidfinder
883,jscala,204,22,204,7,15/07/2013,23/05/2020,429.00 KB,Scala macro that produces JavaScript from Scala code.,Scala,https://github.com/nau/jscala
884,link-prediction,204,66,204,0,30/07/2012,31/07/2012,117.00 KB,Solution to Facebook's link prediction contest on Kaggle.,Scala,https://github.com/echen/link-prediction
885,emm,204,18,204,9,20/12/2015,12/12/2016,159.00 KB,A general monad for managing stacking effects,Scala,https://github.com/djspiewak/emm
886,shapeless-3,204,24,204,8,22/05/2021,14/09/2026,726.00 KB,Generic programming for Scala,Scala,https://github.com/typelevel/shapeless-3
887,lunatech-scala2-to-scala3-course,204,18,204,6,05/03/2020,15/06/2024,57.81 MB,"Lunatech course - ""Moving forward from Scala 2 to Scala 3""",Scala,https://github.com/lunatech-labs/lunatech-scala2-to-scala3-course
888,lnglat2Geo,203,80,203,9,19/08/2019,13/10/2020,149.17 MB,经纬度转省市区县乡镇离线包，采用空间查询算法，速度快(单线程5w次/s)，省市区县100%准确率。,Scala,https://github.com/deng0515001/lnglat2Geo
889,scrypto,203,49,203,5,22/12/2015,18/03/2025,2.21 MB,Cryptographic primitives for Scala,Scala,https://github.com/input-output-hk/scrypto
890,sPDF,203,52,203,15,26/08/2013,24/04/2024,82.00 KB,Create PDFs from Scala using plain old HTML and CSS. Uses wkhtmltopdf on the back-end which renders HTML using Webkit.,Scala,https://github.com/cloudify/sPDF
891,FSA,203,22,203,6,15/07/2025,15/04/2026,5.38 MB,FSA: Fusing FlashAttention within a Single Systolic Array,Scala,https://github.com/VCA-EPFL/FSA
892,CookIM,203,65,203,5,05/12/2016,12/02/2022,49.81 MB,Distributed web chat application base websocket built on akka. ,Scala,https://github.com/cookeem/CookIM
893,remora,202,29,202,6,20/04/2017,29/09/2022,161.00 KB,"Kafka consumer lag-checking application for monitoring, written in Scala and Akka HTTP; a wrap around the Kafka consumer group command. Integrations with Cloudwatch and Datadog. Authentication recently added",Scala,https://github.com/zalando-incubator/remora
894,progfun-stats,202,55,202,0,12/12/2012,31/03/2014,941.00 KB,"Visualize statistics from the MOOC ""Functional Programming Principles in Scala"" using Scala!",Scala,https://github.com/heathermiller/progfun-stats
895,DynaML,202,45,202,25,16/02/2015,21/04/2023,220.45 MB,Scala Library/REPL for Machine Learning Research,Scala,https://github.com/tailhq/DynaML
896,parseback,201,21,201,13,04/01/2017,01/01/2020,244.00 KB,A Scala implementation of parsing with derivatives,Scala,https://github.com/djspiewak/parseback
897,random-word-api,201,57,201,2,31/05/2018,17/09/2026,6.50 MB,Simple scala rest api that serves random words,Scala,https://github.com/RazorSh4rk/random-word-api
898,akka-persistence-kafka,201,57,201,9,12/07/2014,13/02/2019,617.00 KB,A replicated Akka Persistence journal backed by Apache Kafka,Scala,https://github.com/krasserm/akka-persistence-kafka
899,shelldroid,201,51,201,4,29/05/2016,12/12/2016,21.29 MB,Create Virtual Environment for your Android Apps,Scala,https://github.com/wuhx/shelldroid
900,gobra,201,45,201,181,16/09/2020,08/10/2026,12.73 MB,"Gobra is an automated, modular verifier for Go programs, based on the Viper verification infrastructure.",Scala,https://github.com/viperproject/gobra
901,sbt-errors-summary,201,8,201,7,04/03/2017,09/04/2021,456.00 KB,sbt plugin to show a summary of compilation messages.,Scala,https://github.com/Duhemm/sbt-errors-summary
902,play-salat,201,51,201,6,10/04/2012,25/01/2016,208.00 KB,MongoDB / Salat plugin for Play 2 [MOVED],Scala,https://github.com/leon/play-salat
903,antimirov,201,5,201,6,16/05/2019,25/10/2021,908.00 KB,algebraic manipulation of regular expressions,Scala,https://github.com/non/antimirov
904,Compute.scala,200,17,200,46,31/07/2017,19/08/2024,3.62 MB,Scientific computing with N-dimensional arrays,Scala,https://github.com/ThoughtWorksInc/Compute.scala
905,sbt-github-actions,200,67,200,39,06/02/2020,05/09/2026,2.00 MB,An sbt plugin which makes it easier to build with GitHub Actions,Scala,https://github.com/sbt/sbt-github-actions
906,sbt-web-scalajs,199,28,199,14,04/01/2015,06/07/2026,203.00 KB,SBT plugin to use Scala.js along with any sbt-web server.,Scala,https://github.com/vmunier/sbt-web-scalajs
907,Argus-SAF,199,54,199,36,10/06/2016,05/07/2023,176.07 MB,Argus static analysis framework,Scala,https://github.com/arguslab/Argus-SAF
908,quiver,199,35,199,4,21/07/2015,19/10/2018,568.00 KB,A reasonable library for modeling multi-graphs in Scala,Scala,https://github.com/Verizon/quiver
909,Bigdata_project,199,70,199,3,23/10/2018,18/07/2023,251.00 KB,电商大数据项目-推荐系统(java和scala语言),Scala,https://github.com/asdud/Bigdata_project
910,jamr,199,50,199,28,20/01/2014,20/02/2022,2.51 MB,JAMR Parser and Generator,Scala,https://github.com/jflanigan/jamr
911,scala-gopher,198,7,198,3,21/04/2013,07/05/2025,4.69 MB,"Implementation of CSP constructions (Communication Sequence Process, i.e. go-like channels) in scala",Scala,https://github.com/rssh/scala-gopher
912,scala-server-toolkit,198,22,198,9,30/08/2019,18/06/2026,11.86 MB,Functional programming toolkit for building server applications in Scala.,Scala,https://github.com/avast/scala-server-toolkit
913,Spark-2.3.1,198,69,198,21,10/07/2018,05/12/2022,17.98 MB,Spark-2.3.1源码解读,Scala,https://github.com/CrestOfWave/Spark-2.3.1
914,spark-scala-maven-2.4.0,198,83,198,2,14/12/2018,18/01/2019,12.20 MB,Spark2.4.0 学习笔记分享,Scala,https://github.com/opensourceteams/spark-scala-maven-2.4.0
915,spark-hash,198,64,198,4,22/12/2014,01/11/2016,190.00 KB,Locality Sensitive Hashing for Apache Spark,Scala,https://github.com/mrsqueeze/spark-hash
916,Full-Stack-Scala-Starter,198,31,198,5,04/10/2016,14/09/2017,270.00 KB,"Play 2.5, ScalaJS, Binding.scala starter project.",Scala,https://github.com/Algomancer/Full-Stack-Scala-Starter
917,collection-strawman,198,68,198,0,29/09/2016,20/02/2019,2.03 MB,Implementation of the new Scala 2.13 Collections,Scala,https://github.com/scala/collection-strawman
918,allaboutscala,198,135,198,0,11/06/2016,13/09/2020,388.00 KB,Source code for www.allaboutscala.com tutorials,Scala,https://github.com/nadimbahadoor/allaboutscala
919,zio-keeper,197,41,197,40,08/07/2018,03/09/2024,624.00 KB,A ZIO library for building distributed systems,Scala,https://github.com/zio-archive/zio-keeper
920,play-json-extensions,197,46,197,48,25/03/2015,14/02/2024,154.00 KB,+22 field case class formatter and more for play-json,Scala,https://github.com/bizzabo/play-json-extensions
921,freek,197,19,197,16,17/05/2016,29/01/2017,150.00 KB,"Freek, a freaky simple Free to combine your DSL seamlessly",Scala,https://github.com/ProjectSeptemberInc/freek
922,online-auction-scala,197,121,197,13,08/12/2016,09/05/2019,1.19 MB,,Scala,https://github.com/lagom/online-auction-scala
923,pfps-examples,197,70,197,0,03/10/2019,06/07/2022,462.00 KB,":izakaya_lantern: Standalone examples shown in the book ""Practical FP in Scala: A hands-on approach""",Scala,https://github.com/gvolpe/pfps-examples
924,essent,196,17,196,0,17/10/2019,04/08/2026,1012.00 KB,high-performance RTL simulator,Scala,https://github.com/ucsc-vama/essent
925,pekko-http,196,57,196,64,31/10/2022,08/10/2026,16.10 MB,The Streaming-first HTTP server/module of Apache Pekko,Scala,https://github.com/apache/pekko-http
926,goggles,196,7,196,25,24/01/2017,10/10/2020,169.00 KB,"Pleasant, yet principled Scala optics DSL",Scala,https://github.com/kenbot/goggles
927,spark-streaming-with-kafka,196,123,196,1,02/09/2016,15/04/2018,152.00 KB,Self-contained examples of Apache Spark streaming integrated with Apache Kafka.,Scala,https://github.com/spirom/spark-streaming-with-kafka
928,libra,195,21,195,26,01/03/2017,15/08/2024,2.64 MB,A dimensional analysis library based on dependent types,Scala,https://github.com/to-ithaca/libra
929,squant,195,75,195,12,22/11/2016,29/04/2017,259.00 KB,SQuant是使用scala语言编写的量化开发工具箱，提供开箱即用的A股股票数据和外汇数据（docker镜像），以及高效的回测框架与交易模块。方便Java/Scala爱好者进行量化投资研究。 QQ群：281599099，微信公众号：Python量化交易实战。对，我已经转python了。。。,Scala,https://github.com/eryk/squant
930,feral,195,52,195,78,16/08/2021,06/10/2026,939.00 KB,"Feral cats are homeless, feral functions are serverless",Scala,https://github.com/typelevel/feral
931,zio-workshop,195,80,195,2,06/02/2019,02/03/2022,2.26 MB,Real World Functional Programming with ZIO,Scala,https://github.com/jdegoes/zio-workshop
932,AndroidDemoIn4Languages,194,20,194,1,21/01/2016,23/05/2017,330.00 KB,"Comparison among Java, Groovy, Scala, Kotlin in Android Development.",Scala,https://github.com/SidneyXu/AndroidDemoIn4Languages
933,cats-effect-testing,194,42,194,23,26/06/2019,14/09/2026,869.00 KB,Integration between cats-effect and test frameworks,Scala,https://github.com/typelevel/cats-effect-testing
934,lookup,194,40,194,19,28/11/2012,02/08/2021,1.02 MB,Outputs a list of ranked DBpedia resources for a search string.,Scala,https://github.com/dbpedia/lookup
935,sifive-blocks,194,81,194,16,24/11/2016,13/05/2022,624.00 KB,Common RTL blocks used in SiFive's projects,Scala,https://github.com/sifive/sifive-blocks
936,dotty-cps-async,194,22,194,3,01/01/2020,27/09/2026,20.00 MB,experimental CPS transformer for dotty,Scala,https://github.com/dotty-cps-async/dotty-cps-async
937,functional-effects,194,119,194,2,28/10/2019,29/06/2022,155.00 KB,The exercises for the Functional Effects workshop,Scala,https://github.com/jdegoes/functional-effects
938,sbt-dotenv,193,20,193,5,19/07/2014,03/10/2026,482.00 KB,⏺️ Dotenv implementation for Scala sbt builds. Configures environment for local development.,Scala,https://github.com/Philippus/sbt-dotenv
939,play-json-derived-codecs,193,34,193,19,28/11/2013,11/04/2024,135.00 KB,,Scala,https://github.com/julienrf/play-json-derived-codecs
940,spark-alchemy,192,34,192,3,03/08/2018,15/10/2025,1.26 MB,Collection of open-source Spark tools & frameworks that have made the data engineering and data science teams at Swoop highly productive,Scala,https://github.com/swoop-inc/spark-alchemy
941,expecty,192,23,192,3,20/03/2012,27/05/2018,692.00 KB,Power assertions (as known from Groovy and Spock) for the Scala language.,Scala,https://github.com/pniederw/expecty
942,Spark-The-Definitive-Guide-Chinese-Traslation-2019,192,33,192,2,21/02/2019,24/02/2020,2.72 MB,Spark权威指南( Spark The Definitive Guide) -中文版翻译项目,Scala,https://github.com/Y1ran/Spark-The-Definitive-Guide-Chinese-Traslation-2019
943,scala-graal,192,3,192,18,03/11/2018,21/08/2024,1.32 MB,Make usage of Graal features easy and safe from Scala. Also features Scala-based React SSR.,Scala,https://github.com/japgolly/scala-graal
944,play-scala-websocket-example,192,66,192,5,28/05/2013,23/04/2019,349.00 KB,Example Play Scala application showing WebSocket use with Akka actors,Scala,https://github.com/playframework/play-scala-websocket-example
945,metarest,191,10,191,2,03/02/2015,01/06/2017,74.00 KB,Scala macros to generate RESTful Models,Scala,https://github.com/pathikrit/metarest
946,jardiff,191,24,191,8,31/05/2017,07/09/2026,288.00 KB,"A tool for comparing JAR files, including method bodies and Scala 2 pickled signatures",Scala,https://github.com/scala-garden/jardiff
947,slack-scala-client,191,104,191,27,21/04/2015,28/08/2024,713.00 KB,A scala library for interacting with the slack api and real time messaging interface,Scala,https://github.com/slack-scala-client/slack-scala-client
948,validation,191,33,191,3,11/03/2014,23/09/2019,2.09 MB,validation api extracted from play,Scala,https://github.com/jto/validation
949,shapenet-viewer,190,25,190,14,14/12/2015,22/05/2019,346.00 KB,ShapeNet Viewer,Scala,https://github.com/ShapeNet/shapenet-viewer
950,scala-json,190,41,190,4,29/03/2009,15/02/2012,272.00 KB,"Scala JSON toolkit. Originally from the Odersky ""Stairway"" Book, tightened up and tests added by Twitter, Inc.",Scala,https://github.com/stevej/scala-json
951,scalafix-organize-imports,190,22,190,22,06/04/2020,14/07/2023,472.00 KB,A CI-friendly Scalafix semantic rule for organizing imports,Scala,https://github.com/liancheng/scalafix-organize-imports
952,berkeley-entity,190,34,190,10,18/10/2014,07/12/2019,27.40 MB,"The Berkeley Entity Resolution System jointly solves the problems of named entity recognition, coreference resolution, and entity linking with a feature-rich discriminative model.",Scala,https://github.com/gregdurrett/berkeley-entity
953,opaque-sql,190,70,190,22,31/10/2016,29/03/2023,18.48 MB,An encrypted data analytics platform,Scala,https://github.com/mc2-project/opaque-sql
954,random-data-generator,190,25,190,11,23/08/2016,29/07/2024,230.00 KB,Random generator of test data in Scala based on Scalacheck and Shapeless,Scala,https://github.com/DanielaSfregola/random-data-generator
955,trace4cats,189,32,189,30,30/06/2020,26/08/2026,2.81 MB,Distributed app tracing implementation in pure scala using cats-effect ,Scala,https://github.com/trace4cats/trace4cats
956,zio-logging,189,81,189,14,09/09/2019,06/10/2026,2.76 MB,"Powerful logging for ZIO 2.0 applications, with compatibility with many logging backends out-of-the-box.",Scala,https://github.com/zio/zio-logging
957,grackle,189,32,189,29,09/09/2019,08/10/2026,3.96 MB,Grackle: Functional GraphQL for the Typelevel stack,Scala,https://github.com/typelevel/grackle
958,kafka-streams-scala,189,51,189,6,22/11/2017,25/05/2023,255.00 KB,Thin Scala wrapper around Kafka Streams Java API,Scala,https://github.com/lightbend/kafka-streams-scala
959,albedo,189,40,189,9,26/02/2017,18/12/2025,462.00 KB,"A recommender system for discovering GitHub repos, built with Apache Spark",Scala,https://github.com/vinta/albedo
960,sbt-doctest,189,28,189,10,10/06/2014,08/10/2026,882.00 KB,Doctest for scala,Scala,https://github.com/sbt-doctest/sbt-doctest
961,scala-typed-holes,189,16,189,6,04/12/2018,11/12/2024,186.00 KB,,Scala,https://github.com/cb372/scala-typed-holes
962,reactive-rabbit,189,36,189,8,08/10/2014,20/08/2020,209.00 KB,Reactive Streams driver for AMQP protocol. Powered by RabbitMQ library.,Scala,https://github.com/ScalaConsultants/reactive-rabbit
963,paiges,189,31,189,21,27/03/2017,21/08/2026,829.00 KB,an implementation of Wadler's a prettier printer,Scala,https://github.com/typelevel/paiges
964,scala-forklift,189,32,189,16,18/08/2015,19/08/2024,316.00 KB,"Type-safe data migration tool for Slick, Git and beyond.",Scala,https://github.com/lastland/scala-forklift
965,tapl-scala,189,22,189,7,03/02/2012,03/03/2026,538.00 KB,"Code from the book ""Types and Programming Languages"" in Scala",Scala,https://github.com/ilya-klyuchnikov/tapl-scala
966,abandon,188,26,188,32,28/05/2013,29/09/2026,1.51 MB,:relieved: Simple and Robust Accounting,Scala,https://github.com/hrj/abandon
967,ascii-graphs,188,37,188,6,14/06/2012,09/10/2018,377.00 KB,Parse ASCII art diagrams of graphs (nodes and edges),Scala,https://github.com/mdr/ascii-graphs
968,machinist,188,20,188,1,07/03/2014,17/12/2019,102.00 KB,Spire's macros for zero-cost operator enrichment,Scala,https://github.com/typelevel/machinist
969,nyaya,188,19,188,27,10/01/2015,12/08/2024,593.00 KB,Random Data Generation and/or Property Testing in Scala & Scala.JS.,Scala,https://github.com/japgolly/nyaya
970,Hasher,187,37,187,7,29/11/2011,04/07/2019,153.00 KB,"A small Scala library for easily generating hashes (md5, sha1, sha256, sha512, crc32, bcrypt, hmacs, pbkdf2)",Scala,https://github.com/Nycto/Hasher
971,sbt-header,187,54,187,14,05/02/2015,01/09/2026,1.52 MB,"sbt-header is an sbt plugin for creating file headers, e.g. copyright headers",Scala,https://github.com/sbt/sbt-header
972,zio-nio,187,73,187,105,27/07/2019,20/08/2024,3.98 MB,"A small, unopinionated ZIO interface to NIO.",Scala,https://github.com/zio-archive/zio-nio
973,knobs,187,43,187,9,01/06/2015,12/09/2019,383.00 KB,A reasonable configuration library for Scala,Scala,https://github.com/Verizon/knobs
974,canoe,186,39,186,39,09/06/2019,03/09/2024,849.00 KB,Functional Telegram Bot API for Scala ,Scala,https://github.com/augustjune/canoe
975,setl,186,32,186,7,20/12/2019,02/10/2025,1.40 MB,A simple Spark-powered ETL framework that just works 🍺,Scala,https://github.com/SETL-Framework/setl
976,cyfra,186,15,186,29,12/04/2020,27/05/2026,60.45 MB,"Multi-platform GPGPU computations with Scala, seamlessly 🚀",Scala,https://github.com/ComputeNode/cyfra
977,mockedstreams,186,24,186,7,25/09/2016,16/01/2021,20.52 MB,Scala DSL for Unit-Testing Processing Topologies in Kafka Streams,Scala,https://github.com/jpzk/mockedstreams
978,Spark-Structured-Streaming-Examples,186,72,186,5,15/06/2017,07/02/2023,16.86 MB,Spark Structured Streaming / Kafka / Cassandra / Elastic ,Scala,https://github.com/polomarcus/Spark-Structured-Streaming-Examples
979,todo-http4s-doobie,186,44,186,0,26/12/2017,27/12/2024,49.00 KB,"A sample project of a microservice using http4s, doobie, and circe.",Scala,https://github.com/jaspervz/todo-http4s-doobie
980,scala-webapp-template,186,45,186,35,04/07/2021,31/05/2026,5.45 MB,"A pragmatic skeleton to build web applications in Scala/Scala.js, including user registration, login, admin portal, and, deployments",Scala,https://github.com/wiringbits/scala-webapp-template
981,dijon,185,13,185,19,10/03/2014,13/08/2024,36.38 MB,A Dynamically Typed Scala Json Library,Scala,https://github.com/jvican/dijon
982,faunadb,185,24,185,1,29/04/2025,03/05/2025,11.44 MB,,Scala,https://github.com/fauna/faunadb
983,sbt-typelevel,185,62,185,105,18/03/2014,18/09/2026,2.31 MB,Let sbt work for you.,Scala,https://github.com/typelevel/sbt-typelevel
984,nine-cards-v2,185,20,185,0,03/03/2015,20/03/2019,51.63 MB,An Open Source Android Launcher built with Scala on Android,Scala,https://github.com/xebia-functional/nine-cards-v2
985,twemoji-parser,185,48,185,25,02/10/2018,22/04/2024,525.00 KB,A simple library for identifying emoji entities within a string in order to render them as Twemoji.,Scala,https://github.com/twitter/twemoji-parser
986,txbits,185,165,185,8,16/09/2014,30/09/2017,5.07 MB,DISCLAIMER: TxBits is not affiliated with any active exchanges. Use them at your own risk and beware of any that violate the AGPL license terms by not releasing their source code as required.,Scala,https://github.com/txbits/txbits
987,derevo,185,40,185,4,01/07/2018,04/03/2025,573.00 KB,Multiple instance derivations inside a single macro annotation,Scala,https://github.com/tofu-tf/derevo
988,spark-metrics,185,67,185,16,19/02/2018,02/08/2022,26.86 MB,Spark metrics related custom classes and sinks (e.g. Prometheus),Scala,https://github.com/banzaicloud/spark-metrics
989,dbpedia-spotlight-model,185,43,185,48,31/05/2017,22/03/2023,398.00 KB,DBpedia Spotlight is a tool for automatically annotating mentions of DBpedia resources in text. Improving Efficiency and Accuracy in Multilingual Entity Extraction approach,Scala,https://github.com/dbpedia-spotlight/dbpedia-spotlight-model
990,sup,185,26,185,6,19/12/2018,03/09/2024,1.90 MB,"Composable, purely functional healthchecks in Scala.",Scala,https://github.com/kubukoz/sup
991,ficus,184,63,184,7,19/04/2013,14/09/2021,169.00 KB,Scala-friendly companion to Typesafe config - moved to https://github.com/iheartradio/ficus,Scala,https://github.com/ceedubs/ficus
992,iteratee,184,16,184,39,09/09/2015,15/08/2024,4.27 MB,Iteratees for Cats,Scala,https://github.com/travisbrown/iteratee
993,lila-ws,184,110,184,8,27/08/2019,06/10/2026,2.63 MB,Lichess' websocket server,Scala,https://github.com/lichess-org/lila-ws
994,smoke,184,20,184,9,08/05/2012,11/02/2016,694.00 KB,"Simple, asynchronous HTTP using Scala.",Scala,https://github.com/mDialog/smoke
995,basel-face-model-viewer,184,31,184,6,09/10/2017,24/01/2022,655.00 KB,Simple Viewer for the Basel Face Model 2017,Scala,https://github.com/unibas-gravis/basel-face-model-viewer
996,CM-Well,184,32,184,239,05/05/2017,20/06/2023,22.86 MB,CM-Well - a data warehouse for your knowledge graph,Scala,https://github.com/CM-Well/CM-Well
997,upperbound,183,16,183,12,17/08/2017,23/06/2025,294.00 KB,A purely functional rate limiter,Scala,https://github.com/SystemFw/upperbound
998,spoiwo,183,47,183,12,05/01/2014,14/06/2025,10.17 MB,Scala POI Wrapper for the spreadsheet generation in Excel:,Scala,https://github.com/norbert-radyk/spoiwo
999,akka-kafka,183,58,183,16,19/04/2014,27/10/2016,129.00 KB,,Scala,https://github.com/sclasen/akka-kafka
1000,scalaonandroid,183,12,183,4,02/01/2021,09/07/2025,2.11 MB,A tutorial and examples of how to write Android apps in Scala 2.13 and Scala 3.,Scala,https://github.com/makingthematrix/scalaonandroid
